Gene ID,Locus Tag,Gene Name,Protein Code,Protein Product
gene0,NVIE_000010,NVIE_000010,A0A060HLW8,hypothetical protein
gene1,NVIE_000020,NVIE_000020,A0A060HEX2,conserved protein of unknown function
gene2,NVIE_000030,NVIE_000030,A0A060HBM5,Putative nitroreductase family protein
gene3,NVIE_0004,NVIE_0004,A0A060HFN0,protein of unknown function
gene4,NVIE_000040,NVIE_000040,A0A060HKS3,protein of unknown function
gene5,NVIE_000050,hcs,A0A060HLX3,putative hydroxymethylglutaryl-CoA synthase
gene6,NVIE_000060,ilvA,A0A060HEX9,threonine ammonia-lyase
gene7,NVIE_000070,NVIE_000070,A0A060HBN0,conserved protein of unknown function
gene8,NVIE_000080,NVIE_000080,A0A060HFN5,putative protein of unknown function DUF2024
gene9,NVIE_000090,NVIE_000090,A0A060HKS9,putative hydroxyacylglutathione hydrolase
gene10,NVIE_000100,resA,A0A060HLX9,putative thioredoxin
gene11,NVIE_000110,NVIE_000110,A0A060HEY4,nitroreductase-like protein
gene12,NVIE_000120,NVIE_000120,A0A060HBN5,putative protein of unknown function DUF432
gene13,NVIE_000130,NVIE_000130,A0A060HFN9,putative CorA ion transporter
gene14,NVIE_000140,mscS,A0A060HKT3,putative mechanosensitive ion channel MscS
gene15,NVIE_000150,NVIE_000150,A0A060HLY4,major facilitator superfamily MFS-1
gene16,NVIE_000160,NVIE_000160,A0A060HEY9,hypothetical protein
gene17,NVIE_000170,NVIE_000170,A0A060HBP1,protein of unknown function
gene18,NVIE_000180,NVIE_000180,A0A060HFP0,protein of unknown function
gene19,NVIE_000190,NVIE_000190,A0A060HKT8,putative adenylate/guanylate cyclase
gene20,NVIE_000200,rps9p,A0A060HLY8,30S ribosomal protein S9p
gene21,NVIE_0022,rpl13p,A0A060HEZ5,50S ribosomal protein L13p
gene22,NVIE_000210,rpl18e,A0A060HBP6,50S ribosomal protein L18e
gene23,NVIE_000220,rpoD,A0A060HFP5,"DNA-directed RNA polymerase, subunit D"
gene24,NVIE_000230,NVIE_000230,A0A060HKU3,putative ribosome maturation protein SDO1
gene25,NVIE_000240,ecr,A0A060HLZ5,exosome complex RNA-binding protein
gene26,NVIE_000250,ecx1,A0A060HEZ9,putative exosome complex exonuclease
gene27,NVIE_000260,ecx2,A0A060HBQ2,putative exosome complex exonuclease
gene28,NVIE_000270,rpl37ae,A0A060HFQ1,50S ribosomal protein L37ae
gene29,NVIE_0030,NVIE_0030,A0A060HKU7,protein of unknown function
gene30,NVIE_000290,NVIE_000290,A0A060HM00,"prefoldin, subunit beta"
gene31,NVIE_000300,xpf,A0A060HF06,putative DNA repair nuclease XPF
gene32,NVIE_000310,NVIE_000310,A0A060HBQ7,putative Rhodanese-related sulfurtransferase
gene33,NVIE_000320,NVIE_000320,A0A060HFQ7,putative nucleotide binding protein
gene34,NVIE_000330,NVIE_000330,A0A060HKV2,putative inorganic polyphosphate/ATP-NAD kinase
gene35,NVIE_000340,NVIE_000340,A0A060HM05,thiosulfate sulfurtransferase
gene36,NVIE_000350,NVIE_000350,A0A060HF10,protein of unknown function
gene37,NVIE_000360,NVIE_000360,A0A060HBR3,4Fe-4S ferredoxin iron-sulfur binding domain protein
gene38,NVIE_000370,coaD,A0A060HFR0,phosphopantetheine adenylyltransferase
gene39,NVIE_000380,NVIE_000380,A0A060HKV7,hypothetical protein
gene40,NVIE_000390,NVIE_000390,A0A060HM11,hypothetical protein
gene41,NVIE_000400,trpS,A0A060HF15,tryptophan--tRNA ligase
gene42,NVIE_000410,pheS,A0A060HBR9,phenylalanine--tRNA ligase alpha chain
gene43,NVIE_000420,pheT,A0A060HFR5,phenylalanine--tRNA ligase beta chain
gene44,NVIE_000430,NVIE_000430,A0A060HKW1,putative thiamine biosynthesis protein
gene45,NVIE_000440,NVIE_000440,A0A060HM15,putative SepF homologue
gene46,NVIE_000450,NVIE_000450,A0A060HF22,Putative beta-lactamase domain-containing metal-dependent RNase
gene47,NVIE_000460,NVIE_000460,A0A060HBS4,putative deoxyribonuclease/rho motif-related TRAM-domain containing protein
gene48,NVIE_000470,egsA,A0A060HFS1,glycerol-1-phosphate dehydrogenase
gene49,NVIE_000480,NVIE_000480,A0A060HKW7,putative cyclase/dehydrase
gene50,NVIE_t0010,NVIE_t0010,#N/A,tRNA-Cys
gene51,NVIE_000490,NVIE_000490,A0A060HM22,hypothetical protein
gene52,NVIE_000500,NVIE_000500,A0A060HF29,putative translation elongation factor EF Tu-like protein
gene53,NVIE_000510,NVIE_000510,A0A060HBT0,protein of unknown function
gene54,NVIE_000520,NVIE_000520,A0A060HFS8,hypothetical protein
gene55,NVIE_000530,nirK,A0A060HKX3,putative copper-containing nitrite reductase
gene56,NVIE_000540,amoC1,A0A060HM27,ammonia monooxygenase subunit C
gene57,NVIE_000550,NVIE_000550,A0A060HF35,hypothetical protein
gene58,NVIE_000560,NVIE_000560,A0A060HBT5,hypothetical protein
gene59,NVIE_000570,NVIE_000570,A0A060HFT4,protein of unknown function
gene60,NVIE_000580,NVIE_000580,A0A060HKX7,hypothetical protein
gene61,NVIE_000590,NVIE_000590,A0A060HM32,putative Zinc/iron permease
gene62,NVIE_000600,NVIE_000600,A0A060HF44,multicopper oxidase type 3
gene63,NVIE_000610,NVIE_000610,A0A060HBU1,putative protein of unknown function DUF309
gene64,NVIE_000620,NVIE_000620,A0A060HFU0,hypothetical protein
gene65,NVIE_000630,prs,A0A060HKY2,ribose-phosphate pyrophosphokinase
gene66,NVIE_000640,rnz,A0A060HM37,ribonuclease Z
gene67,NVIE_000650,NVIE_000650,A0A060HF49,putative serine/threonine-protein phosphatase
gene68,NVIE_000660,NVIE_000660,A0A060HBU6,protein of unknown function
gene69,NVIE_000670,rpl32e,A0A060HFU5,50S ribosomal protein L32e
gene70,NVIE_000680,rpl19e,A0A060HKY7,50S ribosomal protein L19e
gene71,NVIE_000690,NVIE_000690,A0A060HM43,putative methylated-DNA--protein-cysteine methyltransferase
gene72,NVIE_000700,NVIE_000700,A0A060HF56,putative D-tyrosyl-tRNA(Tyr) deacylase
gene73,NVIE_000710,nusG,A0A060HBV1,putative transcription antitermination protein NusG
gene74,NVIE_000720,NVIE_000720,A0A060HFV2,putative siroheme synthase
gene75,NVIE_000730,hemA,A0A060HKZ1,glutamyl-tRNA reductase
gene76,NVIE_000740,hemB21,A0A060HM47,delta-aminolevulinic acid dehydratase
gene77,NVIE_000750,NVIE_000750,A0A060HF62,hypothetical protein
gene78,NVIE_t0020,NVIE_t0020,#N/A,tRNA-Gly
gene79,NVIE_000760,NVIE_000760,A0A060HBV5,protein of unknown function
gene80,NVIE_000770,NVIE_000770,A0A060HFV7,protein of unknown function
gene81,NVIE_000780,NVIE_000780,A0A060HKZ6,protein of unknown function
gene82,NVIE_000790,NVIE_000790,A0A060HM54,protein of unknown function
gene83,NVIE_000800,NVIE_000800,A0A060HF68,hypothetical protein
gene84,NVIE_000810,NVIE_000810,A0A060HBV9,hypothetical protein
gene85,NVIE_000820,NVIE_000820,A0A060HFW3,protein of unknown function
gene86,NVIE_000830,NVIE_000830,A0A060HL01,exported protein of unknown function
gene87,NVIE_000840,NVIE_000840,A0A060HM60,hypothetical protein
gene88,NVIE_000850,NVIE_000850,A0A060HF76,hypothetical protein
gene89,NVIE_000870,NVIE_000870,#N/A,fragment of putative GCN5-related N-acetyltransferase (part 2)
gene90,NVIE_000880,NVIE_000880,A0A060HBW5,putative glycosyl transferase family 2
gene91,NVIE_000890,NVIE_000890,A0A060HFW9,putative ferredoxin
gene92,NVIE_000900,pox,A0A060HL06,putative pyruvate dehydrogenase/ pyruvate oxidase
gene93,NVIE_000910,NVIE_000910,A0A060HM66,membrane protein of unknown function
gene94,NVIE_000920,NVIE_000920,A0A060HF82,putative transcriptional regulator TrmB
gene95,NVIE_000930,NVIE_000930,A0A060HBW9,putative peptidase M10A
gene96,NVIE_000940,NVIE_000940,A0A060HFX5,cell surface protein with DUF11 domain
gene97,NVIE_000950,NVIE_000950,A0A060HL11,hypothetical protein with HTH ARSR and V4R signature
gene98,NVIE_000960,NVIE_000960,A0A060HM70,protein of unknown function
gene99,NVIE_000970,NVIE_000970,A0A060HF89,hypothetical protein
gene100,NVIE_000980,NVIE_000980,A0A060HBX4,protein of unknown function
gene101,NVIE_000990,NVIE_000990,A0A060HFY0,hypothetical protein
gene102,NVIE_001000,NVIE_001000,A0A060HL15,"putative surface-associated Ca2+-binding protein, Haemolysin-type"
gene103,NVIE_001010,NVIE_001010,A0A060HM75,"putative surface-associated Ca2+-binding protein, Haemolysin-type"
gene104,NVIE_001020,NVIE_001020,A0A060HF95,putative cell wall surface anchor family protein
gene105,NVIE_001030,NVIE_001030,A0A060HBX9,protein of unknown function
gene106,NVIE_001040,NVIE_001040,A0A060HFY7,"putative membrane associated signal transduction histidine kinase, with phosphoacceptor and ATP binding domain"
gene107,NVIE_001050,NVIE_001050,A0A060HL19,zinc finger C2H2 domain-containing protein
gene108,NVIE_001060,NVIE_001060,A0A060HM81,protein of unknown function
gene109,NVIE_0108,NVIE_0108,A0A060HFA3,hypothetical protein
gene110,NVIE_001070,NVIE_001070,A0A060HBY3,conserved protein of unknown function
gene111,NVIE_001080,NVIE_001080,A0A060HFZ1,putative ketosteroid isomerase-like protein
gene112,NVIE_001090,NVIE_001090,A0A060HL23,protein of unknown function
gene113,NVIE_001100,NVIE_001100,A0A060HM87,protein of unknown function
gene114,NVIE_001110,NVIE_001110,A0A060HFA9,protein of unknown function
gene115,NVIE_001120,NVIE_001120,A0A060HBY8,protein of unknown function
gene116,NVIE_001130,NVIE_001130,A0A060HFZ8,putative transcriptional regulator
gene117,NVIE_001140,NVIE_001140,A0A060HL27,protein of unknown function
gene118,NVIE_001150,NVIE_001150,A0A060HM93,exported protein of unknown function
gene119,NVIE_001160,NVIE_001160,A0A060HFB7,protein of unknown function
gene120,NVIE_001170,NVIE_001170,A0A060HBZ2,protein of unknown function
gene121,NVIE_001180,NVIE_001180,A0A060HG05,protein of unknown function
gene122,NVIE_001190,NVIE_001190,A0A060HL32,hypothetical protein
gene123,NVIE_001200,NVIE_001200,A0A060HM97,protein of unknown function
gene124,NVIE_001210,NVIE_001210,A0A060HFC2,putative integrase family protein
gene125,NVIE_001220,NVIE_001220,A0A060HBZ7,hypothetical protein
gene126,NVIE_001230,NVIE_001230,A0A060HG10,C-5 cytosine-specific DNA methylase
gene127,NVIE_001240,NVIE_001240,A0A060HL36,putative HhH-GPD superfamily base excision DNA repair protein
gene128,NVIE_001250,NVIE_001250,A0A060HMA2,protein of unknown function
gene129,NVIE_001260,NVIE_001260,A0A060HFD0,protein of unknown function
gene130,NVIE_001270,NVIE_001270,A0A060HC05,putative DEAD-box superfamily II helicase
gene131,NVIE_001280,NVIE_001280,A0A060HG18,protein of unknown function
gene132,NVIE_001290,NVIE_001290,A0A060HL41,protein of unknown function
gene133,NVIE_001300,NVIE_001300,A0A060HMA9,hypothetical protein
gene134,NVIE_0132,NVIE_0132,A0A060HFD6,"putative signal transduction response regulator, receiver domain"
gene135,NVIE_001310,thyX,A0A060HC10,putative thymidylate synthase ThyX
gene136,NVIE_001320,NVIE_001320,A0A060HG24,hypothetical protein
gene137,NVIE_001330,cdvA,A0A060HL45,putative archaeal cell division protein CdvA with coiled-coil domain
gene138,NVIE_001340,coxA2,A0A060HMB4,heme-copper oxidase subunit I
gene139,NVIE_001350,NVIE_001350,A0A060HFE3,protein of unknown function
gene140,NVIE_001360,NVIE_001360,A0A060HC15,hypothetical protein
gene141,NVIE_001370,hemL1,A0A060HG29,"glutamate-1-semialdehyde 2,1-aminomutase"
gene142,NVIE_001380,NVIE_001380,A0A060HL49,hypothetical protein
gene143,NVIE_001390,NVIE_001390,A0A060HMC0,hypothetical protein
gene144,NVIE_001400,NVIE_001400,A0A060HFE9,hypothetical protein
gene145,NVIE_001410,NVIE_001410,A0A060HC21,putative helicase
gene146,NVIE_001420,NVIE_001420,A0A060HG33,DUF367 domain-containing protein
gene147,NVIE_RNA0139656D,NVIE_RNA0139656D,#N/A,miscellaneous RNA (RNaseP_arch)
gene148,NVIE_001430,NVIE_001430,A0A060HL56,protein of unknown function
gene149,NVIE_001440,NVIE_001440,A0A060HMC4,protein of unknown function
gene150,NVIE_001450,NVIE_001450,A0A060HFF5,protein of unknown function
gene151,NVIE_0148,NVIE_0148,A0A060HC26,hypothetical protein
gene152,NVIE_001470,NVIE_001470,A0A060HG38,putative NOL1/NOP2/sun family putative RNA methylase
gene153,NVIE_001480,NVIE_001480,A0A060HL62,PUA domain-containing protein
gene154,NVIE_001490,NVIE_001490,A0A060HMD0,protein of unknown function
gene155,NVIE_001500,NVIE_001500,A0A060HFG1,protein of unknown function
gene156,NVIE_001510,cofD,A0A060HC34,LPPG:FO 2-phospho-L-lactate transferase
gene157,NVIE_001520,cofC,A0A060HG41,2-phospho-L-lactate guanylyltransferase
gene158,NVIE_001530,NVIE_001530,A0A060HL68,protein of unknown function
gene159,NVIE_0156,NVIE_0156,A0A060HMD6,hypothetical protein
gene160,NVIE_001540,NVIE_001540,A0A060HFG8,DUF2070-domain containing protein
gene161,NVIE_0158,secB,A0A060HC39,protein translocase subunit SecB
gene162,NVIE_001550,NVIE_001550,A0A060HG48,hypothetical protein
gene163,NVIE_001560,NVIE_001560,A0A060HL74,protein translation factor SUI1
gene164,NVIE_001570,NVIE_001570,A0A060HME2,"putative membrane associated signal transduction histidine kinase, with extracellular ligand binding and ATP binding domain"
gene165,NVIE_001580,NVIE_001580,A0A060HFH5,protein of unknown function
gene166,NVIE_001590,tfb1,A0A060HC45,transcription initiation factor IIB
gene167,NVIE_001600,NVIE_001600,A0A060HG51,protein of unknown function
gene168,NVIE_001610,NVIE_001610,A0A060HL80,hypothetical protein
gene169,NVIE_001620,rpiA,A0A060HME7,ribose-5-phosphate isomerase
gene170,NVIE_001630,mscL,A0A060HFI0,large-conductance mechanosensitive ion channel
gene171,NVIE_001640,NVIE_001640,A0A060HC53,putative amidohydrolase family protein
gene172,NVIE_t0030,NVIE_t0030,#N/A,tRNA-Ala
gene173,NVIE_001650,NVIE_001650,A0A060HG55,protein of unknown function
gene174,NVIE_0169,NVIE_0169,A0A060HL85,protein of unknown function
gene175,NVIE_001690,NVIE_001690,A0A060HMF3,hypothetical protein
gene176,NVIE_001700,NVIE_001700,A0A060HFI7,hypothetical protein
gene177,NVIE_001710,NVIE_001710,A0A060HC59,protein of unknown function
gene178,NVIE_001720,NVIE_001720,A0A060HG63,protein of unknown function
gene179,NVIE_001730,NVIE_001730,A0A060HL90,putative polysaccharide deacetylase domain containing protein
gene180,NVIE_001740,NVIE_001740,A0A060HMF8,protein of unknown function
gene181,NVIE_001750,NVIE_001750,A0A060HFJ3,protein of unknown function
gene182,NVIE_001760,NVIE_001760,A0A060HC65,protein of unknown function
gene183,NVIE_001770,NVIE_001770,A0A060HG68,protein of unknown function
gene184,NVIE_001780,NVIE_001780,A0A060HL95,putative Patatin-like phospholipase
gene185,NVIE_001790,NVIE_001790,A0A060HMG3,cupin domain-containing protein
gene186,NVIE_001800,NVIE_001800,A0A060HFJ9,protein of unknown function
gene187,NVIE_001810,NVIE_001810,A0A060HC72,protein of unknown function
gene188,NVIE_001820,NVIE_001820,A0A060HG75,protein of unknown function
gene189,NVIE_001830,ytsJ,A0A060HL99,NAD(P)-dependent malic enzyme
gene190,NVIE_001840,NVIE_001840,A0A060HMG8,putative Zn-finger domain containing protein
gene191,NVIE_001850,NVIE_001850,A0A060HFK5,exported protein of unknown function
gene192,NVIE_001860,NVIE_001860,A0A060HC79,''Winged helix'' DNA-binding domain containing protein
gene193,NVIE_001870,NVIE_001870,A0A060HG83,exported protein of unknown function
gene194,NVIE_001880,NVIE_001880,A0A060HLA5,protein of unknown function
gene195,NVIE_001890,NVIE_001890,A0A060HMH3,protein of unknown function
gene196,NVIE_001900,NVIE_001900,A0A060HFL0,putative Zinc/iron permease
gene197,NVIE_001910,NVIE_001910,A0A060HC85,zinc-binding CMP/dCMP deaminase
gene198,NVIE_001920,NVIE_001920,A0A060HG90,protein of unknown function
gene199,NVIE_001930,NVIE_001930,A0A060HLB0,Putative sensor protein
gene200,NVIE_001940,NVIE_001940,A0A060HMH7,protein of unknown function
gene201,NVIE_001950,NVIE_001950,A0A060HFL5,putative sensor protein
gene202,NVIE_001960,NVIE_001960,A0A060HC91,"Acetyltransferase, GNAT family"
gene203,NVIE_001970,NVIE_001970,A0A060HG98,putative Purine phosphoribosyltransferase (GpT-2)
gene204,NVIE_001980,NVIE_001980,A0A060HLB7,hypothetical protein
gene205,NVIE_001990,NVIE_001990,A0A060HMI2,protein of unknown function
gene206,NVIE_002000,NVIE_002000,A0A060HFM0,conserved protein of unknown function
gene207,NVIE_002010,NVIE_002010,A0A060HC98,hypothetical protein
gene208,NVIE_002020,NVIE_002020,A0A060HGA5,putative hemerythrin HHE cation binding domain protein
gene209,NVIE_002030,NVIE_002030,A0A060HLC2,hypothetical protein
gene210,NVIE_002040,NVIE_002040,A0A060HMI8,protein of unknown function
gene211,NVIE_002050,argD2,A0A060HFM6,acetylornithine aminotransferase
gene212,NVIE_002060,NVIE_002060,A0A060HCA3,putative acyl-CoA dehydrogenase
gene213,NVIE_002070,NVIE_002070,A0A060HGB2,protein of unknown function
gene214,NVIE_002080,NVIE_002080,A0A060HLC9,protein of unknown function
gene215,NVIE_002090,NVIE_002090,A0A060HMJ2,protein of unknown function
gene216,NVIE_002100,NVIE_002100,A0A060HFN2,protein of unknown function
gene217,NVIE_0211,NVIE_0211,A0A060HCA9,protein of unknown function
gene218,NVIE_002110,NVIE_002110,A0A060HGD9,protein of unknown function
gene219,NVIE_002120,NVIE_002120,A0A060HLF2,protein of unknown function
gene220,NVIE_002130,NVIE_002130,A0A060HML2,hypothetical protein
gene221,NVIE_002140,NVIE_002140,A0A060HFP9,protein of unknown function
gene222,NVIE_002150,dbh1,A0A060HCE2,DNA polymerase IV with DUF72 domain
gene223,NVIE_002170,NVIE_002170,A0A060HGF4,putative peptidyl-prolyl cis-trans isomerase
gene224,NVIE_002180,NVIE_002180,A0A060HLG6,"putative transcriptional regulator, TetR family (modular protein)"
gene225,NVIE_0219,NVIE_0219,A0A060HML6,hypothetical protein
gene226,NVIE_002190,rnhA,A0A060HFR3,ribonuclease H
gene227,NVIE_0221,NVIE_0221,A0A060HCG1,protein of unknown function
gene228,NVIE_002200,NVIE_002200,A0A060HGF7,protein of unknown function
gene229,NVIE_002210,NVIE_002210,A0A060HLG9,protein of unknown function DUF541
gene230,NVIE_002220,NVIE_002220,A0A060HML7,Beta propeller domain containing protein
gene231,NVIE_002230,NVIE_002230,A0A060HFR8,protein of unknown function
gene232,NVIE_002240,NVIE_002240,A0A060HCG6,protein of unknown function
gene233,NVIE_002250,NVIE_002250,A0A060HGG2,putative cupredoxin
gene234,NVIE_002260,NVIE_002260,A0A060HLH5,hypothetical protein
gene235,NVIE_002270,NVIE_002270,A0A060HMM1,protein of unknown function
gene236,NVIE_0230,NVIE_0230,A0A060HFS3,hypothetical protein
gene237,NVIE_002280,NVIE_002280,A0A060HCH1,protein of unknown function
gene238,NVIE_002290,NVIE_002290,A0A060HGG7,protein of unknown function
gene239,NVIE_002300,NVIE_002300,A0A060HLI2,putative DNA methylase
gene240,NVIE_002310,NVIE_002310,A0A060HMM3,hypothetical protein
gene241,NVIE_002320,NVIE_002320,A0A060HFS7,protein of unknown function
gene242,NVIE_002330,amoC2,A0A060HCH5,ammonia monooxygenase subunit C
gene243,NVIE_002340,NVIE_002340,A0A060HGH1,"carbohydrate kinase, YjeF-like protein"
gene244,NVIE_002350,gloB,A0A060HLI7,putative hydroxyacylglutathione hydrolase
gene245,NVIE_002360,NVIE_002360,A0A060HMM6,putative UPF0284 protein
gene246,NVIE_002370,NVIE_002370,A0A060HFT1,hypothetical protein
gene247,NVIE_002380,NVIE_002380,A0A060HCI1,putative 3-methyladenine DNA glycosylase
gene248,NVIE_002390,NVIE_002390,A0A060HGH5,putative uracil DNA glycosylase superfamily protein
gene249,NVIE_002400,NVIE_002400,A0A060HLJ0,protein of unknown function
gene250,NVIE_002410,NVIE_002410,A0A060HMN0,hypothetical protein
gene251,NVIE_002420,amt1,A0A060HFT5,ammonium transporter
gene252,NVIE_002430,NVIE_002430,A0A060HCI6,hypothetical protein
gene253,NVIE_002440,NVIE_002440,A0A060HGI0,putative Na+(Li+)/H+ antiporter
gene254,NVIE_002450,NVIE_002450,A0A060HLJ4,protein of unknown function
gene255,NVIE_002460,ogg,A0A060HMN2,8-oxoguanine DNA glycosylase
gene256,NVIE_002470,NVIE_002470,A0A060HFT9,protein of unknown function
gene257,NVIE_002480,NVIE_002480,A0A060HCI9,protein of unknown function
gene258,NVIE_002490,NVIE_002490,A0A060HGI1,hypothetical protein
gene259,NVIE_002500,NVIE_002500,A0A060HLJ6,putative alpha/beta hydrolase fold protein
gene260,NVIE_002510,NVIE_002510,A0A060HMN6,protein of unknown function
gene261,NVIE_002520,NVIE_002520,A0A060HFU3,protein of unknown function
gene262,NVIE_002530,NVIE_002530,A0A060HCJ3,hypothetical protein
gene263,NVIE_002540,NVIE_002540,A0A060HGI6,hypothetical protein
gene264,NVIE_002550,NVIE_002550,A0A060HLK1,protein of unknown function
gene265,NVIE_002560,NVIE_002560,A0A060HMN8,protein of unknown function
gene266,NVIE_002570,NVIE_002570,#N/A,protein of unknown function
gene267,NVIE_002580,NVIE_002580,A0A060HCJ8,putative Integrase family protein
gene268,NVIE_002590,NVIE_002590,A0A060HGJ0,hypothetical protein
gene269,NVIE_002600,NVIE_002600,A0A060HLK5,putative blue (type1) copper domain-containing protein
gene270,NVIE_002610,petB,A0A060HMP2,putative cytochrome b/b6
gene271,NVIE_002620,petC,A0A060HFV1,putative Rieske 2Fe-2S domain cytochrome b6-f complex iron-sulfur subunit
gene272,NVIE_002630,NVIE_002630,A0A060HCK2,pentapeptide repeat protein
gene273,NVIE_002640,NVIE_002640,A0A060HGJ4,putative diphthine synthase
gene274,NVIE_002650,lysK,A0A060HLK9,acetyl-lysine deacetylase
gene275,NVIE_002660,lysX1,A0A060HMP5,alpha-aminoadipate lysW ligase LysX
gene276,NVIE_002670,lysW,A0A060HFV3,alpha-aminoadipate carrier protein LysW
gene277,NVIE_002680,cimA,A0A060HCK4,putative 2-isopropylmalate synthase
gene278,NVIE_002690,argH,A0A060HGK0,argininosuccinate lyase
gene279,NVIE_002700,NVIE_002700,A0A060HLL4,hypothetical protein
gene280,NVIE_002710,NVIE_002710,A0A060HMP8,DUF59 domain-containing protein
gene281,NVIE_002720,NVIE_002720,A0A060HFV8,putative sialidase (neuraminidase) family protein
gene282,NVIE_002730,sdhB,A0A060HCL0,FeS-center protein of succinate dehydrogenase/fumarate reductase
gene283,NVIE_002740,sdhD,A0A060HGK2,putative succinate dehydrogenase/fumarate reductase
gene284,NVIE_002750,sdhC,A0A060HLL6,putative succinate dehydrogenase/fumarate reductase
gene285,NVIE_002760,sdhA,A0A060HMQ1,succinate dehydrogenase flavoprotein subunit/fumarate reductase
gene286,NVIE_002770,NVIE_002770,A0A060HFW1,protein of unknown function
gene287,NVIE_002780,NVIE_002780,A0A060HCL4,protein of unknown function
gene288,NVIE_002790,NVIE_002790,A0A060HGK7,hypothetical protein
gene289,NVIE_002800,NVIE_002800,A0A060HLM1,hypothetical protein
gene290,NVIE_002810,hisS,A0A060HMQ5,histidine--tRNA ligase
gene291,NVIE_002820,NVIE_002820,A0A060HFW5,protein of unknown function
gene292,NVIE_002830,NVIE_002830,A0A060HCL9,PIN-domain containing protein
gene293,NVIE_002840,NVIE_002840,A0A060HGL2,putative archease protein family (DUF101/UPF0211)
gene294,NVIE_002850,hsp20-1,A0A060HLM5,putative heat-shock protein Hsp20
gene295,NVIE_002860,NVIE_002860,A0A060HMQ7,protein of unknown function
gene296,NVIE_002870,NVIE_002870,A0A060HFX0,protein of unknown function
gene297,NVIE_002880,NVIE_002880,A0A060HCM2,putative restriction endonuclease/methyltransferase
gene298,NVIE_0290,NVIE_0290,A0A060HGL5,fragment/protein of unknown function
gene299,NVIE_002890,dps1,A0A060HLM9,ferritin Dps family protein
gene300,NVIE_002900,NVIE_002900,A0A060HMR2,protein of unknown function
gene301,NVIE_002910,fen,A0A060HFX3,flap structure-specific endonuclease
gene302,NVIE_0294,NVIE_0294,A0A060HCM7,hypothetical protein
gene303,NVIE_002920,NVIE_002920,A0A060HGM0,hypothetical protein
gene304,NVIE_002930,NVIE_002930,A0A060HLN1,hypothetical protein
gene305,NVIE_002940,NVIE_002940,A0A060HMR6,hypothetical protein
gene306,NVIE_002950,NVIE_002950,A0A060HFX8,protein of unknown function
gene307,NVIE_0298,NVIE_0298,A0A060HCN2,fragment/protein of unknown function
gene308,NVIE_002960,NVIE_002960,A0A060HGM5,putative Mov34/MPN/PAD-1 family protein
gene309,NVIE_002970,NVIE_002970,#N/A,putative integrase family protein
gene310,NVIE_002980,NVIE_002980,A0A060HMS0,hypothetical protein
gene311,NVIE_002990,NVIE_002990,A0A060HFY2,hypothetical protein
gene312,NVIE_t0040,NVIE_t0040,#N/A,tRNA-Pseudo
gene313,NVIE_003000,NVIE_003000,A0A060HCN6,exported or cell surface associated protein of unknown function containing glycoside hydrolase/deacetylase and HYR-domains
gene314,NVIE_003010,phaC,A0A060HGM9,poly(R)-hydroxyalkanoic acid synthase
gene315,NVIE_003020,phaE,A0A060HLN6,putative poly(3-hydroxyalkanoate) synthase component
gene316,NVIE_003030,NVIE_003030,A0A060HMS5,hypothetical protein
gene317,NVIE_t0050,NVIE_t0050,#N/A,tRNA-Arg
gene318,NVIE_003040,NVIE_003040,A0A060HFY4,putative integrase family protein
gene319,NVIE_003050,NVIE_003050,A0A060HCP0,protein of unknown function
gene320,NVIE_003060,NVIE_003060,A0A060HGN3,protein of unknown function
gene321,NVIE_003070,NVIE_003070,A0A060HLP1,protein of unknown function
gene322,NVIE_003080,NVIE_003080,A0A060HMS8,protein of unknown function
gene323,NVIE_003090,NVIE_003090,A0A060HFY9,protein of unknown function
gene324,NVIE_003100,NVIE_003100,A0A060HCP5,protein of unknown function
gene325,NVIE_0314,NVIE_0314,A0A060HGN8,protein of unknown function
gene326,NVIE_003110,NVIE_003110,A0A060HLP4,hypothetical protein
gene327,NVIE_003120,NVIE_003120,A0A060HMT2,3-hydroxypropionyl-CoA synthetase
gene328,NVIE_003130,NVIE_003130,A0A060HFZ2,putative Glutamine amidotransferase class-I
gene329,NVIE_003140,NVIE_003140,A0A060HCP8,Toprim (topoisomerase-primase) domain - containing protein
gene330,NVIE_003150,NVIE_003150,A0A060HGP2,putative DNA primase
gene331,NVIE_003160,ribK,A0A060HLP7,riboflavin kinase
gene332,NVIE_003170,ribL,A0A060HMT7,putative FAD synthase
gene333,NVIE_003180,NVIE_003180,A0A060HFZ6,methyltransferase type 11
gene334,NVIE_0323,NVIE_0323,A0A060HCQ3,DUF650 and DUF651 domain-containing protein
gene335,NVIE_003190,NVIE_003190,A0A060HGP6,hypothetical protein
gene336,NVIE_003200,NVIE_003200,A0A060HLQ0,putative transposase IS3/IS911 family
gene337,NVIE_003210,proS,A0A060HMU1,proline--tRNA ligase
gene338,NVIE_003220,NVIE_003220,A0A060HG02,DedA family protein
gene339,NVIE_003230,NVIE_003230,A0A060HCQ7,hypothetical protein
gene340,NVIE_003240,NVIE_003240,A0A060HGQ1,protein of unknown function
gene341,NVIE_003250,NVIE_003250,A0A060HLQ4,chromosome segregation protein SMC
gene342,NVIE_003260,ino,A0A060HMU4,myo-inositol-1-phosphate synthase
gene343,NVIE_003270,NVIE_003270,A0A060HG04,Gcn5-related N-acetyltransferase (GNAT) domain-containing protein
gene344,NVIE_003280,cysS-1,A0A060HCR0,cysteine--tRNA ligase
gene345,NVIE_003290,NVIE_003290,A0A060HGQ6,putative radical SAM domain protein
gene346,NVIE_003300,lysE,A0A060HLQ8,L-lysine exporter family protein
gene347,NVIE_003310,albA,A0A060HMU9,DNA/RNA-binding protein Alba
gene348,NVIE_003320,NVIE_003320,A0A060HG09,hypothetical protein
gene349,NVIE_003330,NVIE_003330,A0A060HCR5,putative streptogramin lyase
gene350,NVIE_003340,NVIE_003340,A0A060HGQ9,drug/metabolite transporter superfamily protein
gene351,NVIE_003350,pth,A0A060HLR3,peptidyl-tRNA hydrolase
gene352,NVIE_003360,NVIE_003360,A0A060HMV2,Geranylgeranyl reductase family protein
gene353,NVIE_003370,NVIE_003370,A0A060HG14,putative Zn-ribbon RNA-binding protein
gene354,NVIE_003380,ef1b,A0A060HCS0,translation elongation factor EF-1 beta
gene355,NVIE_003390,cdc48-1,A0A060HGR4,"AAA family ATPase, CDC48 subfamily"
gene356,NVIE_003400,NVIE_003400,A0A060HLR8,protein of unknown function
gene357,NVIE_003410,ctaB-1,A0A060HMV6,protoheme IX farnesyltransferase
gene358,NVIE_003420,NVIE_003420,A0A060HG16,hypothetical protein
gene359,NVIE_003430,NVIE_003430,A0A060HCS4,putative blue (type 1) copper domain protein
gene360,NVIE_003440,NVIE_003440,A0A060HGR9,putative mov34/MPN/PAD-1 family protein
gene361,NVIE_003450,aspS1,A0A060HLS2,aspartyl-tRNA synthetase
gene362,NVIE_003460,NVIE_003460,A0A060HMV9,putative transcription elongation factor NusA
gene363,NVIE_003470,NVIE_003470,A0A060HG21,protein of unknown function
gene364,NVIE_003480,oppD,A0A060HCS9,"peptide/opine/nickel ABC uptake transporter, putative ATP-binding protein"
gene365,NVIE_003490,xpd,A0A060HGS1,putative DNA repair helicase XPD
gene366,NVIE_003500,NVIE_003500,A0A060HLS9,putative exosortase/archaeosortase family protein
gene367,NVIE_003510,dbh2,A0A060HMW4,DNA polymerase IV
gene368,NVIE_003520,pgk,A0A060HG26,phosphoglycerate kinase
gene369,NVIE_003530,NVIE_003530,A0A060HCT3,protein of unknown function DUF929
gene370,NVIE_003540,rpl10e,A0A060HGS7,50S ribosomal protein L10e
gene371,NVIE_0359,endA1,A0A060HLT4,putative tRNA-splicing endonuclease
gene372,NVIE_003550,NVIE_003550,A0A060HMW7,hypothetical protein
gene373,NVIE_003560,NVIE_003560,A0A060HG30,hypothetical protein
gene374,NVIE_003570,NVIE_003570,A0A060HCT9,protein of unknown function
gene375,NVIE_003580,NVIE_003580,A0A060HGT2,hypothetical protein
gene376,NVIE_003590,NVIE_003590,A0A060HLU0,protein of unknown function
gene377,NVIE_003600,NVIE_003600,A0A060HMX1,protein of unknown function
gene378,NVIE_003610,NVIE_003610,A0A060HG34,hypothetical protein
gene379,NVIE_003620,NVIE_003620,A0A060HCU3,Deoxyribonuclease/rho motif-related TRAM domain containing protein
gene380,NVIE_003630,NVIE_003630,A0A060HGT5,protein of unknown function
gene381,NVIE_003640,NVIE_003640,A0A060HLU5,putative signal transduction protein
gene382,NVIE_t0060,NVIE_t0060,#N/A,tRNA-Glu
gene383,NVIE_003660,NVIE_003660,A0A060HMX4,protein of unknown function
gene384,NVIE_003670,NVIE_003670,A0A060HG36,small GTP-binding protein
gene385,NVIE_003680,NVIE_003680,A0A060HCU8,putative cupredoxin
gene386,NVIE_003690,NVIE_003690,A0A060HGU0,TRAM domain-containing protein
gene387,NVIE_003700,nadX,A0A060HLV1,L-aspartate dehydrogenase
gene388,NVIE_003710,rps30e,A0A060HMX7,30S ribosomal protein S30e
gene389,NVIE_0376,NVIE_0376,A0A060HG40,fragment/protein of unknown function
gene390,NVIE_003720,NVIE_003720,A0A060HCV3,hypothetical protein
gene391,NVIE_003730,nadA,A0A060HGU4,quinolinate synthase A
gene392,NVIE_003740,nadC,A0A060HLV6,nicotinate-nucleotide pyrophosphorylase
gene393,NVIE_003750,rpoE'',A0A060HMY0,"DNA-directed RNA polymerase, subunit E``"
gene394,NVIE_003760,rpoE',A0A060HG43,"DNA-directed RNA polymerase, subunit E`"
gene395,NVIE_003770,NVIE_003770,A0A060HCV6,Mrp family signature-containing protein and domain of unknown function DUF59
gene396,NVIE_003780,NVIE_003780,A0A060HGU8,protein of unknown function DUF359
gene397,NVIE_003790,NVIE_003790,A0A060HLW3,protein of unknown function
gene398,NVIE_003800,NVIE_003800,A0A060HMY2,hypothetical protein
gene399,NVIE_003810,NVIE_003810,A0A060HG47,putative FAD linked oxidase-like
gene400,NVIE_003820,NVIE_003820,A0A060HCW0,putative methyltransferase
gene401,NVIE_003830,NVIE_003830,A0A060HGV2,putative glyoxalase/bleomycin resistance protein/dioxygenase
gene402,NVIE_0388,NVIE_0388,A0A060HLW9,protein of unknown function
gene403,NVIE_003840,NVIE_003840,A0A060HMY5,protein of unknown function
gene404,NVIE_003850,NVIE_003850,A0A060HG49,protein of unknown function
gene405,NVIE_003860,NVIE_003860,A0A060HCW4,vacuolar iron transporter family protein
gene406,NVIE_003870,NVIE_003870,A0A060HGV8,protein of unknown function
gene407,NVIE_003880,NVIE_003880,A0A060HLX2,hypothetical protein
gene408,NVIE_003890,NVIE_003890,A0A060HMY8,protein of unknown function
gene409,NVIE_003900,hsp20-2,A0A060HG53,heat-shock protein Hsp20
gene410,NVIE_003910,NVIE_003910,A0A060HCW8,putative cupredoxin
gene411,NVIE_003920,NVIE_003920,A0A060HGW1,Nitrogen regulatory protein P-II
gene412,NVIE_003930,NVIE_003930,A0A060HLX7,hypothetical protein
gene413,NVIE_003940,NVIE_003940,A0A060HMZ3,protein of unknown function
gene414,NVIE_003950,NVIE_003950,A0A060HG56,protein of unknown function
gene415,NVIE_003960,NVIE_003960,A0A060HCX3,putative universal stress family protein
gene416,NVIE_003970,NVIE_003970,A0A060HGW6,hypothetical protein
gene417,NVIE_003980,NVIE_003980,A0A060HLY3,hypothetical protein
gene418,NVIE_003990,NVIE_003990,A0A060HMZ7,UspA domain containing protein
gene419,NVIE_004000,NVIE_004000,A0A060HG60,CBS and zinc finger C2H2 domain-containing protein
gene420,NVIE_004010,NVIE_004010,A0A060HCX7,CBS domain-containing protein (modular protein)
gene421,NVIE_004020,NVIE_004020,A0A060HGX0,Universal stress protein YxiE
gene422,NVIE_004030,NVIE_004030,A0A060HLZ0,putative amino acid transporter
gene423,NVIE_004040,NVIE_004040,A0A060HN02,protein of unknown function
gene424,NVIE_004050,NVIE_004050,A0A060HG66,protein of unknown function
gene425,NVIE_004060,NVIE_004060,A0A060HCY1,protein of unknown function
gene426,NVIE_004070,adh1,A0A060HGX4,NAD-dependent alcohol dehydrogenase
gene427,NVIE_004080,NVIE_004080,A0A060HLZ4,protein of unknown function
gene428,NVIE_004090,NVIE_004090,A0A060HN05,putative UspA domain protein
gene429,NVIE_004100,NVIE_004100,A0A060HG69,protein of unknown function
gene430,NVIE_004110,NVIE_004110,A0A060HCY7,putative signal transduction protein with CBS domains
gene431,NVIE_004120,NVIE_004120,A0A060HGX9,putative UspA domain protein
gene432,NVIE_004130,NVIE_004130,A0A060HLZ9,UspA domain protein (modular protein)
gene433,NVIE_004140,NVIE_004140,A0A060HN10,hypothetical protein
gene434,NVIE_004150,NVIE_004150,A0A060HG73,protein of unknown function
gene435,NVIE_004160,NVIE_004160,A0A060HCZ1,RDD family protein
gene436,NVIE_004170,NVIE_004170,A0A060HGY3,hypothetical protein
gene437,NVIE_004180,NVIE_004180,A0A060HM04,protein of unknown function
gene438,NVIE_004190,NVIE_004190,A0A060HN14,hypothetical protein
gene439,NVIE_004200,NVIE_004200,A0A060HG79,putative cupredoxin
gene440,NVIE_004210,NVIE_004210,A0A060HCZ7,protein of unknown function
gene441,NVIE_004220,NVIE_004220,A0A060HGY8,putative methyltransferase type 11
gene442,NVIE_0425,NVIE_0425,A0A060HM08,protein of unknown function
gene443,NVIE_0426,NVIE_0426,A0A060HN18,hypothetical protein
gene444,NVIE_0427,NVIE_0427,A0A060HG85,hypothetical protein
gene445,NVIE_004240,NVIE_004240,A0A060HD01,Pyridoxamine 5'-phosphate oxidase-related FMN-binding protein
gene446,NVIE_004250,NVIE_004250,A0A060HGZ4,"putative tetrahydromethanopterin S-methyltransferase, subunit A"
gene447,NVIE_004260,NVIE_004260,A0A060HM14,DUTPase superfamily protein
gene448,NVIE_004270,NVIE_004270,A0A060HN22,hypothetical protein
gene449,NVIE_004280,dpm,A0A060HG89,dolichol-phosphate mannosyltransferase
gene450,NVIE_004290,radA1,A0A060HD05,putative DNA repair and recombination protein RadA
gene451,NVIE_004300,NVIE_004300,A0A060HGZ8,putative snRNP Sm-like protein
gene452,NVIE_004310,metK,A0A060HM19,methionine adenosyltransferase
gene453,NVIE_004320,fabG1,A0A060HN26,3-oxoacyl-(acyl-carrier-protein) reductase
gene454,NVIE_004330,cbiD,A0A060HG95,cobalt-precorrin-6A synthase [deacetylating]
gene455,NVIE_004340,NVIE_004340,A0A060HD10,putative AsnC family transcriptional regulator
gene456,NVIE_004350,NVIE_004350,A0A060HH04,"putative Glycosyl transferase, family 39"
gene457,NVIE_004360,cbiG,A0A060HM26,cobalamin (Vitamin B12) biosynthesis protein CbiG
gene458,NVIE_004370,NVIE_004370,A0A060HN29,Precorrin-8X methylmutase/sirohydrochlorin ferrochelatase
gene459,NVIE_004380,cobB,A0A060HGA2,"cobyrinic acid A,C-diamide synthase"
gene460,NVIE_004390,NVIE_004390,A0A060HD17,protein of unknown function
gene461,NVIE_004400,cobO,A0A060HH08,cob(I)alamin adenosyltransferase
gene462,NVIE_004410,eIf-2a,A0A060HM31,"translation initiation factor 2, subunit alpha"
gene463,NVIE_004420,nop,A0A060HN36,putative ribosome biogenesis protein Nop10
gene464,NVIE_004430,NVIE_004430,A0A060HGA8,hypothetical protein
gene465,NVIE_004440,NVIE_004440,A0A060HD21,putative thioesterase superfamily protein
gene466,NVIE_004450,NVIE_004450,A0A060HH14,protein of unknown function
gene467,NVIE_004460,NVIE_004460,A0A060HM36,putative isocitrate lyase /carboxyphosphonoenolpyruvate phosphonomutase
gene468,NVIE_004470,NVIE_004470,A0A060HN41,putative glyoxalase/bleomycin resistance protein/dioxygenase
gene469,NVIE_004480,NVIE_004480,A0A060HGB3,hypothetical protein
gene470,NVIE_004490,NVIE_004490,A0A060HD28,hypothetical protein
gene471,NVIE_004510,NVIE_004510,A0A060HH18,AMMECR1 domain protein
gene472,NVIE_004520,NVIE_004520,A0A060HM41,putative glycosyltransferase
gene473,NVIE_004530,NVIE_004530,A0A060HN47,protein of unknown function
gene474,NVIE_004540,NVIE_004540,A0A060HGB8,hypothetical protein
gene475,NVIE_004550,NVIE_004550,A0A060HD33,hypothetical protein
gene476,NVIE_0459,NVIE_0459,A0A060HH23,hypothetical protein
gene477,NVIE_004560,rps15p,A0A060HM48,30S ribosomal protein S15p/S13e
gene478,NVIE_004570,NVIE_004570,A0A060HN52,"Phosphoesterase DHHA1, RecJ-like"
gene479,NVIE_004580,NVIE_004580,A0A060HGC2,hypothetical protein
gene480,NVIE_004590,serS,A0A060HD38,Serine--tRNA ligase
gene481,NVIE_004600,rps3ae,A0A060HH27,30S ribosomal protein S3ae
gene482,NVIE_004610,NVIE_004610,A0A060HM52,uncharacterised protein family UPF0201
gene483,NVIE_004620,NVIE_004620,A0A060HN56,hypothetical protein
gene484,NVIE_004630,NVIE_004630,A0A060HGC6,hypothetical protein
gene485,NVIE_004640,NVIE_004640,A0A060HD44,protein of unknown function
gene486,NVIE_004650,NVIE_004650,A0A060HH32,protein of unknown function
gene487,NVIE_004660,NVIE_004660,A0A060HM58,radical SAM domain protein
gene488,NVIE_004670,NVIE_004670,A0A060HN61,putative polysaccharide deacetylase
gene489,NVIE_0472,NVIE_0472,A0A060HGD1,putative phosphate transport regulator
gene490,NVIE_0473,endA2,A0A060HD49,tRNA-splicing endonuclease
gene491,NVIE_004690,NVIE_004690,A0A060HH37,hypothetical protein
gene492,NVIE_004700,NVIE_004700,A0A060HM62,hypothetical protein
gene493,NVIE_004710,NVIE_004710,A0A060HN65,putative histidine triad protein
gene494,NVIE_004720,NVIE_004720,A0A060HGD7,protein of unknown function
gene495,NVIE_004730,NVIE_004730,A0A060HD55,protein of unknown function
gene496,NVIE_004740,NVIE_004740,A0A060HH42,hypothetical protein
gene497,NVIE_004750,NVIE_004750,A0A060HM67,protein of unknown function
gene498,NVIE_004760,ilvD,A0A060HN71,dihydroxy-acid dehydratase
gene499,NVIE_004770,trpE,A0A060HGE2,anthranilate synthase component 1
gene500,NVIE_004780,thrC1,A0A060HD60,threonine synthase
gene501,NVIE_004790,NVIE_004790,A0A060HH45,hypothetical protein
gene502,NVIE_004800,NVIE_004800,A0A060HM74,GCN5-related N-acetyltransferase
gene503,NVIE_004810,NVIE_004810,A0A060HN76,SNF7-domain-containing protein
gene504,NVIE_004820,NVIE_004820,A0A060HGE7,hypothetical protein
gene505,NVIE_004830,bioF,A0A060HD66,8-amino-7-oxononanoate synthase
gene506,NVIE_004840,bioB,A0A060HH48,biotin synthase
gene507,NVIE_004850,NVIE_004850,A0A060HM79,cupin domain protein
gene508,NVIE_004870,NVIE_004870,A0A060HN82,putative resolvase
gene509,NVIE_004880,bioA,A0A060HGF1,adenosylmethionine-8-amino-7-oxononanoate transaminase
gene510,NVIE_004890,bioD,A0A060HD71,dethiobiotin synthase
gene511,NVIE_004900,NVIE_004900,A0A060HH52,hypothetical protein
gene512,NVIE_004910,NVIE_004910,A0A060HM83,hypothetical protein
gene513,NVIE_004920,NVIE_004920,A0A060HN88,putative mannose-1-phosphate guanyltransferase
gene514,NVIE_004930,mer,A0A060HGF9,luciferase-like monooxygenase family protein
gene515,NVIE_004940,NVIE_004940,A0A060HD78,acetoacetyl-CoA thiolase subunit A
gene516,NVIE_004950,NVIE_004950,A0A060HH56,putative acetoacetyl-CoA thiolase subunit B
gene517,NVIE_004960,NVIE_004960,A0A060HM89,hypothetical protein
gene518,NVIE_004970,NVIE_004970,A0A060HN93,"Regulatory protein, ArsR"
gene519,NVIE_t0070,NVIE_t0070,#N/A,tRNA-Undet
gene520,NVIE_004980,rpl6p,A0A060HGG4,50S ribosomal protein L6p
gene521,NVIE_004990,rps8p,A0A060HD85,30S ribosomal protein S8p
gene522,NVIE_005000,rps14p,A0A060HH61,30S ribosomal protein S14p
gene523,NVIE_0504,rpl5p,A0A060HM94,50S ribosomal protein L5p
gene524,NVIE_005010,rps4e,A0A060HNA0,30S ribosomal protein S4e
gene525,NVIE_005020,rpl24p,A0A060HGH2,30S ribosomal protein L24p
gene526,NVIE_005030,rpl14p,A0A060HD91,50S ribosomal protein L14p
gene527,NVIE_005040,rps17p,A0A060HH64,30S ribosomal protein S17p
gene528,NVIE_005050,rpn,A0A060HM98,ribonuclease P protein component 1
gene529,NVIE_005060,rpl29p,A0A060HNA6,50S ribosomal protein L29p
gene530,NVIE_005070,rps3p,A0A060HGH8,30S ribosomal protein S3p
gene531,NVIE_005080,rpl22p,A0A060HD96,50S ribosomal protein L22p
gene532,NVIE_005090,rps19p,A0A060HH67,30S ribosomal protein S19p
gene533,NVIE_005100,rpl23p,A0A060HMA4,50S ribosomal protein L23p
gene534,NVIE_005110,rpl4p,A0A060HNB3,50S ribosomal protein L4p
gene535,NVIE_005120,rpl3p,A0A060HGI5,50S ribosomal protein L3p
gene536,NVIE_005130,NVIE_005130,A0A060HDA2,protein of unknown function DUF171
gene537,NVIE_005140,NVIE_005140,A0A060HH72,alkyl hydroperoxide reductase/thiol specific antioxidant family protein
gene538,NVIE_005150,psmA1,A0A060HMB0,proteasome subunit alpha
gene539,NVIE_005160,NVIE_005160,A0A060HNB8,hypothetical protein
gene540,NVIE_005170,NVIE_005170,A0A060HGJ2,protein of unknown function DUF371
gene541,NVIE_005180,NVIE_005180,A0A060HDA8,"putative transcriptional regulator, ArsR family"
gene542,NVIE_005190,purC,A0A060HH76,phosphoribosylaminoimidazole-succinocarboxamide synthase
gene543,NVIE_005200,purK,A0A060HMB6,phosphoribosylaminoimidazole carboxylase ATPase subunit
gene544,NVIE_005210,purE1,A0A060HNC4,phosphoribosylaminoimidazole carboxylase catalytic subunit
gene545,NVIE_005220,NVIE_005220,A0A060HGJ7,protein of unknown function
gene546,NVIE_005230,NVIE_005230,A0A060HDB2,hypothetical protein
gene547,NVIE_005240,sdr-1,A0A060HH82,glucose/ribitol dehydrogenase family protein
gene548,NVIE_005250,NVIE_005250,A0A060HMC2,putative sulfonate transporter
gene549,NVIE_005260,NVIE_005260,A0A060HND0,"putative transcriptional regulator, AsnC family"
gene550,NVIE_005270,hom,A0A060HGK4,homoserine dehydrogenase
gene551,NVIE_005280,NVIE_005280,A0A060HDB7,hypothetical protein
gene552,NVIE_005290,NVIE_005290,A0A060HH87,protein of unknown function
gene553,NVIE_005300,NVIE_005300,A0A060HMC6,PUA domain containing protein
gene554,NVIE_005310,NVIE_005310,A0A060HND5,"Transcriptional regulator, Lrp family"
gene555,NVIE_005320,psmB1,A0A060HGL0,"proteasome, subunit beta"
gene556,NVIE_005330,NVIE_005330,A0A060HDC1,hypothetical protein with ATP-binding domain
gene557,NVIE_005340,NVIE_005340,A0A060HH93,"Putative copper-binding , plastocyanin/azurin family protein"
gene558,NVIE_0539,NVIE_0539,A0A060HMD1,protein of unknown function
gene559,NVIE_005350,prf,A0A060HNE3,peptide chain release factor subunit 1
gene560,NVIE_0541,NVIE_0541,A0A060HGL8,"putative transcriptional regulator, XRE family"
gene561,NVIE_0542,NVIE_0542,A0A060HDC7,hypothetical protein
gene562,NVIE_005360,uppP,A0A060HHA0,Undecaprenyl-diphosphatase
gene563,NVIE_005370,NVIE_005370,A0A060HMD5,hypothetical protein
gene564,NVIE_005380,gap,A0A060HNE8,"putative glyceraldehyde-3-phosphate dehydrogenase, phosphorylating"
gene565,NVIE_005390,trpG,A0A060HGM2,anthranilate synthase component II
gene566,NVIE_005400,trpD,A0A060HDD1,anthranilate phosphoribosyltransferase
gene567,NVIE_005410,radA2,A0A060HHA7,DNA repair and recombination protein RadA
gene568,NVIE_005420,NVIE_005420,A0A060HME1,hypothetical protein
gene569,NVIE_005430,NVIE_005430,A0A060HNF6,hypothetical protein
gene570,NVIE_005440,NVIE_005440,A0A060HGM8,protein of unknown function
gene571,NVIE_005450,NVIE_005450,A0A060HDD5,hypothetical protein
gene572,NVIE_005460,trpA,A0A060HHB2,"tryptophan synthase, alpha chain"
gene573,NVIE_005470,trpB,A0A060HME6,"tryptophan synthase, beta chain"
gene574,NVIE_005480,trpC,A0A060HNG1,indole-3-glycerol-phosphate synthase
gene575,NVIE_0556,cdc6-1,A0A060HGN6,putative cell division control protein 6
gene576,NVIE_005490,NVIE_005490,A0A060HDE2,hypothetical protein
gene577,NVIE_005500,NVIE_005500,A0A060HHB9,protein of unknown function
gene578,NVIE_005510,NVIE_005510,A0A060HMF1,protein of unknown function
gene579,NVIE_005520,pyrG,A0A060HNG8,CTP synthase
gene580,NVIE_005530,NVIE_005530,A0A060HGP1,putative inorganic polyphosphate/ATP-NAD kinase
gene581,NVIE_005540,NVIE_005540,A0A060HDE7,PfkB family carbohydrate kinase
gene582,NVIE_005550,rps26e,A0A060HHC6,30S ribosomal protein S26e
gene583,NVIE_005560,pgsA,A0A060HMF5,CDP-diacylglycerol--glycerol-3-phosphate 3-phosphatidyltransferase
gene584,NVIE_005570,NVIE_005570,A0A060HNH3,protein of unknown function
gene585,NVIE_005580,NVIE_005580,A0A060HGP9,"putative CheY-like signal transduction response regulator, receiver domain"
gene586,NVIE_005590,NVIE_005590,A0A060HDF3,"putative membrane associated signal transduction histidine kinase, with phosphoacceptor and ATP binding domain"
gene587,NVIE_005600,NVIE_005600,A0A060HHD1,putative quinoprotein glucose/ sorbosone dehydrogenase
gene588,NVIE_005610,NVIE_005610,A0A060HMG1,putative class II aldolase/adducin family protein
gene589,NVIE_005620,atpF,A0A060HNI0,"archaeal A1A0-type ATP synthase, subunit F"
gene590,NVIE_005630,NVIE_005630,A0A060HGQ4,protein of unknown function
gene591,NVIE_0572,NVIE_0572,A0A060HDG0,protein of unknown function
gene592,NVIE_005650,NVIE_005650,A0A060HHD6,protein of unknown function
gene593,NVIE_005660,NVIE_005660,A0A060HMG6,hypothetical protein
gene594,NVIE_005670,dnaJ-1,A0A060HNI6,putative chaperone protein DnaJ
gene595,NVIE_005680,NVIE_005680,A0A060HGR0,protein of unknown function
gene596,NVIE_005690,NVIE_005690,A0A060HDG7,putative polyketide cyclase/dehydrase
gene597,NVIE_005700,NVIE_005700,A0A060HHE2,hypothetical protein
gene598,NVIE_005710,NVIE_005710,A0A060HMH2,hypothetical protein
gene599,NVIE_005720,NVIE_005720,A0A060HNJ2,hypothetical protein
gene600,NVIE_005730,NVIE_005730,A0A060HGR6,zinc finger C2H2 domain-containing protein
gene601,NVIE_0582,NVIE_0582,A0A060HDH4,putative prephenate dehydrogenase
gene602,NVIE_005740,aspC,A0A060HHE7,putative chorismate mutase
gene603,NVIE_005750,aroC,A0A060HMH8,chorismate synthase
gene604,NVIE_005760,aroA,A0A060HNJ7,3-phosphoshikimate 1-carboxyvinyltransferase
gene605,NVIE_005770,aroK,A0A060HGS3,shikimate kinase
gene606,NVIE_0587,aroE,A0A060HDI1,shikimate 5-dehydrogenase
gene607,NVIE_005780,aroD,A0A060HHF2,3-dehydroquinate dehydratase
gene608,NVIE_005790,NVIE_005790,A0A060HMI3,protein of unknown function
gene609,NVIE_005800,NVIE_005800,A0A060HNK3,hypothetical protein
gene610,NVIE_005810,NVIE_005810,A0A060HGS9,hypothetical protein
gene611,NVIE_005820,NVIE_005820,A0A060HDI8,putative DNA methylase N-4/N-6 domain protein
gene612,NVIE_005830,NVIE_005830,A0A060HHF8,protein of unknown function
gene613,NVIE_005840,aroB,A0A060HMI7,3-dehydroquinate synthase
gene614,NVIE_005850,aroGFH,A0A060HNK9,putative 3-deoxy-7-phosphoheptulonate synthase
gene615,NVIE_005860,NVIE_005860,A0A060HGT6,protein of unknown function
gene616,NVIE_005870,NVIE_005870,A0A060HDJ7,protein of unknown function
gene617,NVIE_005880,nfo,A0A060HHG5,putative endonuclease 4
gene618,NVIE_005890,priB,A0A060HMJ3,"DNA primase, large subunit"
gene619,NVIE_005900,priA,A0A060HNL6,"DNA primase, small subunit"
gene620,NVIE_005910,NVIE_005910,A0A060HGU1,hypothetical protein
gene621,NVIE_005920,NVIE_005920,A0A060HDK4,putative GMP synthase
gene622,NVIE_005930,NVIE_005930,A0A060HHH1,TPR repeat protein
gene623,NVIE_005940,NVIE_005940,A0A060HMJ7,protein of unknown function
gene624,NVIE_005950,NVIE_005950,A0A060HNM2,hypothetical protein
gene625,NVIE_0606,NVIE_0606,A0A060HGU9,protein of unknown function
gene626,NVIE_0607,NVIE_0607,A0A060HDL0,protein of unknown function
gene627,NVIE_005970,NVIE_005970,A0A060HHH8,aldo/keto reductase
gene628,NVIE_0609,NVIE_0609,A0A060HMK1,hypothetical protein
gene629,NVIE_005980,NVIE_005980,A0A060HNM7,hypothetical protein
gene630,NVIE_005990,NVIE_005990,A0A060HGV4,protein of unknown function
gene631,NVIE_0612,NVIE_0612,A0A060HDL5,protein of unknown function
gene632,NVIE_006020,NVIE_006020,A0A060HHI4,protein of unknown function
gene633,NVIE_006030,NVIE_006030,A0A060HMK5,protein of unknown function
gene634,NVIE_0616,NVIE_0616,A0A060HNN2,protein of unknown function
gene635,NVIE_006050,NVIE_006050,A0A060HGW0,protein of unknown function
gene636,NVIE_006060,menA,A0A060HDM2,"1,4-dihydroxy-2-naphthoate octaprenyltransferase"
gene637,NVIE_006070,NVIE_006070,A0A060HHJ3,"putative transcriptional regulator, AsnC family"
gene638,NVIE_006080,NVIE_006080,A0A060HMK9,hypothetical protein
gene639,NVIE_006090,napA,A0A060HNN9,putative Na+(Li+)/H+ antiporter
gene640,NVIE_006100,NVIE_006100,A0A060HGW7,putative glycogen debranching enzyme
gene641,NVIE_006110,mngA,A0A060HDM7,mannosyl-3-phosphoglycerate synthase
gene642,NVIE_006120,NVIE_006120,A0A060HHK0,conserved protein of unknown function
gene643,NVIE_006130,NVIE_006130,A0A060HML3,hypothetical protein
gene644,NVIE_006140,ttuD,A0A060HNP5,putative hydroxypyruvate reductase
gene645,NVIE_006150,birA,A0A060HGX3,biotin-[acetyl-CoA-carboxylase] ligase
gene646,NVIE_006160,NVIE_006160,A0A060HDN5,hypothetical protein
gene647,NVIE_006170,NVIE_006170,A0A060HHK9,putative GTP binding protein
gene648,NVIE_006180,NVIE_006180,A0A060HML8,hypothetical protein
gene649,NVIE_0633,NVIE_0633,A0A060HNQ1,protein of unknown function
gene650,NVIE_006190,NVIE_006190,A0A060HGX8,hypothetical protein
gene651,NVIE_006200,NVIE_006200,A0A060HDP0,hypothetical protein
gene652,NVIE_006210,NVIE_006210,A0A060HHL7,protein of unknown function
gene653,NVIE_006220,NVIE_006220,A0A060HMM2,protein of unknown function
gene654,NVIE_006230,NVIE_006230,A0A060HNQ7,protein of unknown function
gene655,NVIE_006240,NVIE_006240,A0A060HGY4,protein of unknown function
gene656,NVIE_006250,NVIE_006250,A0A060HDP6,protein of unknown function
gene657,NVIE_006260,NVIE_006260,A0A060HHM6,putative CoA-binding domain protein
gene658,NVIE_006270,NVIE_006270,A0A060HMM8,protein of unknown function
gene659,NVIE_006280,NVIE_006280,A0A060HNR2,protein of unknown function
gene660,NVIE_006290,NVIE_006290,A0A060HGZ0,protein of unknown function
gene661,NVIE_0643,NVIE_0643,A0A060HDQ5,protein of unknown function
gene662,NVIE_006300,NVIE_006300,A0A060HHN4,hypothetical protein
gene663,NVIE_006310,purF,A0A060HMN4,amidophosphoribosyltransferase
gene664,NVIE_006320,purL,A0A060HNR8,phosphoribosylformylglycinamidine synthase II
gene665,NVIE_006330,purQ,A0A060HGZ6,phosphoribosylformylglycinamidine synthase I
gene666,NVIE_006340,NVIE_006340,A0A060HDR3,putative signal transduction protein with CBS domains
gene667,NVIE_006350,purS,A0A060HHP2,putative phosphoribosylformylglycinamidine synthase PurS
gene668,NVIE_006360,NVIE_006360,A0A060HMN9,nitroreductase-like protein
gene669,NVIE_006370,NVIE_006370,A0A060HNS4,protein of unknown function
gene670,NVIE_006380,NVIE_006380,A0A060HH01,protein of unknown function
gene671,NVIE_006390,NVIE_006390,A0A060HDR9,protein of unknown function
gene672,NVIE_006400,NVIE_006400,A0A060HHP9,protein of unknown function
gene673,NVIE_006410,NVIE_006410,A0A060HMP3,hypothetical protein
gene674,NVIE_006430,NVIE_006430,A0A060HNT0,protein of unknown function
gene675,NVIE_006440,NVIE_006440,A0A060HH07,protein of unknown function
gene676,NVIE_t0080,NVIE_t0080,#N/A,tRNA-Thr
gene677,NVIE_006450,NVIE_006450,A0A060HDS6,"ABC efflux transporter, permease protein"
gene678,NVIE_006460,NVIE_006460,A0A060HHQ7,"ABC efflux transporter, ATP-binding protein"
gene679,NVIE_006470,NVIE_006470,A0A060HMP7,protein of unknown function
gene680,NVIE_006480,NVIE_006480,A0A060HNT5,hypothetical protein
gene681,NVIE_006490,NVIE_006490,A0A060HH13,putative peptidase M50
gene682,NVIE_006500,NVIE_006500,A0A060HDT5,hypothetical protein
gene683,NVIE_006510,NVIE_006510,A0A060HHR5,protein of unknown function
gene684,NVIE_006520,NVIE_006520,A0A060HMQ4,protein of unknown function
gene685,NVIE_006530,NVIE_006530,A0A060HNU1,protein of unknown function
gene686,NVIE_006540,NVIE_006540,A0A060HH20,exported protein of unknown function
gene687,NVIE_006550,NVIE_006550,A0A060HDU3,protein of unknown function
gene688,NVIE_006560,NVIE_006560,A0A060HHS0,putative integrase family protein
gene689,NVIE_006570,NVIE_006570,A0A060HMQ8,protein of unknown function
gene690,NVIE_006580,NVIE_006580,A0A060HNU8,Putative metal-dependent RNase with beta-lactamase domain
gene691,NVIE_0668,NVIE_0668,A0A060HH25,protein of unknown function
gene692,NVIE_006590,NVIE_006590,A0A060HDV0,protein of unknown function
gene693,NVIE_006600,NVIE_006600,A0A060HHS9,protein of unknown function
gene694,NVIE_006610,NVIE_006610,A0A060HMR4,uncharacterised protein family UPF0147
gene695,NVIE_006620,NVIE_006620,A0A060HNV3,hypothetical protein
gene696,NVIE_006630,NVIE_006630,A0A060HH34,protein of unknown function
gene697,NVIE_006640,NVIE_006640,A0A060HDV8,putative UspA domain protein
gene698,NVIE_006650,NVIE_006650,A0A060HHT6,putative calcium/cation antiporter family protein
gene699,NVIE_006660,NVIE_006660,A0A060HMS1,protein of unknown function
gene700,NVIE_0677,NVIE_0677,A0A060HNW0,protein of unknown function
gene701,NVIE_006670,NVIE_006670,A0A060HH39,protein of unknown function
gene702,NVIE_006680,NVIE_006680,A0A060HDW4,protein of unknown function
gene703,NVIE_006690,NVIE_006690,A0A060HHU4,protein of unknown function
gene704,NVIE_006700,NVIE_006700,A0A060HMS7,protein of unknown function
gene705,NVIE_006710,NVIE_006710,A0A060HNW5,hypothetical protein
gene706,NVIE_006720,sucD,A0A060HH43,succinyl-CoA ligase (ADP-forming) alpha subunit
gene707,NVIE_006730,sucC,A0A060HDX2,succinyl-CoA ligase (ADP-forming) beta subunit
gene708,NVIE_006740,cytX,A0A060HHV1,putative hydroxymethylpyrimidine transporter CytX
gene709,NVIE_006750,thiC,A0A060HMT3,phosphomethylpyrimidine synthase
gene710,NVIE_006760,NVIE_006760,A0A060HNX2,protein of unknown function
gene711,NVIE_006770,NVIE_006770,A0A060HH49,protein of unknown function
gene712,NVIE_006780,thiD,A0A060HDX8,Thiamine biosynthesis bifunctional protein : putative hydroxymethylpyrimidine/phosphomethylpyrimidine kinase ; Thiamine-phosphate synthase ThiN
gene713,NVIE_006800,NVIE_006800,A0A060HHV8,nucleotidyl-transferase
gene714,NVIE_006810,NVIE_006810,A0A060HMT9,putative glucosamine-1-phosphate N-acetyltransferase
gene715,NVIE_006820,NVIE_006820,A0A060HNX7,putative integrase
gene716,NVIE_006830,NVIE_006830,A0A060HH54,protein of unknown function
gene717,NVIE_006840,NVIE_006840,A0A060HDY7,protein of unknown function
gene718,NVIE_006850,NVIE_006850,A0A060HHW4,hypothetical protein
gene719,NVIE_006860,NVIE_006860,A0A060HMU7,putative 5-methylcytosine restriction system component-like protein
gene720,NVIE_006870,NVIE_006870,A0A060HNY1,putative AAA+ ATPase associated with various cellular activities
gene721,NVIE_006880,NVIE_006880,A0A060HH59,protein of unknown function DUF541
gene722,NVIE_0697,NVIE_0697,A0A060HDZ6,protein of unknown function
gene723,NVIE_006890,wecB,A0A060HHY9,putative UDP-N-acetylglucosamine 2-epimerase
gene724,NVIE_0699,NVIE_0699,A0A060HMX2,hypothetical protein
gene725,NVIE_006900,galT,A0A060HP03,putative UDP-glucose-hexose-1-phosphate uridylyltransferase
gene726,NVIE_006910,NVIE_006910,A0A060HH79,protein of unknown function
gene727,NVIE_0702,NVIE_0702,A0A060HE21,protein of unknown function
gene728,NVIE_006920,apgM,A0A060HI05,"2,3-bisphosphoglycerate-independent phosphoglycerate mutase"
gene729,NVIE_006930,NVIE_006930,A0A060HMZ1,protein of unknown function
gene730,NVIE_006940,NVIE_006940,A0A060HP16,hypothetical protein
gene731,NVIE_006950,tfb2,A0A060HH92,transcription initiation factor IIB
gene732,NVIE_006960,NVIE_006960,A0A060HE32,Putative H/ACA RNA-protein complex component Gar1
gene733,NVIE_006970,srp19,A0A060HI10,signal recognition particle 19 kDa protein
gene734,NVIE_006980,rps8e,A0A060HMZ5,30S ribosomal protein S8e
gene735,NVIE_006990,NVIE_006990,A0A060HP20,Chromosome segregation and condensation protein ScpB
gene736,NVIE_007000,NVIE_007000,A0A060HH98,putative chromosome segregation and condensation protein ScpA
gene737,NVIE_007010,NVIE_007010,A0A060HE43,putative nuclease
gene738,NVIE_007020,NVIE_007020,A0A060HI14,protein of unknown function
gene739,NVIE_t0090,NVIE_t0090,#N/A,tRNA-Arg
gene740,NVIE_0714,NVIE_0714,A0A060HMZ8,fragment/protein of unknown function
gene741,NVIE_007030,NVIE_007030,A0A060HP24,putative Pyridoxamine 5'-phosphate oxidase
gene742,NVIE_007040,NVIE_007040,A0A060HHA2,Methyltransferase type 12
gene743,NVIE_007050,NVIE_007050,A0A060HE48,NADH ubiquinone oxidoreductase 20 kDa subunit
gene744,NVIE_007060,NVIE_007060,A0A060HI19,"putative NADH-quinone oxidoreductase, subunit D - related"
gene745,NVIE_007070,hyfF,A0A060HN03,NADH:ubiquinone/plastoquinone oxidoreductase
gene746,NVIE_007080,NVIE_007080,A0A060HP26,"Hydrogenase, membrane subunit 2-like protein"
gene747,NVIE_007090,NVIE_007090,A0A060HHA6,"Hydrogenase, membrane subunit 3-like protein (EchB-like)"
gene748,NVIE_007100,hyfB,A0A060HE50,putative Hydrogenase-4 membrane subunit HyfB
gene749,NVIE_007110,NVIE_007110,A0A060HI22,protein of unknown function
gene750,NVIE_007120,NVIE_007120,A0A060HN06,hypothetical protein
gene751,NVIE_007130,NVIE_007130,A0A060HP30,putative FMN-binding pyridoxamine 5'-phosphate oxidase
gene752,NVIE_007140,NVIE_007140,A0A060HHB0,"ABC superfamily ATP binding cassette transporter membrane protein, Drug Exporter-1 (DrugE1) Family"
gene753,NVIE_007150,drrA,A0A060HE54,"ABC efflux transporter, ATP-binding protein, Drug Exporter-1 (DrugE1) Family"
gene754,NVIE_007160,NVIE_007160,A0A060HI25,putative Alpha/beta hydrolase fold
gene755,NVIE_007170,NVIE_007170,A0A060HN09,putative FkbM family methyltransferase
gene756,NVIE_007180,NVIE_007180,A0A060HP33,Beta-lactamase domain-containing protein
gene757,NVIE_007200,NVIE_007200,A0A060HHB1,protein of unknown function
gene758,NVIE_0733,NVIE_0733,A0A060HE57,hypothetical protein
gene759,NVIE_007220,NVIE_007220,A0A060HI29,hypothetical protein
gene760,NVIE_0735,NVIE_0735,A0A060HN13,hypothetical protein
gene761,NVIE_007230,NVIE_007230,A0A060HP36,protein of unknown function
gene762,NVIE_007240,NVIE_007240,A0A060HHB6,Amino acid ABC transporter substrate binding protein
gene763,NVIE_007250,NVIE_007250,A0A060HE62,exported protein of unknown function
gene764,NVIE_007260,NVIE_007260,A0A060HI32,exported protein of unknown function
gene765,NVIE_0740,NVIE_0740,A0A060HN15,fragment/protein of unknown function
gene766,NVIE_007270,NVIE_007270,A0A060HP40,protein of unknown function
gene767,NVIE_007280,NVIE_007280,A0A060HHC0,protein of unknown function
gene768,NVIE_007290,NVIE_007290,A0A060HE65,conserved protein of unknown function
gene769,NVIE_007300,NVIE_007300,A0A060HI36,exported protein of unknown function
gene770,NVIE_007310,NVIE_007310,A0A060HN19,putative exported protein of unknown function with cupredoxin domain
gene771,NVIE_007320,NVIE_007320,A0A060HP41,protein of unknown function
gene772,NVIE_007330,NVIE_007330,A0A060HHC3,protein of unknown function
gene773,NVIE_007340,NVIE_007340,A0A060HE69,protein of unknown function
gene774,NVIE_007350,NVIE_007350,A0A060HI40,protein of unknown function
gene775,NVIE_007360,NVIE_007360,A0A060HN21,membrane protein of unknown function
gene776,NVIE_007370,NVIE_007370,A0A060HP46,protein of unknown function
gene777,NVIE_t0100,NVIE_t0100,#N/A,tRNA-Pro
gene778,NVIE_0750,NVIE_0750,A0A060HHC8,hypothetical protein
gene779,NVIE_007390,NVIE_007390,A0A060HE73,Bmp family protein
gene780,NVIE_007400,NVIE_007400,A0A060HI43,"putative membrane associated signal transduction histidine kinase, with phosphoacceptor and ATP binding domain"
gene781,NVIE_0753,NVIE_0753,A0A060HN25,fragment/protein of unknown function
gene782,NVIE_007410,NVIE_007410,A0A060HP48,"putative signal transduction response regulator, receiver domain"
gene783,NVIE_007420,NVIE_007420,A0A060HHD0,hypothetical protein
gene784,NVIE_007430,NVIE_007430,A0A060HE76,protein of unknown function
gene785,NVIE_007440,NVIE_007440,A0A060HI46,hypothetical protein
gene786,NVIE_007450,NVIE_007450,A0A060HN28,hypothetical protein
gene787,NVIE_0759,NVIE_0759,A0A060HP51,putative amidophosphoribosyltransferase
gene788,NVIE_007460,leuD1,A0A060HHD4,3-isopropylmalate dehydratase small subunit
gene789,NVIE_007470,leuC1,A0A060HE79,3-isopropylmalate dehydratase large subunit
gene790,NVIE_0762,psmB2,A0A060HI51,"proteasome, subunit beta"
gene791,NVIE_007480,NVIE_007480,A0A060HN31,hypothetical protein
gene792,NVIE_007490,NVIE_007490,A0A060HP54,protein of unknown function
gene793,NVIE_007500,NVIE_007500,A0A060HHD7,protein of unknown function
gene794,NVIE_007510,NVIE_007510,A0A060HE83,hypothetical protein
gene795,NVIE_007520,NVIE_007520,A0A060HI55,protein of unknown function
gene796,NVIE_007530,NVIE_007530,A0A060HN34,hypothetical protein
gene797,NVIE_007540,NVIE_007540,A0A060HP57,radical SAM domain protein
gene798,NVIE_007550,NVIE_007550,A0A060HHE0,"Transcription regulator, TrmB"
gene799,NVIE_007560,NVIE_007560,A0A060HE87,"putative iron (metal) dependent repressor, DtxR family"
gene800,NVIE_0772,NVIE_0772,A0A060HI59,hypothetical protein
gene801,NVIE_007570,pelA,A0A060HN38,protein pelota
gene802,NVIE_007580,NVIE_007580,A0A060HP60,putative cutA1 divalent ion tolerance protein
gene803,NVIE_007590,NVIE_007590,A0A060HHE4,hypothetical protein
gene804,NVIE_007600,NVIE_007600,A0A060HE89,protein of unknown function DUF354
gene805,NVIE_007610,gyaR,A0A060HI62,glyoxylate reductase
gene806,NVIE_007620,NVIE_007620,A0A060HN42,putative acetyltransferase
gene807,NVIE_007630,NVIE_007630,A0A060HP63,uncharacterised protein family UPF0434/Trm112
gene808,NVIE_007640,NVIE_007640,A0A060HHE6,putative oxidoreductase domain protein
gene809,NVIE_007650,ilvE1,A0A060HE93,branched-chain amino-acid aminotransferase
gene810,NVIE_007660,NVIE_007660,A0A060HI66,hypothetical protein
gene811,NVIE_007670,albA2,A0A060HN46,DNA/RNA-binding protein Alba
gene812,NVIE_007680,NVIE_007680,A0A060HP66,protein of unknown function
gene813,NVIE_007690,NVIE_007690,A0A060HHF0,protein of unknown function
gene814,NVIE_007700,NVIE_007700,A0A060HE98,exported protein of unknown function
gene815,NVIE_007710,NVIE_007710,A0A060HI70,hypothetical protein
gene816,NVIE_007720,NVIE_007720,A0A060HN51,putative methyltransferase type 11
gene817,NVIE_007730,NVIE_007730,A0A060HP69,putative membrane-associated heat shock protein
gene818,NVIE_007740,NVIE_007740,A0A060HHF4,"putative transcriptional regulator, AsnC family"
gene819,NVIE_007750,NVIE_007750,A0A060HEA2,putative phosphosugar isomerase
gene820,NVIE_007760,NVIE_007760,A0A060HI74,putative thiosulfate sulfurtransferase
gene821,NVIE_007770,NVIE_007770,A0A060HN55,"putative iron (metal) dependent repressor, DtxR family"
gene822,NVIE_007780,NVIE_007780,A0A060HP73,putative PilT domain protein/Type II secretion system protein E
gene823,NVIE_007790,glnB,A0A060HHF7,Nitrogen regulatory protein P-II
gene824,NVIE_007800,NVIE_007800,A0A060HEA4,putative secreted metalloprotease
gene825,NVIE_007810,map,A0A060HI78,methionine aminopeptidase
gene826,NVIE_007820,NVIE_007820,A0A060HN59,hypothetical protein
gene827,NVIE_007830,NVIE_007830,A0A060HP75,protein of unknown function DUF1512
gene828,NVIE_007840,NVIE_007840,A0A060HHG1,hypothetical protein
gene829,NVIE_007850,NVIE_007850,A0A060HEA8,hypothetical protein
gene830,NVIE_007860,NVIE_007860,A0A060HI81,hypothetical protein
gene831,NVIE_007870,NVIE_007870,A0A060HN63,hypothetical protein
gene832,NVIE_007880,NVIE_007880,A0A060HP79,putative Mn2+-dependent serine/threonine protein kinase
gene833,NVIE_007890,ubiE1,A0A060HHG6,putative menaquinone biosynthesis methyltransferase UbiE
gene834,NVIE_007900,NVIE_007900,A0A060HEB3,hypothetical protein
gene835,NVIE_007910,NVIE_007910,A0A060HI85,putative enzyme
gene836,NVIE_007920,NVIE_007920,A0A060HN67,protein of unknown function
gene837,NVIE_007930,NVIE_007930,A0A060HP85,hypothetical protein
gene838,NVIE_t0110,NVIE_t0110,#N/A,tRNA-Ala
gene839,NVIE_0810,NVIE_0810,A0A060HHG9,hypothetical protein
gene840,NVIE_007940,NVIE_007940,A0A060HEB5,putative NUDIX hydrolase
gene841,NVIE_007950,NVIE_007950,A0A060HI89,putative radical SAM domain protein
gene842,NVIE_007960,NVIE_007960,A0A060HN70,hypothetical protein
gene843,NVIE_007970,NVIE_007970,A0A060HP89,putative FAD/NAD(P)-binding oxidoreductase
gene844,NVIE_007980,NVIE_007980,A0A060HHH5,hypothetical protein
gene845,NVIE_007990,NVIE_007990,A0A060HEC0,hypothetical protein
gene846,NVIE_0817,NVIE_0817,A0A060HI93,protein of unknown function
gene847,NVIE_008000,NVIE_008000,A0A060HN74,Protein of unknown function DUF1326
gene848,NVIE_008010,cdc48-2,A0A060HP91,"AAA family ATPase, CDC48 subfamily protein"
gene849,NVIE_008020,NVIE_008020,A0A060HHH9,"putative Arginase family hydrolase, arginase/agmainase/formiminoglutamate hydrolase"
gene850,NVIE_008030,NVIE_008030,A0A060HEC5,fragment/protein of unknown function
gene851,NVIE_008040,NVIE_008040,A0A060HI98,putative fumarylacetoacetate hydrolase
gene852,NVIE_008050,gltX,A0A060HN78,glutamate--tRNA ligase
gene853,NVIE_0823,gds,A0A060HP95,geranylgeranyl pyrophosphate synthase
gene854,NVIE_008060,fni,A0A060HHI3,isopentenyl-diphosphate delta-isomerase
gene855,NVIE_008070,NVIE_008070,A0A060HED0,putative aspartate/glutamate/uridylate kinase
gene856,NVIE_008080,NVIE_008080,A0A060HIA2,hypothetical protein
gene857,NVIE_008090,NVIE_008090,A0A060HN84,TPR repeat protein
gene858,NVIE_008100,NVIE_008100,A0A060HP99,putative myo-inositol-1-phosphate synthase
gene859,NVIE_008120,NVIE_008120,A0A060HHI7,hypothetical protein
gene860,NVIE_008130,NVIE_008130,A0A060HED3,putative thiazole biosynthetic enzyme Thi4 family
gene861,NVIE_0831,NVIE_0831,A0A060HIA5,fragment/protein of unknown function
gene862,NVIE_008140,NVIE_008140,A0A060HN89,protein of unknown function
gene863,NVIE_008150,NVIE_008150,A0A060HPA3,hypothetical protein
gene864,NVIE_008160,trxB,A0A060HHJ1,thioredoxin reductase
gene865,NVIE_008170,cysM2,A0A060HED8,cysteine synthase
gene866,NVIE_008180,NVIE_008180,A0A060HIA9,putative SirA family protein
gene867,NVIE_008190,yisY,A0A060HN94,Alpha/beta hydrolase fold protein
gene868,NVIE_008200,cofE-1,A0A060HPA7,F420-0:gamma-L-glutamate ligase
gene869,NVIE_008210,serB,A0A060HHJ7,phosphoserine phosphatase SerB
gene870,NVIE_0840,NVIE_0840,A0A060HEE4,putative von Willebrand factor type A
gene871,NVIE_008220,NVIE_008220,A0A060HIB4,putative Mg-chelatase subunit
gene872,NVIE_008230,NVIE_008230,A0A060HN99,hypothetical protein
gene873,NVIE_008240,rps13p,A0A060HPB0,30S ribosomal protein S13p
gene874,NVIE_008250,rps4p,A0A060HHK3,30S ribosomal protein S4p
gene875,NVIE_008260,NVIE_008260,A0A060HEE9,hypothetical protein
gene876,NVIE_008270,glmS1,A0A060HIB7,glucosamine-fructose-6-phosphate aminotransferase
gene877,NVIE_008280,NVIE_008280,A0A060HNA5,putative SNF7 protein
gene878,NVIE_008290,NVIE_008290,A0A060HPB3,hypothetical protein
gene879,NVIE_008300,NVIE_008300,A0A060HHK7,putative Lysylphosphatidylglycerol synthetase/glycosyltransferase AglD
gene880,NVIE_008310,NVIE_008310,A0A060HEF4,protein of unknown function
gene881,NVIE_008320,NVIE_008320,A0A060HIC1,hypothetical protein
gene882,NVIE_008330,thrB,A0A060HNB0,homoserine kinase
gene883,NVIE_008340,NVIE_008340,A0A060HPB6,3-hydroxybutyryl-CoA dehydratase
gene884,NVIE_008350,NVIE_008350,A0A060HHL2,putative agmatinase
gene885,NVIE_008360,NVIE_008360,A0A060HEF8,hypothetical protein
gene886,NVIE_008370,NVIE_008370,A0A060HIC5,hypothetical protein
gene887,NVIE_008380,copA1,A0A060HNB6,Copper-exporting P-type ATPase A
gene888,NVIE_008390,NVIE_008390,A0A060HPB9,hypothetical protein
gene889,NVIE_008400,NVIE_008400,A0A060HHL6,putative proteasome assembly chaperone 2
gene890,NVIE_008410,NVIE_008410,A0A060HEG2,protein of unknown function
gene891,NVIE_0861,NVIE_0861,A0A060HIC8,hypothetical protein
gene892,NVIE_008420,NVIE_008420,A0A060HNC1,hypothetical protein
gene893,NVIE_008430,lig,A0A060HPC3,DNA ligase
gene894,NVIE_008440,rps25e,A0A060HHM1,30S ribosomal protein S25e
gene895,NVIE_008450,NVIE_008450,A0A060HEG8,hypothetical protein
gene896,NVIE_008460,NVIE_008460,A0A060HID3,protein of unknown function
gene897,NVIE_008470,rpoK,A0A060HNC6,DNA-directed RNA polymerase subunit K
gene898,NVIE_008480,NVIE_008480,A0A060HPC7,putative dihydrolipoamide dehydrogenase
gene899,NVIE_0868,NVIE_0868,A0A060HHM8,fragment/protein of unknown function
gene900,NVIE_008490,NVIE_008490,A0A060HEH3,"putative transcriptional regulator, ArsR family"
gene901,NVIE_008500,NVIE_008500,A0A060HID6,hypothetical protein
gene902,NVIE_008510,NVIE_008510,A0A060HND1,hypothetical protein
gene903,NVIE_008520,NVIE_008520,A0A060HPD3,Putative lipoprotein (modular protein)
gene904,NVIE_008530,NVIE_008530,A0A060HHN2,putative NAD-dependent alcohol dehydrogenase
gene905,NVIE_008540,lsrF,A0A060HEH8,uncharacterised aldolase LsrF
gene906,NVIE_008550,NVIE_008550,A0A060HIE0,hypothetical protein
gene907,NVIE_008560,ilvB,A0A060HND7,"acetolactate synthase, large subunit"
gene908,NVIE_008570,ilvH,A0A060HPD7,"acetolactate synthase, small subunit"
gene909,NVIE_008580,leuA,A0A060HHN8,2-isopropylmalate synthase
gene910,NVIE_008590,leuB,A0A060HEI4,3-isopropylmalate dehydrogenase
gene911,NVIE_008600,NVIE_008600,A0A060HIE5,hypothetical protein
gene912,NVIE_008610,NVIE_008610,A0A060HNE1,protein of unknown function
gene913,NVIE_0882,NVIE_0882,A0A060HPE1,fragment/hypothetical protein
gene914,NVIE_008620,carA,A0A060HHP4,carbamoyl-phosphate synthase small chain (glutamine-hydrolyzing)
gene915,NVIE_008630,carB,A0A060HEI9,carbamoyl-phosphate synthase large chain
gene916,NVIE_008650,NVIE_008650,A0A060HIF0,protein of unknown function
gene917,NVIE_008660,NVIE_008660,A0A060HNE7,putative phosphoesterase
gene918,NVIE_0887,NVIE_0887,A0A060HPE6,hypothetical protein
gene919,NVIE_008670,purD,A0A060HHQ0,phosphoribosylamine--glycine ligase
gene920,NVIE_0889,NVIE_0889,A0A060HEJ4,putative 5-formyltetrahydrofolate cyclo-ligase
gene921,NVIE_008680,folD,A0A060HIF3,bifunctional protein FolD
gene922,NVIE_008690,NVIE_008690,A0A060HNF2,protein of unknown function
gene923,NVIE_008700,NVIE_008700,A0A060HPF0,"putative glycosyl transferase, family 2"
gene924,NVIE_008710,asnB,A0A060HHQ4,putative asparagine synthase
gene925,NVIE_008720,NVIE_008720,A0A060HEJ8,hypothetical protein
gene926,NVIE_008730,rpl37e,A0A060HIF8,50S ribosomal protein L37e
gene927,NVIE_008740,NVIE_008740,A0A060HNF5,putative small nuclear ribonucleoprotein
gene928,NVIE_0897,NVIE_0897,A0A060HPF5,putative creatinine amidohydrolase
gene929,NVIE_008750,purU,A0A060HHR1,formyltetrahydrofolate deformylase
gene930,NVIE_008760,NVIE_008760,A0A060HEK4,protein of unknown function
gene931,NVIE_008770,NVIE_008770,A0A060HIG3,protein of unknown function
gene932,NVIE_008780,NVIE_008780,A0A060HNG0,protein of unknown function
gene933,NVIE_008790,NVIE_008790,A0A060HPG2,protein of unknown function
gene934,NVIE_008800,NVIE_008800,A0A060HHR6,protein of unknown function
gene935,NVIE_008810,NVIE_008810,A0A060HEK9,hypothetical protein
gene936,NVIE_008820,NVIE_008820,A0A060HIG7,protein of unknown function
gene937,NVIE_008830,NVIE_008830,A0A060HNG5,putative Polyketide cyclase/dehydrase
gene938,NVIE_008840,NVIE_008840,A0A060HPG7,protein of unknown function
gene939,NVIE_008850,NVIE_008850,A0A060HHS1,protein of unknown function
gene940,NVIE_008860,NVIE_008860,A0A060HEL5,putative protein of unknown function DUF2078
gene941,NVIE_008870,NVIE_008870,A0A060HIH0,Uncharacterized HTH-type transcriptional regulator yvaP (modular protein)
gene942,NVIE_008880,NVIE_008880,A0A060HNH0,putative glycosyl transferase
gene943,NVIE_008890,NVIE_008890,A0A060HPH2,protein of unknown function
gene944,NVIE_008900,NVIE_008900,A0A060HHS7,putative methyltransferase
gene945,NVIE_008910,NVIE_008910,A0A060HEM0,UDP-N-acetylglucosamine 2-epimerase
gene946,NVIE_008920,NVIE_008920,A0A060HIH4,protein of unknown function
gene947,NVIE_008930,NVIE_008930,A0A060HNH5,hypothetical protein
gene948,NVIE_008940,NVIE_008940,A0A060HPH7,protein of unknown function
gene949,NVIE_008950,NVIE_008950,A0A060HHT2,protein of unknown function
gene950,NVIE_008960,NVIE_008960,A0A060HEM4,protein of unknown function
gene951,NVIE_0920,NVIE_0920,A0A060HIH8,protein of unknown function
gene952,NVIE_008970,NVIE_008970,A0A060HNI1,hypothetical protein
gene953,NVIE_008980,NVIE_008980,A0A060HPI2,protein of unknown function
gene954,NVIE_008990,pdaD,A0A060HHT8,pyruvoyl-dependent arginine decarboxylase
gene955,NVIE_009000,NVIE_009000,A0A060HEM9,protein of unknown function
gene956,NVIE_009010,NVIE_009010,A0A060HII3,protein of unknown function
gene957,NVIE_0925,NVIE_0925,A0A060HNI5,protein of unknown function
gene958,NVIE_009020,NVIE_009020,A0A060HPI8,protein of unknown function
gene959,NVIE_009030,NVIE_009030,A0A060HHU2,protein of unknown function
gene960,NVIE_009040,NVIE_009040,A0A060HEN4,protein of unknown function
gene961,NVIE_009050,NVIE_009050,A0A060HII6,protein of unknown function
gene962,NVIE_009060,NVIE_009060,A0A060HNJ0,protein of unknown function
gene963,NVIE_009070,NVIE_009070,A0A060HPJ3,protein of unknown function
gene964,NVIE_009080,NVIE_009080,A0A060HHU9,protein of unknown function
gene965,NVIE_009090,NVIE_009090,A0A060HEN9,protein of unknown function
gene966,NVIE_009100,NVIE_009100,A0A060HIJ1,protein of unknown function
gene967,NVIE_009110,NVIE_009110,A0A060HNJ4,protein of unknown function
gene968,NVIE_009120,NVIE_009120,A0A060HPJ9,protein of unknown function
gene969,NVIE_009130,NVIE_009130,A0A060HHV4,putative superfamily I DNA and RNA helicase
gene970,NVIE_009140,uvrD,A0A060HEP5,putative UvrD/REP helicase
gene971,NVIE_009150,NVIE_009150,A0A060HIJ7,"putative Type II restriction-modification system methylase subunit, N6 adenine-specific DNA methyltransferase"
gene972,NVIE_009160,NVIE_009160,A0A060HNJ9,"putative superfamily II DNA/RNA helicase, SNF2 family"
gene973,NVIE_009170,NVIE_009170,A0A060HPK5,putative Metal dependent phosphohydrolase
gene974,NVIE_009180,NVIE_009180,A0A060HHV9,protein of unknown function
gene975,NVIE_009190,NVIE_009190,A0A060HEP9,putative Radical SAM domain protein
gene976,NVIE_009200,NVIE_009200,A0A060HIK1,putative Gp37/Gp68 family protein
gene977,NVIE_009210,cdc6-2,A0A060HNK5,putative cell division control protein 6
gene978,NVIE_009220,NVIE_009220,A0A060HPL1,hypothetical protein
gene979,NVIE_009230,NVIE_009230,A0A060HHW5,hypothetical protein
gene980,NVIE_009240,NVIE_009240,A0A060HEQ4,hypothetical protein
gene981,NVIE_009250,NVIE_009250,A0A060HIK5,hypothetical protein
gene982,NVIE_009260,NVIE_009260,A0A060HNL1,ParB-like nuclease domain-containing protein
gene983,NVIE_009270,NVIE_009270,A0A060HPL6,UpsA-like archaeal pilin
gene984,NVIE_009280,NVIE_009280,A0A060HHW9,putative BasA-like protein
gene985,NVIE_009290,NVIE_009290,A0A060HEQ7,putative cell surface uncharacterised protein related to type IV pili
gene986,NVIE_009300,NVIE_009300,A0A060HIK8,protein of unknown function
gene987,NVIE_009310,NVIE_009310,A0A060HNL5,protein of unknown function
gene988,NVIE_009320,NVIE_009320,A0A060HPM0,protein of unknown function
gene989,NVIE_009330,NVIE_009330,A0A060HHX5,putative type IV pilus assembly ATPase of Type II secretion system protein family
gene990,NVIE_009340,NVIE_009340,A0A060HER1,protein of unknown function
gene991,NVIE_009350,NVIE_009350,A0A060HIL3,protein of unknown function
gene992,NVIE_009360,NVIE_009360,A0A060HNL9,putative membrane bound type IV pili protein
gene993,NVIE_009370,NVIE_009370,A0A060HPM6,hypothetical protein
gene994,NVIE_009380,NVIE_009380,A0A060HHX9,hypothetical protein
gene995,NVIE_009390,NVIE_009390,A0A060HER6,PilT protein domain protein
gene996,NVIE_009400,NVIE_009400,A0A060HIL8,protein of unknown function
gene997,NVIE_009410,NVIE_009410,A0A060HNM4,protein of unknown function
gene998,NVIE_009420,NVIE_009420,A0A060HPN0,hypothetical protein
gene999,NVIE_009430,NVIE_009430,A0A060HHY4,putative TrbE protein
gene1000,NVIE_009440,NVIE_009440,A0A060HES0,hypothetical protein
gene1001,NVIE_009450,NVIE_009450,A0A060HIM1,hypothetical protein
gene1002,NVIE_009460,NVIE_009460,A0A060HNN0,hypothetical protein
gene1003,NVIE_009470,NVIE_009470,A0A060HPN6,hypothetical protein
gene1004,NVIE_0972,NVIE_0972,A0A060HHZ0,hypothetical protein
gene1005,NVIE_009480,NVIE_009480,A0A060HES4,hypothetical protein
gene1006,NVIE_009490,NVIE_009490,A0A060HIM4,conserved protein of unknown function
gene1007,NVIE_009500,NVIE_009500,A0A060HNN5,hypothetical protein
gene1008,NVIE_009510,NVIE_009510,A0A060HPP1,hypothetical protein
gene1009,NVIE_009520,NVIE_009520,A0A060HHZ4,hypothetical protein
gene1010,NVIE_0978,NVIE_0978,A0A060HES9,hypothetical protein
gene1011,NVIE_009530,NVIE_009530,A0A060HIM8,molecular chaperone HSP90 family
gene1012,NVIE_009540,NVIE_009540,A0A060HNP0,putative Hsp90 domain protein
gene1013,NVIE_009550,NVIE_009550,A0A060HPP6,hypothetical protein
gene1014,NVIE_009560,NVIE_009560,A0A060HHZ9,hypothetical protein
gene1015,NVIE_009570,NVIE_009570,A0A060HET4,Deoxyribonuclease/rho motif-related TRAM domain containing protein
gene1016,NVIE_009580,NVIE_009580,A0A060HIN1,protein of unknown function
gene1017,NVIE_009590,NVIE_009590,A0A060HNP3,hypothetical protein
gene1018,NVIE_009600,flaK1,A0A060HPQ0,putative archaeal preflagellin peptidase FlaK
gene1019,NVIE_009610,NVIE_009610,A0A060HI03,hypothetical protein
gene1020,NVIE_009620,NVIE_009620,A0A060HET9,protein of unknown function
gene1021,NVIE_009630,NVIE_009630,A0A060HIN4,zinc finger C2H2 domain-containing protein
gene1022,NVIE_009640,NVIE_009640,A0A060HNP8,protein of unknown function
gene1023,NVIE_009650,NVIE_009650,A0A060HPQ6,putative integrase family protein
gene1024,NVIE_t0120,NVIE_t0120,#N/A,tRNA-Thr
gene1025,NVIE_009660,NVIE_009660,A0A060HI09,protein of unknown function
gene1026,NVIE_0991,NVIE_0991,A0A060HEU5,protein of unknown function
gene1027,NVIE_009670,NVIE_009670,A0A060HIN8,protein of unknown function
gene1028,NVIE_009680,NVIE_009680,A0A060HNQ3,protein of unknown function
gene1029,NVIE_009690,NVIE_009690,A0A060HPR2,protein of unknown function
gene1030,NVIE_009700,NVIE_009700,A0A060HI15,protein of unknown function
gene1031,NVIE_009710,NVIE_009710,A0A060HEV0,protein of unknown function
gene1032,NVIE_009720,NVIE_009720,A0A060HIP2,protein of unknown function
gene1033,NVIE_009730,NVIE_009730,A0A060HNQ9,uncharacterised protein
gene1034,NVIE_009740,NVIE_009740,A0A060HPR7,putative nucleic acid binding OB-fold tRNA/helicase-type
gene1035,NVIE_009750,NVIE_009750,A0A060HI21,protein of unknown function
gene1036,NVIE_t0130,NVIE_t0130,#N/A,tRNA-Leu
gene1037,NVIE_009760,NVIE_009760,A0A060HEV5,putative protein of unknown function DUF192
gene1038,NVIE_009770,flaB1,A0A060HIQ3,archaeal flagellin
gene1039,NVIE_009780,NVIE_009780,A0A060HNR4,"putative transcriptional regulator, TrmB"
gene1040,NVIE_009790,NVIE_009790,A0A060HPS3,putative Methyl-accepting chemotaxis sensory transducer
gene1041,NVIE_009800,NVIE_009800,A0A060HI27,protein of unknown function
gene1042,NVIE_009810,NVIE_009810,A0A060HEW2,protein of unknown function
gene1043,NVIE_009820,NVIE_009820,A0A060HIQ8,putative methyl-accepting chemotaxis protein
gene1044,NVIE_009840,cheW,A0A060HNR7,chemotaxis protein CheW
gene1045,NVIE_009850,cheY,A0A060HPS9,chemotaxis response regulator CheY
gene1046,NVIE_009860,cheB,A0A060HI34,Chemotaxis response regulator protein-glutamate methylesterase
gene1047,NVIE_009870,cheA,A0A060HEW9,chemotactic sensor histidine kinase CheA
gene1048,NVIE_009880,cheC,A0A060HIR0,putative chemotaxis protein cheC
gene1049,NVIE_009890,cheD,A0A060HNS2,chemoreceptor glutamine deamidase CheD
gene1050,NVIE_009900,cheR,A0A060HPT7,putative chemotaxis MCP methyltransferase CheR
gene1051,NVIE_009910,flaI,A0A060HI41,archaeal flagella protein FlaI
gene1052,NVIE_009920,trmB1,A0A060HEX6,"putative transcriptional regulator, TrmB"
gene1053,NVIE_009930,flaB2,A0A060HIR5,Archaeal flagellin
gene1054,NVIE_009950,flaB3,A0A060HNS8,archaeal flagellin
gene1055,NVIE_009960,NVIE_009960,A0A060HPU3,protein of unknown function
gene1056,NVIE_009970,flaG,A0A060HI47,putative Archaeal flagellar protein FlaG
gene1057,NVIE_009980,flaF,A0A060HEY2,putative flagellar protein FlaF
gene1058,NVIE_009990,flaH,A0A060HIS1,flagella protein FlaH
gene1059,NVIE_010000,flaJ,A0A060HNT3,putative archaeal flagella assembly protein J
gene1060,NVIE_010010,NVIE_010010,A0A060HPU8,protein of unknown function
gene1061,NVIE_010020,NVIE_010020,A0A060HI53,protein of unknown function
gene1062,NVIE_010030,NVIE_010030,A0A060HEY8,putative KaiC family protein kinase
gene1063,NVIE_010040,NVIE_010040,A0A060HIS6,protein of unknown function
gene1064,NVIE_010050,NVIE_010050,A0A060HNT8,protein of unknown function
gene1065,NVIE_010060,trmB2,A0A060HPV6,"putative transcriptional regulator, TrmB"
gene1066,NVIE_010070,NVIE_010070,A0A060HI60,protein of unknown function
gene1067,NVIE_010080,flaK2,A0A060HEZ4,putative archaeal preflagellin peptidase FlaK
gene1068,NVIE_010090,NVIE_010090,A0A060HIT3,Dehydrogenase
gene1069,NVIE_010100,NVIE_010100,A0A060HNU3,protein of unknown function
gene1070,NVIE_010110,NVIE_010110,A0A060HPW2,putative FMN-binding pyridoxamine 5'-phosphate oxidase
gene1071,NVIE_010120,acsA1,A0A060HI65,acetyl-CoA synthetase
gene1072,NVIE_010130,NVIE_010130,A0A060HF00,DNA adenine methylase
gene1073,NVIE_010140,NVIE_010140,A0A060HIT7,protein of unknown function
gene1074,NVIE_010150,NVIE_010150,A0A060HNU7,archaeal histone
gene1075,NVIE_010160,NVIE_010160,A0A060HPW8,putative TatD-like deoxyribonuclease
gene1076,NVIE_010170,rps17e,A0A060HI72,30S ribosomal protein S17e
gene1077,NVIE_010180,NVIE_010180,A0A060HF07,hypothetical protein
gene1078,NVIE_010190,NVIE_010190,A0A060HIU3,putative THUMP domain protein
gene1079,NVIE_010200,NVIE_010200,A0A060HNV2,putative Sua5/YciO/YrdC/YwlC family protein
gene1080,NVIE_010210,NVIE_010210,A0A060HPX4,hydantoinase/oxoprolinase
gene1081,NVIE_010220,NVIE_010220,A0A060HI79,hypothetical protein
gene1082,NVIE_010230,NVIE_010230,A0A060HF13,membrane protein of unknown function
gene1083,NVIE_010240,NVIE_010240,A0A060HIU9,putative integrase family protein
gene1084,NVIE_010250,NVIE_010250,A0A060HNV6,protein of unknown function
gene1085,NVIE_010260,NVIE_010260,A0A060HPY0,protein of unknown function
gene1086,NVIE_010270,NVIE_010270,A0A060HI84,protein of unknown function
gene1087,NVIE_010280,NVIE_010280,A0A060HF19,protein of unknown function
gene1088,NVIE_010290,NVIE_010290,A0A060HIV6,putative transposase
gene1089,NVIE_010300,NVIE_010300,A0A060HNW1,4-vinyl reductase domain protein
gene1090,NVIE_010310,NVIE_010310,A0A060HPY6,protein of unknown function
gene1091,NVIE_010320,NVIE_010320,A0A060HI90,putative UDP-glucose/GDP-mannose dehydrogenase
gene1092,NVIE_010340,NVIE_010340,A0A060HF26,protein of unknown function
gene1093,NVIE_010350,NVIE_010350,A0A060HIW1,protein of unknown function
gene1094,NVIE_010360,NVIE_010360,A0A060HNW8,protein of unknown function
gene1095,NVIE_010370,NVIE_010370,A0A060HPZ2,protein of unknown function
gene1096,NVIE_010380,NVIE_010380,A0A060HI95,protein of unknown function
gene1097,NVIE_010390,NVIE_010390,A0A060HF34,protein of unknown function
gene1098,NVIE_1060,NVIE_1060,A0A060HIX1,protein of unknown function
gene1099,NVIE_010410,glmS2,A0A060HNX3,Glucosamine-fructose-6-phosphate aminotransferase
gene1100,NVIE_010420,NVIE_010420,A0A060HPZ8,hypothetical protein
gene1101,NVIE_010430,NVIE_010430,A0A060HIA1,protein of unknown function
gene1102,NVIE_010440,NVIE_010440,A0A060HF41,protein of unknown function
gene1103,NVIE_010450,NVIE_010450,A0A060HIX8,exported or cell surface associated protein of unknown function containing glycoside hydrolase/deacetylase and HYR-domains
gene1104,NVIE_010460,NVIE_010460,A0A060HNX8,putative Poly(beta-D-mannuronate) C5 epimerase
gene1105,NVIE_010470,NVIE_010470,A0A060HQ05,"putative Glycosyl transferase, family 2"
gene1106,NVIE_010480,NVIE_010480,A0A060HIA8,putative endoribonuclease L-PSP
gene1107,NVIE_1068,NVIE_1068,A0A060HF50,protein of unknown function
gene1108,NVIE_010490,NVIE_010490,A0A060HIY7,"putative phosphoesterase, DHHA1"
gene1109,NVIE_r0010,NVIE_r0010,#N/A,23S ribosomal RNA
gene1110,NVIE_010500,NVIE_010500,A0A060HNY2,hypothetical protein
gene1111,NVIE_r0020,NVIE_r0020,#N/A,16S ribosomal RNA
gene1112,NVIE_1071,NVIE_1071,A0A060HQ10,fragment/hypothetical protein
gene1113,NVIE_010510,NVIE_010510,A0A060HIB3,Six-hairpin glycosidase-like protein
gene1114,NVIE_010520,NVIE_010520,A0A060HF58,hypothetical protein
gene1115,NVIE_010530,NVIE_010530,A0A060HIZ4,exported protein of unknown function
gene1116,NVIE_010540,NVIE_010540,A0A060HNY6,"putative pyridoxamine 5'-phosphate oxidase, FMN-binding"
gene1117,NVIE_010550,NVIE_010550,A0A060HQ17,hypothetical protein
gene1118,NVIE_010560,NVIE_010560,A0A060HIB8,hypothetical protein
gene1119,NVIE_010570,NVIE_010570,A0A060HF64,hypothetical protein
gene1120,NVIE_010580,NVIE_010580,A0A060HJ01,Endoribonuclease L-PSP
gene1121,NVIE_010590,NVIE_010590,A0A060HNZ1,protein of unknown function
gene1122,NVIE_010600,NVIE_010600,A0A060HQ22,protein of unknown function
gene1123,NVIE_010610,NVIE_010610,A0A060HIC3,protein of unknown function
gene1124,NVIE_010630,NVIE_010630,A0A060HF71,hypothetical protein
gene1125,NVIE_010640,NVIE_010640,A0A060HJ06,exported protein of unknown function
gene1126,NVIE_010650,NVIE_010650,A0A060HNZ6,hypothetical protein
gene1127,NVIE_010660,NVIE_010660,A0A060HQ28,putative Na+(Li+)/H+ antiporter
gene1128,NVIE_010670,NVIE_010670,A0A060HID0,protein of unknown function
gene1129,NVIE_010680,NVIE_010680,A0A060HF77,putative sulfonate transporter
gene1130,NVIE_010690,NVIE_010690,A0A060HJ13,protein of unknown function
gene1131,NVIE_1087,NVIE_1087,A0A060HP00,fragment/protein of unknown function
gene1132,NVIE_RNA0906801D,NVIE_RNA0906801D,#N/A,miscellaneous RNA (crcB)
gene1133,NVIE_010700,crcB,A0A060HQ34,camphor resistance family protein
gene1134,NVIE_010710,NVIE_010710,A0A060HID7,DUF190 domain-containing protein
gene1135,NVIE_010720,NVIE_010720,A0A060HF83,cation diffusion facilitator family transporter
gene1136,NVIE_010730,NVIE_010730,A0A060HJ20,hypothetical protein
gene1137,NVIE_010740,NVIE_010740,A0A060HP05,protein of unknown function
gene1138,NVIE_010750,NVIE_010750,A0A060HQ40,protein of unknown function
gene1139,NVIE_010760,NVIE_010760,A0A060HIE3,DSBA oxidoreductase
gene1140,NVIE_010770,NVIE_010770,A0A060HF91,putative chromosome segregation ATPase
gene1141,NVIE_1096,NVIE_1096,A0A060HJ27,hypothetical protein
gene1142,NVIE_010780,NVIE_010780,A0A060HP09,exported protein of unknown function
gene1143,NVIE_010790,NVIE_010790,A0A060HQ45,hypothetical protein
gene1144,NVIE_010800,NVIE_010800,A0A060HIE9,cupin domain-containing protein
gene1145,NVIE_010810,NVIE_010810,A0A060HF97,protein of unknown function
gene1146,NVIE_010820,NVIE_010820,A0A060HJ34,exported protein of unknown function
gene1147,NVIE_010830,NVIE_010830,A0A060HP12,exported protein of unknown function
gene1148,NVIE_010840,NVIE_010840,A0A060HQ51,exported protein of unknown function
gene1149,NVIE_010850,NVIE_010850,A0A060HIF4,exported protein of unknown function
gene1150,NVIE_010860,rpl40e-1,A0A060HFA5,50S ribosomal protein L40e
gene1151,NVIE_t0140,NVIE_t0140,#N/A,tRNA-Val
gene1152,NVIE_010870,NVIE_010870,A0A060HJ42,exported protein of unknown function
gene1153,NVIE_1107,NVIE_1107,A0A060HP19,hypothetical protein
gene1154,NVIE_010880,NVIE_010880,A0A060HQ57,protein of unknown function
gene1155,NVIE_010890,ahcY1,A0A060HIF9,adenosylhomocysteinase
gene1156,NVIE_010900,NVIE_010900,A0A060HFB3,putative phosphoribosyl transferase
gene1157,NVIE_010910,NVIE_010910,A0A060HJ46,hypothetical protein
gene1158,NVIE_010920,NVIE_010920,A0A060HP25,hydroxyacyl-CoA dehydrogenase
gene1159,NVIE_010930,rpl39e,A0A060HQ62,50S ribosomal protein L39e
gene1160,NVIE_010940,rpl31e,A0A060HIG5,50S ribosomal protein L31e
gene1161,NVIE_010950,NVIE_010950,A0A060HFB8,protein of unknown function
gene1162,NVIE_010960,NVIE_010960,A0A060HJ52,hypothetical protein
gene1163,NVIE_010970,ftsZ,A0A060HP31,cell division protein FtsZ
gene1164,NVIE_010980,NVIE_010980,A0A060HQ69,putative MiaB-like tRNA modifying enzyme
gene1165,NVIE_010990,NVIE_010990,A0A060HIH1,hypothetical protein
gene1166,NVIE_011000,NVIE_011000,A0A060HFC6,hypothetical protein
gene1167,NVIE_011010,NVIE_011010,A0A060HJ60,hypothetical protein
gene1168,NVIE_011020,NVIE_011020,A0A060HP37,protein of unknown function
gene1169,NVIE_011030,NVIE_011030,A0A060HQ75,putative thiol-disulfide isomerase
gene1170,NVIE_011040,fixC,A0A060HIH7,"putative FAD-dependent, fixCX-like electron-transfer flavoprotein"
gene1171,NVIE_011050,etfA,A0A060HFD4,"putative electron transfer flavoprotein, subunit alpha"
gene1172,NVIE_011060,etfB,A0A060HJ67,"putative electron transfer flavoprotein, subunit beta"
gene1173,NVIE_011070,NVIE_011070,A0A060HP45,putative guanosine polyphosphate pyrophosphohydrolase/synthetase
gene1174,NVIE_011080,NVIE_011080,A0A060HQ81,"mannose-6-phosphate isomerase, type II"
gene1175,NVIE_011090,NVIE_011090,A0A060HII1,protein of unknown function
gene1176,NVIE_011100,NVIE_011100,A0A060HFE0,putative transcriptional regulator
gene1177,NVIE_1129,NVIE_1129,A0A060HJ74,fragment/hypothetical protein
gene1178,NVIE_011110,asn1,A0A060HP50,putative asparagine synthetase
gene1179,NVIE_011120,NVIE_011120,A0A060HQ88,protein of unknown function
gene1180,NVIE_011130,uvrB,A0A060HII8,"excinuclease ABC, B subunit"
gene1181,NVIE_011140,uvrA,A0A060HFE5,"excinuclease ABC, A subunit"
gene1182,NVIE_011150,uvrC,A0A060HJ81,"excinuclease ABC, C subunit"
gene1183,NVIE_011160,NVIE_011160,A0A060HP55,hypothetical protein
gene1184,NVIE_011170,NVIE_011170,A0A060HQ92,hypothetical protein
gene1185,NVIE_011180,ald,A0A060HIJ3,putative alanine dehydrogenase
gene1186,NVIE_011190,NVIE_011190,A0A060HFF3,protein of unknown function
gene1187,NVIE_011200,NVIE_011200,A0A060HJ89,putative blue (type1) copper domain-containing protein
gene1188,NVIE_011210,NVIE_011210,A0A060HP59,protein of unknown function
gene1189,NVIE_1139,NVIE_1139,A0A060HQ97,exported protein of unknown function
gene1190,NVIE_011220,NVIE_011220,A0A060HIK0,protein of unknown function
gene1191,NVIE_011230,NVIE_011230,A0A060HFF9,putative blue (type 1) copper domain protein
gene1192,NVIE_011240,NVIE_011240,A0A060HJ95,hypothetical protein
gene1193,NVIE_011250,NVIE_011250,A0A060HP65,hypothetical protein
gene1194,NVIE_011260,NVIE_011260,A0A060HQA4,hypothetical protein
gene1195,NVIE_011270,NVIE_011270,A0A060HIK6,protein of unknown function
gene1196,NVIE_011280,cofH1,A0A060HFG7,FO synthase subunit 2
gene1197,NVIE_011290,cofG,A0A060HJA1,FO synthase subunit 1
gene1198,NVIE_011300,NVIE_011300,A0A060HP70,putative 2-alkenal reductase
gene1199,NVIE_011310,NVIE_011310,A0A060HQB0,hypothetical protein
gene1200,NVIE_011320,NVIE_011320,A0A060HIL1,putative glycosyltransferase family 2
gene1201,NVIE_011330,NVIE_011330,A0A060HFH4,putative polyketide cyclase/dehydrase
gene1202,NVIE_011340,cbtA,A0A060HJB0,"putative cobalt transporter family protein, subunit CbtA"
gene1203,NVIE_011350,NVIE_011350,A0A060HP77,"putative cobalt transporter family protein, subunit CbtB"
gene1204,NVIE_011360,NVIE_011360,A0A060HQB6,hypothetical protein
gene1205,NVIE_011370,NVIE_011370,A0A060HIL6,hypothetical protein
gene1206,NVIE_011380,NVIE_011380,A0A060HFH9,exported protein of unknown function
gene1207,NVIE_011390,NVIE_011390,A0A060HJB5,Adenylate cyclase
gene1208,NVIE_011400,NVIE_011400,A0A060HP83,putative signal transduction protein with CBS domains
gene1209,NVIE_011410,NVIE_011410,#N/A,UspA-domain containing protein
gene1210,NVIE_011420,NVIE_011420,A0A060HQC1,RDD family protein
gene1211,NVIE_011430,NVIE_011430,A0A060HIM2,peptidoglycan-binding lysin domain and 3D domain protein
gene1212,NVIE_011440,NVIE_011440,A0A060HFI8,protein of unknown function
gene1213,NVIE_011450,NVIE_011450,A0A060HJC3,protein of unknown function
gene1214,NVIE_011460,NVIE_011460,A0A060HP87,protein of unknown function
gene1215,NVIE_1166,NVIE_1166,A0A060HQC7,protein of unknown function
gene1216,NVIE_011480,NVIE_011480,A0A060HIM5,exported protein of unknown function
gene1217,NVIE_1168,NVIE_1168,A0A060HFJ4,protein of unknown function
gene1218,NVIE_011490,NVIE_011490,A0A060HJC8,protein of unknown function
gene1219,NVIE_t0150,NVIE_t0150,#N/A,tRNA-Met
gene1220,NVIE_011500,NVIE_011500,A0A060HP92,TENA/THI-4/PqqC family protein
gene1221,NVIE_t0160,NVIE_t0160,#N/A,tRNA-Undet
gene1222,NVIE_011510,NVIE_011510,A0A060HQD4,protein of unknown function
gene1223,NVIE_011520,NVIE_011520,A0A060HIN0,protein of unknown function
gene1224,NVIE_011530,NVIE_011530,A0A060HFK0,protein of unknown function
gene1225,NVIE_011540,NVIE_011540,A0A060HJD7,protein of unknown function
gene1226,NVIE_011550,NVIE_011550,A0A060HP97,exported protein of unknown function
gene1227,NVIE_011560,amoC3,A0A060HQE0,ammonia monooxygenase subunit C
gene1228,NVIE_011570,gds2,A0A060HIP0,geranylgeranyl pyrophosphate synthase
gene1229,NVIE_011580,nuoN,A0A060HFK6,NADH-quinone oxidoreductase subunit N
gene1230,NVIE_011590,nuoL,A0A060HJE3,NADH-quinone oxidoreductase subunit L
gene1231,NVIE_011600,nuoM,A0A060HPA2,NADH-quinone oxidoreductase subunit M
gene1232,NVIE_011610,nuoK,A0A060HQE4,NADH-quinone oxidoreductase subunit K
gene1233,NVIE_011620,nuoJ,A0A060HIP7,NADH-quinone oxidoreductase subunit J
gene1234,NVIE_011630,nuoI,A0A060HFL4,NADH-quinone oxidoreductase subunit I
gene1235,NVIE_011640,nuoH,A0A060HJG6,NADH-quinone oxidoreductase subunit H
gene1236,NVIE_011650,nuoD,A0A060HPD0,NADH-quinone oxidoreductase subunit D
gene1237,NVIE_1185,nuoC,A0A060HQG4,NADH-quinone oxidoreductase subunit C
gene1238,NVIE_011660,nuoB,A0A060HIR2,NADH-quinone oxidoreductase subunit B
gene1239,NVIE_011670,nuoA,A0A060HFN3,NADH-quinone oxidoreductase subunit A
gene1240,NVIE_011680,NVIE_011680,A0A060HJI1,exported protein of unknown function
gene1241,NVIE_011690,NVIE_011690,A0A060HPD9,exported protein of unknown function
gene1242,NVIE_1190,NVIE_1190,A0A060HQI2,protein of unknown function
gene1243,NVIE_011700,NVIE_011700,A0A060HIR6,putative digeranylgeranylglycerophospholipid reductase
gene1244,NVIE_011710,NVIE_011710,A0A060HFP3,putative TldD/pmbA family protein
gene1245,NVIE_011720,NVIE_011720,A0A060HJI6,putative protease TldD
gene1246,NVIE_011730,NVIE_011730,A0A060HPE9,putative quinoprotein glucose/ sorbosone dehydrogenase
gene1247,NVIE_011740,NVIE_011740,A0A060HQI6,hypothetical protein
gene1248,NVIE_011750,NVIE_011750,A0A060HIS0,glucose/ribitol dehydrogenase family protein
gene1249,NVIE_011760,NVIE_011760,A0A060HFP4,"putative cytochrome c biogenesis protein, transmembrane region"
gene1250,NVIE_011770,NVIE_011770,A0A060HJJ0,alkyl hydroperoxide reductase
gene1251,NVIE_011780,NVIE_011780,A0A060HPF4,putative Ferritin superfamily protein
gene1252,NVIE_t0170,NVIE_t0170,#N/A,tRNA-Leu
gene1253,NVIE_011800,rpoN,A0A060HQJ5,"DNA-directed RNA polymerase, subunit N"
gene1254,NVIE_011810,eno,A0A060HIS3,enolase
gene1255,NVIE_011820,rps2p,A0A060HFP8,30S ribosomal protein S2p
gene1256,NVIE_011830,NVIE_011830,A0A060HJJ4,protein of unknown function
gene1257,NVIE_011840,NVIE_011840,A0A060HPF8,protein of unknown function
gene1258,NVIE_011860,NVIE_011860,A0A060HQJ8,uncharacterised protein family UPF0103
gene1259,NVIE_011870,mvk,A0A060HIS7,mevalonate kinase
gene1260,NVIE_011880,NVIE_011880,A0A060HFQ3,putative PhoU family protein
gene1261,NVIE_011890,NVIE_011890,A0A060HJJ7,putative GHMP kinase
gene1262,NVIE_011900,NVIE_011900,A0A060HPG3,putative pantothenate synthetase
gene1263,NVIE_011910,panB,A0A060HQJ9,3-methyl-2-oxobutanoate hydroxymethyltransferase
gene1264,NVIE_011920,coaBC,A0A060HIT2,coenzyme A biosynthesis bifunctional protein coaBC
gene1265,NVIE_1212,NVIE_1212,A0A060HFQ5,exported protein of unknown function
gene1266,NVIE_011930,pepQ,A0A060HJK0,putative creatinase
gene1267,NVIE_011940,cdc48-3,A0A060HPG6,Cell division cycle protein 48 homolog
gene1268,NVIE_011950,NVIE_011950,A0A060HQK1,conserved protein of unknown function
gene1269,NVIE_1216,NVIE_1216,A0A060HIT6,fragment/protein of unknown function
gene1270,NVIE_011960,NVIE_011960,A0A060HFQ8,putative serine-puryvate aminotransferase
gene1271,NVIE_011970,NVIE_011970,A0A060HJK5,protein of unknown function
gene1272,NVIE_011980,NVIE_011980,A0A060HPH0,protein of unknown function
gene1273,NVIE_011990,NVIE_011990,A0A060HQK4,protein of unknown function
gene1274,NVIE_1220,NVIE_1220,A0A060HIU0,hypothetical protein
gene1275,NVIE_012000,NVIE_012000,A0A060HFR2,protein of unknown function
gene1276,NVIE_012010,NVIE_012010,A0A060HJK8,exported protein of unknown function
gene1277,NVIE_012020,NVIE_012020,A0A060HPH4,protein of unknown function
gene1278,NVIE_012030,NVIE_012030,A0A060HQK6,hypothetical protein
gene1279,NVIE_012040,NVIE_012040,A0A060HIU4,exported or membrane protein of unknown function with cupredoxin domain
gene1280,NVIE_012060,NVIE_012060,A0A060HFR7,hypothetical protein
gene1281,NVIE_012070,NVIE_012070,A0A060HJL0,protein of unknown function
gene1282,NVIE_012080,NVIE_012080,A0A060HPH9,putative FKBP-type peptidyl-prolyl cis-trans isomerase
gene1283,NVIE_012090,sufA,A0A060HQK9,Fe-S cluster assembly protein sufA
gene1284,NVIE_012100,NVIE_012100,A0A060HIU8,protein of unknown function
gene1285,NVIE_012110,NVIE_012110,A0A060HFS2,conserved exported protein of unknown function
gene1286,NVIE_012120,NVIE_012120,A0A060HJL5,major facilitator superfamily transporter
gene1287,NVIE_012130,NVIE_012130,A0A060HPI3,Putative transcriptional regulator
gene1288,NVIE_012140,NVIE_012140,A0A060HQL2,exported protein of unknown function
gene1289,NVIE_012150,NVIE_012150,A0A060HIV3,"Regulatory protein, AsnC/Lrp family"
gene1290,NVIE_012160,glnA,A0A060HFS4,glutamate-ammonia ligase / Glutamine synthetase
gene1291,NVIE_012170,NVIE_012170,A0A060HJL6,putative HTH-type transcriptional regulator
gene1292,NVIE_012180,NVIE_012180,A0A060HPI9,DUF190 domain-containing protein
gene1293,NVIE_012190,NVIE_012190,A0A060HQL6,protein of unknown function
gene1294,NVIE_012200,NVIE_012200,A0A060HIV7,exported protein of unknown function
gene1295,NVIE_RNA1033692D,NVIE_RNA1033692D,#N/A,miscellaneous RNA (crcB)
gene1296,NVIE_012210,NVIE_012210,A0A060HFS9,protein of unknown function
gene1297,NVIE_012220,NVIE_012220,A0A060HJM1,"putative HAD-superfamily hydrolase, subfamily IIB"
gene1298,NVIE_012230,gdhA,A0A060HPJ2,glutamate dehydrogenase
gene1299,NVIE_012240,tatA1,A0A060HQM0,TatA subunit of twin-arginine targeting system
gene1300,NVIE_012250,NVIE_012250,A0A060HIW3,putative translin family protein
gene1301,NVIE_012260,hjc,A0A060HFT3,putative Holliday junction resolvase
gene1302,NVIE_012270,NVIE_012270,A0A060HJM5,protein of unknown function DUF369
gene1303,NVIE_012280,NVIE_012280,A0A060HPJ7,putative Micrococcal nuclease
gene1304,NVIE_012290,tfb3,A0A060HQM4,transcription initiation factor IIB
gene1305,NVIE_012300,NVIE_012300,A0A060HIW8,cation diffusion facilitator family transporter
gene1306,NVIE_012310,NVIE_012310,A0A060HFT7,putative carbohydrate kinase
gene1307,NVIE_012320,NVIE_012320,A0A060HJM9,"putative oxidoreductase, short chain dehydrogenase/reductase family"
gene1308,NVIE_012330,NVIE_012330,A0A060HPK1,putative methionine--tRNA ligase
gene1309,NVIE_012340,NVIE_012340,A0A060HQM8,hypothetical protein
gene1310,NVIE_012350,garR,A0A060HIX3,putative 2-hydroxy-3-oxopropionate reductase
gene1311,NVIE_012360,NVIE_012360,A0A060HFU1,protein of unknown function
gene1312,NVIE_012370,NVIE_012370,A0A060HJN3,putative glucose-methanol-choline oxidoreductase
gene1313,NVIE_1258,NVIE_1258,A0A060HPK6,protein of unknown function
gene1314,NVIE_012380,NVIE_012380,A0A060HQN3,hypothetical protein
gene1315,NVIE_012390,NVIE_012390,A0A060HIX7,hypothetical protein
gene1316,NVIE_012410,nudF,A0A060HFU6,putative NUDIX hydrolase
gene1317,NVIE_012420,NVIE_012420,A0A060HJN8,hypothetical protein
gene1318,NVIE_012430,sufB,A0A060HPK8,FeS cluster assembly protein SufB
gene1319,NVIE_012440,sufD,A0A060HQN8,putative FeS cluster assembly protein sufD
gene1320,NVIE_012450,NVIE_012450,A0A060HIY2,rieske 2Fe-2S iron-sulphur domain-containing protein
gene1321,NVIE_012460,sufS,A0A060HFV0,cysteine desulfurase/selenocysteine lyase
gene1322,NVIE_012470,nifU,A0A060HJP3,SUF system FeS cluster assembly protein
gene1323,NVIE_012480,NVIE_012480,A0A060HPL3,hypothetical protein
gene1324,NVIE_012490,NVIE_012490,A0A060HQP3,putative phosphoesterase PA-phosphatase
gene1325,NVIE_012500,NVIE_012500,A0A060HIY6,hypothetical protein
gene1326,NVIE_012510,NVIE_012510,A0A060HFV5,putative digeranylgeranylglycerophospholipid reductase
gene1327,NVIE_012520,NVIE_012520,A0A060HJP6,phosphatase of the haloacid dehalogenase (HAD)-like hydrolase family
gene1328,NVIE_012530,NVIE_012530,A0A060HPL8,protein of unknown function
gene1329,NVIE_012540,NVIE_012540,A0A060HQP8,putiative histidine triad (HIT) protein
gene1330,NVIE_012550,NVIE_012550,A0A060HIZ1,hypothetical protein
gene1331,NVIE_012560,NVIE_012560,A0A060HFV9,putative PAPS reductase
gene1332,NVIE_012570,sat,A0A060HJQ1,sulfate adenylyltransferase
gene1333,NVIE_012580,NVIE_012580,A0A060HPM2,protein of unknown function
gene1334,NVIE_012590,NVIE_012590,A0A060HQQ3,hypothetical protein
gene1335,NVIE_012600,NVIE_012600,A0A060HIZ6,protein of unknown function
gene1336,NVIE_012610,NVIE_012610,A0A060HFW4,protein of unknown function
gene1337,NVIE_012620,NVIE_012620,A0A060HJQ6,hypothetical protein
gene1338,NVIE_012630,NVIE_012630,A0A060HPM4,hypothetical protein
gene1339,NVIE_012640,NVIE_012640,A0A060HQQ7,protein of unknown function
gene1340,NVIE_012650,NVIE_012650,A0A060HJ00,protein of unknown function
gene1341,NVIE_012660,NVIE_012660,A0A060HFW7,putative Alkylmercury lyase
gene1342,NVIE_012670,NVIE_012670,A0A060HJR1,hypothetical protein
gene1343,NVIE_012680,NVIE_012680,A0A060HPM8,alkyl hydroperoxide reductase/ thiol specific antioxidant family protein
gene1344,NVIE_1289,NVIE_1289,A0A060HQR1,hypothetical protein
gene1345,NVIE_012690,NVIE_012690,A0A060HJ05,"putative transcriptional regulator, HxlR family"
gene1346,NVIE_012700,NVIE_012700,A0A060HFX2,protein of unknown function
gene1347,NVIE_012710,merA,A0A060HJR6,mercuric reductase
gene1348,NVIE_012720,NVIE_012720,A0A060HPN2,hypothetical protein
gene1349,NVIE_012730,NVIE_012730,A0A060HQR5,hypothetical protein
gene1350,NVIE_012740,NVIE_012740,A0A060HJ10,hypothetical protein
gene1351,NVIE_012750,NVIE_012750,A0A060HFX6,exported protein of unknown function
gene1352,NVIE_1297,NVIE_1297,A0A060HJR8,protein of unknown function
gene1353,NVIE_012760,NVIE_012760,A0A060HPN5,putative endonuclease III
gene1354,NVIE_012770,NVIE_012770,A0A060HQS0,putative aconitase subunit 1
gene1355,NVIE_012780,NVIE_012780,A0A060HJ15,Swiveling domain associated with predicted aconitase
gene1356,NVIE_012790,NVIE_012790,A0A060HFY1,hypothetical protein
gene1357,NVIE_012800,NVIE_012800,A0A060HJS2,putative PP-loop superfamily ATPase
gene1358,NVIE_012810,NVIE_012810,A0A060HPN8,luciferase-like monooxygenase family protein
gene1359,NVIE_RNA1086407D,NVIE_RNA1086407D,#N/A,miscellaneous RNA (Archaea_SRP)
gene1360,NVIE_1304,NVIE_1304,A0A060HQS6,protein of unknown function
gene1361,NVIE_012820,NVIE_012820,A0A060HJ19,protein of unknown function
gene1362,NVIE_012830,NVIE_012830,A0A060HFY5,protein of unknown function
gene1363,NVIE_012840,NVIE_012840,A0A060HJS6,Thioredoxin reductase
gene1364,NVIE_012850,NVIE_012850,A0A060HPP3,protein of unknown function
gene1365,NVIE_012860,NVIE_012860,A0A060HQS9,exported protein of unknown function
gene1366,NVIE_012870,NVIE_012870,A0A060HJ23,exported protein of unknown function
gene1367,NVIE_012890,NVIE_012890,A0A060HFZ0,protein of unknown function
gene1368,NVIE_012900,copA2,A0A060HJT0,copper-exporting P-type ATPase A
gene1369,NVIE_012910,NVIE_012910,A0A060HPP7,putative heavy metal transport/detoxification protein
gene1370,NVIE_012920,NVIE_012920,A0A060HQT5,YHS domain-containing protein
gene1371,NVIE_012931,NVIE_012931,#N/A,P10
gene1372,NVIE_012930,NVIE_012930,A0A060HJ28,protein of unknown function
gene1373,NVIE_012940,NVIE_012940,A0A060HFZ3,Superfamily II helicase
gene1374,NVIE_1318,NVIE_1318,A0A060HJT3,protein of unknown function
gene1375,NVIE_012950,NVIE_012950,A0A060HPQ1,protein of unknown function
gene1376,NVIE_012960,NVIE_012960,A0A060HQT8,putative radical SAM domain protein
gene1377,NVIE_012970,NVIE_012970,A0A060HJ32,protein of unknown function
gene1378,NVIE_012980,NVIE_012980,A0A060HFZ7,Radical SAM
gene1379,NVIE_013000,NVIE_013000,A0A060HJT8,protein of unknown function
gene1380,NVIE_013010,NVIE_013010,A0A060HPQ5,4Fe-4S ferredoxin iron-sulfur binding domain-containing protein
gene1381,NVIE_013020,NVIE_013020,A0A060HQU2,diphthamide biosynthesis protein
gene1382,NVIE_013030,NVIE_013030,A0A060HJ37,protein of unknown function
gene1383,NVIE_013040,NVIE_013040,A0A060HG00,hypothetical protein
gene1384,NVIE_013050,NVIE_013050,A0A060HJU2,hypothetical protein
gene1385,NVIE_013060,NVIE_013060,A0A060HPR1,UbiD family decarboxylase
gene1386,NVIE_013070,NVIE_013070,A0A060HQU6,hypothetical protein
gene1387,NVIE_013080,NVIE_013080,A0A060HJ41,hypothetical protein
gene1388,NVIE_013090,NVIE_013090,A0A060HG03,exported protein of unknown function
gene1389,NVIE_013100,NVIE_013100,A0A060HJU5,"transcriptional regulator, HxlR family"
gene1390,NVIE_013110,NVIE_013110,A0A060HPR5,protein of unknown function
gene1391,NVIE_013120,NVIE_013120,A0A060HQV1,protein of unknown function
gene1392,NVIE_013130,NVIE_013130,A0A060HJ45,Copper resistance protein CopD
gene1393,NVIE_013140,rtcA,A0A060HG08,RNA 3'-terminal-phosphate cyclase
gene1394,NVIE_013150,NVIE_013150,A0A060HJU9,"F420-dependent oxidoreductase, G6PDH family"
gene1395,NVIE_013160,NVIE_013160,A0A060HPS1,protein of unknown function
gene1396,NVIE_013170,NVIE_013170,A0A060HQV6,protein of unknown function
gene1397,NVIE_013180,NVIE_013180,A0A060HJ50,protein of unknown function
gene1398,NVIE_013190,NVIE_013190,A0A060HG12,hypothetical protein
gene1399,NVIE_013200,NVIE_013200,A0A060HJV3,nicotinamide-nucleotide adenylyltransferase
gene1400,NVIE_013210,NVIE_013210,A0A060HPS7,hypothetical protein
gene1401,NVIE_013220,NVIE_013220,A0A060HQW0,protein of unknown function
gene1402,NVIE_013230,gatD,A0A060HJ55,glutamyl-tRNA(Gln) amidotransferase subunit D
gene1403,NVIE_013240,gatE,A0A060HG15,glutamyl-tRNA(Gln) amidotransferase subunit E
gene1404,NVIE_013250,NVIE_013250,A0A060HJV8,hypothetical protein
gene1405,NVIE_013260,NVIE_013260,A0A060HPT0,protein of unknown function
gene1406,NVIE_1349,NVIE_1349,A0A060HQW4,protein of unknown function
gene1407,NVIE_013270,NVIE_013270,A0A060HJ62,exported protein of unknown function
gene1408,NVIE_013280,NVIE_013280,A0A060HG20,exported protein of unknown function
gene1409,NVIE_1351,NVIE_1351,A0A060HJW2,protein of unknown function
gene1410,NVIE_013290,NVIE_013290,A0A060HPT5,putative membrane protease
gene1411,NVIE_013300,NVIE_013300,A0A060HQW8,hypothetical protein
gene1412,NVIE_013310,NVIE_013310,A0A060HJ66,hypothetical protein
gene1413,NVIE_013320,NVIE_013320,A0A060HG25,putative NurA domain-containing protein
gene1414,NVIE_013330,NVIE_013330,A0A060HJW6,DUF87 domain-containing protein
gene1415,NVIE_013340,NVIE_013340,A0A060HPU0,Nitrogen regulatory protein P-II
gene1416,NVIE_013350,NVIE_013350,A0A060HQX2,Micrococcal nuclease domain protein
gene1417,NVIE_013360,NVIE_013360,A0A060HJ71,hypothetical protein
gene1418,NVIE_013370,NVIE_013370,A0A060HG28,"putative glycosyl transferase, family 4"
gene1419,NVIE_013380,NVIE_013380,A0A060HJX0,ski2-like helicase
gene1420,NVIE_013390,NVIE_013390,A0A060HPU5,hypothetical protein
gene1421,NVIE_013400,mcm,A0A060HQX6,minichromosome maintenance complex protein
gene1422,NVIE_013410,NVIE_013410,A0A060HJ77,hypothetical protein involved in DNA replication
gene1423,NVIE_013420,rfcS,A0A060HG31,replication factor C small subunit
gene1424,NVIE_013430,NVIE_013430,A0A060HJX4,hypothetical protein
gene1425,NVIE_013440,NVIE_013440,A0A060HPV1,pirin domain protein
gene1426,NVIE_013450,NVIE_013450,A0A060HQY0,putative acyl transferase/acyl hydrolase/lysophospholipase domain containing protein
gene1427,NVIE_013460,NVIE_013460,A0A060HJ83,putative iron/lead transporter
gene1428,NVIE_013470,NVIE_013470,A0A060HG35,30S ribosomal protein S7p (modular protein)
gene1429,NVIE_1371,rps12p,A0A060HJX7,30S ribosomal protein S12p
gene1430,NVIE_013480,NVIE_013480,A0A060HPV4,archaeal NusA family KH domain containing protein
gene1431,NVIE_013490,rpl30e,A0A060HQY6,50S ribosomal protein L30e
gene1432,NVIE_013500,rpoA,A0A060HJ87,DNA-directed RNA polymerase subunit A
gene1433,NVIE_013510,rpoB,A0A060HG39,DNA-directed RNA polymerase subunit B
gene1434,NVIE_013520,rpoH,A0A060HJY2,DNA-directed RNA polymerase subunit H
gene1435,NVIE_013530,NVIE_013530,A0A060HPV9,protein of unknown function
gene1436,NVIE_t0180,NVIE_t0180,#N/A,tRNA-His
gene1437,NVIE_013540,NVIE_013540,A0A060HQZ1,exported protein of unknown function
gene1438,NVIE_013550,NVIE_013550,A0A060HJ93,NIF superfamily domain-containing protein
gene1439,NVIE_013560,NVIE_013560,A0A060HG44,wyosine base formation domain protein
gene1440,NVIE_013570,NVIE_013570,A0A060HJY6,putative nucleoside-triphosphatase
gene1441,NVIE_013580,NVIE_013580,A0A060HPW4,putative Kae1-associated kinase Bud32
gene1442,NVIE_1383,NVIE_1383,A0A060HQZ5,GRAM domain-containing protein
gene1443,NVIE_013590,NVIE_013590,A0A060HJ97,putative Kae1/YgjD family protein
gene1444,NVIE_013600,NVIE_013600,A0A060HG46,GTP binding protein
gene1445,NVIE_013610,NVIE_013610,A0A060HJZ0,putative enolase
gene1446,NVIE_013620,queC1,A0A060HPX0,7-cyano-7-deazaguanine synthase
gene1447,NVIE_013630,NVIE_013630,A0A060HQZ9,radical SAM domain-containing protein
gene1448,NVIE_013640,NVIE_013640,A0A060HJA2,GTP cyclohydrolase I
gene1449,NVIE_013650,NVIE_013650,A0A060HG50,exported protein of unknown function
gene1450,NVIE_013660,NVIE_013660,A0A060HJZ5,hypothetical protein
gene1451,NVIE_013670,rfcL,A0A060HPX5,replication factor C large subunit
gene1452,NVIE_013680,NVIE_013680,A0A060HR02,hypothetical protein
gene1453,NVIE_013690,NVIE_013690,A0A060HJA8,hypothetical protein
gene1454,NVIE_013700,accB,A0A060HG54,"acetyl-CoA/ propionyl-CoA carboxylase, carboxyltransferase subunit"
gene1455,NVIE_013710,accC,A0A060HJZ9,"acetyl-CoA/propionyl-CoA carboxylase, biotin carboxylation subunit"
gene1456,NVIE_013720,accA,A0A060HPY2,biotin carboxyl carrier protein of putative acetyl-CoA/ propionyl-CoA carboxylase
gene1457,NVIE_013730,NVIE_013730,A0A060HR07,hypothetical protein
gene1458,NVIE_013740,NVIE_013740,A0A060HJB3,protein of unknown function
gene1459,NVIE_013750,NVIE_013750,A0A060HG58,alkyl hydroperoxide reductase
gene1460,NVIE_013760,iscS,A0A060HK03,cysteine desulfurase
gene1461,NVIE_1402,NVIE_1402,A0A060HPY7,putative ATP-utilizing enzyme of the PP-loop superfamily
gene1462,NVIE_013770,NVIE_013770,A0A060HR12,conserved hypothetical protein
gene1463,NVIE_013790,NVIE_013790,A0A060HJB8,hypothetical protein
gene1464,NVIE_013800,NVIE_013800,A0A060HG61,hypothetical protein
gene1465,NVIE_013810,NVIE_013810,A0A060HK07,hypothetical protein
gene1466,NVIE_013820,NVIE_013820,A0A060HPZ1,protein of unknown function
gene1467,NVIE_013830,NVIE_013830,A0A060HR16,protein of unknown function
gene1468,NVIE_t0190,NVIE_t0190,#N/A,tRNA-Ser
gene1469,NVIE_013840,NVIE_013840,A0A060HJC4,protein of unknown function
gene1470,NVIE_013850,truB,A0A060HG65,tRNA pseudouridine synthase B
gene1471,NVIE_013860,NVIE_013860,A0A060HK11,putative cytidylate kinase
gene1472,NVIE_013870,NVIE_013870,A0A060HPZ7,OxaA/SpoJ/YidC translocase/secretase
gene1473,NVIE_1414,adkA,A0A060HR20,adenylate kinase
gene1474,NVIE_013880,secY,A0A060HJD1,preprotein translocase subunit SecY
gene1475,NVIE_013890,rpl15p,A0A060HG71,50S ribosomal protein L15p
gene1476,NVIE_013900,rpl30p,A0A060HK13,50S ribosomal protein L30p
gene1477,NVIE_013910,rps5p,A0A060HQ02,30S ribosomal protein S5p
gene1478,NVIE_013920,rpl18p,A0A060HR24,50S ribosomal protein L18p
gene1479,NVIE_013930,NVIE_013930,A0A060HJD5,putative 1-(5-phosphoribosyl)-5-amino-4-imidazole-carboxylate (AIR) carboxylase
gene1480,NVIE_013940,mdh,A0A060HG74,malate dehydrogenase
gene1481,NVIE_013950,NVIE_013950,A0A060HK17,hypothetical protein
gene1482,NVIE_013960,NVIE_013960,A0A060HQ07,putative UPF0142 protein
gene1483,NVIE_013970,NVIE_013970,A0A060HR31,putative TfuA domain- containing protein
gene1484,NVIE_013980,NVIE_013980,A0A060HJE0,putative ATP--cobalamin adenosyltransferase
gene1485,NVIE_013990,NVIE_013990,A0A060HG80,protein of unknown function
gene1486,NVIE_014000,NVIE_014000,A0A060HK21,conserved protein of unknown function
gene1487,NVIE_014010,NVIE_014010,A0A060HQ12,putative metal dependent phosphohydrolase with HD domain
gene1488,NVIE_014020,NVIE_014020,A0A060HR35,hypothetical protein
gene1489,NVIE_014030,NVIE_014030,A0A060HJE4,LOR/SDH bifunctional protein
gene1490,NVIE_014050,NVIE_014050,A0A060HG84,stomatin-like protein
gene1491,NVIE_014060,msrB1,A0A060HK23,methionine sulfoxide reductase B
gene1492,NVIE_014070,NVIE_014070,A0A060HQ16,hypothetical protein
gene1493,NVIE_014080,NVIE_014080,A0A060HR40,protein of unknown function
gene1494,NVIE_014090,NVIE_014090,A0A060HJE8,YHS domain containing protein
gene1495,NVIE_014100,NVIE_014100,A0A060HG92,"Transcriptional regulator, PadR family"
gene1496,NVIE_014110,gatB,A0A060HK28,aspartyl/glutamyl-tRNA amidotransferase subunit B
gene1497,NVIE_014120,gatA,A0A060HQ21,glutamyl-tRNA amidotransferase subunit A
gene1498,NVIE_014130,gatC,A0A060HR44,aspartyl/glutamyl-tRNA amidotransferase subunit C
gene1499,NVIE_014140,aspS2,A0A060HJF1,aspartate--tRNA ligase
gene1500,NVIE_014150,NVIE_014150,A0A060HG96,exported protein of unknown function
gene1501,NVIE_014160,NVIE_014160,A0A060HK32,Disulfide bond oxidoreductase D family protein
gene1502,NVIE_014170,NVIE_014170,A0A060HQ27,putative sialidase - neuraminidase family protein
gene1503,NVIE_1444,NVIE_1444,A0A060HR49,hypothetical protein
gene1504,NVIE_014180,NVIE_014180,A0A060HJF5,protein of unknown function
gene1505,NVIE_014190,NVIE_014190,A0A060HGA1,putative threonyl/alanyl tRNA ligase second additional domain protein
gene1506,NVIE_014200,NVIE_014200,A0A060HK38,putative Transcriptional regulator
gene1507,NVIE_014210,NVIE_014210,A0A060HQ32,protein of unknown function
gene1508,NVIE_014220,NVIE_014220,A0A060HR53,membrane protein of unknown function
gene1509,NVIE_014230,purP1,A0A060HJF9,5-formaminoimidazole-4-carboxamide-1-(beta)-D- ribofuranosyl 5'-monophosphate ligase
gene1510,NVIE_014240,NVIE_014240,A0A060HGA7,hypothetical protein
gene1511,NVIE_014250,NVIE_014250,A0A060HK41,exported protein of unknown function
gene1512,NVIE_014260,NVIE_014260,A0A060HQ38,hypothetical protein
gene1513,NVIE_014270,NVIE_014270,A0A060HR58,hypothetical protein
gene1514,NVIE_014280,NVIE_014280,A0A060HJG5,"transcriptional regulator, ArsR family"
gene1515,NVIE_014290,NVIE_014290,A0A060HGB4,hypothetical protein
gene1516,NVIE_014300,NVIE_014300,A0A060HK45,Copper resistance protein CopC/CopD
gene1517,NVIE_1457,NVIE_1457,A0A060HQ44,exported protein of unknown function
gene1518,NVIE_014310,NVIE_014310,A0A060HR63,Copper resistance protein CopC/CopD
gene1519,NVIE_014320,NVIE_014320,A0A060HJG9,membrane protein of unknown function
gene1520,NVIE_014330,NVIE_014330,A0A060HGB9,protein of unknown function
gene1521,NVIE_014340,NVIE_014340,A0A060HK50,exported protein of unknown function
gene1522,NVIE_014350,NVIE_014350,A0A060HQ49,exported protein of unknown function
gene1523,NVIE_014360,NVIE_014360,A0A060HR68,exported protein of unknown function
gene1524,NVIE_014370,NVIE_014370,A0A060HJH3,"putative Copper binding protein, plastocyanin/azurin family"
gene1525,NVIE_014380,NVIE_014380,A0A060HGC3,"ABC uptake transporter, putative heme-binding protein"
gene1526,NVIE_014390,rps10p,A0A060HK55,30S ribosomal protein S10p
gene1527,NVIE_014400,ef1a,A0A060HQ54,translation elongation factor EF-1 alpha
gene1528,NVIE_014410,fbp,A0A060HR72,"bifunctional fructose-1,6-bisphosphatase/aldolase"
gene1529,NVIE_014420,tpiA,A0A060HJH7,triosephosphate isomerase
gene1530,NVIE_014430,NVIE_014430,A0A060HGC8,Methyltransferase type 12
gene1531,NVIE_014440,NVIE_014440,A0A060HK60,putative UPF0126 membrane protein
gene1532,NVIE_014450,ppdK,A0A060HQ59,"pyruvate, phosphate dikinase"
gene1533,NVIE_014460,NVIE_014460,A0A060HR76,exported protein of unknown function
gene1534,NVIE_014470,NVIE_014470,A0A060HJI2,major facilitator superfamily transporter
gene1535,NVIE_014480,NVIE_014480,A0A060HGD4,putative glyoxalase/bleomycin resistance domain protein
gene1536,NVIE_014490,NVIE_014490,A0A060HK66,protein of unknown function
gene1537,NVIE_014500,NVIE_014500,A0A060HQ65,conserved protein of unknown function
gene1538,NVIE_014510,NVIE_014510,A0A060HR79,protein of unknown function
gene1539,NVIE_014520,rpoP,A0A060HJI9,"DNA-directed RNA polymerase, subunit P"
gene1540,NVIE_014530,NVIE_014530,A0A060HGD8,Zinc finger protein 33b (modular protein)
gene1541,NVIE_014540,NVIE_014540,A0A060HK71,conserved protein of unknown function
gene1542,NVIE_014550,NVIE_014550,A0A060HQ70,Nitrogen regulatory protein P-II
gene1543,NVIE_014560,NVIE_014560,A0A060HR84,conserved protein of unknown function
gene1544,NVIE_014570,NVIE_014570,A0A060HJJ5,Nitrogen regulatory protein P-II
gene1545,NVIE_014580,NVIE_014580,A0A060HGE5,putative Outer membrane autotransporter barrel domain-containing protein
gene1546,NVIE_014590,fabG,A0A060HK75,3-oxoacyl-(acyl-carrier-protein) reductase
gene1547,NVIE_014600,NVIE_014600,A0A060HQ77,"putative phosphohydrolase, DHH superfamily"
gene1548,NVIE_014610,NVIE_014610,A0A060HR88,putative HAD-superfamily hydrolase
gene1549,NVIE_014620,NVIE_014620,A0A060HJK1,hypothetical protein
gene1550,NVIE_014630,lysS,A0A060HGF0,lysine--tRNA ligase
gene1551,NVIE_014640,NVIE_014640,A0A060HK81,"histone acetyltransferase, ELP3 family"
gene1552,NVIE_014650,purM,A0A060HQ82,phosphoribosylformylglycinamidine cyclo-ligase
gene1553,NVIE_014660,NVIE_014660,A0A060HR93,protein of unknown function
gene1554,NVIE_014670,NVIE_014670,A0A060HJK6,protein of unknown function
gene1555,NVIE_014680,ureD,A0A060HGF8,urease accessory protein UreD
gene1556,NVIE_014690,ureG,A0A060HK87,urease accessory protein UreG
gene1557,NVIE_014700,ureF,A0A060HQ86,putative urease accessory protein UreF
gene1558,NVIE_014710,ureE,A0A060HR96,putative urease accessory protein UreE
gene1559,NVIE_014720,NVIE_014720,A0A060HJL4,hypothetical protein
gene1560,NVIE_014730,NVIE_014730,A0A060HGG3,putative chaperonin Hsp60/Cpn60/TCP-1
gene1561,NVIE_014740,ureC1,A0A060HK93,urease subunit alpha
gene1562,NVIE_014750,ureB1,A0A060HQ93,urease subunit beta
gene1563,NVIE_014760,ureA1,A0A060HRA1,urease subunit gamma
gene1564,NVIE_014770,NVIE_014770,A0A060HJM0,hypothetical protein
gene1565,NVIE_014780,NVIE_014780,A0A060HGH0,putative urea transporter
gene1566,NVIE_014790,NVIE_014790,A0A060HKA1,"urea active transporter, urea/sodium symporter"
gene1567,NVIE_014800,NVIE_014800,A0A060HQ98,putative GAF sensor protein
gene1568,NVIE_014810,NVIE_014810,A0A060HRA5,putative ParB-like partition protein
gene1569,NVIE_014820,NVIE_014820,A0A060HJM6,hypothetical protein
gene1570,NVIE_014830,NVIE_014830,A0A060HGH6,protein of unknown function
gene1571,NVIE_014840,NVIE_014840,A0A060HKA6,putative universal stress family protein
gene1572,NVIE_014850,NVIE_014850,A0A060HQA5,protein of unknown function
gene1573,NVIE_014860,NVIE_014860,A0A060HRA9,exported protein of unknown function
gene1574,NVIE_014870,NVIE_014870,A0A060HJN0,protein of unknown function
gene1575,NVIE_014880,NVIE_014880,A0A060HGI4,putative Sodium:solute symporter family protein
gene1576,NVIE_014890,NVIE_014890,A0A060HKB3,protein of unknown function
gene1577,NVIE_014900,NVIE_014900,A0A060HQA9,putative ParB-like partition protein
gene1578,NVIE_1518,NVIE_1518,A0A060HRB3,fragment/protein of unknown function
gene1579,NVIE_014910,NVIE_014910,A0A060HJN6,putative arginase family protein
gene1580,NVIE_014920,NVIE_014920,A0A060HGJ1,conserved protein of unknown function
gene1581,NVIE_014930,mntC,A0A060HKB9,"ABC uptake transporter, permease protein"
gene1582,NVIE_014940,mntB,A0A060HQB4,"ABC uptake transporter, ATP-binding protein"
gene1583,NVIE_014950,mntA,A0A060HRB6,"ABC uptake transporter, substrate-binding protein"
gene1584,NVIE_1524,NVIE_1524,A0A060HJP2,protein of unknown function
gene1585,NVIE_1525,NVIE_1525,A0A060HGJ8,hypothetical protein
gene1586,NVIE_014960,NVIE_014960,A0A060HKC9,protein of unknown function
gene1587,NVIE_014970,NVIE_014970,A0A060HQC0,putative nickel-responsive regulator
gene1588,NVIE_014980,NVIE_014980,A0A060HRB9,protein of unknown function
gene1589,NVIE_014990,ths1,A0A060HJP8,archaeal thermosome subunit
gene1590,NVIE_015000,ureA2,A0A060HGK5,urease subunit gamma
gene1591,NVIE_015010,ureB2,A0A060HKD6,urease subunit beta
gene1592,NVIE_015020,ureC2,A0A060HQC5,urease subunit alpha
gene1593,NVIE_015030,NVIE_015030,A0A060HRC3,hypothetical protein
gene1594,NVIE_015040,gltA,A0A060HJQ2,citrate synthase
gene1595,NVIE_015050,NVIE_015050,A0A060HGL1,protein of unknown function
gene1596,NVIE_015060,NVIE_015060,A0A060HKE5,luciferase-like monooxygenase family protein
gene1597,NVIE_015070,NVIE_015070,A0A060HQD1,putative exonuclease of the beta-lactamase fold
gene1598,NVIE_015080,purN,A0A060HRC6,phosphoribosylglycinamide formyltransferase
gene1599,NVIE_015090,NVIE_015090,A0A060HJQ8,major facilitator superfamily MFS_1
gene1600,NVIE_1540,ubiE2,A0A060HGL7,putative ubiquinone/menaquinone biosynthesis methyltransferase UbiE
gene1601,NVIE_015100,NVIE_015100,A0A060HKF4,DEAD/DEAH box helicase domain-containing protein
gene1602,NVIE_015110,topoI,A0A060HQD6,DNA topoisomerase IB
gene1603,NVIE_015120,NVIE_015120,A0A060HRC9,putative Uncharacterized membrane-associated protein
gene1604,NVIE_015130,NVIE_015130,A0A060HJR3,CBS and Zinc Finger C2H2 domain-containing membrane protein
gene1605,NVIE_t0200,NVIE_t0200,#N/A,tRNA-Met
gene1606,NVIE_015140,NVIE_015140,A0A060HGM4,protein of unknown function
gene1607,NVIE_015150,NVIE_015150,A0A060HKG3,protein of unknown function
gene1608,NVIE_015160,NVIE_015160,A0A060HQE2,hypothetical protein
gene1609,NVIE_t0210,NVIE_t0210,#N/A,tRNA-Phe
gene1610,NVIE_015170,purB,A0A060HRD3,adenylosuccinate lyase
gene1611,NVIE_015180,NVIE_015180,A0A060HJR9,uncharacterised UPF0027 family protein
gene1612,NVIE_015190,NVIE_015190,A0A060HGN1,hypothetical protein
gene1613,NVIE_015200,NVIE_015200,A0A060HKH1,hypothetical protein
gene1614,NVIE_015210,rps11p,A0A060HQE8,30S ribosomal protein S11p
gene1615,NVIE_015220,NVIE_015220,A0A060HRD8,putative SAM-dependent methyltransferase
gene1616,NVIE_015230,NVIE_015230,A0A060HJS5,hypothetical protein
gene1617,NVIE_015240,NVIE_015240,A0A060HGN7,protein of unknown function
gene1618,NVIE_1556,NVIE_1556,A0A060HKH9,protein of unknown function
gene1619,NVIE_015250,NVIE_015250,A0A060HQF2,"putative signal transduction histidine kinase, with PAS, phosphoacceptor and ATP binding domain"
gene1620,NVIE_015260,NVIE_015260,A0A060HRE3,"putative signal transduction response regulator, receiver domain"
gene1621,NVIE_015270,NVIE_015270,A0A060HJT1,protein of unknown function
gene1622,NVIE_015280,NVIE_015280,A0A060HGP4,protein of unknown function
gene1623,NVIE_015290,NVIE_015290,A0A060HKI8,protein of unknown function
gene1624,NVIE_015300,thiL,A0A060HQF6,thiamine-monophosphate kinase
gene1625,NVIE_015310,NVIE_015310,A0A060HRE7,alpha-D-phosphohexomutase
gene1626,NVIE_015320,NVIE_015320,A0A060HJT6,putative nitrogen regulatory protein P-II
gene1627,NVIE_t0220,NVIE_t0220,#N/A,tRNA-Thr
gene1628,NVIE_015330,ths2,A0A060HGQ0,archaeal thermosome subunit
gene1629,NVIE_015340,NVIE_015340,A0A060HKJ7,protein of unknown function
gene1630,NVIE_1567,NVIE_1567,A0A060HQG1,fragment/hypothetical protein
gene1631,NVIE_015360,NVIE_015360,A0A060HRF3,conserved protein of unknown function
gene1632,NVIE_015370,NVIE_015370,A0A060HJU0,exported protein of unknown function
gene1633,NVIE_015380,NVIE_015380,A0A060HGQ5,exported protein of unknown function
gene1634,NVIE_015390,NVIE_015390,A0A060HKK5,protein of unknown function
gene1635,NVIE_015400,NVIE_015400,A0A060HQG7,protein of unknown function
gene1636,NVIE_015410,NVIE_015410,A0A060HRF7,protein of unknown function
gene1637,NVIE_1574,NVIE_1574,A0A060HJU6,hypothetical protein
gene1638,NVIE_1575,NVIE_1575,A0A060HGR1,hypothetical protein
gene1639,NVIE_1576,NVIE_1576,A0A060HKL4,protein of unknown function
gene1640,NVIE_1577,NVIE_1577,A0A060HQH0,hypothetical protein
gene1641,NVIE_015430,NVIE_015430,A0A060HRG1,protein of unknown function
gene1642,NVIE_t0230,NVIE_t0230,#N/A,tRNA-Val
gene1643,NVIE_015440,NVIE_015440,A0A060HJV2,putative DNA methylase N-4/N-6 domain protein
gene1644,NVIE_015450,NVIE_015450,A0A060HGR8,"putative cob(II)yrinic acid a,c-diamide reductase"
gene1645,NVIE_015460,NVIE_015460,A0A060HKM2,hypothetical protein
gene1646,NVIE_t0240,NVIE_t0240,#N/A,tRNA-Arg
gene1647,NVIE_015470,NVIE_015470,A0A060HQH5,"Transcriptional regulator, HxlR family"
gene1648,NVIE_015480,NVIE_015480,A0A060HRG7,conserved protein of unknown function
gene1649,NVIE_015490,NVIE_015490,A0A060HJV7,hypothetical protein
gene1650,NVIE_015500,NVIE_015500,A0A060HGS4,putative HEAT repeat-containing PBS lyase
gene1651,NVIE_015510,NVIE_015510,A0A060HKN1,hypothetical protein
gene1652,NVIE_015520,tatC,A0A060HQH9,TatC subunit of twin-arginine targeting system
gene1653,NVIE_015530,tatA2,A0A060HRH2,TatA subunit of twin-arginine targeting system
gene1654,NVIE_015540,purP2,A0A060HJW3,5-formaminoimidazole-4-carboxamide-1-(beta)-D- ribofuranosyl 5'-monophosphate ligase
gene1655,NVIE_015550,NVIE_015550,A0A060HGT0,DUF151 domain-containing protein
gene1656,NVIE_015560,NVIE_015560,A0A060HKN7,hypothetical protein
gene1657,NVIE_015570,NVIE_015570,A0A060HQI3,phosphatase of the haloacid dehalogenase (HAD)-like hydrolase family
gene1658,NVIE_015580,NVIE_015580,A0A060HRH7,conserved protein of unknown function
gene1659,NVIE_015590,NVIE_015590,#N/A,putative peptide methionine sulphoxide reductase
gene1660,NVIE_015600,NVIE_015600,A0A060HJW9,exported protein of unknown function
gene1661,NVIE_1597,NVIE_1597,A0A060HGT7,protein of unknown function
gene1662,NVIE_015610,NVIE_015610,A0A060HKP5,protein of unknown function
gene1663,NVIE_015620,NVIE_015620,A0A060HQI9,hypothetical protein
gene1664,NVIE_015630,NVIE_015630,A0A060HRI1,"putative oxidoreductase, short chain dehydrogenase/reductase family"
gene1665,NVIE_015640,NVIE_015640,A0A060HJX5,protein of unknown function
gene1666,NVIE_015650,NVIE_015650,A0A060HGU5,protein of unknown function
gene1667,NVIE_015660,NVIE_015660,A0A060HKQ3,membrane protein of unknown function
gene1668,NVIE_015670,NVIE_015670,A0A060HQJ3,exported protein of unknown function
gene1669,NVIE_015680,NVIE_015680,A0A060HRI6,protein of unknown function
gene1670,NVIE_015690,NVIE_015690,A0A060HJY0,protein of unknown function
gene1671,NVIE_015700,NVIE_015700,A0A060HGV0,protein of unknown function
gene1672,NVIE_015710,NVIE_015710,A0A060HKQ8,protein of unknown function
gene1673,NVIE_015720,NVIE_015720,A0A060HQJ6,protein of unknown function
gene1674,NVIE_015730,NVIE_015730,A0A060HRJ1,protein of unknown function
gene1675,NVIE_1610,NVIE_1610,A0A060HJY7,protein of unknown function
gene1676,NVIE_1611,NVIE_1611,A0A060HGV6,protein of unknown function
gene1677,NVIE_015740,NVIE_015740,A0A060HKR3,protein of unknown function
gene1678,NVIE_015750,NVIE_015750,A0A060HQK3,conserved exported protein of unknown function
gene1679,NVIE_015760,NVIE_015760,A0A060HRJ9,exported protein of unknown function
gene1680,NVIE_015770,NVIE_015770,A0A060HJZ1,protein of unknown function
gene1681,NVIE_015780,NVIE_015780,A0A060HGW3,protein of unknown function
gene1682,NVIE_015790,NVIE_015790,A0A060HKS0,putative antibiotic biosynthesis monooxygenase (modular protein)
gene1683,NVIE_015800,fusA,A0A060HQK7,translation elongation factor 2
gene1684,NVIE_015810,NVIE_015810,A0A060HRK6,protein of unknown function DUF178
gene1685,NVIE_015820,NVIE_015820,A0A060HJZ6,protein of unknown function
gene1686,NVIE_015830,NVIE_015830,A0A060HGW9,5-carboxymethyl-2-hydroxymuconate Delta-isomerase
gene1687,NVIE_015840,NVIE_015840,A0A060HKS6,putative arsenical pump membrane protein
gene1688,NVIE_015850,NVIE_015850,A0A060HQL8,putative Isochorismatase-like hydrolase
gene1689,NVIE_015860,NVIE_015860,A0A060HRL3,putative nucleobase-cation symporter family protein
gene1690,NVIE_015870,purE2,A0A060HK00,N5-carboxyaminoimidazole ribonucleotide mutase
gene1691,NVIE_1626,NVIE_1626,A0A060HGX5,protein of unknown function
gene1692,NVIE_015880,NVIE_015880,A0A060HKT4,Amidase
gene1693,NVIE_015890,NVIE_015890,A0A060HQM3,protein of unknown function
gene1694,NVIE_015900,NVIE_015900,A0A060HRL8,"putative ABC uptake transporter, substrate-binding protein/surface lipoprotein"
gene1695,NVIE_015910,NVIE_015910,A0A060HK04,"ABC uptake transporter, permease protein"
gene1696,NVIE_015920,NVIE_015920,A0A060HGY1,"ABC uptake transporter, permease protein"
gene1697,NVIE_015930,yufO,A0A060HKU2,"ABC uptake transporter, ATP-binding protein"
gene1698,NVIE_015940,fdrA,A0A060HQM9,"putative Succinyl-CoA ligase, alpha subunit"
gene1699,NVIE_015950,NVIE_015950,A0A060HRM6,conserved protein of unknown function
gene1700,NVIE_015960,NVIE_015960,A0A060HK08,protein of unknown function
gene1701,NVIE_015970,NVIE_015970,A0A060HGY7,putative carbamate kinase with BmpA-like periplasmic binding domain
gene1702,NVIE_015980,NVIE_015980,A0A060HKU8,conserved hypothetical protein
gene1703,NVIE_015990,cofH2,A0A060HQN5,FO synthase subunit 2
gene1704,NVIE_016000,cofH3,A0A060HRN3,FO synthase subunit 2
gene1705,NVIE_016010,NVIE_016010,A0A060HK15,GCN5-related N-acetyltransferase
gene1706,NVIE_016020,ubiD,A0A060HGZ2,putative 3-octaprenyl-4-hydroxybenzoate carboxy-lyase
gene1707,NVIE_016030,NVIE_016030,A0A060HKV5,hypothetical protein
gene1708,NVIE_016040,NVIE_016040,#N/A,putative integrase family protein
gene1709,NVIE_016050,rps24e,A0A060HRP0,putative 30S ribosomal protein S24e
gene1710,NVIE_016060,rps27ae,A0A060HK20,putative 30S ribosomal protein S27ae
gene1711,NVIE_016070,NVIE_016070,A0A060HGZ7,hypothetical protein
gene1712,NVIE_016080,NVIE_016080,A0A060HKW4,protein of unknown function
gene1713,NVIE_016090,NVIE_016090,A0A060HQP9,hypothetical protein
gene1714,NVIE_016100,NVIE_016100,A0A060HRP6,protein of unknown function
gene1715,NVIE_016110,NVIE_016110,A0A060HK25,putative D-glucuronyl C5-epimerase
gene1716,NVIE_016120,NVIE_016120,A0A060HH03,putative pseudouridylate synthase-like protein
gene1717,NVIE_016130,srp54,A0A060HKW9,signal recognition particle SRP54 subunit protein
gene1718,NVIE_016140,NVIE_016140,A0A060HQQ4,putative ATP binding protein
gene1719,NVIE_016150,appF,A0A060HRQ3,"peptide/opine/nickel ABC uptake transporter, ATP-binding protein"
gene1720,NVIE_016160,NVIE_016160,A0A060HK31,"peptide/opine/nickel ABC uptake transporter, substrate-binding protein"
gene1721,NVIE_016170,appB,A0A060HH10,"peptide/opine/nickel ABC uptake transporter, permease protein"
gene1722,NVIE_016180,dppC,A0A060HKX8,"peptide/opine/nickel ABC uptake transporter, permease protein"
gene1723,NVIE_016190,eIF-5A,A0A060HQQ8,translation initiation factor 5A
gene1724,NVIE_016200,NVIE_016200,A0A060HRR0,protein of unknown function
gene1725,NVIE_016210,NVIE_016210,A0A060HK36,hypothetical protein
gene1726,NVIE_016220,corA,A0A060HH16,putative CorA ion transporter
gene1727,NVIE_016230,hemB2,A0A060HKY4,delta-aminolevulinic acid dehydratase
gene1728,NVIE_016240,gabD,A0A060HQR8,succinate-semialdehyde dehydrogenase
gene1729,NVIE_016250,NVIE_016250,A0A060HRR6,conserved protein of unknown function
gene1730,NVIE_016260,adh2,A0A060HK42,NAD-dependent alcohol dehydrogenase
gene1731,NVIE_016270,NVIE_016270,A0A060HH21,DUF488 protein of unknown function
gene1732,NVIE_016280,NVIE_016280,A0A060HKZ2,hypothetical protein
gene1733,NVIE_016290,fumC,A0A060HQS5,putative fumarate hydratase
gene1734,NVIE_016300,NVIE_016300,A0A060HRS4,GCN5-related N-acetyltransferase
gene1735,NVIE_016310,NVIE_016310,A0A060HK48,protein of unknown function
gene1736,NVIE_016320,NVIE_016320,A0A060HH28,membrane protein of unknown function DUF2182
gene1737,NVIE_016330,NVIE_016330,A0A060HL00,hypothetical protein
gene1738,NVIE_016340,NVIE_016340,A0A060HQT2,protein of unknown function
gene1739,NVIE_016350,NVIE_016350,A0A060HRS9,conserved protein of unknown function
gene1740,NVIE_016360,NVIE_016360,A0A060HK56,protein of unknown function
gene1741,NVIE_016370,NVIE_016370,A0A060HH33,2-hydroxyacid dehydrogenase
gene1742,NVIE_016380,rpl15e,A0A060HL07,50S ribosomal protein L15e
gene1743,NVIE_016390,NVIE_016390,A0A060HQT9,exported protein of unknown function
gene1744,NVIE_016400,NVIE_016400,A0A060HRT3,conserved protein of unknown function
gene1745,NVIE_016410,NVIE_016410,A0A060HK65,putative NAD-dependent alcohol dehydrogenase
gene1746,NVIE_016420,NVIE_016420,A0A060HH38,Putative nitroreductase family protein
gene1747,NVIE_016430,NVIE_016430,A0A060HL31,O-methyltransferase family 2
gene1748,NVIE_016440,NVIE_016440,A0A060HQX5,Methyltransferase type 11
gene1749,NVIE_016450,NVIE_016450,A0A060HRW0,hypothetical protein
gene1750,NVIE_016460,NVIE_016460,A0A060HK95,conserved membrane protein of unknown function
gene1751,NVIE_016470,NVIE_016470,A0A060HH57,"putative transcriptional regulator, AsnC family"
gene1752,NVIE_016480,argD1,A0A060HL43,acetylornithine and succinylornithine aminotransferase
gene1753,NVIE_1688,argB,A0A060HQX8,acetylglutamate/acetylaminoadipate kinase
gene1754,NVIE_016490,argC,A0A060HRX8,N-acetyl-gamma-glutamyl-phosphate/N-acetyl- gamma-aminoadipyl-phosphate reductase
gene1755,NVIE_016500,lysX2,A0A060HKA9,lysine biosynthesis enzyme
gene1756,NVIE_016510,NVIE_016510,A0A060HH68,putative lysine biosynthesis protein LysW
gene1757,NVIE_016520,argG,A0A060HL48,argininosuccinate synthase
gene1758,NVIE_016530,NVIE_016530,A0A060HQY2,LysC-like protein
gene1759,NVIE_016540,NVIE_016540,A0A060HRY5,hypothetical protein
gene1760,NVIE_016550,NVIE_016550,A0A060HKC1,hypothetical protein
gene1761,NVIE_016560,NVIE_016560,A0A060HH70,hypothetical protein
gene1762,NVIE_016570,NVIE_016570,A0A060HL53,hypothetical protein
gene1763,NVIE_016580,NVIE_016580,A0A060HQY7,conserved membrane protein of unknown function
gene1764,NVIE_016590,NVIE_016590,A0A060HRZ0,protein of unknown function
gene1765,NVIE_016600,NVIE_016600,A0A060HKC5,putative Methyltransferase type 11
gene1766,NVIE_t0250,NVIE_t0250,#N/A,tRNA-Ile
gene1767,NVIE_016610,NVIE_016610,A0A060HH74,protein of unknown function
gene1768,NVIE_016620,eIF-1a2,A0A060HL54,translation initiation factor 1a (IF-1)
gene1769,NVIE_t0260,NVIE_t0260,#N/A,tRNA-Ala
gene1770,NVIE_016630,rpl12p,A0A060HQZ0,50S ribosomal protein L12p
gene1771,NVIE_016631,NVIE_016631,#N/A,traJ-II
gene1772,NVIE_016640,NVIE_016640,A0A060HRZ4,protein of unknown function
gene1773,NVIE_016650,NVIE_016650,A0A060HKD2,protein of unknown function
gene1774,NVIE_016660,rpl10p,A0A060HH77,acidic ribosomal protein P0 (L10p)
gene1775,NVIE_016670,rpl1p,A0A060HL59,50S ribosomal protein L1p
gene1776,NVIE_016680,NVIE_016680,A0A060HR03,putative exported polysaccharide deacetylase family protein
gene1777,NVIE_016690,NVIE_016690,A0A060HRZ9,"putative glycosyl transferase, family 2"
gene1778,NVIE_016700,NVIE_016700,A0A060HKD5,putative UDP-3-O-acylglucosamine N-acyltransferase
gene1779,NVIE_016710,NVIE_016710,A0A060HH80,putative glycoside hydrolase/deacetylase family protein
gene1780,NVIE_016720,NVIE_016720,A0A060HL61,protein of unknown function
gene1781,NVIE_016730,NVIE_016730,A0A060HR06,Surface associated S-layer protein
gene1782,NVIE_016740,NVIE_016740,A0A060HS03,surface associated S-layer protein
gene1783,NVIE_1714,NVIE_1714,A0A060HKE1,fragment/protein of unknown function
gene1784,NVIE_016750,NVIE_016750,A0A060HH84,protein of unknown function
gene1785,NVIE_016760,NVIE_016760,A0A060HL65,protein of unknown function
gene1786,NVIE_016770,NVIE_016770,A0A060HR10,protein of unknown function
gene1787,NVIE_016780,NVIE_016780,A0A060HS08,conserved protein of unknown function
gene1788,NVIE_016790,NVIE_016790,A0A060HKE6,putative DNA double-strand break repair Rad50 ATPase
gene1789,NVIE_016800,NVIE_016800,A0A060HH86,putative DNA double-strand break repair protein Mre11
gene1790,NVIE_016810,NVIE_016810,A0A060HL69,putative RelE protein
gene1791,NVIE_1722,NVIE_1722,A0A060HR13,hypothetical protein
gene1792,NVIE_016820,NVIE_016820,A0A060HS11,protein of unknown function
gene1793,NVIE_016830,NVIE_016830,A0A060HKE9,DUF87 domain-containing protein
gene1794,NVIE_016840,NVIE_016840,A0A060HH89,hypothetical protein
gene1795,NVIE_016850,NVIE_016850,A0A060HL71,putative FAD dependent oxidoreductase
gene1796,NVIE_016860,dpo,A0A060HR17,"DNA polymerase, family B"
gene1797,NVIE_016870,NVIE_016870,A0A060HS16,putative agmatinase
gene1798,NVIE_016880,NVIE_016880,A0A060HKF3,protein of unknown function
gene1799,NVIE_016890,NVIE_016890,A0A060HH91,protein of unknown function
gene1800,NVIE_016900,thrS,A0A060HL75,threonine--tRNA ligase
gene1801,NVIE_016910,NVIE_016910,A0A060HR21,hypothetical protein
gene1802,NVIE_016920,NVIE_016920,A0A060HS20,protein of unknown function
gene1803,NVIE_016930,NVIE_016930,A0A060HKF6,protein of unknown function
gene1804,NVIE_016940,NVIE_016940,A0A060HH95,exported protein of unknown function
gene1805,NVIE_016950,NVIE_016950,A0A060HL78,exported protein of unknown function
gene1806,NVIE_1735,NVIE_1735,A0A060HR26,protein of unknown function
gene1807,NVIE_016960,NVIE_016960,A0A060HS25,exported protein of unknown function
gene1808,NVIE_016970,NVIE_016970,A0A060HKG0,putative small-conductance mechanosensitive ion channel
gene1809,NVIE_016980,NVIE_016980,A0A060HH97,protein of unknown function
gene1810,NVIE_1739,NVIE_1739,A0A060HL81,protein of unknown function
gene1811,NVIE_016990,NVIE_016990,A0A060HR28,protein of unknown function
gene1812,NVIE_1741,NVIE_1741,A0A060HS30,protein of unknown function
gene1813,NVIE_017000,NVIE_017000,A0A060HKG5,conserved protein of unknown function
gene1814,NVIE_017010,NVIE_017010,A0A060HHA1,hypothetical protein
gene1815,NVIE_017020,NVIE_017020,A0A060HL86,hypothetical protein
gene1816,NVIE_017030,NVIE_017030,A0A060HR32,hypothetical protein
gene1817,NVIE_017040,NVIE_017040,A0A060HS34,hypothetical protein
gene1818,NVIE_017050,NVIE_017050,A0A060HKG9,putative Fe(II) trafficking protein YggX
gene1819,NVIE_017060,NVIE_017060,A0A060HHA4,hypothetical protein
gene1820,NVIE_017070,purA,A0A060HL88,adenylosuccinate synthase
gene1821,NVIE_017080,NVIE_017080,A0A060HR36,hypothetical protein
gene1822,NVIE_017090,NVIE_017090,A0A060HS38,hypothetical protein
gene1823,NVIE_017100,pyrF,A0A060HKH4,orotidine 5'-phosphate decarboxylase
gene1824,NVIE_017110,NVIE_017110,A0A060HHA9,putative NUDIX hydrolase
gene1825,NVIE_017120,NVIE_017120,A0A060HL91,protein of unknown function
gene1826,NVIE_017130,NVIE_017130,A0A060HR39,protein of unknown function DUF373
gene1827,NVIE_017140,rlmE,A0A060HS43,"ribosomal RNA large subunit, methyltransferase E"
gene1828,NVIE_1757,NVIE_1757,A0A060HKH7,"putative RNA polymerase subunit, Rpc34-like"
gene1829,NVIE_017150,NVIE_017150,A0A060HHB4,putative glyoxalase/bleomycin resistance domain protein
gene1830,NVIE_017160,NVIE_017160,A0A060HL93,4-hydroxybutyryl-CoA dehydratase
gene1831,NVIE_017170,NVIE_017170,A0A060HR43,"putative alpha/beta hydrolase fold, putative lipase"
gene1832,NVIE_017180,NVIE_017180,A0A060HS48,hypothetical protein
gene1833,NVIE_017190,NVIE_017190,A0A060HKI2,putative transposase IS605 OrfB family
gene1834,NVIE_017200,NVIE_017200,A0A060HHB7,putative transposase
gene1835,NVIE_017210,apt,A0A060HL96,adenine phosphoribosyltransferase
gene1836,NVIE_017220,NVIE_017220,A0A060HR46,5'-methylthioadenosine phosphorylase
gene1837,NVIE_017230,NVIE_017230,A0A060HS51,hypothetical protein
gene1838,NVIE_017240,NVIE_017240,A0A060HKI6,protein of unknown function
gene1839,NVIE_1768,NVIE_1768,A0A060HHC2,hypothetical protein
gene1840,NVIE_017250,dps2,A0A060HLA0,"putative ferritin, Dps family protein"
gene1841,NVIE_1770,NVIE_1770,A0A060HR50,fragment/protein of unknown function
gene1842,NVIE_017260,NVIE_017260,A0A060HS57,hypothetical protein
gene1843,NVIE_017270,NVIE_017270,A0A060HKJ0,pfkB family carbohydrate kinase
gene1844,NVIE_017280,NVIE_017280,A0A060HHC5,"3-octaprenyl-4-hydroxybenzoate carboxy-lyase, phenylacrylic acid decarboxylase"
gene1845,NVIE_017290,NVIE_017290,A0A060HLA3,HSP20-like chaperone
gene1846,NVIE_017300,cas4-1,A0A060HR54,"putative CRISPR-associated exonuclease, Cas4 family"
gene1847,NVIE_017310,cas2-1,A0A060HS61,"putative CRISPR-associated protein, Cas2 family"
gene1848,NVIE_017320,cas1-1,A0A060HKJ5,"CRISPR-associated protein, Cas1 family"
gene1849,NVIE_017330,NVIE_017330,A0A060HHC9,putative CRISPR-associated protein
gene1850,NVIE_017340,cas3-1,A0A060HLA6,putative CRISPR-associated helicase and HD nuclease Cas3
gene1851,NVIE_1781,cas5-1,A0A060HR59,putative CRISPR-associated protein Cas5d
gene1852,NVIE_017350,cas7-1,A0A060HS64,putative CPISPR-associated protein Cas7
gene1853,NVIE_017360,NVIE_017360,A0A060HKK0,putative CPISPR-associated protein
gene1854,NVIE_017370,NVIE_017370,A0A060HHD5,putative RNA-binding protein containing KH domain
gene1855,NVIE_017380,NVIE_017380,A0A060HLA8,putative serine/threonine protein kinase
gene1856,NVIE_017390,NVIE_017390,A0A060HR62,putative protein of unknown function DUF424
gene1857,NVIE_017400,NVIE_017400,A0A060HS70,putative FAD/NAD(P)-binding oxidoreductase
gene1858,NVIE_017410,NVIE_017410,A0A060HKK3,conserved protein of unknown function
gene1859,NVIE_017420,trm,A0A060HHD9,"N(2),N(2)-dimethylguanosine tRNA methyltransferase"
gene1860,NVIE_1790,NVIE_1790,A0A060HLB3,fragment/protein of unknown function
gene1861,NVIE_017430,cysM1,A0A060HR66,putative cysteine synthase
gene1862,NVIE_017440,rnhB,A0A060HS75,ribonuclease HII
gene1863,NVIE_017450,flpA,A0A060HKK7,fibrillarin-like rRNA/tRNA 2'-O-methyltransferase
gene1864,NVIE_017460,NVIE_017460,A0A060HHE1,"putative pre-mRNA processing ribonucleoprotein, snoRNA-binding domain"
gene1865,NVIE_017470,NVIE_017470,A0A060HLB6,hypothetical protein
gene1866,NVIE_017480,NVIE_017480,A0A060HR70,putative signal peptidase I
gene1867,NVIE_017490,NVIE_017490,A0A060HS79,putative uncharacterised protein family UPF0047
gene1868,NVIE_017500,tbp,A0A060HKL2,TATA-box-binding protein
gene1869,NVIE_017510,NVIE_017510,A0A060HHE5,conserved membrane protein of unknown function
gene1870,NVIE_017520,NVIE_017520,A0A060HLB9,conserved exported protein of unknown function
gene1871,NVIE_017530,pyrE,A0A060HR74,orotate phosphoribosyltransferase
gene1872,NVIE_017540,NVIE_017540,A0A060HS84,hypothetical protein
gene1873,NVIE_017550,NVIE_017550,A0A060HKL6,putative peptidase M50
gene1874,NVIE_017560,NVIE_017560,A0A060HHE8,putative ribosomal-protein-alanine acetyltransferase
gene1875,NVIE_017570,NVIE_017570,A0A060HLC3,protein of unknown function
gene1876,NVIE_017580,NVIE_017580,A0A060HR82,conserved protein of unknown function
gene1877,NVIE_017590,NVIE_017590,A0A060HS87,exported protein of unknown function
gene1878,NVIE_017600,NVIE_017600,A0A060HKL9,putative methyltransferase
gene1879,NVIE_017610,NVIE_017610,A0A060HHF1,ABC transporter-related RNase L inhibitor
gene1880,NVIE_1810,NVIE_1810,A0A060HLC7,protein of unknown function
gene1881,NVIE_017620,NVIE_017620,A0A060HR86,protein of unknown function
gene1882,NVIE_017630,NVIE_017630,A0A060HS93,protein of unknown function
gene1883,NVIE_r0030,NVIE_r0030,#N/A,5S ribosomal RNA
gene1884,NVIE_017640,NVIE_017640,A0A060HKM6,hypothetical protein
gene1885,NVIE_017650,pepA,A0A060HHF3,leucyl aminopeptidase
gene1886,NVIE_017660,NVIE_017660,A0A060HLD3,hypothetical protein
gene1887,NVIE_017670,tktA,A0A060HR90,ribulose-phosphate 3-epimerase protein with N-terminal transketolase domain
gene1888,NVIE_017680,tktB,A0A060HS98,"transketolase, C-terminal subunit"
gene1889,NVIE_017690,tal,A0A060HKM8,transaldolase
gene1890,NVIE_017700,NVIE_017700,A0A060HHF6,putative von Willebrand factor type A domain protein
gene1891,NVIE_017710,NVIE_017710,A0A060HLD6,putative NorQ like ATPase
gene1892,NVIE_017720,NVIE_017720,A0A060HR94,Hemerythrin HHE cation binding domain protein
gene1893,NVIE_017730,aniA,A0A060HSA2,multicopper oxidase type 3
gene1894,NVIE_017740,NVIE_017740,A0A060HKN3,Antibiotic biosynthesis monooxygenase
gene1895,NVIE_017750,NVIE_017750,A0A060HHG0,putative protein of unknown function DUF488
gene1896,NVIE_017760,NVIE_017760,A0A060HLE0,protein of unknown function
gene1897,NVIE_017770,NVIE_017770,A0A060HR98,protein of unknown function
gene1898,NVIE_017780,NVIE_017780,A0A060HSA7,protein of unknown function
gene1899,NVIE_017800,NVIE_017800,A0A060HKN9,protein of unknown function
gene1900,NVIE_017810,NVIE_017810,A0A060HHG3,putative flavin/deazaflavin oxidoreductase superfamily protein
gene1901,NVIE_017820,NVIE_017820,A0A060HLE4,protein of unknown function
gene1902,NVIE_017830,NVIE_017830,A0A060HRA2,protein of unknown function
gene1903,NVIE_017840,NVIE_017840,A0A060HSB1,"xylose isomerase domain-containing protein, TIM barrel"
gene1904,NVIE_017850,NVIE_017850,A0A060HKP3,putative polysaccharide deacetylase
gene1905,NVIE_017860,NVIE_017860,A0A060HHG8,protein of unknown function
gene1906,NVIE_017870,NVIE_017870,A0A060HLE8,protein of unknown function
gene1907,NVIE_017880,NVIE_017880,A0A060HRA6,protein of unknown function
gene1908,NVIE_1836,NVIE_1836,A0A060HSB6,protein of unknown function
gene1909,NVIE_017900,NVIE_017900,A0A060HKP8,putative pterin-4-alpha-carbinolamine dehydratase
gene1910,NVIE_017910,NVIE_017910,A0A060HHH3,exported protein of unknown function
gene1911,NVIE_017940,NVIE_017940,A0A060HLF1,putative serine/threonine protein kinase
gene1912,NVIE_017950,NVIE_017950,A0A060HRB0,exported protein of unknown function
gene1913,NVIE_017960,NVIE_017960,A0A060HSC1,Carbonate dehydratase
gene1914,NVIE_017980,NVIE_017980,A0A060HKQ1,major facilitator superfamily transporter
gene1915,NVIE_017990,NVIE_017990,A0A060HHH7,exported protein of unknown function
gene1916,NVIE_018000,NVIE_018000,A0A060HLF7,putative glyoxalase/bleomycin resistance protein/dioxygenase superfamily protein
gene1917,NVIE_018010,NVIE_018010,A0A060HRB4,putative archaeal serine protease
gene1918,NVIE_018020,NVIE_018020,A0A060HSC5,Sialidase domain containing protein
gene1919,NVIE_018030,NVIE_018030,A0A060HKQ6,protein of unknown function
gene1920,NVIE_018040,NVIE_018040,A0A060HHI1,exported protein of unknown function
gene1921,NVIE_018050,NVIE_018050,A0A060HLG1,D-glucuronyl C5-epimerase
gene1922,NVIE_018060,NVIE_018060,A0A060HRC0,protein of unknown function DUF1326
gene1923,NVIE_018080,NVIE_018080,A0A060HSC9,protein of unknown function
gene1924,NVIE_018090,NVIE_018090,A0A060HKR0,"putative Glycoside hydrolase, family 5"
gene1925,NVIE_018100,NVIE_018100,A0A060HHI6,protein of unknown function
gene1926,NVIE_018110,NVIE_018110,A0A060HLG5,protein of unknown function
gene1927,NVIE_018120,NVIE_018120,A0A060HRD0,protein of unknown function
gene1928,NVIE_018130,NVIE_018130,A0A060HSD4,"putative Glycosyl transferase, family 2"
gene1929,NVIE_018140,NVIE_018140,A0A060HKR4,protein of unknown function
gene1930,NVIE_018150,msrB2,A0A060HHJ0,methionine sulfoxide reductase B
gene1931,NVIE_018160,msrA,A0A060HLH1,peptide methionine sulfoxide reductase
gene1932,NVIE_018190,NVIE_018190,A0A060HRD4,protein of unknown function
gene1933,NVIE_018200,NVIE_018200,A0A060HSD8,protein of unknown function
gene1934,NVIE_t0270,NVIE_t0270,#N/A,tRNA-Gly
gene1935,NVIE_018210,NVIE_018210,#N/A,"transposase IS605 OrfB family (fragment, part 2)"
gene1936,NVIE_018230,NVIE_018230,A0A060HKR8,protein of unknown function
gene1937,NVIE_018240,NVIE_018240,A0A060HHJ6,exported protein of unknown function
gene1938,NVIE_018250,NVIE_018250,A0A060HLH6,exported protein of unknown function
gene1939,NVIE_018260,NVIE_018260,A0A060HRD7,hypothetical protein
gene1940,NVIE_018270,NVIE_018270,A0A060HSE2,hypothetical protein
gene1941,NVIE_018280,NVIE_018280,A0A060HKS4,putative nascent polypeptide-associated complex protein
gene1942,NVIE_018290,NVIE_018290,A0A060HHK2,putative PUA domain protein
gene1943,NVIE_018300,phoU3,A0A060HLI1,Phosphate-specific transport system accessory protein PhoU homolog
gene1944,NVIE_018310,NVIE_018310,A0A060HRE1,putative transcriptional regulator
gene1945,NVIE_018320,NVIE_018320,A0A060HSE7,putative GTP-binding protein
gene1946,NVIE_018330,NVIE_018330,A0A060HKS8,putative tRNA ribose 2'-O-methyltransferase
gene1947,NVIE_018340,NVIE_018340,A0A060HHK6,conserved protein of unknown function
gene1948,NVIE_018350,NVIE_018350,A0A060HLI6,protein of unknown function
gene1949,NVIE_018360,NVIE_018360,A0A060HRE4,"putative transcriptional regulator, ArsR family"
gene1950,NVIE_018370,NVIE_018370,A0A060HSF1,hypothetical protein
gene1951,NVIE_018380,acsA2,A0A060HKT2,acetyl-CoA synthetase
gene1952,NVIE_018390,NVIE_018390,A0A060HHL3,putative membrane alanyl aminopeptidase
gene1953,NVIE_018400,NVIE_018400,A0A060HLJ2,alpha/beta hydrolase fold protein
gene1954,NVIE_018410,NVIE_018410,A0A060HRE8,putative GCN5-related N-acetyltransferase
gene1955,NVIE_1884,NVIE_1884,A0A060HSF4,hypothetical protein
gene1956,NVIE_018420,NVIE_018420,A0A060HKT7,putative CMP/dCMP deaminase zinc-binding
gene1957,NVIE_1886,NVIE_1886,A0A060HHL9,protein of unknown function
gene1958,NVIE_018430,NVIE_018430,A0A060HLJ8,protein of unknown function
gene1959,NVIE_018440,NVIE_018440,A0A060HRF1,protein of unknown function
gene1960,NVIE_018450,NVIE_018450,A0A060HSF9,conserved protein of unknown function
gene1961,NVIE_018460,NVIE_018460,A0A060HKU1,protein of unknown function
gene1962,NVIE_018470,polX,A0A060HHM4,DNA polymerase X family
gene1963,NVIE_018480,NVIE_018480,A0A060HLK2,hypothetical protein
gene1964,NVIE_018490,NVIE_018490,A0A060HRF5,putative FAD-dependent pyridine nucleotide-disulphide oxidoreductase (sulfide:quinone oxidoreductase-like)
gene1965,NVIE_1893,NVIE_1893,A0A060HSG3,protein of unknown function
gene1966,NVIE_018500,NVIE_018500,A0A060HKU4,"putative oxidoreductase, short chain dehydrogenase/reductase family"
gene1967,NVIE_1895,NVIE_1895,A0A060HHN0,hypothetical protein
gene1968,NVIE_018510,NVIE_018510,A0A060HLK8,putative phosphatidate cytidylyltransferase
gene1969,NVIE_1897,NVIE_1897,A0A060HRF9,conserved protein of unknown function
gene1970,NVIE_1898,NVIE_1898,A0A060HSG7,conserved membrane protein of unknown function
gene1971,NVIE_018530,NVIE_018530,A0A060HKV0,hypothetical protein
gene1972,NVIE_018540,NVIE_018540,A0A060HHN6,hypothetical protein
gene1973,NVIE_018550,glnA2,A0A060HLL2,glutamate-ammonia ligase / glutamine synthetase
gene1974,NVIE_018560,NVIE_018560,A0A060HRG3,protein of unknown function
gene1975,NVIE_018570,NVIE_018570,A0A060HSH2,hypothetical protein
gene1976,NVIE_018580,NVIE_018580,A0A060HKV3,putative PpiC-type peptidyl-prolyl cis-trans isomerase
gene1977,NVIE_018590,NVIE_018590,A0A060HHP0,protein of unknown function with cupredoxin domain
gene1978,NVIE_018600,NVIE_018600,A0A060HLL8,hypothetical protein
gene1979,NVIE_018610,NVIE_018610,A0A060HRG5,conserved protein of unknown function
gene1980,NVIE_1908,NVIE_1908,A0A060HSH6,"putative (P)ppGpp synthetase I, SpoT/RelA"
gene1981,NVIE_1909,NVIE_1909,A0A060HKV8,exported protein of unknown function
gene1982,NVIE_018630,NVIE_018630,A0A060HHP6,putative chaperone DnaJ
gene1983,NVIE_018640,NVIE_018640,A0A060HLM2,putative transposase IS891/IS1136/IS1341
gene1984,NVIE_018650,cobI,A0A060HRG9,precorrin-2 C20-methyltransferase
gene1985,NVIE_018660,cobM,A0A060HSI0,precorrin-4 C11-methyltransferase
gene1986,NVIE_018670,NVIE_018670,A0A060HKW2,protein of unknown function
gene1987,NVIE_018680,NVIE_018680,A0A060HHQ1,protein of unknown function
gene1988,NVIE_018690,NVIE_018690,A0A060HLM8,exported protein of unknown function
gene1989,NVIE_018700,NVIE_018700,A0A060HRH3,SNF7-domain-containing protein
gene1990,NVIE_018710,NVIE_018710,A0A060HSI4,protein of unknown function
gene1991,NVIE_018720,NVIE_018720,A0A060HKW6,hypothetical protein
gene1992,NVIE_018730,NVIE_018730,A0A060HHQ8,hypothetical protein
gene1993,NVIE_018750,NVIE_018750,A0A060HLN2,conserved protein of unknown function
gene1994,NVIE_018760,NVIE_018760,A0A060HRH6,protein of unknown function
gene1995,NVIE_018770,NVIE_018770,A0A060HSJ0,protein of unknown function
gene1996,NVIE_018780,NVIE_018780,A0A060HKX1,exported protein of unknown function
gene1997,NVIE_1926,NVIE_1926,A0A060HHR2,protein of unknown function
gene1998,NVIE_018790,NVIE_018790,A0A060HLN7,protein of unknown function
gene1999,NVIE_018800,NVIE_018800,A0A060HRI0,putative glutamate racemase
gene2000,NVIE_018810,NVIE_018810,A0A060HSJ5,protein of unknown function
gene2001,NVIE_018820,NVIE_018820,A0A060HKX6,protein of unknown function
gene2002,NVIE_018830,NVIE_018830,A0A060HHR7,transposase
gene2003,NVIE_018840,NVIE_018840,A0A060HLP2,membrane protein of unknown function
gene2004,NVIE_1933,NVIE_1933,A0A060HRI4,protein of unknown function
gene2005,NVIE_1934,NVIE_1934,A0A060HSK0,protein of unknown function
gene2006,NVIE_018850,NVIE_018850,A0A060HKY1,undecaprenyl pyrophosphate synthase
gene2007,NVIE_018860,NVIE_018860,A0A060HHS4,exported protein of unknown function
gene2008,NVIE_018870,NVIE_018870,A0A060HLP6,protein of unknown function
gene2009,NVIE_018880,NVIE_018880,A0A060HRI8,hypothetical protein
gene2010,NVIE_018900,NVIE_018900,A0A060HSK5,hypothetical protein
gene2011,NVIE_018920,NVIE_018920,A0A060HKY6,protein of unknown function
gene2012,NVIE_018930,NVIE_018930,A0A060HHS8,protein of unknown function
gene2013,NVIE_018960,NVIE_018960,A0A060HLQ1,monovalent cation/proton antiporter-2 family protein
gene2014,NVIE_018970,NVIE_018970,A0A060HRJ3,hypothetical protein
gene2015,NVIE_018980,NVIE_018980,A0A060HSL0,putative NAD-dependent alcohol dehydrogenase
gene2016,NVIE_018990,NVIE_018990,A0A060HKY9,protein of unknown function
gene2017,NVIE_019000,NVIE_019000,A0A060HHT4,conserved protein of unknown function
gene2018,NVIE_019010,terC,A0A060HLQ7,tellurium ion resistance family protein
gene2019,NVIE_019020,NVIE_019020,A0A060HRK0,conserved protein of unknown function
gene2020,NVIE_019030,NVIE_019030,A0A060HSL6,conserved protein of unknown function
gene2021,NVIE_1952,NVIE_1952,A0A060HKZ3,protein of unknown function
gene2022,NVIE_019040,NVIE_019040,A0A060HHT9,protein of unknown function
gene2023,NVIE_1954,NVIE_1954,A0A060HLR5,protein of unknown function
gene2024,NVIE_019050,NVIE_019050,A0A060HRK5,protein of unknown function
gene2025,NVIE_1956,NVIE_1956,A0A060HSM1,protein of unknown function
gene2026,NVIE_019060,NVIE_019060,A0A060HKZ7,exported protein of unknown function
gene2027,NVIE_019070,NVIE_019070,A0A060HHU5,protein of unknown function
gene2028,NVIE_019080,amoC4,A0A060HLS1,ammonia monooxygenase subunit C
gene2029,NVIE_019090,NVIE_019090,A0A060HRK9,protein of unknown function
gene2030,NVIE_019100,NVIE_019100,A0A060HSM6,protein of unknown function
gene2031,NVIE_019110,NVIE_019110,#N/A,fragment of hypothetical protein
gene2032,NVIE_019140,NVIE_019140,#N/A,"fragment of putative transposase, IS605 OrfB family (part 2)"
gene2033,NVIE_019150,NVIE_019150,A0A060HL02,protein of unknown function
gene2034,NVIE_019160,NVIE_019160,A0A060HHV0,protein of unknown function
gene2035,NVIE_019170,NVIE_019170,A0A060HLS8,conserved protein of unknown function
gene2036,NVIE_019180,NVIE_019180,A0A060HRL4,protein of unknown function
gene2037,NVIE_019190,NVIE_019190,A0A060HSN4,protein of unknown function
gene2038,NVIE_019200,NVIE_019200,A0A060HL05,protein of unknown function
gene2039,NVIE_019210,NVIE_019210,A0A060HHV5,protein of unknown function
gene2040,NVIE_019220,NVIE_019220,A0A060HLT6,protein of unknown function
gene2041,NVIE_019230,NVIE_019230,A0A060HRM0,protein of unknown function
gene2042,NVIE_1975,NVIE_1975,A0A060HSN9,protein of unknown function
gene2043,NVIE_019240,NVIE_019240,A0A060HL10,protein of unknown function
gene2044,NVIE_019250,NVIE_019250,A0A060HHW1,Multicopper oxidase type 3
gene2045,NVIE_019260,NVIE_019260,A0A060HLU4,exported protein of unknown function
gene2046,NVIE_019270,NVIE_019270,A0A060HRM5,protein of unknown function
gene2047,NVIE_019280,yjiB,A0A060HSP4,putative cytochrome P450 YjiB
gene2048,NVIE_019290,NVIE_019290,A0A060HL14,conserved protein of unknown function
gene2049,NVIE_019310,NVIE_019310,A0A060HHW7,putative 4Fe-4S ferredoxin iron-sulfur binding domain protein
gene2050,NVIE_1985,NVIE_1985,A0A060HLV2,protein of unknown function
gene2051,NVIE_019330,NVIE_019330,A0A060HRN1,putative AsnC family protein
gene2052,NVIE_1987,NVIE_1987,A0A060HSQ0,protein of unknown function
gene2053,NVIE_019350,NVIE_019350,A0A060HL18,hypothetical protein
gene2054,NVIE_019370,NVIE_019370,A0A060HHX2,exported protein of unknown function
gene2055,NVIE_1990,NVIE_1990,A0A060HLV8,protein of unknown function
gene2056,NVIE_019380,NVIE_019380,A0A060HRN6,protein of unknown function
gene2057,NVIE_019390,NVIE_019390,A0A060HSQ5,protein of unknown function
gene2058,NVIE_019400,NVIE_019400,A0A060HL22,protein of unknown function
gene2059,NVIE_019410,NVIE_019410,A0A060HHX6,protein of unknown function
gene2060,NVIE_019420,NVIE_019420,A0A060HLW6,protein of unknown function
gene2061,NVIE_019430,NVIE_019430,A0A060HRP1,conserved protein of unknown function
gene2062,NVIE_019440,NVIE_019440,A0A060HSR0,protein of unknown function
gene2063,NVIE_019450,NVIE_019450,A0A060HL25,protein of unknown function
gene2064,NVIE_019460,NVIE_019460,A0A060HHY1,exported protein of unknown function
gene2065,NVIE_1999,NVIE_1999,A0A060HLX4,conserved protein of unknown function
gene2066,NVIE_019470,NVIE_019470,A0A060HRP7,"exported or cell surface associated protein of unknown function containing glycoside hydrolase/deacetylase, fibronectin and HYR-domains"
gene2067,NVIE_019480,NVIE_019480,A0A060HSR5,exported protein of unknown function
gene2068,NVIE_019490,NVIE_019490,A0A060HL29,protein of unknown function
gene2069,NVIE_019500,NVIE_019500,A0A060HHY6,DedA family protein
gene2070,NVIE_019510,NVIE_019510,A0A060HLY0,conserved protein of unknown function
gene2071,NVIE_019520,NVIE_019520,A0A060HRQ2,"putative transcriptional regulator, AsnC family"
gene2072,NVIE_019530,NVIE_019530,A0A060HSS1,conserved protein of unknown function
gene2073,NVIE_019540,NVIE_019540,A0A060HL33,protein of unknown function
gene2074,NVIE_019550,eIF-1a1,A0A060HHZ2,Translation initiation factor 1A (IF-1)
gene2075,NVIE_019560,NVIE_019560,A0A060HLY7,putative GTP-binding protein
gene2076,NVIE_019570,NVIE_019570,A0A060HRQ7,protein of unknown function
gene2077,NVIE_019580,tfb4,A0A060HSS7,transcription initiation factor IIB
gene2078,NVIE_2011,NVIE_2011,A0A060HL37,protein of unknown function
gene2079,NVIE_019590,NVIE_019590,A0A060HHZ6,hypothetical protein
gene2080,NVIE_2012,NVIE_2012,A0A060HLZ6,protein of unknown function
gene2081,NVIE_019600,NVIE_019600,A0A060HRR3,protein of unknown function
gene2082,NVIE_019610,NVIE_019610,A0A060HST1,protein of unknown function
gene2083,NVIE_019620,NVIE_019620,A0A060HL40,protein of unknown function
gene2084,NVIE_019630,NVIE_019630,A0A060HI01,protein of unknown function
gene2085,NVIE_019640,NVIE_019640,A0A060HM03,putative adenylate cyclase
gene2086,NVIE_019650,NVIE_019650,A0A060HRR8,putative Fe-S oxidoreductase
gene2087,NVIE_019660,NVIE_019660,A0A060HST5,protein of unknown function
gene2088,NVIE_019670,NVIE_019670,A0A060HL44,conserved protein of unknown function
gene2089,NVIE_019680,cdc48-4,A0A060HI06,"AAA family ATPase, CDC48 subfamily protein"
gene2090,NVIE_019690,NVIE_019690,A0A060HM10,"ABC efflux transporter, permease protein"
gene2091,NVIE_019700,NVIE_019700,A0A060HRS3,"ABC efflux transporter, ATP-binding protein, Drug Exporter-1 (DrugE1) Family"
gene2092,NVIE_019710,NVIE_019710,A0A060HSU0,protein of unknown function
gene2093,NVIE_019720,NVIE_019720,A0A060HL50,protein of unknown function
gene2094,NVIE_019730,NVIE_019730,A0A060HI13,protein of unknown function
gene2095,NVIE_019740,NVIE_019740,A0A060HM18,protein of unknown function
gene2096,NVIE_019750,NVIE_019750,A0A060HRS8,putative SAM-dependent methyltransferase
gene2097,NVIE_019760,NVIE_019760,A0A060HSU5,"Transcriptional regulator, AsnC family"
gene2098,NVIE_019770,NVIE_019770,A0A060HL55,exported protein of unknown function
gene2099,NVIE_019780,NVIE_019780,A0A060HI18,conserved protein of unknown function
gene2100,NVIE_019790,NVIE_019790,A0A060HM23,protein of unknown function
gene2101,NVIE_019800,NVIE_019800,A0A060HRT1,membrane protein of unknown function
gene2102,NVIE_019810,NVIE_019810,A0A060HSV0,protein of unknown function
gene2103,NVIE_019820,NVIE_019820,A0A060HL60,putative integrase family protein
gene2104,NVIE_019830,NVIE_019830,A0A060HI24,protein of unknown function
gene2105,NVIE_019840,NVIE_019840,A0A060HM30,protein of unknown function
gene2106,NVIE_019850,ths3,A0A060HRT5,archaeal thermosome
gene2107,NVIE_019860,NVIE_019860,A0A060HSV6,protein of unknown function
gene2108,NVIE_019870,NVIE_019870,A0A060HL67,Nucleotide-binding protein related to universal stress protein UspA
gene2109,NVIE_019880,NVIE_019880,A0A060HI31,protein of unknown function
gene2110,NVIE_019890,NVIE_019890,A0A060HM38,protein of unknown function
gene2111,NVIE_019900,NVIE_019900,A0A060HRU0,protein of unknown function
gene2112,NVIE_019910,tfb5,A0A060HSW2,Transcription initiation factor IIB
gene2113,NVIE_019920,NVIE_019920,A0A060HL73,conserved protein of unknown function
gene2114,NVIE_019930,NVIE_019930,#N/A,fragment of 3-isopropylmalate dehydratase (part 3)
gene2115,NVIE_2045,NVIE_2045,A0A060HI38,protein of unknown function
gene2116,NVIE_019970,NVIE_019970,#N/A,fragment of putative zinc metalloprotease (part 2)
gene2117,NVIE_019980,NVIE_019980,A0A060HM44,protein of unknown function
gene2118,NVIE_019990,NVIE_019990,A0A060HRU6,hypothetical protein
gene2119,NVIE_020000,NVIE_020000,#N/A,putative integrase family protein
gene2120,NVIE_020010,NVIE_020010,A0A060HL79,putative Rieske 2Fe-2S domain protein
gene2121,NVIE_020020,NVIE_020020,A0A060HI45,conserved protein of unknown function
gene2122,NVIE_020030,NVIE_020030,A0A060HM50,protein of unknown function
gene2123,NVIE_020040,NVIE_020040,A0A060HRV4,conserved exported protein of unknown function
gene2124,NVIE_020060,NVIE_020060,A0A060HSX5,exported protein of unknown function with cupredoxin domain
gene2125,NVIE_020070,NVIE_020070,A0A060HL84,protein of unknown function
gene2126,NVIE_020080,NVIE_020080,A0A060HI50,protein of unknown function
gene2127,NVIE_020090,NVIE_020090,A0A060HM57,exported protein of unknown function
gene2128,NVIE_020100,NVIE_020100,A0A060HRW2,protein of unknown function
gene2129,NVIE_2060,NVIE_2060,A0A060HSY1,protein of unknown function
gene2130,NVIE_020110,NVIE_020110,A0A060HL89,protein of unknown function
gene2131,NVIE_020120,NVIE_020120,A0A060HI56,putative small-conductance mechanosensitive ion channel protein
gene2132,NVIE_020130,NVIE_020130,A0A060HM65,Adenylyl cyclase class-3/4/guanylyl cyclase
gene2133,NVIE_020140,NVIE_020140,A0A060HRW9,protein of unknown function
gene2134,NVIE_020150,NVIE_020150,A0A060HSY8,exported protein of unknown function
gene2135,NVIE_020160,htpX,A0A060HL94,Protease HtpX homolog 2
gene2136,NVIE_020170,NVIE_020170,A0A060HI64,protein of unknown function
gene2137,NVIE_020180,dps3,A0A060HM71,"ferritin, Dps family protein"
gene2138,NVIE_020190,NVIE_020190,A0A060HRX5,rieske 2Fe-2S iron-sulphur domain protein
gene2139,NVIE_020200,NVIE_020200,A0A060HSZ5,hypothetical protein
gene2140,NVIE_020210,nadE,A0A060HL98,NH(3)-dependent NAD(+) synthetase
gene2141,NVIE_020220,NVIE_020220,A0A060HI69,conserved protein of unknown function
gene2142,NVIE_020230,NVIE_020230,A0A060HM78,exported protein of unknown function
gene2143,NVIE_020240,NVIE_020240,A0A060HRY2,protein of unknown function
gene2144,NVIE_020250,NVIE_020250,A0A060HT01,conserved protein of unknown function
gene2145,NVIE_020260,sdr-2,A0A060HLA4,glucose/ribitol dehydrogenase family protein
gene2146,NVIE_020270,nrdZ,A0A060HI75,ribonucleoside-diphosphate reductase
gene2147,NVIE_020280,NVIE_020280,A0A060HM85,putative anaerobic ribonucleoside-triphosphate reductase
gene2148,NVIE_020290,snf7,A0A060HRY9,SNF7 domain-containing protein
gene2149,NVIE_020300,NVIE_020300,A0A060HT06,hypothetical protein
gene2150,NVIE_020310,NVIE_020310,A0A060HLA9,protein of unknown function
gene2151,NVIE_020320,NVIE_020320,A0A060HI82,putative beta-ketothiolase beta subunit
gene2152,NVIE_020330,NVIE_020330,A0A060HM92,acetoacetyl-CoA thiolase subunit A
gene2153,NVIE_020340,topA,A0A060HRZ8,DNA topoisomerase IA
gene2154,NVIE_020350,NVIE_020350,A0A060HT13,protein of unknown function
gene2155,NVIE_020360,NVIE_020360,A0A060HLB5,conserved protein of unknown function
gene2156,NVIE_020370,NVIE_020370,A0A060HI87,putative carbon-nitrogen hydrolase
gene2157,NVIE_020380,NVIE_020380,A0A060HM99,putative 4-oxalocrotonate tautomerase
gene2158,NVIE_020390,NVIE_020390,A0A060HS06,putative helix-turn-helix domain-containing protein
gene2159,NVIE_020400,NVIE_020400,A0A060HT19,uracil-DNA glycosylase
gene2160,NVIE_020410,tfe,A0A060HLC0,transcription factor E
gene2161,NVIE_020420,NVIE_020420,A0A060HI94,protein of unknown function
gene2162,NVIE_020430,NVIE_020430,A0A060HMA6,exported protein of unknown function
gene2163,NVIE_020440,NVIE_020440,A0A060HS15,putative adenylate cyclase (modular protein)
gene2164,NVIE_2094,NVIE_2094,A0A060HT25,conserved protein of unknown function
gene2165,NVIE_020450,NVIE_020450,A0A060HLC6,"putative signal transduction response regulator, receiver domain"
gene2166,NVIE_020460,ctaA2,A0A060HI99,putative cytochrome oxidase assembly protein
gene2167,NVIE_2097,NVIE_2097,A0A060HMB3,protein of unknown function
gene2168,NVIE_020470,NVIE_020470,A0A060HS21,protein of unknown function
gene2169,NVIE_020480,NVIE_020480,A0A060HT30,protein of unknown function
gene2170,NVIE_020490,polB,A0A060HLD2,DNA polymerase II small subunit
gene2171,NVIE_020500,cdc6-3,A0A060HIA6,cell division control protein 6
gene2172,NVIE_2101,NVIE_2101,A0A060HMB8,hypothetical protein
gene2173,NVIE_020510,NVIE_020510,A0A060HS29,hypothetical protein
gene2174,NVIE_020520,NVIE_020520,A0A060HT38,hypothetical protein
gene2175,NVIE_020530,NVIE_020530,A0A060HLD8,geranylgeranylglyceryl phosphate synthase
gene2176,NVIE_020540,polC,A0A060HIB2,DNA polymerase II large subunit
gene2177,NVIE_020550,NVIE_020550,A0A060HMC7,exported protein of unknown function
gene2178,NVIE_020560,NVIE_020560,A0A060HS36,putative ThiF family protein
gene2179,NVIE_020570,thrC2,A0A060HT42,threonine synthase
gene2180,NVIE_020580,hisI,A0A060HLE3,phosphoribosyl-AMP cyclohydrolase
gene2181,NVIE_2110,NVIE_2110,A0A060HIB9,protein of unknown function
gene2182,NVIE_020590,NVIE_020590,A0A060HMD3,protein of unknown function
gene2183,NVIE_020600,NVIE_020600,A0A060HS44,DUF1743 domain-containing protein
gene2184,NVIE_2113,NVIE_2113,A0A060HT47,protein of unknown function
gene2185,NVIE_020610,NVIE_020610,A0A060HLF0,4Fe-4S ferredoxin iron-sulfur binding domain protein
gene2186,NVIE_020630,NVIE_020630,A0A060HIC4,protein of unknown function
gene2187,NVIE_020640,NVIE_020640,A0A060HMD8,hypothetical protein
gene2188,NVIE_020650,NVIE_020650,A0A060HS52,"putative transcriptional regulator, AsnC family"
gene2189,NVIE_020660,cbiE,A0A060HT52,"cobalt-precorrin-6Y C(5,15)-methyltransferase"
gene2190,NVIE_020670,NVIE_020670,A0A060HLF5,conserved protein of unknown function
gene2191,NVIE_020690,NVIE_020690,A0A060HIC9,conserved protein of unknown function
gene2192,NVIE_020700,NVIE_020700,A0A060HME5,hypothetical protein
gene2193,NVIE_020710,NVIE_020710,A0A060HS59,conserved protein of unknown function
gene2194,NVIE_020720,NVIE_020720,A0A060HT57,"protein of unknown function DUF95, transmembrane"
gene2195,NVIE_020730,NVIE_020730,A0A060HLG2,monovalent cation/proton antiporter-2 family protein
gene2196,NVIE_020740,NVIE_020740,A0A060HID5,major intrinsic protein
gene2197,NVIE_020750,arsC,A0A060HMF0,arsenate reductase
gene2198,NVIE_020760,NVIE_020760,A0A060HS67,putative arsenite methyltransferase
gene2199,NVIE_020770,NVIE_020770,A0A060HT62,"putative transcriptional regulator, HxlR family"
gene2200,NVIE_020780,NVIE_020780,A0A060HLG7,protein of unknown function
gene2201,NVIE_020790,NVIE_020790,A0A060HIE1,protein of unknown function
gene2202,NVIE_2131,NVIE_2131,A0A060HMF6,protein of unknown function
gene2203,NVIE_020810,NVIE_020810,A0A060HS74,Thymidylate kinase (modular protein)
gene2204,NVIE_2133,tmk,A0A060HT70,putative thymidylate kinase
gene2205,NVIE_020820,NVIE_020820,A0A060HLH3,putative Ppx/GppA phosphatase
gene2206,NVIE_020830,NVIE_020830,A0A060HIE7,putative enzyme
gene2207,NVIE_020840,NVIE_020840,A0A060HMG2,exported protein of unknown function
gene2208,NVIE_020850,NVIE_020850,A0A060HS81,protein of unknown function
gene2209,NVIE_020860,pstS1,A0A060HT77,"ABC phosphate uptake transporter, substrate-binding protein"
gene2210,NVIE_020870,pstS2,A0A060HLH9,"ABC phosphate uptake transporter, substrate-binding protein"
gene2211,NVIE_020880,pstC,A0A060HIF5,phosphate transporter subunit ; membrane component of ABC superfamily
gene2212,NVIE_020890,pstA,A0A060HMG9,"ABC phosphate uptake transporter, permease protein"
gene2213,NVIE_020900,pstB,A0A060HS90,"ABC phosphate uptake transporter, ATP-binding protein"
gene2214,NVIE_020910,phoU1,A0A060HT84,Phosphate-specific transport system accessory protein PhoU homolog
gene2215,NVIE_020920,phoU2,A0A060HLI5,Phosphate-specific transport system accessory protein PhoU homolog
gene2216,NVIE_020930,NVIE_020930,A0A060HIG2,protein of unknown function
gene2217,NVIE_020940,NVIE_020940,A0A060HMH4,putative DNA methylase domain protein
gene2218,NVIE_020950,NVIE_020950,A0A060HS97,protein of unknown function
gene2219,NVIE_020960,NVIE_020960,A0A060HT90,protein of unknown function
gene2220,NVIE_020970,NVIE_020970,A0A060HLJ3,hypothetical protein
gene2221,NVIE_020980,NVIE_020980,A0A060HIG8,conserved membrane protein of unknown function
gene2222,NVIE_020990,NVIE_020990,A0A060HMH9,putative nickel-responsive regulator 1
gene2223,NVIE_021000,NVIE_021000,A0A060HSA4,putative nickel-responsive regulator 1
gene2224,NVIE_021010,NVIE_021010,A0A060HTA0,"Probable Zinc uptake transporter, substrate-binding protein"
gene2225,NVIE_021020,NVIE_021020,A0A060HLK0,"Probable Zinc uptake transporter, ATP-binding protein"
gene2226,NVIE_021030,NVIE_021030,A0A060HIH5,"Probable Zinc uptake transporter, permease protein"
gene2227,NVIE_021040,NVIE_021040,A0A060HMI4,conserved protein of unknown function
gene2228,NVIE_021050,NVIE_021050,A0A060HSB2,protein of unknown function
gene2229,NVIE_021060,NVIE_021060,A0A060HTA8,putative UDP-glucuronosyltransferase
gene2230,NVIE_2159,NVIE_2159,A0A060HLK7,fragment/protein of unknown function
gene2231,NVIE_021070,NVIE_021070,A0A060HII2,exported protein of unknown function
gene2232,NVIE_021080,NVIE_021080,A0A060HMI9,Kelch repeat-containing protein
gene2233,NVIE_021090,NVIE_021090,A0A060HSB8,protein of unknown function
gene2234,NVIE_021100,NVIE_021100,A0A060HTB6,protein of unknown function
gene2235,NVIE_021110,NVIE_021110,A0A060HLL3,putative aspartokinase
gene2236,NVIE_021120,ilvE2,A0A060HII9,branched-chain amino-acid aminotransferase
gene2237,NVIE_021130,NVIE_021130,A0A060HMJ5,hypothetical protein
gene2238,NVIE_021140,NVIE_021140,A0A060HSC6,putative molybdopterin binding protein
gene2239,NVIE_021150,eIF-6,A0A060HTC3,translation initiation factor 6
gene2240,NVIE_021160,NVIE_021160,A0A060HLM0,exported protein of unknown function
gene2241,NVIE_021170,NVIE_021170,A0A060HIJ6,"putative NADP oxidoreductase, coenzyme F420-dependent"
gene2242,NVIE_021180,NVIE_021180,A0A060HMJ9,protein of unknown function
gene2243,NVIE_021190,NVIE_021190,A0A060HSD3,protein of unknown function
gene2244,NVIE_021200,NVIE_021200,A0A060HTD0,YcfA family protein
gene2245,NVIE_021210,NVIE_021210,A0A060HLM6,protein of unknown function
gene2246,NVIE_021220,pyrB,A0A060HIK2,aspartate carbamoyltransferase
gene2247,NVIE_021230,NVIE_021230,A0A060HMK3,putative O-methyltransferase
gene2248,NVIE_021240,NVIE_021240,A0A060HSE0,protein of unknown function
gene2249,NVIE_021250,NVIE_021250,A0A060HTD9,putative transcription regulator AbrB/SpoV
gene2250,NVIE_021260,NVIE_021260,A0A060HLN3,"putative transcriptional modulator of MazE/toxin, MazF"
gene2251,NVIE_2179,NVIE_2179,A0A060HIK7,fragment/protein of unknown function
gene2252,NVIE_021280,NVIE_021280,#N/A,putative integrase family protein
gene2253,NVIE_021290,NVIE_021290,A0A060HSE5,putative PIN domain-containing protein
gene2254,NVIE_021300,NVIE_021300,A0A060HTE7,hypothetical protein
gene2255,NVIE_021310,NVIE_021310,A0A060HLN9,"putative membrane associated signal transduction histidine kinase, with phosphoacceptor and ATP binding domain"
gene2256,NVIE_021320,NVIE_021320,A0A060HIL5,putative Polar-differentiation response regulator divK
gene2257,NVIE_021330,NVIE_021330,A0A060HMN1,"putative signal transduction response regulator, receiver domain"
gene2258,NVIE_021340,NVIE_021340,A0A060HSH1,"putative membrane associated signal transduction histidine kinase, with HAMP linker, ATP binding domain"
gene2259,NVIE_021350,NVIE_021350,A0A060HTH3,exported protein of unknown function
gene2260,NVIE_021370,NVIE_021370,A0A060HLR1,conserved protein of unknown function
gene2261,NVIE_021380,NVIE_021380,A0A060HIN2,protein of unknown function
gene2262,NVIE_021390,NVIE_021390,A0A060HMQ2,protein of unknown function
gene2263,NVIE_021400,NVIE_021400,A0A060HSI5,conserved protein of unknown function
gene2264,NVIE_2193,NVIE_2193,A0A060HTJ0,protein of unknown function
gene2265,NVIE_021410,NVIE_021410,A0A060HLS5,putative integrase family protein
gene2266,NVIE_021420,NVIE_021420,A0A060HIN5,protein of unknown function
gene2267,NVIE_021430,cdc6-4,A0A060HMR0,Cell division control protein 6 family protein
gene2268,NVIE_021440,NVIE_021440,A0A060HSI9,protein of unknown function
gene2269,NVIE_021450,NVIE_021450,A0A060HTJ5,putative PIN domain nuclease
gene2270,NVIE_2199,NVIE_2199,A0A060HLT0,protein of unknown function DUF217
gene2271,NVIE_2200,NVIE_2200,A0A060HIN6,protein of unknown function
gene2272,NVIE_021460,NVIE_021460,A0A060HMR3,hypothetical protein
gene2273,NVIE_021470,NVIE_021470,A0A060HSJ1,hypothetical protein
gene2274,NVIE_2203,NVIE_2203,A0A060HTK0,fragment/protein of unknown function
gene2275,NVIE_021480,NVIE_021480,A0A060HLT3,protein of unknown function
gene2276,NVIE_021490,NVIE_021490,A0A060HIN9,protein of unknown function
gene2277,NVIE_021500,NVIE_021500,A0A060HMR7,conserved protein of unknown function
gene2278,NVIE_021510,NVIE_021510,A0A060HSJ6,conserved protein of unknown function
gene2279,NVIE_021530,NVIE_021530,A0A060HTK4,conserved membrane protein of unknown function
gene2280,NVIE_021540,NVIE_021540,A0A060HLT7,protein of unknown function
gene2281,NVIE_021550,NVIE_021550,A0A060HIP3,hypothetical protein
gene2282,NVIE_2211,NVIE_2211,A0A060HMR9,protein of unknown function
gene2283,NVIE_021560,NVIE_021560,A0A060HSJ9,protein of unknown function
gene2284,NVIE_021570,NVIE_021570,A0A060HTK8,exported protein of unknown function
gene2285,NVIE_021580,ths4,A0A060HLU1,archaeal thermosome
gene2286,NVIE_021590,NVIE_021590,A0A060HIP6,putative transcriptional regulatory protein arsR family
gene2287,NVIE_021600,hsp20-3,A0A060HMS4,heat-shock protein Hsp22
gene2288,NVIE_021610,cdc48-5,A0A060HSK4,"AAA family ATPase, CDC48 subfamily"
gene2289,NVIE_021630,NVIE_021630,#N/A,protein of unknown function
gene2290,NVIE_021650,NVIE_021650,#N/A,fragment of hypothetical protein (part 1)
gene2291,NVIE_021670,NVIE_021670,A0A060HTL2,Mannose-6-phosphate isomerase
gene2292,NVIE_021680,NVIE_021680,A0A060HLU7,"NAD-dependent epimerase/dehydratase family, includes UDP-galactose 4-epimerase-like proteins"
gene2293,NVIE_021690,NVIE_021690,A0A060HIP8,hypothetical protein
gene2294,NVIE_021700,cysC,A0A060HMS6,putative adenylyl-sulfate kinase
gene2295,NVIE_021710,NVIE_021710,A0A060HSK7,"putative Glycosyl transferase, group 1"
gene2296,NVIE_021720,NVIE_021720,A0A060HTL7,putative Sulfotransferase domain protein
gene2297,NVIE_021730,NVIE_021730,A0A060HLV0,putative Dolichyl-phosphate-mannose-protein mannosyltransferase
gene2298,NVIE_021740,NVIE_021740,A0A060HIQ1,N-Acyltransferase superfamily enzyme
gene2299,NVIE_021750,NVIE_021750,A0A060HMT1,putative xylanase/chitin deacetylase
gene2300,NVIE_021760,NVIE_021760,A0A060HSL1,Putative polysaccharide transporter
gene2301,NVIE_021770,NVIE_021770,A0A060HTM1,Glycosyltransferase
gene2302,NVIE_021780,NVIE_021780,A0A060HLV5,exported protein of unknown function
gene2303,NVIE_021790,NVIE_021790,A0A060HIQ2,protein of unknown function
gene2304,NVIE_021800,NVIE_021800,A0A060HMT6,conserved protein of unknown function
gene2305,NVIE_021810,NVIE_021810,A0A060HSL5,protein of unknown function
gene2306,NVIE_021820,NVIE_021820,A0A060HTM5,Endonuclease/exonuclease/phosphatase
gene2307,NVIE_021830,NVIE_021830,A0A060HLW0,protein of unknown function
gene2308,NVIE_021840,NVIE_021840,A0A060HIQ6,putative Transcriptional regulator
gene2309,NVIE_021860,glyA,A0A060HMT8,serine/glycine hydroxymethyltransferase
gene2310,NVIE_021870,NVIE_021870,A0A060HSL9,putative histone deacetylase superfamily (modular protein)
gene2311,NVIE_2243,ribE,A0A060HTN0,riboflavin synthase alpha chain
gene2312,NVIE_021880,ribB,A0A060HLW2,"3,4-dihydroxy-2-butanone 4-phosphate synthase"
gene2313,NVIE_2245,ribH,A0A060HIQ7,"riboflavin synthase, beta subunit"
gene2314,NVIE_021890,gch,A0A060HMU3,GTP cyclohydrolase III
gene2315,NVIE_021900,NVIE_021900,A0A060HSM3,putative amidohydrolase
gene2316,NVIE_021910,ribD,A0A060HTN5,"2,5-diamino-6-hydroxy-4-(5-phosphoribosylamino)pyrimidine 1-reductase, archaeal"
gene2317,NVIE_021920,NVIE_021920,A0A060HLW7,hypothetical protein
gene2318,NVIE_021930,NVIE_021930,A0A060HIQ9,exported protein of unknown function
gene2319,NVIE_021940,NVIE_021940,A0A060HMU6,hypothetical protein
gene2320,NVIE_021950,NVIE_021950,A0A060HSM8,hypothetical protein
gene2321,NVIE_021960,NVIE_021960,A0A060HTN9,putative cupredoxin
gene2322,NVIE_021970,rocA,A0A060HLX1,1-pyrroline-5-carboxylate dehydrogenase
gene2323,NVIE_021980,NVIE_021980,A0A060HIR1,putative proline dehydrogenase
gene2324,NVIE_021990,NVIE_021990,A0A060HMV0,"putative transcriptional regulator, MarR family"
gene2325,NVIE_022000,NVIE_022000,A0A060HSN1,hypothetical protein
gene2326,NVIE_022010,ada,A0A060HTP4,fused DNA-binding transcriptional dual regulator ; O6-methylguanine-DNA methyltransferase
gene2327,NVIE_022020,NVIE_022020,A0A060HLX6,"putative bifunctional fructose-1,6-bisphosphatase / inositol-1-monophosphatase"
gene2328,NVIE_022030,NVIE_022030,A0A060HIR4,protein of unknown function
gene2329,NVIE_022040,NVIE_022040,A0A060HMV4,protein of unknown function
gene2330,NVIE_022050,NVIE_022050,A0A060HSN5,hypothetical protein
gene2331,NVIE_022060,NVIE_022060,A0A060HTP9,protein of unknown function
gene2332,NVIE_t0280,NVIE_t0280,#N/A,tRNA-Asp
gene2333,NVIE_022070,bax1,A0A060HLY1,putative XPB associated nuclease Bax1
gene2334,NVIE_022080,xpb,A0A060HIR8,putative DNA repair helicase XPB
gene2335,NVIE_022090,NVIE_022090,A0A060HMV7,protein of unknown function
gene2336,NVIE_022110,amt2,A0A060HSP0,ammonium transporter
gene2337,NVIE_022120,NVIE_022120,A0A060HTQ5,protein of unknown function
gene2338,NVIE_022130,NVIE_022130,A0A060HLY5,exported protein of unknown function
gene2339,NVIE_022140,NVIE_022140,A0A060HIS2,protein of unknown function
gene2340,NVIE_022150,NVIE_022150,A0A060HMW1,hypothetical protein
gene2341,NVIE_022160,NVIE_022160,A0A060HSP5,protein of unknown function
gene2342,NVIE_022170,NVIE_022170,A0A060HTQ8,putative predicted metal-dependent hydrolase
gene2343,NVIE_022180,NVIE_022180,A0A060HLY9,"putative Type I restriction-modification system, restriction subunit R, site-specific deoxyribonuclease, HsdR family"
gene2344,NVIE_022190,NVIE_022190,A0A060HIS5,"putative Type I restriction-modification system, specificity subunit S"
gene2345,NVIE_022200,NVIE_022200,A0A060HMW3,"putative Type I restriction-modification system, modification subunit M"
gene2346,NVIE_022210,NVIE_022210,A0A060HSP6,protein of unknown function
gene2347,NVIE_022220,NVIE_022220,A0A060HTR3,"putative transcriptional regulator, HxlR family"
gene2348,NVIE_022230,psmA2,A0A060HLZ2,"proteasome, subunit alpha"
gene2349,NVIE_022240,psmB3,A0A060HIS9,"proteasome, subunit beta"
gene2350,NVIE_022250,NVIE_022250,A0A060HMW6,conserved protein of unknown function
gene2351,NVIE_022260,NVIE_022260,A0A060HSQ1,conserved protein of unknown function
gene2352,NVIE_022270,NVIE_022270,A0A060HTR7,protein of unknown function
gene2353,NVIE_022280,NVIE_022280,A0A060HLZ8,protein of unknown function
gene2354,NVIE_022290,NVIE_022290,A0A060HIT4,YcfA family protein (fragment)
gene2355,NVIE_022300,NVIE_022300,A0A060HMW9,protein of unknown function
gene2356,NVIE_022310,NVIE_022310,A0A060HSQ6,protein of unknown function
gene2357,NVIE_022320,NVIE_022320,A0A060HTS4,translation factor SUI1
gene2358,NVIE_022330,NVIE_022330,A0A060HM02,putative protease DO family protein
gene2359,NVIE_2290,NVIE_2290,A0A060HIT8,putative NADPH-dependent FMN reductase
gene2360,NVIE_022340,NVIE_022340,A0A060HMX3,putative pirin family protein
gene2361,NVIE_022350,NVIE_022350,A0A060HSQ9,putative small-conductance mechanosensitive ion channel
gene2362,NVIE_022360,NVIE_022360,A0A060HTS6,protein of unknown function
gene2363,NVIE_022370,NVIE_022370,A0A060HM07,nicotinamide-nucleotide adenylyltransferase
gene2364,NVIE_022380,metG,A0A060HIU2,methionine--tRNA ligase
gene2365,NVIE_022390,ahcY,A0A060HMX6,adenosylhomocysteinase
gene2366,NVIE_022400,NVIE_022400,A0A060HSR2,hypothetical protein
gene2367,NVIE_022410,NVIE_022410,A0A060HTT1,Rieske (2Fe-2S) domain-containing protein
gene2368,NVIE_022420,cysS-2,A0A060HM12,cysteine--tRNA ligase
gene2369,NVIE_022430,NVIE_022430,A0A060HIU7,hypothetical protein
gene2370,NVIE_022440,NVIE_022440,A0A060HMX9,hypothetical protein
gene2371,NVIE_022450,NVIE_022450,A0A060HSR7,putative beta-lactamase domain protein
gene2372,NVIE_022460,NVIE_022460,A0A060HTT7,protein of unknown function
gene2373,NVIE_022470,NVIE_022470,A0A060HM16,hypothetical protein
gene2374,NVIE_022480,NVIE_022480,A0A060HIV2,hypothetical protein
gene2375,NVIE_022490,NVIE_022490,A0A060HMY1,hypothetical protein
gene2376,NVIE_022500,NVIE_022500,A0A060HSS0,protein of unknown function
gene2377,NVIE_022510,NVIE_022510,A0A060HTU1,protein of unknown function
gene2378,NVIE_022520,nfi,A0A060HM20,endonuclease V
gene2379,NVIE_022530,tgtA,A0A060HIV8,7-cyano-7-deazaguanine tRNA-ribosyltransferase
gene2380,NVIE_022540,NVIE_022540,A0A060HMY4,"putative Sm-like ribonucleoprotein, core (modular protein)"
gene2381,NVIE_2311,NVIE_2311,A0A060HSS3,conserved protein of unknown function
gene2382,NVIE_022550,NVIE_022550,A0A060HTU6,protein of unknown function
gene2383,NVIE_022560,NVIE_022560,A0A060HM25,protein of unknown function
gene2384,NVIE_022570,NVIE_022570,A0A060HIW5,putative adenylate kinase
gene2385,NVIE_022580,NVIE_022580,A0A060HMY7,protein of unknown function
gene2386,NVIE_022590,NVIE_022590,A0A060HSS6,hypothetical protein
gene2387,NVIE_022600,NVIE_022600,A0A060HTV1,hypothetical protein
gene2388,NVIE_022610,NVIE_022610,A0A060HM29,DEAD-box ATP-dependent RNA helicase
gene2389,NVIE_022620,NVIE_022620,A0A060HIW9,protein of unknown function
gene2390,NVIE_022630,NVIE_022630,A0A060HMY9,protein of unknown function
gene2391,NVIE_022640,NVIE_022640,#N/A,protein of unknown function
gene2392,NVIE_022650,NVIE_022650,A0A060HTV5,putative Integrase family protein
gene2393,NVIE_022660,NVIE_022660,A0A060HM34,protein of unknown function
gene2394,NVIE_022670,NVIE_022670,A0A060HIX4,membrane protein of unknown function
gene2395,NVIE_022690,NVIE_022690,A0A060HMZ2,protein of unknown function
gene2396,NVIE_022700,NVIE_022700,A0A060HST4,protein of unknown function
gene2397,NVIE_022710,NVIE_022710,A0A060HTV9,protein of unknown function
gene2398,NVIE_022720,NVIE_022720,A0A060HM39,protein of unknown function
gene2399,NVIE_022730,NVIE_022730,A0A060HIX9,"putative cobyrinic acid a,c-diamide synthase"
gene2400,NVIE_022740,NVIE_022740,A0A060HMZ6,"putative transcriptional regulator, ArsR family"
gene2401,NVIE_022750,NVIE_022750,A0A060HST6,hypothetical protein
gene2402,NVIE_022760,ccdA,A0A060HTW4,Disulfide Bond oxidoreductase D family protein
gene2403,NVIE_022770,NVIE_022770,A0A060HM42,thiol-disulfide isomerase
gene2404,NVIE_022780,NVIE_022780,A0A060HIY4,conserved protein of unknown function
gene2405,NVIE_022790,pyrI,A0A060HMZ9,aspartate carbamoyltransferase regulatory subunit
gene2406,NVIE_022800,NVIE_022800,A0A060HST9,exported protein of unknown function
gene2407,NVIE_022810,NVIE_022810,A0A060HTW6,exported protein of unknown function
gene2408,NVIE_022820,NVIE_022820,A0A060HM46,hypothetical protein
gene2409,NVIE_022830,NVIE_022830,A0A060HIZ0,putative beta-lactamase domain protein
gene2410,NVIE_022840,NVIE_022840,A0A060HN04,conserved protein of unknown function
gene2411,NVIE_022860,NVIE_022860,A0A060HSU3,conserved protein of unknown function
gene2412,NVIE_022870,NVIE_022870,A0A060HTX1,putative signal-transduction protein
gene2413,NVIE_022880,NVIE_022880,A0A060HM51,hypothetical protein
gene2414,NVIE_022890,atpE,A0A060HIZ5,"archaeal A1A0-type ATP synthase, subunit E"
gene2415,NVIE_022900,atpA,A0A060HN08,"archaeal A1A0-type ATP synthase, subunit A"
gene2416,NVIE_022910,atpB,A0A060HSU8,"archaeal A1A0-type ATP synthase, subunit B"
gene2417,NVIE_022920,atpD,A0A060HTX6,"archaeal A1A0-type ATP synthase, subunit D"
gene2418,NVIE_022930,NVIE_022930,A0A060HM55,protein of unknown function
gene2419,NVIE_022940,atpK,A0A060HIZ9,"archaeal A1A0-type ATP synthase, subunit K"
gene2420,NVIE_022970,atpI,A0A060HN12,"archaeal A1A0-type ATP synthase, subunit I"
gene2421,NVIE_022980,NVIE_022980,A0A060HSV2,conserved protein of unknown function
gene2422,NVIE_022990,atpC,A0A060HTY0,"archaeal A1A0-type ATP synthase, subunit C"
gene2423,NVIE_023000,NVIE_023000,A0A060HM59,hypothetical protein
gene2424,NVIE_023010,NVIE_023010,A0A060HJ04,hypothetical protein
gene2425,NVIE_023020,NVIE_023020,A0A060HN16,hypothetical protein
gene2426,NVIE_023030,NVIE_023030,A0A060HSV5,conserved membrane protein of unknown function
gene2427,NVIE_023040,cbiT,A0A060HTY4,"precorrin-6Y C5,15-methyltransferase"
gene2428,NVIE_023050,NVIE_023050,A0A060HM63,DNA methylase N-4/N-6 domain protein (modular protein)
gene2429,NVIE_2359,NVIE_2359,A0A060HJ09,protein of unknown function
gene2430,NVIE_023060,czcD,A0A060HN20,cation diffusion facilitator family transporter
gene2431,NVIE_023070,NVIE_023070,A0A060HSV9,putative uncharacterised transporter
gene2432,NVIE_023080,NVIE_023080,A0A060HTZ0,conserved protein of unknown function
gene2433,NVIE_023090,NVIE_023090,A0A060HM68,conserved protein of unknown function
gene2434,NVIE_023100,NVIE_023100,A0A060HJ14,protein of unknown function
gene2435,NVIE_023110,NVIE_023110,A0A060HN24,protein of unknown function
gene2436,NVIE_023120,NVIE_023120,A0A060HSW4,putative Pyridoxamine 5'-phosphate oxidase
gene2437,NVIE_023130,NVIE_023130,A0A060HTZ4,conserved protein of unknown function
gene2438,NVIE_023140,NVIE_023140,A0A060HM73,protein of unknown function
gene2439,NVIE_023150,NVIE_023150,A0A060HJ18,exported protein of unknown function
gene2440,NVIE_023160,NVIE_023160,A0A060HN27,protein of unknown function
gene2441,NVIE_2371,NVIE_2371,A0A060HSW7,protein of unknown function
gene2442,NVIE_023170,NVIE_023170,A0A060HTZ7,conserved protein of unknown function
gene2443,NVIE_023180,NVIE_023180,A0A060HM77,Beta-lactamase domain protein
gene2444,NVIE_023190,NVIE_023190,A0A060HJ24,protein of unknown function
gene2445,NVIE_023200,NVIE_023200,A0A060HN32,conserved protein of unknown function
gene2446,NVIE_023210,NVIE_023210,A0A060HSX3,hypothetical protein
gene2447,NVIE_023220,NVIE_023220,#N/A,putative nitroreductase (fragment)
gene2448,NVIE_023240,NVIE_023240,A0A060HU00,protein of unknown function
gene2449,NVIE_023250,NVIE_023250,A0A060HM82,conserved protein of unknown function
gene2450,NVIE_023260,NVIE_023260,A0A060HJ29,putative cupredoxin
gene2451,NVIE_023270,NVIE_023270,A0A060HN35,Transcriptional regulator
gene2452,NVIE_023280,NVIE_023280,A0A060HSX8,protein of unknown function
gene2453,NVIE_023290,NVIE_023290,A0A060HU05,protein of unknown function
gene2454,NVIE_023300,guaA,A0A060HM86,GMP synthase
gene2455,NVIE_023310,NVIE_023310,A0A060HJ35,hypothetical protein
gene2456,NVIE_2386,NVIE_2386,A0A060HN40,exported protein of unknown function
gene2457,NVIE_023320,NVIE_023320,A0A060HSY3,hypothetical protein
gene2458,NVIE_2388,NVIE_2388,A0A060HU08,protein of unknown function
gene2459,NVIE_023340,NVIE_023340,A0A060HM90,exported protein of unknown function
gene2460,NVIE_023350,NVIE_023350,A0A060HJ39,exported protein of unknown function
gene2461,NVIE_023360,NVIE_023360,A0A060HN44,exported protein of unknown function
gene2462,NVIE_023370,NVIE_023370,A0A060HSY7,protein of unknown function
gene2463,NVIE_023380,NVIE_023380,A0A060HU12,protein of unknown function
gene2464,NVIE_023390,valS,A0A060HM95,valine--tRNA ligase
gene2465,NVIE_023400,adh3,A0A060HJ48,putative alcohol dehydrogenase protein
gene2466,NVIE_023410,NVIE_023410,A0A060HN49,conserved protein of unknown function
gene2467,NVIE_023420,NVIE_023420,A0A060HSZ1,putative dihydropteroate synthase
gene2468,NVIE_023430,guaB,A0A060HU17,inosine-5'-monophosphate dehydrogenase
gene2469,NVIE_023440,NVIE_023440,A0A060HMA0,hypothetical protein
gene2470,NVIE_023450,NVIE_023450,A0A060HJ54,protein of unknown function
gene2471,NVIE_023460,pheA,A0A060HN54,putative prephenate dehydratase
gene2472,NVIE_2401,NVIE_2401,A0A060HSZ7,putative RNA-binding protein
gene2473,NVIE_023470,cdc48-6,A0A060HU21,"AAA family ATPase, CDC48 subfamily protein"
gene2474,NVIE_023490,lysA,A0A060HMA3,diaminopimelate decarboxylase LysA
gene2475,NVIE_023500,acyP,A0A060HJ58,acylphosphatase
gene2476,NVIE_023510,NVIE_023510,A0A060HN58,hypothetical protein
gene2477,NVIE_023520,hisF,A0A060HT02,imidazole glycerol phosphate synthase subunit hisF
gene2478,NVIE_2407,hisA,A0A060HU26,1-(5-phosphoribosyl)-5-[(5- phosphoribosylamino)methylideneamino] imidazole-4-carboxamide isomerase
gene2479,NVIE_023530,hisH,A0A060HMA7,imidazole glycerol phosphate synthase subunit hisH
gene2480,NVIE_023540,hisB,A0A060HJ64,imidazoleglycerol-phosphate dehydratase
gene2481,NVIE_023550,NVIE_023550,A0A060HN64,putative haloacid dehalogenase domain protein hydrolase
gene2482,NVIE_023560,hisC,A0A060HT08,histidinol-phosphate aminotransferase
gene2483,NVIE_023570,hisD,A0A060HU31,histidinol dehydrogenase
gene2484,NVIE_023580,hisG,A0A060HMB2,ATP phosphoribosyltransferase
gene2485,NVIE_023590,mvaA,A0A060HJ69,3-hydroxy-3-methylglutaryl-coenzyme A reductase
gene2486,NVIE_023600,NVIE_023600,A0A060HN68,protein of unknown function
gene2487,NVIE_023610,NVIE_023610,A0A060HT12,protein of unknown function
gene2488,NVIE_023620,NVIE_023620,A0A060HU36,blue (type 1) copper domain protein
gene2489,NVIE_023630,NVIE_023630,A0A060HMB7,putative PQQ dependent glucose 1-dehydrogenase
gene2490,NVIE_023640,NVIE_023640,A0A060HJ75,putative inosine-5'-monophosphate dehydrogenase
gene2491,NVIE_t0290,NVIE_t0290,#N/A,tRNA-Pseudo
gene2492,NVIE_023650,NVIE_023650,A0A060HN72,protein of unknown function
gene2493,NVIE_023660,NVIE_023660,A0A060HT17,conserved protein of unknown function
gene2494,NVIE_023670,eIF-1a3,A0A060HU40,translation initiation factor 1a
gene2495,NVIE_023680,NVIE_023680,A0A060HMC1,protein of unknown function
gene2496,NVIE_023690,NVIE_023690,A0A060HJ79,hypothetical protein
gene2497,NVIE_023700,NVIE_023700,A0A060HN77,protein of unknown function
gene2498,NVIE_023710,NVIE_023710,A0A060HT23,protein of unknown function
gene2499,NVIE_023720,NVIE_023720,A0A060HU45,luciferase-like monooxygenase family protein
gene2500,NVIE_023730,NVIE_023730,A0A060HMC5,"O-methyltransferase, family 2"
gene2501,NVIE_2427,NVIE_2427,A0A060HJ86,protein of unknown function
gene2502,NVIE_023740,NVIE_023740,A0A060HN80,conserved protein of unknown function
gene2503,NVIE_023750,NVIE_023750,A0A060HT28,protein of unknown function
gene2504,NVIE_023760,NVIE_023760,A0A060HU51,putative Endonuclease/exonuclease/phosphatase
gene2505,NVIE_023770,NVIE_023770,A0A060HMC9,membrane protein of unknown function
gene2506,NVIE_023780,NVIE_023780,A0A060HJ92,hypothetical protein
gene2507,NVIE_023790,NVIE_023790,A0A060HN87,hypothetical protein
gene2508,NVIE_023800,NVIE_023800,A0A060HT32,hypothetical protein
gene2509,NVIE_023810,NVIE_023810,A0A060HU55,putative 4Fe-4S ferredoxin iron-sulfur binding domain protein
gene2510,NVIE_023820,NVIE_023820,A0A060HMD4,protein of unknown function
gene2511,NVIE_023830,arsA,A0A060HJ98,putative arsenical pump-driving ATPase ArsA
gene2512,NVIE_023840,amt3,A0A060HN92,ammonium transporter
gene2513,NVIE_023850,NVIE_023850,A0A060HT36,putative PLP-dependent glutamine-scyllo-inositol transaminase
gene2514,NVIE_023860,NVIE_023860,A0A060HU60,putative putative UDP-glucose/GDP-mannose dehydrogenase
gene2515,NVIE_023870,NVIE_023870,A0A060HMD9,putative exported polysaccharide deacetylase family protein
gene2516,NVIE_023880,NVIE_023880,A0A060HJA4,putative glycosyl transferase family 2
gene2517,NVIE_023890,NVIE_023890,A0A060HN97,protein of unknown function
gene2518,NVIE_023900,NVIE_023900,A0A060HT41,putative UDP-glucose/GDP-mannose dehydrogenase
gene2519,NVIE_023910,NVIE_023910,A0A060HU64,putative exported polysaccharide deacetylase family protein
gene2520,NVIE_023920,NVIE_023920,A0A060HME3,putative glycosyl transferase family 2
gene2521,NVIE_023930,NVIE_023930,A0A060HJA9,protein of unknown function
gene2522,NVIE_023940,NVIE_023940,A0A060HNA3,exported protein of unknown function
gene2523,NVIE_023950,NVIE_023950,A0A060HT46,protein of unknown function
gene2524,NVIE_023960,eIF-2B,A0A060HU69,"translation initiation factor 2, subunit beta"
gene2525,NVIE_023970,NVIE_023970,A0A060HME8,conserved protein of unknown function
gene2526,NVIE_023980,NVIE_023980,A0A060HJB4,conserved protein of unknown function
gene2527,NVIE_023990,NVIE_023990,A0A060HNA9,hypothetical protein
gene2528,NVIE_024000,NVIE_024000,A0A060HT50,putative thioredoxin (modular protein)
gene2529,NVIE_2456,grpE,A0A060HU74,molecular chaperone GrpE
gene2530,NVIE_024010,dnaK,A0A060HMF2,chaperone protein dnaK
gene2531,NVIE_024020,dnaJ-2,A0A060HJC0,chaperone protein DnaJ
gene2532,NVIE_024030,hsp20-4,A0A060HNB5,heat shock protein Hsp20
gene2533,NVIE_2460,NVIE_2460,A0A060HT53,protein of unknown function
gene2534,NVIE_024040,NVIE_024040,A0A060HU78,protein of unknown function
gene2535,NVIE_024050,NVIE_024050,A0A060HMF7,protein of unknown function
gene2536,NVIE_024060,NVIE_024060,A0A060HJC5,protein of unknown function
gene2537,NVIE_024070,NVIE_024070,A0A060HNC2,putative FMN-dependent luciferase-like monooxygenase family protein
gene2538,NVIE_024080,amoC5,A0A060HT58,ammonia monooxygenase subunit C
gene2539,NVIE_024090,NVIE_024090,A0A060HU84,conserved hypothetical protein
gene2540,NVIE_024100,NVIE_024100,A0A060HMG0,protein of unknown function
gene2541,NVIE_2466,NVIE_2466,A0A060HJD2,protein of unknown function
gene2542,NVIE_2467,NVIE_2467,A0A060HNC7,protein of unknown function
gene2543,NVIE_024110,NVIE_024110,A0A060HT63,protein of unknown function
gene2544,NVIE_024120,NVIE_024120,A0A060HU88,protein of unknown function
gene2545,NVIE_024130,NVIE_024130,A0A060HMG5,protein of unknown function
gene2546,NVIE_024140,comA,A0A060HJD6,phosphosulfolactate synthase
gene2547,NVIE_024150,NVIE_024150,A0A060HND3,"ABC uptake transporter, substrate-binding protein"
gene2548,NVIE_024160,NVIE_024160,A0A060HT69,"ABC uptake transporter, ATP-binding protein"
gene2549,NVIE_024170,NVIE_024170,A0A060HU95,"ABC uptake transporter, permease protein"
gene2550,NVIE_024180,NVIE_024180,A0A060HMH0,putative dienelactone hydrolase family
gene2551,NVIE_024190,NVIE_024190,A0A060HJE2,protein of unknown function with C-terminal blue (Type 1) copper domain
gene2552,NVIE_024200,NVIE_024200,A0A060HND9,hypothetical protein
gene2553,NVIE_024210,NVIE_024210,A0A060HT74,conserved protein of unknown function
gene2554,NVIE_024220,NVIE_024220,A0A060HUA2,hypothetical protein
gene2555,NVIE_024230,NVIE_024230,A0A060HMH5,pfkB family carbohydrate kinase
gene2556,NVIE_024240,ths5,A0A060HJE7,archaeal thermosome
gene2557,NVIE_024250,NVIE_024250,A0A060HNE4,putative thioesterase superfamily protein
gene2558,NVIE_024260,NVIE_024260,A0A060HT80,zinc finger C2H2 domain-containing protein
gene2559,NVIE_024270,rpl44e,A0A060HUA7,50S ribosomal protein L44e
gene2560,NVIE_024280,rps27e,A0A060HMI0,30S ribosomal protein S27e
gene2561,NVIE_024290,NVIE_024290,A0A060HJF2,putative nucleotidyltransferase
gene2562,NVIE_024300,cobS,A0A060HNF1,cobalamin-5-phosphate synthase
gene2563,NVIE_024310,cobD,A0A060HT85,cobalamin biosynthesis protein CobD
gene2564,NVIE_024320,cobQ,A0A060HUB3,putative cobyric acid synthase
gene2565,NVIE_024330,NVIE_024330,A0A060HMI5,putative aminotransferase class I and II
gene2566,NVIE_024340,asd,A0A060HJF8,aspartate-semialdehyde dehydrogenase
gene2567,NVIE_024350,NVIE_024350,A0A060HNF7,membrane protein of unknown function
gene2568,NVIE_024360,NVIE_024360,A0A060HT92,"putative transcriptional regulator, AsnC family"
gene2569,NVIE_024370,ctaB-2,A0A060HUC0,protoheme IX farnesyltransferase
gene2570,NVIE_024380,NVIE_024380,A0A060HMJ0,putative ribosome biogenesis protein
gene2571,NVIE_024390,NVIE_024390,A0A060HJG2,putative ribonuclease P protein component 4
gene2572,NVIE_024400,rps19e,A0A060HNG4,30S ribosomal protein S19e
gene2573,NVIE_024410,NVIE_024410,A0A060HT99,hypothetical protein
gene2574,NVIE_024420,adh4,A0A060HUC6,putative NAD-dependent alcohol dehydrogenase
gene2575,NVIE_024430,citE,A0A060HMJ4,putative citrate/ citryl-CoA lyase
gene2576,NVIE_024440,NVIE_024440,A0A060HJH0,putative arsenical resistance-3 family protein
gene2577,NVIE_024450,pepF,A0A060HNG9,"oligoendopeptidase, pepF/M3 family"
gene2578,NVIE_024460,NVIE_024460,A0A060HTA5,protein of unknown function
gene2579,NVIE_024480,NVIE_024480,A0A060HUD1,protein of unknown function DUF167
gene2580,NVIE_024490,NVIE_024490,A0A060HMJ8,DNA alkylation repair enzyme
gene2581,NVIE_024500,NVIE_024500,A0A060HJH4,conserved protein of unknown function
gene2582,NVIE_024510,NVIE_024510,A0A060HNH7,"putative glycosyl transferase, group 2 family"
gene2583,NVIE_024520,NVIE_024520,A0A060HTB2,hypothetical protein
gene2584,NVIE_024530,NVIE_024530,A0A060HUD8,"phosphate ABC transporter, periplasmic phosphate-binding protein"
gene2585,NVIE_024540,NVIE_024540,A0A060HMK2,"putative Glycosyl transferase, group 1"
gene2586,NVIE_024550,NVIE_024550,A0A060HJH8,conserved protein of unknown function
gene2587,NVIE_024570,NVIE_024570,A0A060HNI2,Six-hairpin glycosidase-like protein
gene2588,NVIE_024580,NVIE_024580,A0A060HTB9,protein of unknown function
gene2589,NVIE_024590,NVIE_024590,A0A060HUE2,putative flavoprotein
gene2590,NVIE_024600,NVIE_024600,A0A060HMK6,protein of unknown function
gene2591,NVIE_024610,NVIE_024610,A0A060HJI5,protein of unknown function
gene2592,NVIE_024620,NVIE_024620,A0A060HNI9,protein of unknown function
gene2593,NVIE_2519,NVIE_2519,A0A060HTC6,protein of unknown function
gene2594,NVIE_024630,NVIE_024630,A0A060HUE7,conserved protein of unknown function
gene2595,NVIE_024640,NVIE_024640,A0A060HML0,protein of unknown function
gene2596,NVIE_024650,NVIE_024650,A0A060HJJ1,acetyl-CoA synthetase (ADP-forming)
gene2597,NVIE_024660,NVIE_024660,A0A060HNJ5,putative glyoxalase/bleomycin resistance domain protein
gene2598,NVIE_024670,NVIE_024670,A0A060HTD4,hypothetical protein
gene2599,NVIE_024680,NVIE_024680,A0A060HUF2,"ABC efflux transporter, permease protein"
gene2600,NVIE_024690,NVIE_024690,A0A060HML5,"ABC efflux transporter, ATP-binding protein"
gene2601,NVIE_024700,NVIE_024700,A0A060HJJ6,RPA-like protein
gene2602,NVIE_024710,NVIE_024710,A0A060HNK1,hypothetical protein with glutamate-cysteine ligase family signature
gene2603,NVIE_024720,NVIE_024720,A0A060HTE1,protein of unknown function
gene2604,NVIE_024730,NVIE_024730,A0A060HUF7,protein of unknown function
gene2605,NVIE_024740,NVIE_024740,A0A060HML9,putative CBS domain-containing signal transduction
gene2606,NVIE_024750,NVIE_024750,A0A060HJK4,ATP-dependent helicase
gene2607,NVIE_2533,NVIE_2533,A0A060HNK7,protein of unknown function
gene2608,NVIE_024760,NVIE_024760,A0A060HTE5,exported protein of unknown function
gene2609,NVIE_024770,NVIE_024770,A0A060HUG1,hypothetical protein
gene2610,NVIE_024780,NVIE_024780,A0A060HMM4,membrane protein of unknown function
gene2611,NVIE_024790,NVIE_024790,A0A060HJL1,protein of unknown function
gene2612,NVIE_024800,NVIE_024800,A0A060HNL3,conserved membrane protein of unknown function
gene2613,NVIE_024810,NVIE_024810,A0A060HTF3,protein of unknown function
gene2614,NVIE_024820,NVIE_024820,A0A060HUG8,protein of unknown function
gene2615,NVIE_024830,NVIE_024830,A0A060HMM7,putative integrase family protein
gene2616,NVIE_024840,NVIE_024840,A0A060HJL9,protein of unknown function
gene2617,NVIE_024850,NVIE_024850,A0A060HNM0,protein of unknown function
gene2618,NVIE_024860,NVIE_024860,A0A060HTF8,conserved protein of unknown function
gene2619,NVIE_2542,NVIE_2542,A0A060HUH3,protein of unknown function
gene2620,NVIE_024870,NVIE_024870,A0A060HMN3,protein of unknown function
gene2621,NVIE_2544,NVIE_2544,A0A060HJM4,protein of unknown function
gene2622,NVIE_024880,NVIE_024880,A0A060HNM5,exported protein of unknown function
gene2623,NVIE_024890,NVIE_024890,A0A060HTG3,exported protein of unknown function
gene2624,NVIE_024900,NVIE_024900,A0A060HUH8,protein of unknown function
gene2625,NVIE_024910,NVIE_024910,A0A060HMN7,protein of unknown function
gene2626,NVIE_024920,NVIE_024920,A0A060HJN1,protein of unknown function
gene2627,NVIE_024930,NVIE_024930,A0A060HNN1,protein of unknown function
gene2628,NVIE_024940,NVIE_024940,A0A060HTG8,protein of unknown function
gene2629,NVIE_024950,NVIE_024950,A0A060HUI4,putative integrase family protein
gene2630,NVIE_024960,NVIE_024960,A0A060HMP1,protein of unknown function
gene2631,NVIE_024970,NVIE_024970,A0A060HJN7,membrane protein of unknown function
gene2632,NVIE_024980,NVIE_024980,A0A060HNN6,Glyoxalase/bleomycin resistance protein/dioxygenase (modular protein)
gene2633,NVIE_024990,NVIE_024990,A0A060HTH6,protein of unknown function
gene2634,NVIE_025000,NVIE_025000,A0A060HUJ0,protein of unknown function
gene2635,NVIE_025010,NVIE_025010,A0A060HMP6,protein of unknown function
gene2636,NVIE_2557,NVIE_2557,A0A060HJP1,protein of unknown function
gene2637,NVIE_025020,NVIE_025020,A0A060HNP4,protein of unknown function
gene2638,NVIE_025030,NVIE_025030,A0A060HTI0,protein of unknown function
gene2639,NVIE_025040,NVIE_025040,A0A060HUJ6,protein of unknown function
gene2640,NVIE_2558,NVIE_2558,A0A060HMQ0,fragment/protein of unknown function
gene2641,NVIE_025050,NVIE_025050,A0A060HJP7,protein of unknown function
gene2642,NVIE_2560,NVIE_2560,A0A060HNQ0,protein of unknown function
gene2643,NVIE_025070,NVIE_025070,A0A060HTI6,protein of unknown function
gene2644,NVIE_t0300,NVIE_t0300,#N/A,tRNA-Pro
gene2645,NVIE_025080,NVIE_025080,A0A060HUK5,"ABC efflux transporter, permease protein, Drug Exporter-1 (DrugE1) Family"
gene2646,NVIE_025090,NVIE_025090,A0A060HMQ6,"ABC efflux transporter, ATP-binding protein, Drug Exporter-1 (DrugE1) Family"
gene2647,NVIE_025100,NVIE_025100,A0A060HJQ3,conserved protein of unknown function
gene2648,NVIE_025110,NVIE_025110,A0A060HNQ6,"protein of unknown function, DUF54"
gene2649,NVIE_025120,NVIE_025120,A0A060HTJ2,"putative dephospho-CoA kinase, CoaE"
gene2650,NVIE_025130,NVIE_025130,A0A060HUL3,putative rhodanese sulfurtransferase
gene2651,NVIE_025140,sir,A0A060HMR1,putative ferredoxin-dependent sulfite reductase
gene2652,NVIE_025150,NVIE_025150,A0A060HJQ9,putative glyoxalase/bleomycin resistance protein/dioxygenase
gene2653,NVIE_025160,rpl2p,A0A060HNR3,50S ribosomal protein L2p
gene2654,NVIE_025170,NVIE_025170,A0A060HTJ9,hypothetical protein
gene2655,NVIE_025180,NVIE_025180,A0A060HUM1,putative DNA-3-methyladenine glycosylase II
gene2656,NVIE_025190,NVIE_025190,A0A060HMR8,conserved protein of unknown function
gene2657,NVIE_025200,NVIE_025200,A0A060HJR4,putative Ser/Thr protein kinase
gene2658,NVIE_025210,cca,A0A060HNR9,CCA-adding enzyme
gene2659,NVIE_2576,NVIE_2576,A0A060HTK6,putative 2'-5' RNA ligase
gene2660,NVIE_025220,NVIE_025220,A0A060HUM8,hypothetical protein
gene2661,NVIE_025230,dys1,A0A060HMS3,deoxyhypusine synthase
gene2662,NVIE_025240,dys2,A0A060HJS1,deoxyhypusine synthase
gene2663,NVIE_025250,NVIE_025250,A0A060HNS6,conserved protein of unknown function
gene2664,NVIE_025260,NVIE_025260,A0A060HTL3,putative Inositol-1-monophosphatase
gene2665,NVIE_025270,NVIE_025270,A0A060HUN4,oligosaccharyl transferase STT3
gene2666,NVIE_025280,NVIE_025280,A0A060HMS9,Zn-dependent hydrolase of the beta-lactamase fold
gene2667,NVIE_025290,NVIE_025290,A0A060HJS8,conserved protein of unknown function
gene2668,NVIE_025300,eif2g,A0A060HNT1,"translation initiation factor 2, subunit gamma"
gene2669,NVIE_025310,rps6e,A0A060HTL8,30S ribosomal protein S6e
gene2670,NVIE_025320,NVIE_025320,A0A060HUP2,protein of unknown function
gene2671,NVIE_025330,NVIE_025330,A0A060HMT4,protein of unknown function
gene2672,NVIE_025340,NVIE_025340,A0A060HJT4,protein of unknown function
gene2673,NVIE_025350,NVIE_025350,A0A060HNT9,protein of unknown function
gene2674,NVIE_025360,NVIE_025360,A0A060HTM6,protein of unknown function
gene2675,NVIE_025370,NVIE_025370,A0A060HUP8,putative zinc-domain protein
gene2676,NVIE_025380,NVIE_025380,A0A060HMU0,conserved protein of unknown function
gene2677,NVIE_025390,NVIE_025390,A0A060HJU1,protein of unknown function
gene2678,NVIE_025400,dusP,A0A060HNU4,dual specificity protein phosphatase
gene2679,NVIE_025410,NVIE_025410,A0A060HTN4,conserved protein of unknown function
gene2680,NVIE_025420,NVIE_025420,A0A060HUQ4,"putative Naphthalene 1,2-dioxygenase system ferredoxin subunit"
gene2681,NVIE_025430,NVIE_025430,A0A060HMU5,protein of unknown function
gene2682,NVIE_025440,NVIE_025440,A0A060HJU8,hypothetical protein
gene2683,NVIE_025450,ileS,A0A060HNV1,isoleucine--tRNA ligase
gene2684,NVIE_025460,NVIE_025460,A0A060HTP0,protein of unknown function
gene2685,NVIE_025470,NVIE_025470,A0A060HUR2,protein of unknown function
gene2686,NVIE_025480,NVIE_025480,A0A060HMV1,conserved exported protein of unknown function
gene2687,NVIE_025490,NVIE_025490,A0A060HJV4,"transcriptional regulator, TrmB"
gene2688,NVIE_025500,NVIE_025500,A0A060HNV8,SNF7-domain-containing protein
gene2689,NVIE_025510,NVIE_025510,A0A060HTP5,hypothetical protein
gene2690,NVIE_025520,cdvC,A0A060HUR8,AAA-type ATPase domain-containing putative archaeal cell division protein Vps4 (cdvC)
gene2691,NVIE_025530,NVIE_025530,A0A060HMV5,exported or cell surface associated protein of unknown function containing glycoside hydrolase/deacetylase and HYR-domains
gene2692,NVIE_025540,ppa,A0A060HJW0,inorganic pyrophosphatase
gene2693,NVIE_025550,NVIE_025550,A0A060HNW4,protein of unknown function
gene2694,NVIE_025560,NVIE_025560,A0A060HTQ2,phosphoglycolate phosphatase
gene2695,NVIE_025570,argS,A0A060HUS6,arginine--tRNA ligase
gene2696,NVIE_025580,NVIE_025580,A0A060HMW0,conserved protein of unknown function
gene2697,NVIE_025590,NVIE_025590,A0A060HJW7,exported protein of unknown function
gene2698,NVIE_025600,NVIE_025600,A0A060HNW9,putative tRNA methyltransferase complex GCD14 subunit
gene2699,NVIE_025610,NVIE_025610,A0A060HTQ7,hypothetical protein
gene2700,NVIE_025620,NVIE_025620,A0A060HUT3,protein of unknown function
gene2701,NVIE_025630,NVIE_025630,A0A060HMW5,exported protein of unknown function with cupredoxin domain
gene2702,NVIE_025640,NVIE_025640,A0A060HJX3,protein of unknown function
gene2703,NVIE_t0310,NVIE_t0310,#N/A,tRNA-Phe
gene2704,NVIE_025650,NVIE_025650,A0A060HNX6,putative integrase family protein
gene2705,NVIE_2621,NVIE_2621,A0A060HTR5,protein of unknown function
gene2706,NVIE_025660,NVIE_025660,#N/A,putative transposase
gene2707,NVIE_025680,NVIE_025680,A0A060HMX0,protein of unknown function
gene2708,NVIE_025690,NVIE_025690,A0A060HJX9,exported protein of unknown function
gene2709,NVIE_025700,NVIE_025700,A0A060HNY3,hypothetical protein
gene2710,NVIE_025710,NVIE_025710,A0A060HTS1,protein of unknown function
gene2711,NVIE_025720,NVIE_025720,A0A060HUU7,putative AAA+ family ATPase
gene2712,NVIE_025730,cas6-1,A0A060HMX5,putative CRISPR-associated endoribonuclease Cas6
gene2713,NVIE_025740,cas3-2,A0A060HJY4,putative CRISPR-associated helicase and HD nuclease Cas3
gene2714,NVIE_025750,cas5-2,A0A060HNY8,putative CRISPR-associated protein Cas5
gene2715,NVIE_025760,cas7-2,A0A060HTS9,putative CRISPR-associated protein Cas7
gene2716,NVIE_025770,cas8a1,A0A060HUV4,putative CRISPR-associated protein Cas8a1
gene2717,NVIE_025780,cas6-2,A0A060HMX8,CRISPR-associated endoribonuclease Cas6
gene2718,NVIE_025790,cas4-2,A0A060HJZ2,"CRISPR-associated exonuclease, Cas4 family"
gene2719,NVIE_025800,cas1-2,A0A060HNZ3,"CRISPR-associated protein, Cas1 family"
gene2720,NVIE_025810,cas2-2,A0A060HTT4,CRISPR-associated protein Cas2
gene2721,NVIE_025820,NVIE_025820,A0A060HUW1,NTP pyrophosphohydrolase (modular protein)
gene2722,NVIE_2639,NVIE_2639,A0A060HMY3,conserved protein of unknown function
gene2723,NVIE_025830,NVIE_025830,A0A060HJZ7,protein of unknown function
gene2724,NVIE_025840,NVIE_025840,A0A060HNZ7,UspA domain protein
gene2725,NVIE_025850,NVIE_025850,A0A060HTU2,protein of unknown function
gene2726,NVIE_025860,NVIE_025860,A0A060HUW7,protein of unknown function
gene2727,NVIE_025870,NVIE_025870,A0A060HMY6,exported protein of unknown function
gene2728,NVIE_025880,NVIE_025880,A0A060HK02,putative 5 10-methylenetetrahydrofolate reductase-like protein
gene2729,NVIE_025890,NVIE_025890,A0A060HP04,protein of unknown function
gene2730,NVIE_025900,NVIE_025900,A0A060HTU7,"ABC uptake transporter, ATP-binding protein"
gene2731,NVIE_025910,NVIE_025910,A0A060HUX3,exported protein of unknown function
gene2732,NVIE_025920,metH,A0A060HMZ0,putative methionine synthase
gene2733,NVIE_025930,NVIE_025930,A0A060HK06,putative 4a-hydroxytetrahydrobiopterin dehydratase
gene2734,NVIE_025940,NVIE_025940,A0A060HP08,conserved protein of unknown function
gene2735,NVIE_025950,NVIE_025950,A0A060HTV4,conserved protein of unknown function
gene2736,NVIE_025960,metH1,A0A060HUY2,putative methionine synthase
gene2737,NVIE_025970,NVIE_025970,A0A060HMZ4,putative DNA/RNA-binding protein Alba
gene2738,NVIE_025980,NVIE_025980,A0A060HK10,conserved membrane protein of unknown function
gene2739,NVIE_025990,NVIE_025990,A0A060HP15,protein of unknown function
gene2740,NVIE_026000,NVIE_026000,A0A060HTW1,exported protein of unknown function
gene2741,NVIE_026010,asnS,A0A060HUY8,asparagine--tRNA ligase
gene2742,NVIE_026020,NVIE_026020,A0A060HN00,protein of unknown function
gene2743,NVIE_026030,NVIE_026030,A0A060HK14,protein of unknown function
gene2744,NVIE_026040,NVIE_026040,A0A060HP21,putative magnesium transporter-C family protein (modular protein)
gene2745,NVIE_026050,NVIE_026050,A0A060HTW9,exported protein of unknown function
gene2746,NVIE_026060,NVIE_026060,A0A060HUZ5,hypothetical protein
gene2747,NVIE_026070,NVIE_026070,A0A060HN07,ADP-ribose pyrophosphatase (modular protein)
gene2748,NVIE_026080,adh5,A0A060HK18,NAD-dependent alcohol dehydrogenase
gene2749,NVIE_026090,arsB,A0A060HP29,putative arsenical pump membrane protein
gene2750,NVIE_026100,NVIE_026100,A0A060HTX4,protein of unknown function
gene2751,NVIE_026110,NVIE_026110,A0A060HV01,hypothetical protein
gene2752,NVIE_026120,NVIE_026120,A0A060HN11,conserved exported protein of unknown function
gene2753,NVIE_026130,NVIE_026130,A0A060HK22,protein of unknown function
gene2754,NVIE_026140,NVIE_026140,A0A060HP35,exported protein of unknown function
gene2755,NVIE_026150,NVIE_026150,A0A060HTY1,protein of unknown function
gene2756,NVIE_026160,NVIE_026160,A0A060HV08,protein of unknown function
gene2757,NVIE_026170,NVIE_026170,A0A060HN17,protein of unknown function
gene2758,NVIE_026180,NVIE_026180,#N/A,fragment of putative amino acid transporter (part 1)
gene2759,NVIE_026200,NVIE_026200,A0A060HK27,conserved protein of unknown function
gene2760,NVIE_026210,NVIE_026210,A0A060HP42,protein of unknown function
gene2761,NVIE_026220,NVIE_026220,A0A060HTY7,protein of unknown function
gene2762,NVIE_026230,NVIE_026230,A0A060HV14,protein of unknown function
gene2763,NVIE_026240,NVIE_026240,A0A060HN23,PHP domain protein
gene2764,NVIE_026250,NVIE_026250,A0A060HK34,Deoxyribonuclease/rho motif related TRAM protein
gene2765,NVIE_026260,NVIE_026260,A0A060HP64,Isochorismatase hydrolase
gene2766,NVIE_026270,NVIE_026270,#N/A,putative integrase family protein
gene2767,NVIE_026280,NVIE_026280,A0A060HV38,exported protein of unknown function
gene2768,NVIE_026290,NVIE_026290,A0A060HN48,Peptidase M50 (modular protein)
gene2769,NVIE_026300,NVIE_026300,A0A060HK63,protein of unknown function DUF2024
gene2770,NVIE_026310,NVIE_026310,A0A060HP78,hypothetical protein
gene2771,NVIE_026320,NVIE_026320,A0A060HU22,protein of unknown function
gene2772,NVIE_026330,NVIE_026330,A0A060HV52,hypothetical protein with adenylate/guanylate cyclase domain
gene2773,NVIE_026340,NVIE_026340,A0A060HN81,"putative signal transduction response regulator, receiver domain"
gene2774,NVIE_026350,NVIE_026350,A0A060HK76,"putative membrane associated signal transduction histidine kinase, with PAS fold, HAMP linker, phosphoacceptor, ATP binding domain"
gene2775,NVIE_026360,NVIE_026360,A0A060HP80,putative amino acid transporter
gene2776,NVIE_026370,NVIE_026370,A0A060HU30,protein of unknown function
gene2777,NVIE_026380,queC2,A0A060HV57,putative 7-cyano-7-deazaguanine synthase
gene2778,NVIE_026390,NVIE_026390,A0A060HN85,putative 6-pyruvoyl tetrahydropterin synthase
gene2779,NVIE_026400,NVIE_026400,A0A060HK79,protein of unknown function
gene2780,NVIE_026410,asn2,A0A060HP84,putative asparagine synthase
gene2781,NVIE_026420,NVIE_026420,A0A060HU34,conserved protein of unknown function
gene2782,NVIE_026430,NVIE_026430,A0A060HV62,putative digeranylgeranylglyceryl phosphate synthase
gene2783,NVIE_026440,NVIE_026440,A0A060HN90,hypothetical protein
gene2784,NVIE_026450,NVIE_026450,A0A060HK83,putative alpha/beta hydrolase fold protein
gene2785,NVIE_026460,NVIE_026460,A0A060HP86,putative methyltransferase
gene2786,NVIE_026470,NVIE_026470,A0A060HU39,protein of unknown function
gene2787,NVIE_026480,pit,A0A060HV66,putative inorganic phosphate transporter
gene2788,NVIE_026490,NVIE_026490,A0A060HN96,putative phosphate transport regulator
gene2789,NVIE_026500,NVIE_026500,A0A060HK91,hypothetical protein
gene2790,NVIE_026510,NVIE_026510,#N/A,putative transposase fragment
gene2791,NVIE_026520,NVIE_026520,A0A060HP90,protein of unknown function
gene2792,NVIE_026530,NVIE_026530,A0A060HU42,exported protein of unknown function
gene2793,NVIE_026540,NVIE_026540,A0A060HV68,protein of unknown function
gene2794,NVIE_026550,NVIE_026550,A0A060HN98,protein of unknown function
gene2795,NVIE_2715,NVIE_2715,A0A060HK96,protein of unknown function
gene2796,NVIE_026560,NVIE_026560,A0A060HP93,exported protein of unknown function
gene2797,NVIE_026570,NVIE_026570,A0A060HU46,protein of unknown function
gene2798,NVIE_026580,NVIE_026580,A0A060HV73,putative type VI secretion system effector hcp1 - like protein
gene2799,NVIE_026590,NVIE_026590,A0A060HNA2,protein of unknown function
gene2800,NVIE_026600,NVIE_026600,A0A060HK99,protein of unknown function
gene2801,NVIE_026610,NVIE_026610,A0A060HP96,conserved exported protein of unknown function
gene2802,NVIE_026620,NVIE_026620,A0A060HU50,protein of unknown function
gene2803,NVIE_026630,NVIE_026630,A0A060HV76,protein of unknown function DUF72
gene2804,NVIE_026640,NVIE_026640,A0A060HNA7,hypothetical protein
gene2805,NVIE_2725,NVIE_2725,A0A060HKA3,protein of unknown function
gene2806,NVIE_026650,NVIE_026650,A0A060HP98,conserved protein of unknown function
gene2807,NVIE_026660,NVIE_026660,A0A060HU54,"putative terminase, large subunit"
gene2808,NVIE_026670,NVIE_026670,A0A060HV81,conserved protein of unknown function
gene2809,NVIE_026680,NVIE_026680,A0A060HNB1,conserved protein of unknown function
gene2810,NVIE_026690,NVIE_026690,A0A060HKA7,putative portal encoding protein
gene2811,NVIE_026700,NVIE_026700,A0A060HPA1,Protein with N-terminal Rel_Spo-like domain
gene2812,NVIE_026710,NVIE_026710,A0A060HU56,conserved protein of unknown function
gene2813,NVIE_026720,NVIE_026720,A0A060HV86,Protease/major capsid protein
gene2814,NVIE_026730,NVIE_026730,A0A060HNB4,conserved protein of unknown function
gene2815,NVIE_026740,NVIE_026740,A0A060HKB1,conserved protein of unknown function
gene2816,NVIE_026750,NVIE_026750,A0A060HPA4,conserved protein of unknown function
gene2817,NVIE_026760,NVIE_026760,A0A060HU59,conserved protein of unknown function
gene2818,NVIE_2738,NVIE_2738,A0A060HV91,conserved protein of unknown function
gene2819,NVIE_2739,NVIE_2739,A0A060HNB9,"putative DNA binding protein, Histone-like transcription factor (CBF/NF-Y)"
gene2820,NVIE_026770,NVIE_026770,A0A060HKB6,conserved protein of unknown function
gene2821,NVIE_026780,NVIE_026780,A0A060HPA8,conserved protein of unknown function
gene2822,NVIE_026790,NVIE_026790,A0A060HU62,putative major tail protein
gene2823,NVIE_026800,NVIE_026800,A0A060HV96,conserved protein of unknown function
gene2824,NVIE_026810,NVIE_026810,A0A060HNC3,conserved protein of unknown function
gene2825,NVIE_026820,NVIE_026820,A0A060HKC0,conserved protein of unknown function
gene2826,NVIE_026830,NVIE_026830,A0A060HPB1,putative tail tape measure protein
gene2827,NVIE_026840,NVIE_026840,A0A060HU65,conserved protein of unknown function
gene2828,NVIE_026850,NVIE_026850,A0A060HV99,putative viral baseplate protein
gene2829,NVIE_026860,NVIE_026860,A0A060HNC8,putative tail fiber protein
gene2830,NVIE_026870,NVIE_026870,A0A060HKC4,conserved protein of unknown function
gene2831,NVIE_026880,NVIE_026880,A0A060HPB2,conserved protein of unknown function
gene2832,NVIE_026890,NVIE_026890,A0A060HU68,conserved protein of unknown function
gene2833,NVIE_026900,NVIE_026900,A0A060HVA3,conserved protein of unknown function
gene2834,NVIE_026910,NVIE_026910,A0A060HND2,conserved protein of unknown function
gene2835,NVIE_026920,NVIE_026920,A0A060HKC7,conserved protein of unknown function
gene2836,NVIE_2756,NVIE_2756,A0A060HPB4,protein of unknown function
gene2837,NVIE_026930,cbiHC,A0A060HU73,precorrin-3B methylase
gene2838,NVIE_026940,NVIE_026940,#N/A,putative metal cation transporter (fragment)
gene2839,NVIE_026950,NVIE_026950,A0A060HVA8,multicopper oxidase type 3
gene2840,NVIE_026960,NVIE_026960,A0A060HND6,protein of unknown function
gene2841,NVIE_026970,NVIE_026970,A0A060HKD1,exported protein of unknown function
gene2842,NVIE_026980,NVIE_026980,A0A060HPB7,exported protein of unknown function
gene2843,NVIE_2763,NVIE_2763,A0A060HU76,exported protein of unknown function
gene2844,NVIE_027000,NVIE_027000,A0A060HVB2,exported protein of unknown function
gene2845,NVIE_027010,NVIE_027010,A0A060HNE0,protein of unknown function
gene2846,NVIE_027020,NVIE_027020,A0A060HKD7,hypothetical protein
gene2847,NVIE_2767,NVIE_2767,A0A060HPC0,membrane protein of unknown function
gene2848,NVIE_027030,NVIE_027030,A0A060HU79,"ABC efflux transporter, ATP-binding protein"
gene2849,NVIE_027040,NVIE_027040,A0A060HVB6,exported protein of unknown function
gene2850,NVIE_027050,NVIE_027050,A0A060HNE5,"ABC efflux transporter, FtsX-domain permease protein"
gene2851,NVIE_027060,NVIE_027060,A0A060HKE0,protein of unknown function
gene2852,NVIE_027070,thrA,A0A060HPC4,aspartate kinase
gene2853,NVIE_027080,pcn,A0A060HU81,DNA polymerase sliding clamp
gene2854,NVIE_027090,NVIE_027090,A0A060HVB9,protein of unknown function
gene2855,NVIE_027100,NVIE_027100,A0A060HNE9,cation diffusion facilitator family transporter
gene2856,NVIE_027110,NVIE_027110,A0A060HKE4,"Phosphoribosylglycinamide synthetase, ATP-grasp (A) domain protein"
gene2857,NVIE_027120,NVIE_027120,A0A060HPC8,"Transcriptional regulator, AsnC family (modular protein)"
gene2858,NVIE_027130,NVIE_027130,A0A060HU87,hypothetical protein
gene2859,NVIE_2779,NVIE_2779,A0A060HVC4,protein of unknown function
gene2860,NVIE_2780,NVIE_2780,A0A060HNF3,exported protein of unknown function
gene2861,NVIE_027140,kdpC,A0A060HKF0,"potassium translocating ATPase, subunit C"
gene2862,NVIE_027150,kdpB,A0A060HPD2,"potassium translocating ATPase, subunit B"
gene2863,NVIE_027160,kdpA,A0A060HU92,"potassium translocating ATPase, subunit A"
gene2864,NVIE_027170,rpoM,A0A060HVC9,putative DNA-directed RNA polymerase subunit M
gene2865,NVIE_027180,rpoL,A0A060HNF8,putative DNA-directed RNA polymerase subunit L
gene2866,NVIE_027190,NVIE_027190,A0A060HKF5,hypothetical protein
gene2867,NVIE_027200,NVIE_027200,A0A060HPD6,protein of unknown function
gene2868,NVIE_027210,NVIE_027210,A0A060HU96,exported protein of unknown function
gene2869,NVIE_027220,NVIE_027220,A0A060HVD4,protein of unknown function
gene2870,NVIE_2790,NVIE_2790,A0A060HNG2,protein of unknown function
gene2871,NVIE_027230,NVIE_027230,A0A060HKF9,putative transcriptional regulator
gene2872,NVIE_027240,NVIE_027240,A0A060HPE0,major facilitator superfamily transporter
gene2873,NVIE_027250,NVIE_027250,A0A060HU99,radical SAM domain protein
gene2874,NVIE_t0320,NVIE_t0320,#N/A,tRNA-Pro
gene2875,NVIE_027260,NVIE_027260,A0A060HVD8,conserved protein of unknown function
gene2876,NVIE_027270,amoA,A0A060HNG6,ammonia monooxygenase subunit A
gene2877,NVIE_027280,amoX,A0A060HKG4,putative ammonia monooxygenase - associated protein
gene2878,NVIE_027290,NVIE_027290,A0A060HPE4,membrane protein of unknown function
gene2879,NVIE_2798,NVIE_2798,A0A060HUA5,hypothetical protein
gene2880,NVIE_027300,NVIE_027300,A0A060HVE3,hypothetical protein
gene2881,NVIE_027310,NVIE_027310,A0A060HNH2,hypothetical protein
gene2882,NVIE_027320,NVIE_027320,A0A060HKG8,hypothetical protein
gene2883,NVIE_027330,NVIE_027330,A0A060HPE7,UDP-glucose/GDP-mannose family dehydrogenase
gene2884,NVIE_027340,NVIE_027340,A0A060HUB0,exported protein of unknown function
gene2885,NVIE_027350,mtnA,A0A060HVE8,Methylthioribose-1-phosphate isomerase
gene2886,NVIE_027360,NVIE_027360,A0A060HNH4,DUF59 domain-containing protein
gene2887,NVIE_027370,NVIE_027370,A0A060HKH3,putative tRNA (guanine-N(7)-)-methyltransferase
gene2888,NVIE_027380,NVIE_027380,A0A060HPF2,conserved protein of unknown function
gene2889,NVIE_027390,NVIE_027390,A0A060HUB5,protein of unknown function
gene2890,NVIE_027400,NVIE_027400,A0A060HVF3,Major facilitator superfamily transporter MFS_1
gene2891,NVIE_027410,NVIE_027410,A0A060HNH9,protein of unknown function
gene2892,NVIE_027420,NVIE_027420,A0A060HKH8,putative NADPH-dependent FMN reductase
gene2893,NVIE_027430,NVIE_027430,A0A060HPF7,"Transcriptional regulator, ArsR family"
gene2894,NVIE_027440,NVIE_027440,A0A060HUB9,Activator of Hsp90 ATPase 1 family protein
gene2895,NVIE_027450,NVIE_027450,A0A060HVF6,zinc finger C2H2 domain-containing protein
gene2896,NVIE_027460,glyS,A0A060HNI3,glycine--tRNA ligase
gene2897,NVIE_027470,NVIE_027470,A0A060HKI3,aminotransferase
gene2898,NVIE_027480,NVIE_027480,A0A060HPG1,hypothetical protein
gene2899,NVIE_027490,NVIE_027490,A0A060HUC3,hypothetical protein
gene2900,NVIE_027500,NVIE_027500,A0A060HVF9,putative NADPH-dependent F420 reductase
gene2901,NVIE_027510,gpmB,A0A060HNI8,"2,3-bisphosphoglycerate-dependent phosphoglycerate mutase"
gene2902,NVIE_027520,NVIE_027520,A0A060HKI7,"putative heme/copper-type cytochrome/quinol oxidase, subunit"
gene2903,NVIE_027530,coxB,A0A060HPG5,putative heme-copper oxidase subunit II
gene2904,NVIE_027540,coxA1,A0A060HUC8,heme-copper oxidase subunit I
gene2905,NVIE_027550,NVIE_027550,A0A060HVG4,putative blue (Type 1) copper domain protein
gene2906,NVIE_027560,ctaA,A0A060HNJ3,putative cytochrome oxidase assembly protein
gene2907,NVIE_027570,NVIE_027570,A0A060HKJ2,hypothetical protein
gene2908,NVIE_027580,NVIE_027580,A0A060HPH1,malonic semialdehyde reductase
gene2909,NVIE_027600,NVIE_027600,A0A060HUD3,putative polyketide cyclase/dehydrase
gene2910,NVIE_t0330,NVIE_t0330,#N/A,tRNA-Lys
gene2911,NVIE_027610,NVIE_027610,A0A060HVG9,"putative transcriptional regulator, TetR family"
gene2912,NVIE_027620,NVIE_027620,A0A060HNJ8,protein of unknown function
gene2913,NVIE_027630,NVIE_027630,A0A060HKJ6,conserved membrane protein of unknown function
gene2914,NVIE_027640,NVIE_027640,A0A060HPH5,conserved protein of unknown function
gene2915,NVIE_027650,NVIE_027650,A0A060HUD7,putative methyltransferase type 11
gene2916,NVIE_027660,NVIE_027660,A0A060HVH2,protein of unknown function
gene2917,NVIE_027670,NVIE_027670,A0A060HNK2,protein of unknown function
gene2918,NVIE_027680,NVIE_027680,A0A060HKK1,membrane protein of unknown function
gene2919,NVIE_027690,rpl40e-2,A0A060HPI1,50S ribosomal protein L40e
gene2920,NVIE_027700,NVIE_027700,A0A060HUE1,hypothetical protein
gene2921,NVIE_027710,NVIE_027710,A0A060HVH5,exported protein of unknown function
gene2922,NVIE_027720,NVIE_027720,A0A060HNK6,protein of unknown function
gene2923,NVIE_027730,NVIE_027730,A0A060HKK6,exported protein of unknown function
gene2924,NVIE_027740,hemD,A0A060HPI6,uroporphyrinogen-III synthase
gene2925,NVIE_027750,NVIE_027750,A0A060HUE4,uroporphyrinogen-III C-methyltransferase
gene2926,NVIE_2841,hemC,A0A060HVH8,porphobilinogen deaminase
gene2927,NVIE_027760,hemL2,A0A060HNL0,"glutamate-1-semialdehyde 2,1-aminomutase"
gene2928,NVIE_027770,NVIE_027770,A0A060HKL0,hypothetical protein
gene2929,NVIE_027780,NVIE_027780,A0A060HPJ0,hypothetical protein
gene2930,NVIE_027790,NVIE_027790,A0A060HUE9,putative protein of unknown function DUF55
gene2931,NVIE_027800,NVIE_027800,A0A060HVI0,putative tRNA pseudouridine synthase D
gene2932,NVIE_027810,NVIE_027810,A0A060HNL4,exported protein of unknown function
gene2933,NVIE_027820,NVIE_027820,A0A060HKL5,exported protein of unknown function
gene2934,NVIE_027830,NVIE_027830,A0A060HPJ6,protein of unknown function
gene2935,NVIE_027840,NVIE_027840,A0A060HUF3,conserved protein of unknown function
gene2936,NVIE_027850,degP,A0A060HVI3,"Protease Do-like 1, chloroplastic"
gene2937,NVIE_027860,NVIE_027860,A0A060HNL8,"putative CRISPR-associated exonuclease, Cas4 family"
gene2938,NVIE_027870,NVIE_027870,A0A060HKM0,protein of unknown function
gene2939,NVIE_027880,NVIE_027880,A0A060HPK0,exported protein of unknown function
gene2940,NVIE_027890,NVIE_027890,A0A060HUF6,hypothetical protein
gene2941,NVIE_027900,NVIE_027900,A0A060HVI5,putative nickel/cobalt transporter
gene2942,NVIE_027910,pyrH,A0A060HNM3,uridylate kinase
gene2943,NVIE_027920,NVIE_027920,A0A060HKM5,putative metal dependent phosphohydrolase
gene2944,NVIE_027930,NVIE_027930,A0A060HPK4,putative thymidylate kinase
gene2945,NVIE_027940,NVIE_027940,A0A060HUF9,hypothetical protein
gene2946,NVIE_027950,NVIE_027950,A0A060HVI9,conserved protein of unknown function
gene2947,NVIE_027960,hsp21,A0A060HNM8,heat-shock protein Hsp21
gene2948,NVIE_027970,NVIE_027970,A0A060HKN0,ABC-1 domain-containing protein
gene2949,NVIE_027980,NVIE_027980,A0A060HPK9,protein of unknown function
gene2950,NVIE_027990,NVIE_027990,A0A060HUG4,putative adenylate cyclase (modular protein)
gene2951,NVIE_2864,NVIE_2864,#N/A,fragment of radical SAM domain protein (part 2)
gene2952,NVIE_028000,NVIE_028000,#N/A,fragment of radical SAM domain protein (part 1)
gene2953,NVIE_028010,NVIE_028010,A0A060HVJ5,hypothetical protein
gene2954,NVIE_028020,NVIE_028020,A0A060HNN3,exported protein of unknown function
gene2955,NVIE_028030,NVIE_028030,A0A060HKN5,putative NUDIX hydrolase
gene2956,NVIE_028040,NVIE_028040,A0A060HPL5,putative phosphosulfolactate synthase
gene2957,NVIE_028050,NVIE_028050,A0A060HUG7,"ABC uptake transporter, substrate-binding protein"
gene2958,NVIE_028060,NVIE_028060,A0A060HVJ9,"ABC uptake transporter, permease protein"
gene2959,NVIE_028070,NVIE_028070,A0A060HNN7,putative pterin-4-alpha-carbinolamine dehydratase
gene2960,NVIE_028080,NVIE_028080,A0A060HKP0,hypothetical protein
gene2961,NVIE_t0340,NVIE_t0340,#N/A,tRNA-Val
gene2962,NVIE_028100,NVIE_028100,A0A060HPL9,hypothetical protein
gene2963,NVIE_028110,NVIE_028110,A0A060HUH1,protein of unknown function
gene2964,NVIE_028120,NVIE_028120,A0A060HVK5,hypothetical protein
gene2965,NVIE_028140,NVIE_028140,A0A060HNP2,Rieske (2Fe-2S) domain protein
gene2966,NVIE_028150,NVIE_028150,A0A060HKP4,protein of unknown function
gene2967,NVIE_028160,NVIE_028160,A0A060HPM5,"putative Naphthalene 1,2-dioxygenase system ferredoxin subunit"
gene2968,NVIE_028170,NVIE_028170,A0A060HUH6,putative 4-oxalocrotonate tautomerase family enzyme
gene2969,NVIE_028180,NVIE_028180,A0A060HVK9,protein of unknown function
gene2970,NVIE_028190,NVIE_028190,A0A060HNP7,putative peptidase M20
gene2971,NVIE_028200,NVIE_028200,A0A060HKP9,four-helix bundle copper-binding protein
gene2972,NVIE_028210,NVIE_028210,A0A060HPM9,protein of unknown function
gene2973,NVIE_028220,NVIE_028220,A0A060HUI1,exported protein of unknown function
gene2974,NVIE_028230,NVIE_028230,A0A060HVL5,exported protein of unknown function
gene2975,NVIE_028240,NVIE_028240,A0A060HNQ2,conserved protein of unknown function
gene2976,NVIE_028250,NVIE_028250,A0A060HKQ4,conserved protein of unknown function
gene2977,NVIE_028260,NVIE_028260,A0A060HPN4,"Oxidoreductase, aldo/keto reductase family"
gene2978,NVIE_028270,NVIE_028270,A0A060HUI7,protein of unknown function
gene2979,NVIE_028280,NVIE_028280,A0A060HVM0,conserved membrane protein of unknown function
gene2980,NVIE_028290,tyrS,A0A060HNQ5,tyrosine--tRNA ligase
gene2981,NVIE_028300,NVIE_028300,A0A060HKQ9,protein of unknown function DUF45
gene2982,NVIE_028310,NVIE_028310,A0A060HPN9,protein of unknown function
gene2983,NVIE_028320,NVIE_028320,A0A060HUJ1,exported protein of unknown function
gene2984,NVIE_028330,top6A,A0A060HVM6,"Topoisomerase IIB, subunitA"
gene2985,NVIE_028340,top6B,A0A060HNR0,"putative topoisomerase IIB, subunitB"
gene2986,NVIE_028350,NVIE_028350,A0A060HKR5,hypothetical protein
gene2987,NVIE_028360,NVIE_028360,A0A060HPP4,putative MtN3 (Sweet) Family transporter
gene2988,NVIE_028370,NVIE_028370,A0A060HUJ5,conserved protein of unknown function
gene2989,NVIE_028380,NVIE_028380,A0A060HVN1,conserved protein of unknown function
gene2990,NVIE_028390,NVIE_028390,A0A060HNR5,putative dihydroorotate dehydrogenase
gene2991,NVIE_028400,NVIE_028400,A0A060HKS1,radical SAM domain protein
gene2992,NVIE_028410,NVIE_028410,A0A060HPP9,hypothetical protein
gene2993,NVIE_028420,NVIE_028420,A0A060HUK2,putative metal dependent phosphohydrolase
gene2994,NVIE_028430,amoB,A0A060HVN7,ammonia monooxygenase subunit B
gene2995,NVIE_028440,radA3,A0A060HNS0,DNA repair and recombination protein RadA
gene2996,NVIE_028450,rpl21e,A0A060HKS5,50S ribosomal protein L21e
gene2997,NVIE_028460,rpoF,A0A060HPQ3,"DNA-directed RNA polymerase, subunit F"
gene2998,NVIE_028470,NVIE_028470,A0A060HUK8,conserved protein of unknown function
gene2999,NVIE_028480,rsmA,A0A060HVP2,putative ribosomal RNA small subunit methyltransferase A
gene3000,NVIE_028490,NVIE_028490,A0A060HNS3,putative N6 adenine-specific DNA methyltransferase
gene3001,NVIE_028500,icd,A0A060HKT0,putative isocitrate/isopropylmalate dehydrogenase
gene3002,NVIE_028510,NVIE_028510,A0A060HPQ8,hypothetical protein
gene3003,NVIE_028520,NVIE_028520,A0A060HUL4,"putative 3',5'-cyclic adenosine monophosphate phosphodiesterase CpdA"
gene3004,NVIE_2916,NVIE_2916,A0A060HVP9,fragment/protein of unknown function
gene3005,NVIE_028540,amoC6,A0A060HNS7,"ammonia monooxygenase, subunit C"
gene3006,NVIE_028550,NVIE_028550,A0A060HKT5,protein of unknown function
gene3007,NVIE_028560,NVIE_028560,A0A060HPR4,"ABC efflux transporter, FtsX-domain permease protein"
gene3008,NVIE_028570,NVIE_028570,A0A060HUM0,exported protein of unknown function
gene3009,NVIE_028580,NVIE_028580,A0A060HVQ3,"ABC efflux transporter, ATP-binding protein"
gene3010,NVIE_028590,NVIE_028590,A0A060HNT2,YHS domain containing protein
gene3011,NVIE_028600,NVIE_028600,A0A060HKT9,putative asparagine synthase
gene3012,NVIE_028610,NVIE_028610,A0A060HPR9,methylmalonyl-CoA epimerase
gene3013,NVIE_028620,mut,A0A060HUM7,"methylmalonyl-CoA mutase, large subunit"
gene3014,NVIE_2925,NVIE_2925,A0A060HVQ6,LAO/AO transport system ATPase
gene3015,NVIE_028630,NVIE_028630,A0A060HNT6,protein of unknown function
gene3016,NVIE_028640,NVIE_028640,A0A060HKU6,"methylmalonyl-CoA mutase, small subunit, C-terminus"
gene3017,NVIE_028650,ilvC,A0A060HPS6,ketol-acid reductoisomerase
gene3018,NVIE_028660,NVIE_028660,A0A060HUN3,putative UspA domain protein
gene3019,NVIE_028670,NVIE_028670,A0A060HVR2,HPP family protein (modular protein)
gene3020,NVIE_028680,NVIE_028680,A0A060HNU0,conserved membrane protein of unknown function
gene3021,NVIE_028690,NVIE_028690,A0A060HKV1,protein of unknown function
gene3022,NVIE_028700,NVIE_028700,A0A060HPT3,protein of unknown function
gene3023,NVIE_028710,NVIE_028710,A0A060HUN9,protein of unknown function
gene3024,NVIE_028720,NVIE_028720,A0A060HVR6,protein of unknown function
gene3025,NVIE_028730,NVIE_028730,A0A060HNU5,conserved protein of unknown function
gene3026,NVIE_028740,NVIE_028740,A0A060HKV6,protein of unknown function
gene3027,NVIE_028750,dps4,A0A060HPT9,"ferritin, Dps family protein"
gene3028,NVIE_028760,NVIE_028760,A0A060HUP4,protein of unknown function
gene3029,NVIE_028770,NVIE_028770,A0A060HVS3,putative spermine synthase
gene3030,NVIE_028780,NVIE_028780,A0A060HNU9,exported protein of unknown function
gene3031,NVIE_028790,NVIE_028790,A0A060HKW0,hypothetical protein
gene3032,NVIE_028800,NVIE_028800,A0A060HPU4,hypothetical protein
gene3033,NVIE_028810,NVIE_028810,A0A060HUQ1,hypothetical protein
gene3034,NVIE_028820,NVIE_028820,A0A060HVS7,protein of unknown function
gene3035,NVIE_028830,NVIE_028830,A0A060HNV4,putative Pyridoxamine 5'-phosphate oxidase
gene3036,NVIE_028840,NVIE_028840,A0A060HKW5,Rieske (2Fe-2S) domain protein
gene3037,NVIE_028850,NVIE_028850,A0A060HPV0,Acetyltransferase-like protein
gene3038,NVIE_028860,NVIE_028860,A0A060HUQ6,protein of unknown function
gene3039,NVIE_028870,NVIE_028870,A0A060HVT4,3-demethylubiquinone-9 3-methyltransferase (modular protein)
gene3040,NVIE_2950,NVIE_2950,A0A060HNV7,putative activator of Hsp90 ATPase 1 family protein
gene3041,NVIE_028880,NVIE_028880,A0A060HKX0,protein of unknown function
gene3042,NVIE_028890,NVIE_028890,A0A060HPV5,protein of unknown function
gene3043,NVIE_028900,NVIE_028900,A0A060HUR1,exported protein of unknown function
gene3044,NVIE_028910,NVIE_028910,A0A060HVU0,conserved protein of unknown function
gene3045,NVIE_028920,NVIE_028920,A0A060HNW2,protein of unknown function
gene3046,NVIE_028930,NVIE_028930,A0A060HKX4,protein of unknown function
gene3047,NVIE_028940,NVIE_028940,A0A060HPW1,protein of unknown function
gene3048,NVIE_028950,NVIE_028950,A0A060HUR7,protein of unknown function
gene3049,NVIE_028960,NVIE_028960,A0A060HVU6,protein of unknown function
gene3050,NVIE_028970,NVIE_028970,A0A060HNW6,protein of unknown function
gene3051,NVIE_028980,NVIE_028980,A0A060HKX9,putative integrase family protein
gene3052,NVIE_028990,NVIE_028990,A0A060HPW6,protein of unknown function
gene3053,NVIE_029000,NVIE_029000,A0A060HUS2,Site-specific DNA methyltransferase
gene3054,NVIE_029010,NVIE_029010,A0A060HVV3,conserved protein of unknown function
gene3055,NVIE_029020,NVIE_029020,A0A060HNX0,protein of unknown function
gene3056,NVIE_029030,NVIE_029030,A0A060HKY3,protein of unknown function
gene3057,NVIE_029040,NVIE_029040,A0A060HPX3,protein of unknown function
gene3058,NVIE_029050,NVIE_029050,A0A060HUS9,protein of unknown function
gene3059,NVIE_029060,NVIE_029060,A0A060HVV9,protein of unknown function
gene3060,NVIE_029070,NVIE_029070,A0A060HNX5,protein of unknown function
gene3061,NVIE_029080,NVIE_029080,A0A060HKY8,protein of unknown function
gene3062,NVIE_029090,NVIE_029090,A0A060HPX8,protein of unknown function
gene3063,NVIE_029100,NVIE_029100,A0A060HUT4,protein of unknown function
gene3064,NVIE_2973,NVIE_2973,A0A060HVW4,protein of unknown function
gene3065,NVIE_029110,NVIE_029110,A0A060HNY0,protein of unknown function
gene3066,NVIE_029120,NVIE_029120,A0A060HKZ4,putative integrase family protein
gene3067,NVIE_t0350,NVIE_t0350,#N/A,tRNA-Lys
gene3068,NVIE_029130,NVIE_029130,A0A060HPY4,putative Fe-S oxidoreductase
gene3069,NVIE_029140,NVIE_029140,A0A060HUU0,putative cyclase
gene3070,NVIE_029150,NVIE_029150,A0A060HVW9,"putative transcriptional regulator, AsnC family"
gene3071,NVIE_029160,csd,A0A060HNY5,putative cysteine desulfurase
gene3072,NVIE_2980,NVIE_2980,A0A060HKZ8,hypothetical protein
gene3073,NVIE_029170,NVIE_029170,A0A060HPY9,hypothetical protein
gene3074,NVIE_029180,NVIE_029180,A0A060HUU6,conserved protein of unknown function
gene3075,NVIE_029190,thsA,A0A060HVX6,archaeal thermosome
gene3076,NVIE_029200,NVIE_029200,A0A060HNY9,putative rhomboid family protein
gene3077,NVIE_029210,NVIE_029210,A0A060HL03,zinc finger C2H2 domain-containing protein
gene3078,NVIE_029220,NVIE_029220,A0A060HPZ5,"putative transcriptional regulator, AsnC family"
gene3079,NVIE_029230,NVIE_029230,A0A060HUV1,"putative transcriptional regulator, ArsR family"
gene3080,NVIE_029240,rpl11p,A0A060HVY1,50S ribosomal protein L11p
gene3081,NVIE_029250,NVIE_029250,A0A060HNZ2,putative subtilase family protein
gene3082,NVIE_029260,trxA1,A0A060HL08,putative thioredoxin
gene3083,NVIE_029270,aIF-2,A0A060HQ01,translation initiation factor IF-2
gene3084,NVIE_029280,NVIE_029280,A0A060HUV7,putative nucleoside diphosphate kinase
gene3085,NVIE_029290,rpl24e,A0A060HVY7,50S ribosomal protein L24e
gene3086,NVIE_029300,rps28e,A0A060HNZ5,30S ribosomal protein S28e
gene3087,NVIE_029310,rpl7ae,A0A060HL12,50S ribosomal protein L7ae
gene3088,NVIE_029320,glmM,A0A060HQ08,phosphoglucosamine mutase
gene3089,NVIE_t0360,NVIE_t0360,#N/A,tRNA-Leu
gene3090,NVIE_029330,NVIE_029330,A0A060HUW3,protein of unknown function
gene3091,NVIE_029340,NVIE_029340,A0A060HVZ3,putative integrase family protein
gene3092,NVIE_029350,NVIE_029350,A0A060HNZ9,protein of unknown function
gene3093,NVIE_029360,NVIE_029360,A0A060HL17,protein of unknown function
gene3094,NVIE_029370,NVIE_029370,A0A060HQ14,protein of unknown function
gene3095,NVIE_029380,NVIE_029380,A0A060HUW9,hypothetical protein
gene3096,NVIE_029390,dps5,A0A060HW00,"putative ferritin, Dps family protein"
gene3097,NVIE_029400,NVIE_029400,A0A060HP02,hypothetical protein
gene3098,NVIE_029410,NVIE_029410,A0A060HL21,protein of unknown function
gene3099,NVIE_029420,pdxT,A0A060HQ20,glutamine amidotransferase subunit PdxT
gene3100,NVIE_029430,pdxS,A0A060HUX4,pyridoxal biosynthesis lyase
gene3101,NVIE_029440,NVIE_029440,A0A060HW07,conserved exported protein of unknown function
gene3102,NVIE_029450,aco,A0A060HP07,aconitate hydratase
gene3103,NVIE_029460,NVIE_029460,A0A060HL26,exported protein of unknown function
gene3104,NVIE_029470,NVIE_029470,A0A060HQ25,protein of unknown function
gene3105,NVIE_029480,NVIE_029480,A0A060HUY1,"2:oxoacid-ferredoxin oxidoreductase, fused alpha and gamma subunit"
gene3106,NVIE_029490,NVIE_029490,A0A060HW13,"2:oxoacid-ferredoxin oxidoreductase, beta subunit"
gene3107,NVIE_029500,chaB,A0A060HP11,Cation transport regulator ChaB
gene3108,NVIE_029510,NVIE_029510,A0A060HL30,protein of unknown function
gene3109,NVIE_t0370,NVIE_t0370,#N/A,tRNA-Arg
gene3110,NVIE_029520,NVIE_029520,A0A060HQ31,hypothetical protein
gene3111,NVIE_029530,NVIE_029530,A0A060HUY6,exported protein of unknown function
gene3112,NVIE_029540,NVIE_029540,A0A060HW21,"putative transcriptional regulator, AsnC family"
gene3113,NVIE_029550,NVIE_029550,A0A060HP14,exported protein of unknown function
gene3114,NVIE_029560,NVIE_029560,A0A060HL35,protein of unknown function
gene3115,NVIE_029570,NVIE_029570,A0A060HQ36,hypothetical protein
gene3116,NVIE_029580,NVIE_029580,A0A060HUZ2,blue (Type 1) copper domain-containing protein
gene3117,NVIE_029590,NVIE_029590,A0A060HW27,"putative transcriptional regulator, AsnC family"
gene3118,NVIE_029600,NVIE_029600,A0A060HP17,protein of unknown function
gene3119,NVIE_029610,sufC,A0A060HL39,putative FeS assembly ATPase SufC
gene3120,NVIE_029620,NVIE_029620,A0A060HQ41,putative chlorite dismutase
gene3121,NVIE_3025,NVIE_3025,A0A060HUZ7,protein of unknown function DUF1802
gene3122,NVIE_029640,NVIE_029640,A0A060HW33,voltage-gated potassium channel beta subunit family protein
gene3123,NVIE_029650,NVIE_029650,A0A060HP22,"putative transcriptional regulator, AsnC family"
gene3124,NVIE_029660,NVIE_029660,A0A060HL46,hypothetical protein
gene3125,NVIE_029670,NVIE_029670,A0A060HQ46,putative transcriptional regulator
gene3126,NVIE_029680,NVIE_029680,A0A060HV05,hypothetical protein
gene3127,NVIE_029690,NVIE_029690,A0A060HW40,hypothetical protein
gene3128,NVIE_029700,NVIE_029700,A0A060HP27,hypothetical protein
gene3129,NVIE_029710,leuD2,A0A060HL52,3-isopropylmalate dehydratase small subunit
gene3130,NVIE_029720,leuC2,A0A060HQ52,3-isopropylmalate dehydratase large subunit
gene3131,NVIE_3035,cofE-2,A0A060HV10,F420-0:gamma-L-glutamate ligase
gene3132,NVIE_029730,NVIE_029730,A0A060HW46,hypothetical protein
gene3133,NVIE_029740,NVIE_029740,A0A060HP32,hypothetical protein
gene3134,NVIE_029750,NVIE_029750,A0A060HL58,hypothetical protein
gene3135,NVIE_t0380,NVIE_t0380,#N/A,tRNA-Ser
gene3136,NVIE_029770,NVIE_029770,A0A060HQ58,conserved protein of unknown function
gene3137,NVIE_029790,NVIE_029790,A0A060HV15,protein of unknown function
gene3138,NVIE_029800,NVIE_029800,A0A060HW53,protein of unknown function
gene3139,NVIE_029810,NVIE_029810,A0A060HP38,"stomatin-like protein, putative protease"
gene3140,NVIE_029820,NVIE_029820,A0A060HL64,putative integral membrane ClpP-type serine endoprotease
gene3141,NVIE_029830,NVIE_029830,A0A060HQ63,hypothetical protein
gene3142,NVIE_029840,NVIE_029840,A0A060HV21,Phosphohistidine phosphatase SixA
gene3143,NVIE_029850,NVIE_029850,A0A060HW61,exported protein of unknown function
gene3144,NVIE_029860,NVIE_029860,A0A060HP44,hypothetical protein
gene3145,NVIE_029870,NVIE_029870,A0A060HL70,protein of unknown function
gene3146,NVIE_029880,NVIE_029880,A0A060HQ68,protein of unknown function
gene3147,NVIE_029890,NVIE_029890,A0A060HV24,hypothetical protein
gene3148,NVIE_029900,NVIE_029900,A0A060HW67,exported protein of unknown function with Blue (type 1) copper domain
gene3149,NVIE_029910,NVIE_029910,A0A060HP49,conserved protein of unknown function
gene3150,NVIE_029920,NVIE_029920,A0A060HL76,hypothetical protein
gene3151,NVIE_029930,NVIE_029930,A0A060HQ73,exported protein of unknown function
gene3152,NVIE_029940,NVIE_029940,A0A060HV30,hypothetical protein
gene3153,NVIE_029950,NVIE_029950,A0A060HW73,conserved protein of unknown function
gene3154,NVIE_029960,NVIE_029960,A0A060HP53,"putative transcriptional regulator, AsnC family"
gene3155,NVIE_029970,NVIE_029970,A0A060HL82,protein of unknown function
gene3156,NVIE_029980,NVIE_029980,A0A060HQ78,protein of unknown function
gene3157,NVIE_029990,secE,A0A060HV35,protein translocase SecE subunit
gene3158,NVIE_030000,trxA2,A0A060HW80,thioredoxin
gene3159,NVIE_030010,NVIE_030010,A0A060HP58,exported protein of unknown function
gene3160,NVIE_030020,alaS,A0A060HL87,alanine--tRNA ligase
gene3161,NVIE_030030,leuS,A0A060HQ85,leucine--tRNA ligase
gene3162,NVIE_030040,NVIE_030040,A0A060HV40,"putative signal transduction response regulator, receiver domain/putative CopR"
gene3163,NVIE_030050,NVIE_030050,A0A060HW88,protein of unknown function
gene3164,NVIE_030060,NVIE_030060,A0A060HP62,"putative signal transduction histidine kinase, with phosphoacceptor and ATP binding domain/putative CopS"
gene3165,NVIE_030070,NVIE_030070,A0A060HL92,conserved protein of unknown function
gene3166,NVIE_030080,NVIE_030080,A0A060HQ90,hypothetical protein
gene3167,NVIE_030090,NVIE_030090,A0A060HV45,putative prefoldin subunit alpha (modular protein)
gene3168,NVIE_030100,ftsY,A0A060HW94,signal recognition particle receptor FtsY
gene3169,NVIE_030110,argF,A0A060HP68,ornithine carbamoyltransferase
gene3170,NVIE_030120,NVIE_030120,A0A060HL97,DedA family protein
gene3171,NVIE_030130,NVIE_030130,A0A060HQ96,protein of unknown function DUF763
gene3172,NVIE_030140,NVIE_030140,A0A060HV53,putative rieske (2Fe-2S) domain protein
gene3173,NVIE_030150,NVIE_030150,A0A060HWA1,hypothetical protein DUF77
gene3174,NVIE_030160,NVIE_030160,A0A060HP71,conserved protein of unknown function
gene3175,NVIE_030170,NVIE_030170,A0A060HLA2,hypothetical protein
gene3176,NVIE_030180,NVIE_030180,A0A060HQA1,protein of unknown function
gene3177,NVIE_030190,NVIE_030190,A0A060HV58,hypothetical protein
gene3178,NVIE_030200,NVIE_030200,A0A060HWA7,protein of unknown function
gene3179,NVIE_030210,pckA,A0A060HP76,ATP-dependent phosphoenolpyruvate carboxykinase
gene3180,NVIE_t0390,NVIE_t0390,#N/A,tRNA-Pseudo
gene3181,NVIE_030220,NVIE_030220,A0A060HLA7,hypothetical protein
gene3182,NVIE_030230,NVIE_030230,A0A060HQA6,hypothetical protein
gene3183,NVIE_030240,NVIE_030240,A0A060HV65,protein of unknown function
gene3184,NVIE_030250,NVIE_030250,A0A060HWB3,protein of unknown function
gene3185,NVIE_030260,sodA,A0A060HP82,superoxide dismutase (Mn)
gene3186,NVIE_030270,NVIE_030270,A0A060HLB2,conserved exported protein of unknown function
