""	"A1"	"A2"	"A3"	"A4"	"A5"	"A6"	"A7"	"A8"	"A9"	"B1"	"B10"	"B2"	"B3"	"B4"	"B5"	"B6"	"B7"	"B8"	"B9"	"C1"	"C2"	"C3"	"C4"	"C5"	"D1"	"D2"	"D3"	"D4"	"D5"	"E1"	"E2"	"E3"	"E4"	"E5"	"F1"	"F2"	"F3"	"F4"	"F5"	"G1"	"G2"	"G3"	"G4"	"G5"
"A0A060HBM5"	0	0	0	0	0	0	7741700	0	0	0	0	0	0	0	0	0	0	0	0	0	0	10526000	7489800	9663500	0	0	9410500	9318800	10394000	10357000	6125900	0	7021700	8738900	0	9311500	0	8335200	7595700	0	7786900	8255900	11526000	10278000
"A0A060HBN0"	26122000	16867000	20641000	16841000	19791000	16572000	16641000	20573000	18278000	99110000	23650000	42695000	41440000	58053000	28978000	25604000	22289000	22687000	25795000	19963000	19121000	16346000	23859000	17519000	25882000	16152000	18668000	16151000	17994000	27281000	26185000	30968000	37107000	23102000	26020000	27879000	21723000	27517000	20112000	23473000	15517000	22017000	17553000	23281000
"A0A060HBN5"	79269000	70995000	83298000	70212000	78410000	78172000	75980000	71974000	66755000	143270000	101470000	1.29e+08	120600000	137220000	145760000	82925000	84573000	83989000	104200000	97139000	75959000	79975000	64700000	91876000	78307000	87047000	74426000	87304000	78789000	89426000	114910000	98752000	99667000	105530000	80147000	87336000	82526000	68631000	72405000	86018000	70080000	74793000	81223000	77761000
"A0A060HBP6"	292080000	281210000	228820000	254100000	330030000	308370000	278670000	342760000	277520000	123720000	259920000	204830000	192150000	185500000	143970000	283330000	262980000	224070000	174080000	269220000	237770000	340020000	307360000	278060000	291370000	273640000	262200000	276210000	283340000	282560000	238360000	279590000	237730000	218670000	346390000	259860000	291990000	237830000	226570000	363150000	302830000	279930000	328620000	306120000
"A0A060HBQ2"	650110000	544190000	564250000	528660000	554650000	483980000	569490000	690310000	625030000	364500000	687070000	486780000	383340000	396950000	436080000	497710000	670890000	530530000	577020000	649960000	551470000	642930000	616890000	701970000	571110000	682920000	563850000	643460000	611730000	578620000	664370000	547680000	665680000	650480000	664330000	713180000	784180000	671950000	823180000	821690000	649700000	698010000	744440000	724070000
"A0A060HBQ7"	48308000	78587000	131050000	94457000	96564000	97822000	99078000	73308000	85812000	22846000	60806000	54814000	0	29875000	37733000	55046000	93510000	70753000	55056000	87079000	77696000	84651000	97011000	95062000	82558000	102340000	87585000	95630000	92190000	62663000	47806000	60731000	55452000	67625000	91143000	78479000	96047000	84894000	97867000	74802000	88016000	96869000	93968000	85217000
"A0A060HBR3"	111650000	108520000	78022000	93355000	101790000	97138000	98147000	119560000	117530000	138670000	142630000	120010000	162660000	178090000	212720000	136010000	135860000	115250000	154200000	117550000	108470000	137890000	114560000	147070000	101410000	119090000	108730000	144540000	131500000	129360000	137400000	108180000	120070000	117750000	144190000	116500000	129360000	109860000	109950000	125410000	105270000	101040000	142830000	117820000
"A0A060HBR9"	16089000	12716000	15517000	14783000	12217000	14832000	16422000	11632000	15729000	0	17464000	10993000	20604000	12086000	20118000	15709000	16325000	16199000	14446000	16409000	15457000	16178000	15371000	16871000	13454000	17029000	15209000	15898000	16760000	16153000	16649000	18383000	17248000	17211000	18355000	19779000	15580000	16837000	18700000	16455000	16079000	14718000	17919000	14367000
"A0A060HBS4"	44864000	36918000	66772000	46344000	46595000	43076000	39814000	52198000	32863000	82304000	37586000	83624000	66990000	69880000	49375000	51120000	33384000	51473000	41678000	35811000	38299000	30179000	0	0	47330000	32151000	37113000	29638000	33512000	35124000	44426000	44733000	61119000	38127000	0	35647000	34830000	38166000	32072000	37409000	26635000	38179000	29256000	34124000
"A0A060HBT0"	0	0	0	0	0	0	0	0	0	0	0	0	0	0	0	0	0	0	0	0	0	0	0	0	0	0	0	0	0	0	7359600	0	5011100	6331800	5366000	0	0	0	0	0	0	0	0	0
"A0A060HBU1"	10452000	9609300	8571800	10053000	9704800	8303700	9399400	6610700	9214900	0	0	0	0	0	0	5429200	0	0	0	9739900	7710600	8463900	8329000	9261900	8284000	9018500	8458500	0	9954700	9382700	8036000	9615900	11233000	8868600	7959100	10383000	8209100	7693600	0	10111000	10227000	11167000	9233100	10894000
"A0A060HBU6"	8630900	0	0	0	12841000	0	0	0	0	0	0	0	0	0	0	7673200	0	0	0	0	7753300	0	0	0	0	0	0	0	0	0	0	0	0	0	10793000	0	0	0	0	0	0	9611300	0	0
"A0A060HBV1"	261060000	217790000	335240000	246070000	264370000	259350000	216790000	215360000	203900000	328910000	207830000	383930000	241770000	274760000	241510000	238850000	248690000	279700000	224750000	266090000	237180000	191310000	190870000	212080000	256500000	202960000	224740000	181700000	171320000	184090000	232360000	240400000	248600000	202330000	193850000	203630000	231650000	251030000	250710000	182750000	179350000	1.98e+08	171540000	181480000
"A0A060HBV5"	24519000	19247000	0	26783000	20441000	16668000	18073000	19142000	24005000	14633000	28853000	26469000	22682000	0	28670000	17644000	41190000	21655000	18531000	28760000	20242000	26270000	23848000	25455000	18328000	27675000	24923000	26619000	29432000	47892000	39187000	30826000	40020000	48650000	42178000	40048000	38133000	32196000	38753000	31054000	25191000	27720000	31421000	26806000
"A0A060HBV9"	0	0	0	0	0	0	0	0	0	0	0	0	0	0	0	0	0	0	0	0	0	0	0	0	0	0	0	0	0	0	0	0	0	0	0	0	0	0	0	0	0	0	0	2165800
"A0A060HBX4"	0	0	0	0	0	0	0	0	0	0	0	0	19626000	29898000	14177000	20556000	0	0	18272000	0	0	0	0	0	0	0	0	0	0	0	0	0	14601000	0	0	0	0	0	0	0	0	0	0	0
"A0A060HC05"	0	0	0	0	0	0	0	0	0	0	0	0	0	0	0	0	0	0	0	0	0	0	0	0	0	0	0	0	0	0	0	0	0	0	0	0	0	0	0	0	0	0	0	3210900
"A0A060HC10"	0	4307800	0	0	0	3378200	3215700	0	3776700	0	4864300	0	0	0	0	0	0	4152300	5103100	3264400	0	3931000	3003600	0	4043000	0	4077900	0	5048300	0	4123900	2933200	0	5504300	4312500	5368700	4821700	2603100	0	3373400	4171300	3895400	4370200	0
"A0A060HC15"	0	0	0	0	0	0	0	0	0	0	0	0	0	0	0	0	0	0	0	0	0	0	0	0	0	0	0	0	0	0	0	0	0	0	0	0	0	2014900	0	0	0	0	0	0
"A0A060HC21"	0	0	0	0	0	0	0	0	0	0	0	0	0	0	0	0	0	0	0	0	0	0	0	0	0	0	0	0	0	0	0	0	0	0	0	0	0	0	0	0	0	869110	0	0
"A0A060HC34"	15380000	13680000	21182000	15717000	13979000	13516000	15686000	12420000	17280000	0	12834000	23824000	13346000	15106000	15941000	15475000	19704000	20543000	14187000	16339000	14747000	12567000	16613000	17416000	14826000	16409000	14207000	13577000	11764000	16563000	13737000	15445000	16622000	15305000	15491000	16486000	16629000	18258000	19826000	13289000	15459000	14386000	14650000	13822000
"A0A060HC45"	46135000	40021000	69559000	49948000	51866000	56826000	44637000	44918000	49300000	44425000	44250000	60558000	44302000	49573000	60018000	37358000	55649000	50262000	40435000	50542000	51201000	44761000	46112000	51229000	56924000	63524000	46026000	62101000	49869000	38251000	55026000	45923000	42844000	40604000	31717000	36071000	50318000	45647000	56132000	59376000	61521000	49117000	48724000	48806000
"A0A060HC53"	0	0	0	0	0	0	4775200	0	0	0	0	0	0	0	0	0	0	0	0	0	0	0	0	0	0	0	0	0	0	0	0	0	0	0	0	0	0	0	0	0	0	0	3280500	0
"A0A060HC98"	123310000	98096000	70831000	67038000	87093000	60294000	64008000	46391000	71160000	47301000	64499000	62618000	48511000	43269000	58497000	64154000	67782000	5.9e+07	57141000	92623000	87164000	89666000	81313000	67232000	82228000	73771000	70405000	80204000	68690000	73619000	50059000	49732000	47987000	49169000	68286000	54378000	44455000	49179000	45123000	70738000	52075000	54813000	52162000	59963000
"A0A060HCG6"	772650000	635140000	540890000	816350000	760610000	485420000	587940000	630590000	647810000	296310000	624460000	513200000	396550000	292950000	489780000	479590000	586030000	513020000	592710000	909130000	691840000	850640000	705920000	911970000	718030000	802500000	771490000	1072400000	864020000	395210000	424100000	328500000	417470000	509740000	558440000	429460000	568270000	390400000	366940000	694430000	541920000	530640000	559580000	594350000
"A0A060HCK2"	46622000	36404000	42131000	35393000	40945000	36726000	39999000	47888000	36454000	55104000	51652000	85852000	52638000	46754000	56760000	58425000	56829000	55812000	50924000	54789000	51179000	48341000	37693000	43337000	50120000	43611000	33099000	32285000	35507000	63644000	54526000	47622000	51383000	47647000	63149000	58895000	49565000	57135000	54596000	54098000	34403000	33256000	36716000	42665000
"A0A060HCK4"	211250000	203370000	176630000	202060000	177070000	166130000	153350000	181860000	191200000	0	82076000	0	0	0	0	33040000	118910000	62726000	60663000	156850000	172120000	190290000	162990000	197780000	158330000	203660000	201120000	200960000	168280000	35653000	0	0	0	41930000	67712000	89983000	111900000	97846000	119080000	226100000	211260000	150960000	165670000	222790000
"A0A060HCL0"	78745000	71002000	74571000	79642000	65028000	76716000	64887000	69403000	77059000	220820000	152980000	162960000	159610000	199600000	188550000	140620000	174390000	141290000	168050000	103630000	88580000	88639000	74983000	106690000	74408000	95837000	75660000	76720000	81776000	176440000	162560000	142790000	148960000	193720000	154890000	147360000	178150000	161210000	188360000	91866000	93655000	73864000	87988000	92090000
"A0A060HCP5"	122140000	138310000	111440000	112970000	92884000	102540000	96993000	97667000	93168000	418920000	88073000	137770000	224570000	319610000	184930000	102510000	64719000	88234000	110620000	105930000	112390000	89672000	85685000	88886000	116720000	79706000	84763000	113560000	110980000	202710000	244370000	209390000	225270000	196780000	112750000	108250000	81910000	103530000	100470000	105280000	108200000	83835000	84636000	100220000
"A0A060HCQ3"	0	0	0	0	0	0	3177100	0	2935600	0	0	0	0	0	0	0	0	0	0	3799200	0	0	0	2957500	3314200	0	0	2889000	2931200	0	0	0	0	0	0	0	0	0	0	0	0	2683900	0	0
"A0A060HCR5"	259670000	328050000	396640000	226400000	267120000	317030000	299930000	295230000	255850000	703480000	331700000	541410000	552740000	597340000	530660000	370300000	431870000	313230000	417040000	304220000	323920000	277570000	218040000	301910000	297720000	304670000	258680000	236800000	250860000	371470000	409670000	311390000	328590000	365110000	300870000	330710000	287630000	298580000	383680000	289170000	268670000	226890000	260110000	276300000
"A0A060HCS0"	537780000	399960000	1077800000	763530000	741410000	532030000	704220000	598850000	472570000	255770000	337980000	357720000	174780000	188230000	200320000	226520000	445240000	359640000	234950000	468810000	429560000	327930000	426220000	472150000	596780000	491960000	599360000	435330000	424090000	244330000	147140000	205220000	202230000	272770000	238430000	349580000	586500000	327640000	418350000	447380000	352400000	443460000	400850000	343450000
"A0A060HCS4"	140170000	118440000	98309000	88803000	100030000	109060000	113770000	111700000	118260000	146410000	148100000	91238000	108720000	1.15e+08	91663000	121470000	182880000	125590000	177740000	135350000	130690000	137080000	129300000	151600000	114630000	149280000	133910000	106390000	122500000	124100000	92493000	46173000	94206000	150550000	124870000	190090000	137790000	127050000	163380000	138880000	122670000	97799000	138910000	138230000
"A0A060HCS9"	0	0	0	0	0	0	0	0	0	0	0	0	0	0	0	0	0	0	0	0	0	0	0	0	0	0	0	0	0	0	0	0	2158600	2467500	0	2353800	0	0	0	0	0	2132000	0	0
"A0A060HCT3"	227400000	230390000	329710000	246160000	267530000	237050000	239150000	274060000	204860000	186020000	238780000	297060000	191950000	309790000	210160000	2.32e+08	208640000	272810000	191590000	212100000	194650000	200670000	248210000	251120000	233480000	235230000	212930000	228360000	213800000	215830000	215120000	275600000	255680000	132580000	253580000	178280000	239330000	212230000	304700000	271260000	201450000	215120000	224390000	225640000
"A0A060HCU3"	92580000	52890000	37645000	46325000	60082000	40297000	46300000	39324000	46173000	153800000	51594000	79724000	93668000	57039000	65773000	58945000	53897000	60883000	80529000	61304000	42217000	30179000	54648000	53690000	68178000	28793000	38952000	39405000	47229000	79144000	96226000	93993000	153400000	101140000	54893000	59421000	46541000	49120000	59243000	57124000	40470000	44939000	46532000	55501000
"A0A060HCV6"	174460000	213660000	317280000	199180000	210160000	237170000	208710000	219120000	173030000	17014000	196810000	50433000	23969000	21596000	26223000	162450000	184550000	202850000	182340000	199270000	214510000	203610000	185950000	181540000	199750000	200460000	217490000	225380000	171420000	151510000	121110000	85244000	109460000	145330000	154470000	163880000	199340000	182160000	251420000	187320000	192680000	172160000	178550000	178370000
"A0A060HCX3"	16333000	17834000	20675000	16688000	14537000	15717000	12359000	15256000	15870000	15036000	13704000	27507000	18409000	17412000	16264000	22475000	11213000	16463000	15457000	13277000	20453000	16054000	16215000	14825000	14632000	13969000	14999000	10884000	14588000	19112000	22067000	22518000	18337000	16023000	15981000	19608000	14430000	20741000	24168000	16920000	14187000	17009000	14591000	14329000
"A0A060HCX7"	0	0	0	0	0	0	0	0	0	0	0	0	0	0	0	0	0	0	0	0	0	0	0	8941000	0	0	0	0	0	0	0	0	0	0	0	0	0	0	0	0	0	0	0	0
"A0A060HCY7"	0	0	0	0	0	0	0	0	0	0	0	0	0	0	0	0	0	0	0	0	0	0	0	0	0	0	0	0	0	0	0	0	0	0	529130	0	0	0	0	0	0	0	0	0
"A0A060HCZ7"	49777000	33557000	13741000	44978000	43566000	29625000	34821000	35687000	39723000	65494000	43934000	30880000	69769000	76576000	53673000	52761000	33234000	55607000	39202000	42803000	37701000	44826000	51078000	40804000	37733000	39382000	42397000	42827000	47947000	75242000	50999000	40158000	75060000	72746000	62414000	63396000	52554000	43606000	35120000	48713000	43782000	47252000	43295000	42548000
"A0A060HD01"	12949000	14155000	9786000	11160000	13127000	10971000	12322000	17533000	15452000	13493000	13979000	21695000	12948000	14400000	11988000	14889000	10668000	16133000	14662000	12352000	10421000	14419000	14851000	13232000	13841000	9810900	12530000	14467000	14415000	22193000	17439000	18055000	12271000	13304000	18875000	15720000	13556000	14504000	10957000	16266000	10632000	14346000	11999000	15248000
"A0A060HD10"	0	0	0	0	0	0	0	0	0	0	0	0	0	0	0	0	0	0	0	0	0	4182600	0	0	0	0	0	0	0	0	0	0	0	0	0	0	0	0	0	0	0	0	0	0
"A0A060HD21"	50057000	34309000	53212000	44982000	49529000	36821000	35737000	34753000	42157000	34124000	28727000	42983000	25907000	29740000	22313000	35558000	31321000	34324000	21499000	47140000	39635000	44171000	42491000	39594000	42478000	41569000	52956000	47563000	31455000	51161000	29630000	31056000	17675000	23404000	46780000	36805000	47504000	36118000	49500000	42535000	35824000	37697000	29809000	35991000
"A0A060HD33"	0	0	0	0	0	0	0	0	0	0	0	0	0	0	0	5074600	0	0	0	0	0	0	0	0	0	0	0	0	0	0	0	0	0	0	0	0	0	0	0	0	0	0	0	0
"A0A060HD38"	35963000	39692000	65107000	38236000	29497000	45606000	37458000	35819000	35048000	51213000	37659000	66615000	57965000	48212000	59189000	51725000	43777000	53002000	46568000	37260000	39508000	31168000	34305000	40260000	43047000	34916000	34409000	32940000	31999000	44939000	45477000	66079000	51921000	58903000	39242000	39609000	48659000	44924000	44543000	37004000	42992000	42482000	31518000	39071000
"A0A060HD49"	24246000	24216000	32776000	27433000	23940000	22156000	23787000	23503000	22471000	5769700	23558000	20031000	19478000	12233000	23147000	18475000	15810000	20871000	22207000	18285000	21629000	20952000	21613000	21923000	22304000	23685000	23897000	25820000	23485000	18367000	21442000	18878000	19864000	18532000	20712000	18230000	20989000	18474000	0	20509000	20853000	21223000	24027000	20259000
"A0A060HD60"	38767000	40474000	52848000	33114000	33439000	37894000	46087000	39677000	42231000	17928000	37160000	41834000	39684000	35634000	42923000	37901000	46429000	41942000	41387000	37652000	43081000	36815000	40907000	37168000	36797000	46942000	37312000	30877000	37499000	34601000	32032000	35674000	38087000	36498000	33868000	40307000	36227000	43852000	50128000	41740000	47564000	41576000	42519000	44083000
"A0A060HD71"	17228000	18902000	17165000	16473000	18337000	24487000	17453000	16187000	15971000	15671000	16083000	17214000	17902000	18053000	21623000	20064000	12494000	21515000	18023000	13778000	16697000	13439000	19371000	14465000	15298000	0	14573000	17163000	13600000	18931000	20626000	24361000	19382000	23707000	17305000	15842000	13683000	15832000	15629000	14552000	18271000	15735000	10049000	12356000
"A0A060HD78"	0	0	0	0	0	0	0	0	0	0	0	0	0	0	0	0	0	0	0	0	0	0	0	0	0	0	0	0	0	0	0	0	3908900	0	0	0	0	0	0	0	0	0	0	0
"A0A060HD85"	328140000	332570000	422860000	366270000	354770000	337110000	375370000	394880000	386280000	160980000	268140000	262770000	196470000	158790000	188680000	260940000	224860000	294980000	249100000	296320000	337110000	323370000	362080000	335350000	359170000	348060000	368160000	329670000	401930000	270540000	253730000	232580000	252840000	245840000	332600000	398510000	357700000	354650000	351220000	336590000	350420000	4.05e+08	405790000	361290000
"A0A060HD91"	676380000	584260000	408740000	608610000	777180000	635580000	629190000	720270000	612250000	297210000	673620000	324560000	399500000	465040000	488910000	470380000	550520000	513620000	563880000	653910000	547520000	769510000	609760000	735670000	599980000	646390000	680890000	831470000	774360000	526350000	529140000	473560000	547580000	583060000	661240000	665980000	763920000	542670000	336880000	675090000	653480000	588250000	710370000	619560000
"A0A060HD96"	722790000	712200000	507810000	773890000	824150000	687060000	725990000	861740000	731240000	328330000	766240000	402860000	478520000	493330000	518730000	558180000	651370000	537380000	618070000	687420000	597360000	914900000	678940000	724720000	702170000	697570000	730940000	867200000	902650000	636500000	576940000	540360000	588760000	644950000	786320000	690850000	766190000	653880000	564960000	684490000	748700000	785060000	820260000	722270000
"A0A060HDA2"	399330000	611330000	358500000	322260000	688080000	376960000	341710000	373940000	303360000	190530000	249300000	700440000	392890000	0	447900000	342830000	356690000	285340000	3.2e+08	234460000	404030000	205370000	453810000	221100000	222140000	0	233180000	134200000	307870000	348970000	448840000	696220000	423520000	390540000	303440000	325600000	376440000	379120000	203460000	230710000	307420000	447770000	325390000	348660000
"A0A060HDA8"	7229700	0	0	6131700	0	5875000	6804300	0	7815900	0	0	0	0	0	7223000	0	0	6214500	6321400	8064100	6401400	8707700	6521400	0	5659200	8652300	8059900	10134000	6949300	0	0	0	0	0	5923100	0	6349000	6094900	0	0	0	7087800	0	0
"A0A060HDB2"	12146000	0	14537000	16580000	19183000	14116000	18293000	16326000	22187000	0	0	0	0	0	0	0	0	0	0	24694000	14761000	17871000	17879000	23528000	22993000	22325000	26918000	18098000	20443000	5580300	0	0	0	0	9894500	15973000	18803000	14542000	0	23849000	19181000	26743000	19755000	21803000
"A0A060HDC1"	1319100000	1090400000	1034500000	1247200000	1189300000	1102300000	1208800000	1.23e+09	1357400000	225020000	1213900000	544670000	205970000	195010000	392290000	727760000	1155500000	921020000	9.16e+08	1110100000	1099100000	1311900000	1296900000	1.259e+09	1169900000	1392700000	1244300000	1318900000	1412600000	941720000	757340000	722680000	977550000	1104100000	954460000	1182500000	1330300000	1160700000	1158800000	1334800000	1253400000	1298500000	1507600000	1419500000
"A0A060HDD1"	0	0	0	0	0	0	0	0	0	0	0	0	0	0	0	0	0	0	0	0	0	0	0	0	0	0	0	0	0	0	4119000	0	0	0	0	0	0	0	0	0	0	0	0	0
"A0A060HDE2"	0	0	0	0	0	0	0	0	0	0	1524900	0	0	0	0	0	0	0	0	0	0	0	0	0	0	0	0	0	0	0	0	0	0	0	0	0	0	0	0	0	0	0	0	0
"A0A060HDE7"	4157600	4355700	0	0	0	0	0	0	0	0	0	0	0	0	0	3684100	0	0	0	3826400	0	0	3768400	0	0	0	0	0	3718100	3925800	4650500	0	3744900	3660900	3803900	4352200	0	3776600	5052000	3951600	3633700	0	4150800	0
"A0A060HDG7"	37261000	37865000	75462000	49712000	41676000	36521000	50108000	44516000	44320000	61197000	41267000	96222000	43223000	52076000	23767000	43985000	40936000	58761000	37287000	35997000	41339000	31599000	48295000	43191000	54357000	29936000	45121000	35541000	43142000	50303000	42371000	46123000	46158000	39981000	39208000	32849000	44191000	43479000	35065000	38735000	33293000	38312000	42893000	35473000
"A0A060HDH4"	0	0	0	0	0	0	0	0	0	0	0	0	0	0	0	0	0	5865100	0	0	0	0	0	0	0	0	0	0	0	0	0	0	0	4968700	0	0	0	0	0	0	0	0	0	0
"A0A060HDI1"	13583000	13137000	15731000	12602000	12296000	13569000	13194000	0	15494000	16203000	12868000	24619000	11129000	0	16133000	11536000	13343000	11534000	16181000	15277000	15488000	11818000	15660000	19864000	18533000	9918100	8376600	12823000	13233000	10498000	14368000	21177000	18351000	15204000	16261000	11083000	15689000	17172000	16315000	17787000	14699000	18532000	11048000	9973300
"A0A060HDK4"	0	0	0	0	0	0	0	0	2194600	0	0	0	0	0	0	0	0	0	0	0	0	0	0	0	0	0	0	2644200	0	0	0	0	0	5369900	0	0	0	0	0	0	0	0	3677800	0
"A0A060HDM7"	10464000	11929000	17571000	11037000	10091000	11642000	13353000	8255900	11988000	0	8344200	20273000	0	0	0	14989000	22651000	15405000	11706000	13311000	13366000	11928000	10984000	11911000	7615700	14625000	13147000	14489000	9951500	22465000	21985000	25531000	28653000	32363000	16585000	13877000	19497000	19710000	22093000	14724000	15772000	13142000	15078000	12904000
"A0A060HDN5"	0	0	0	0	0	0	17471000	0	0	0	0	0	0	0	0	0	0	0	0	0	0	0	0	16544000	12945000	0	21129000	11007000	0	0	0	0	0	0	0	0	0	0	0	0	17152000	0	15770000	0
"A0A060HDP0"	0	0	0	0	0	0	13608000	0	0	0	0	12224000	0	0	0	0	0	0	0	0	0	0	0	0	0	0	0	0	0	0	0	0	0	0	9571200	0	0	9980200	0	12001000	0	0	0	0
"A0A060HDR3"	148040000	165610000	200230000	143840000	184250000	145660000	132130000	200310000	128990000	141730000	184590000	190970000	140460000	155520000	140850000	191160000	154030000	195580000	164040000	145550000	155440000	139600000	133530000	158370000	156690000	125980000	118850000	130210000	109910000	179940000	162430000	141570000	139430000	147640000	128130000	108760000	145820000	142180000	134160000	156190000	122720000	129080000	94342000	120940000
"A0A060HDU3"	8780900	9443400	8086500	8398000	10009000	11049000	8467400	9338300	7685600	0	8733700	0	6091800	6850200	7650100	6256700	11982000	5604200	7218800	11135000	8675900	10222000	6900700	13730000	9053200	11394000	8453300	10366000	9134800	6673100	7031900	5173900	3765200	5732500	0	4413500	8096600	6123300	9176700	10110000	7846200	5219200	8329000	8458700
"A0A060HDV8"	16236000	10469000	0	0	10547000	0	0	8912200	0	0	0	16968000	0	0	11007000	0	0	9860000	12808000	14771000	0	0	8638300	0	12278000	0	0	0	0	13221000	13190000	13826000	16506000	14450000	0	12977000	9528400	0	12039000	11725000	0	0	0	12700000
"A0A060HDW4"	0	14830000	0	10716000	18502000	14028000	0	0	12666000	9689200	0	8283300	8379500	0	10452000	0	0	0	0	0	0	13992000	0	0	0	0	12841000	14838000	0	0	0	0	0	0	9441500	0	0	8768700	0	0	13566000	11347000	0	0
"A0A060HDX2"	656290000	551350000	723980000	592480000	546970000	605720000	630030000	616470000	665660000	729590000	1080800000	1032100000	837750000	8.61e+08	1083400000	1089100000	1131100000	1096300000	1217800000	770270000	769240000	725810000	676180000	781900000	602950000	796680000	583060000	667520000	647090000	622580000	670450000	612460000	587080000	612980000	1129900000	1231100000	1248600000	1127100000	1342200000	678540000	648280000	608890000	735870000	640820000
"A0A060HDX8"	10959000	14938000	13968000	11986000	11775000	14005000	0	0	0	32585000	24167000	19081000	26088000	28821000	31627000	16825000	23793000	12668000	18694000	12573000	12636000	0	8932800	12628000	10019000	14160000	9681600	9196600	8229100	18717000	20492000	26520000	21658000	18385000	13259000	11103000	11147000	11839000	0	0	16647000	14413000	16248000	11055000
"A0A060HDY7"	29896000	32915000	66516000	37927000	38417000	37612000	34122000	32877000	31151000	64971000	52556000	72734000	48526000	74402000	52002000	49233000	44249000	57654000	40630000	36622000	36959000	27972000	28729000	36610000	36635000	33519000	27148000	29706000	29916000	36909000	44015000	38466000	40128000	34756000	35851000	34591000	39421000	33031000	32072000	31426000	29461000	28659000	26578000	25895000
"A0A060HE21"	8628100	10196000	12527000	9132700	9828200	0	9032700	11272000	7412300	0	9775000	6444400	0	0	10767000	9766800	8805100	8778100	7814200	8600700	8325300	7101300	0	8184200	7689500	6527700	0	6974700	7226300	5467800	0	6912900	0	0	10828000	0	4853700	7255200	0	8549900	0	7656200	6199900	6740000
"A0A060HE32"	128180000	105970000	117890000	122360000	116250000	108400000	108080000	91983000	115870000	51619000	94551000	73508000	68603000	76451000	85562000	87470000	112760000	82094000	71327000	111530000	94710000	107310000	106910000	117830000	98767000	115200000	111420000	109800000	94092000	86972000	74786000	89673000	67744000	74921000	107480000	91068000	110060000	86315000	118540000	118060000	99358000	105200000	111850000	99492000
"A0A060HE43"	0	0	0	0	0	0	0	0	0	0	0	0	0	0	0	0	0	0	0	0	0	0	0	0	0	0	0	0	0	0	0	0	815810	0	0	0	0	0	0	0	0	0	0	0
"A0A060HE54"	0	0	0	0	0	0	0	0	0	0	0	0	0	0	0	0	0	0	0	0	0	0	0	0	0	0	0	0	0	0	0	0	0	0	0	0	0	10533000	0	0	2680400	3086400	0	0
"A0A060HE65"	9440900	5867800	0	0	8791800	7550400	0	0	8739100	0	0	0	0	0	0	0	0	0	0	10410000	7209700	10555000	7290000	0	0	0	0	0	0	0	0	0	0	0	0	0	0	0	0	0	0	0	0	0
"A0A060HE73"	2863500	3712100	0	0	0	0	0	0	0	0	0	0	0	0	0	0	0	0	0	4958000	0	0	0	0	0	0	0	0	0	0	0	0	0	0	0	0	0	0	0	0	0	0	0	0
"A0A060HE79"	0	11952000	0	0	0	0	9887000	14319000	9741700	0	12632000	0	0	0	0	0	0	0	11765000	10192000	0	0	10496000	0	10749000	0	11348000	0	8361000	24361000	0	0	0	0	12614000	0	13956000	16758000	0	12717000	15292000	12960000	14993000	14195000
"A0A060HE87"	24206000	28425000	29835000	31375000	35611000	31789000	20113000	24354000	31555000	9484000	28007000	26671000	14526000	15803000	26110000	22388000	30984000	23344000	21223000	30143000	29986000	32762000	33477000	27035000	25029000	29818000	30491000	37475000	22613000	25769000	18524000	17177000	17322000	21324000	29167000	20386000	26687000	22869000	31561000	32159000	43005000	24978000	22443000	24861000
"A0A060HE89"	5070300	0	0	0	0	0	0	4548000	0	6928700	0	0	0	0	6410900	0	0	4427500	5382200	4969000	5691200	4364400	0	4925500	0	0	0	0	0	0	5344100	5480100	0	0	0	0	4633600	4875300	0	0	0	0	0	0
"A0A060HE93"	363360000	304880000	318520000	319430000	293750000	274720000	329320000	333520000	348810000	371550000	398800000	445020000	373490000	344210000	445760000	342860000	429720000	351450000	410540000	347460000	368590000	366380000	347210000	377590000	346820000	407180000	327290000	357170000	379410000	369640000	373880000	359130000	357740000	309090000	435620000	402900000	433980000	401600000	377530000	371860000	326760000	331120000	389040000	377150000
"A0A060HEA4"	10045000	8579400	0	0	8399300	6694100	6245700	0	7489900	0	7255800	0	9222000	9985800	8230200	7640000	0	10202000	8892400	8210900	8245100	9262800	10107000	7582700	6731600	7308200	6759700	10043000	10517000	12268000	8636100	0	8323000	8452900	10521000	0	7437900	8373200	0	0	0	7732700	7733900	0
"A0A060HEA8"	0	0	0	0	0	0	0	0	0	0	0	0	0	0	0	0	0	0	0	0	0	0	0	0	0	0	0	0	0	0	0	0	0	0	0	0	8533100	0	0	0	0	0	0	0
"A0A060HEB5"	36777000	37596000	47161000	46360000	44758000	48168000	40736000	43747000	36525000	28752000	48359000	47418000	29916000	29863000	41540000	51815000	58549000	49791000	42199000	40724000	40693000	37583000	43112000	33556000	34205000	42725000	40249000	25070000	41739000	51672000	45242000	49849000	56188000	57078000	51657000	47746000	49040000	45410000	49963000	44729000	40209000	38361000	38994000	35385000
"A0A060HEC0"	9570100	0	13301000	15287000	12869000	18291000	13969000	10893000	14834000	18800000	21630000	19172000	0	23488000	0	24566000	0	18960000	13782000	11621000	16103000	11188000	0	0	10533000	0	14962000	11991000	9088600	15293000	0	0	14317000	15456000	0	12679000	12856000	0	0	14729000	0	15714000	12851000	0
"A0A060HED0"	113100000	92546000	100800000	113130000	118210000	88334000	100800000	93748000	110240000	43826000	83078000	92834000	65938000	57964000	81597000	74970000	69033000	88151000	73420000	84364000	82956000	94881000	108770000	87627000	105130000	98969000	92491000	142040000	98453000	67783000	63557000	70140000	63845000	57104000	67390000	67120000	85727000	74710000	54567000	88583000	79302000	72819000	88420000	85482000
"A0A060HED3"	693890000	575540000	596190000	635350000	696500000	609010000	736210000	891120000	738890000	136760000	765490000	115950000	140820000	184940000	176870000	400850000	811530000	472180000	489400000	756220000	685410000	944100000	729480000	841930000	681750000	968070000	890260000	887950000	800450000	653740000	374570000	237060000	411480000	623690000	744400000	892160000	1073800000	691530000	954770000	891140000	807750000	809250000	1094200000	948970000
"A0A060HED8"	121460000	87478000	106020000	95738000	98227000	98521000	111200000	133690000	115630000	0	87621000	28476000	16819000	0	32041000	45272000	120060000	51494000	62004000	112390000	100080000	113040000	106220000	123750000	114040000	124910000	120740000	120290000	118300000	67063000	50446000	38910000	52569000	62123000	75909000	72326000	96704000	65153000	66182000	148640000	116010000	123620000	145670000	140220000
"A0A060HEE4"	3580100	0	0	0	0	6232800	0	0	0	0	0	7225200	0	0	9661700	9850100	0	0	9024100	7158500	5975500	6171400	0	0	0	0	0	0	5496500	0	0	0	0	0	0	0	0	0	0	0	0	0	0	0
"A0A060HEE9"	0	10274000	12545000	11147000	9535100	8882800	8879400	11484000	10895000	0	0	0	0	0	0	4030300	9505100	0	5543600	9687300	9304800	11553000	10507000	11312000	10211000	11598000	13988000	11185000	13902000	0	0	0	8311700	10149000	7052300	8535100	10768000	6252800	8073000	12775000	8865800	9927100	10025000	10589000
"A0A060HEF8"	17450000	13053000	21883000	16373000	14106000	13487000	26486000	11135000	16690000	0	7132200	8359400	0	0	0	0	0	8664300	5098200	11488000	13986000	14098000	13632000	9818600	11709000	12348000	15644000	9060000	9716900	6338200	3740700	0	0	4660400	7513800	11985000	11323000	11292000	9346500	11009000	7686400	9278100	7707700	12068000
"A0A060HEG8"	6293500	5800400	4614600	0	5592600	7671900	5127900	6506100	5151700	0	0	5372700	0	0	8997800	0	0	5242900	7238200	0	5570800	7547900	5378000	6305000	0	6333200	4856700	8892100	0	0	6244000	5839100	0	0	6342500	5615700	5437900	5910500	0	5279200	7440500	5111800	5792400	5834600
"A0A060HEH3"	10157000	9364700	7808200	0	0	10435000	8545400	8067700	0	0	0	12861000	0	0	15881000	9916200	17045000	11021000	11754000	0	0	9387900	8523900	11099000	11399000	9920000	9355300	10919000	11703000	11471000	9713900	10860000	10502000	13946000	9422500	9664200	12751000	11053000	9812000	10702000	8651000	9179000	10582000	8526000
"A0A060HEH8"	48132000	41716000	37408000	36077000	42032000	52011000	43071000	46750000	51746000	0	34443000	19001000	0	0	28206000	28572000	55834000	37148000	30938000	46561000	42297000	44815000	47361000	43549000	46701000	72500000	67459000	54952000	56036000	20982000	11585000	22557000	22593000	37577000	35402000	43348000	42891000	41846000	41007000	44400000	47510000	38134000	51882000	42726000
"A0A060HEI4"	20023000	20569000	19814000	14581000	18018000	14932000	16663000	19293000	16622000	0	25298000	0	12096000	0	16181000	1.9e+07	19449000	13863000	23439000	16469000	15472000	18979000	10919000	18636000	15345000	17744000	13768000	24251000	17772000	24433000	24668000	23313000	22950000	23516000	18829000	18025000	16369000	14694000	10982000	17320000	14150000	18059000	17901000	17201000
"A0A060HEI9"	0	0	0	0	0	0	0	0	0	0	0	0	5742000	12494000	7708200	0	0	0	0	0	0	0	0	0	0	0	0	0	0	0	0	9707900	0	0	0	0	0	0	0	0	0	0	0	0
"A0A060HEJ4"	8510500	7065700	10439000	10592000	8406100	7218900	9237300	0	6649900	0	6617400	14216000	0	0	11351000	7863300	9143200	9382000	8081800	12187000	8609500	8604200	7294300	9796200	8126700	8828300	7398500	7549400	7644700	12103000	12865000	12163000	13028000	12582000	10814000	13886000	10532000	10197000	14576000	9385600	7429400	8064500	8964500	6760200
"A0A060HEK9"	0	0	0	0	0	0	0	0	0	0	0	0	0	0	0	0	0	0	0	0	0	0	0	0	0	0	0	0	0	0	0	0	0	0	0	0	0	0	0	0	582360	0	0	0
"A0A060HEM0"	5896900	0	5295300	5511900	0	6583300	6309600	7049600	5504000	0	0	7239900	0	0	0	0	0	5468300	0	0	0	0	4494700	6284800	5570900	0	0	0	0	0	8937300	11470000	10918000	11515000	0	5413300	5729800	6613300	0	0	6129600	5354600	5615700	0
"A0A060HEN9"	13789000	9411300	10542000	9797100	10639000	14198000	13600000	14098000	13109000	0	0	0	0	0	0	8523000	11477000	0	0	14017000	8905300	12329000	12135000	16553000	13744000	13344000	14269000	16344000	10680000	9021800	8042000	0	0	0	12340000	9368000	14700000	9308400	0	19587000	11472000	13169000	11328000	11892000
"A0A060HER6"	22354000	0	19125000	19824000	18912000	16598000	17272000	14295000	18189000	25553000	18678000	25295000	21527000	21806000	26833000	24417000	16872000	17017000	16942000	20280000	18998000	18884000	16887000	15893000	15841000	17832000	20110000	18347000	15355000	23603000	21870000	22463000	16853000	21050000	21721000	22253000	18089000	21417000	18911000	19300000	17668000	15598000	10491000	20024000
"A0A060HET4"	0	0	0	0	0	0	0	0	0	48206000	0	56511000	0	0	0	25700000	0	0	0	0	0	0	0	0	0	0	0	0	0	0	0	0	0	0	0	0	0	0	0	0	0	0	0	0
"A0A060HEV5"	0	0	0	0	0	0	0	0	6429600	0	6665500	0	0	0	0	0	0	0	0	0	0	0	6469400	0	0	0	0	0	0	0	0	0	5325700	5212700	7924700	5700100	0	0	0	0	0	0	0	0
"A0A060HEX2"	16507000	18341000	18267000	19301000	19958000	14696000	15594000	16474000	17658000	0	17246000	0	0	0	0	9872600	17420000	0	11852000	22023000	20293000	18704000	15803000	19880000	18493000	18216000	16536000	14065000	15922000	0	0	0	0	14153000	13875000	14010000	14458000	16932000	13581000	23358000	18117000	19800000	17460000	15500000
"A0A060HEX9"	27170000	27095000	26603000	25827000	23497000	29711000	28472000	26132000	24069000	27212000	36861000	37549000	22397000	21758000	41787000	33165000	33787000	28586000	32391000	33231000	34408000	27760000	22601000	31798000	27165000	33786000	27514000	29208000	28871000	28073000	30594000	29444000	26988000	32816000	27989000	34265000	34365000	31650000	35977000	31167000	29392000	31166000	32687000	26481000
"A0A060HEY4"	115250000	118690000	118730000	104970000	102020000	100140000	93773000	91542000	105770000	42645000	114790000	62315000	47623000	46645000	58335000	86261000	121130000	95705000	104510000	101570000	89042000	97560000	105790000	94260000	99933000	101410000	98834000	105930000	87594000	145330000	83832000	72677000	73546000	118470000	87172000	88034000	103050000	86476000	90230000	102380000	90449000	79925000	87349000	87668000
"A0A060HEY8"	30713000	0	0	26257000	0	0	0	0	18749000	0	0	0	0	0	0	0	0	0	0	29534000	29273000	33950000	28901000	44976000	0	30493000	0	26756000	27255000	0	0	0	0	0	8189200	16439000	12642000	11251000	0	0	9333300	0	0	22415000
"A0A060HEY9"	26755000	23569000	20968000	18882000	18931000	16938000	25654000	27237000	27493000	0	31699000	36902000	0	0	27763000	25851000	32811000	27702000	32565000	27651000	25178000	23512000	23576000	25745000	24303000	31429000	23788000	24247000	23249000	35960000	39052000	34661000	35076000	35165000	38267000	31348000	33127000	31594000	38222000	32001000	28446000	20228000	28059000	28692000
"A0A060HEZ5"	354200000	242430000	144530000	203730000	301730000	201620000	238170000	263450000	261440000	115970000	193730000	165030000	162100000	154270000	132110000	221800000	172720000	179060000	146500000	216340000	196010000	276010000	278990000	195290000	231700000	209360000	233540000	253060000	241560000	230850000	122270000	140190000	124520000	112680000	282490000	250160000	206190000	192070000	124890000	281560000	232360000	232440000	249550000	257740000
"A0A060HEZ9"	279090000	258230000	286090000	263600000	252230000	228880000	240840000	259050000	298920000	140780000	266840000	225650000	162290000	177360000	193210000	215630000	319430000	217970000	259970000	310170000	274860000	286320000	258680000	332540000	285270000	346820000	258470000	285040000	291330000	289620000	311700000	231240000	278550000	312410000	308650000	312520000	357260000	325950000	344390000	336120000	312970000	298940000	371440000	358910000
"A0A060HF06"	5302700	0	0	5118200	5104000	6853000	5522800	5761000	0	0	0	0	0	0	0	0	0	0	0	0	0	3691700	5117400	0	6425000	0	0	0	4580200	0	0	0	0	0	0	0	4880800	0	0	0	0	5049300	5550900	0
"A0A060HF07"	7621800	7215800	15497000	10311000	9242400	0	8999900	8532800	7616400	0	10742000	15358000	0	0	10508000	7694000	13837000	9330800	8673400	0	9595300	7615300	7139900	7917400	8425100	11392000	7462500	10079000	10701000	12178000	10526000	9746800	10202000	9658300	9146800	13086000	13885000	9274600	15499000	9754400	6083700	5934300	12678000	10411000
"A0A060HF10"	0	9046200	15131000	9566300	0	0	12956000	18173000	13440000	0	11793000	14576000	14776000	17201000	10072000	0	0	12398000	0	0	0	10682000	14874000	0	10132000	0	12074000	13416000	9506700	10553000	11380000	9118100	10232000	12622000	14147000	0	8941500	0	0	0	10964000	12686000	12645000	8996700
"A0A060HF15"	87817000	82782000	79008000	80961000	80128000	80092000	73285000	67283000	75895000	89807000	68747000	90686000	85743000	80641000	99115000	70797000	69402000	82156000	79678000	73989000	74448000	68427000	87817000	76912000	72303000	81198000	78543000	69568000	78021000	89748000	83530000	91630000	77710000	88119000	79618000	73129000	75928000	71816000	91911000	74153000	89784000	77208000	84007000	76192000
"A0A060HF22"	20345000	21871000	23300000	20355000	17910000	21087000	23824000	16906000	22069000	15736000	15357000	7452700	15889000	11434000	21124000	20569000	22018000	20275000	19608000	20383000	24780000	18575000	17950000	16835000	21285000	18810000	19581000	19321000	17130000	16699000	19812000	23413000	18588000	25152000	15792000	17922000	19103000	22515000	28775000	22267000	22983000	24242000	24052000	24112000
"A0A060HF26"	0	0	0	0	0	0	0	0	0	0	0	0	0	0	0	0	0	0	0	0	0	0	4532700	0	0	0	0	0	0	8938500	6336200	16501000	11947000	9870400	0	0	3155800	2650000	11023000	0	11690000	3500500	0	11749000
"A0A060HF29"	57821000	65967000	66223000	54650000	54515000	61021000	54105000	47920000	62408000	28340000	52738000	66687000	52338000	57879000	61388000	59282000	72437000	57982000	50921000	51781000	53188000	49909000	62578000	58859000	49647000	61414000	47984000	52992000	44505000	58844000	51675000	60994000	56172000	57983000	64594000	62597000	57389000	74938000	77007000	61343000	57699000	56889000	55816000	62309000
"A0A060HF44"	0	20765000	0	18355000	0	8532700	0	19112000	0	177500000	0	28388000	74469000	97671000	12037000	20954000	0	0	0	0	0	0	0	0	0	0	0	0	0	11904000	0	8483000	0	0	15806000	0	0	14641000	0	11877000	17025000	0	0	9043600
"A0A060HF56"	3495700	2806200	0	0	0	2859700	0	0	0	0	0	0	0	0	0	0	0	0	0	3495700	3139200	0	4002900	0	0	0	3363700	2959600	3082500	0	0	3844600	0	0	4708300	0	0	4770400	0	0	4192300	4624700	3381100	0
"A0A060HF58"	81575000	76896000	73295000	88464000	104330000	74779000	74325000	91397000	63761000	113670000	86458000	68879000	79610000	85659000	81503000	80190000	68263000	67131000	68346000	79038000	62180000	66764000	63411000	74618000	77647000	62788000	71356000	76886000	65665000	87049000	82308000	75124000	75096000	82765000	72667000	70007000	76881000	55357000	55396000	69997000	58304000	55213000	54715000	57775000
"A0A060HF62"	0	0	0	0	0	0	0	0	0	0	0	0	0	0	0	0	0	0	0	0	0	0	0	0	0	0	0	0	4543500	0	0	0	0	0	0	0	0	0	0	0	0	0	0	0
"A0A060HF64"	13894000	13893000	13510000	13975000	11358000	11224000	12373000	11231000	13307000	34984000	14473000	25118000	22303000	32972000	29582000	17626000	14691000	15706000	16036000	12166000	16244000	16925000	13599000	12403000	19292000	14495000	12560000	20425000	14539000	17293000	26295000	19800000	14506000	11754000	15322000	8721200	12433000	12454000	10990000	12540000	10960000	7398900	9642400	11563000
"A0A060HF76"	7800300	0	0	7621100	0	10813000	0	0	8302300	0	0	0	0	0	0	0	0	0	0	6825200	0	0	8482100	8731900	0	0	11195000	0	0	0	0	0	0	0	0	6268700	0	0	0	0	9987000	9929600	16738000	10543000
"A0A060HF82"	0	0	0	0	0	0	0	0	0	0	0	0	0	0	0	0	0	0	0	0	0	0	0	0	0	0	0	0	0	0	0	0	0	4852600	0	0	0	0	0	0	0	0	0	0
"A0A060HF83"	0	0	0	0	0	0	0	0	0	0	0	0	0	77826000	0	0	0	0	0	0	0	0	0	0	0	0	0	19098000	0	0	0	0	0	0	0	0	0	0	0	0	0	0	0	0
"A0A060HF91"	108900000	116560000	94611000	90601000	116610000	111580000	96005000	96739000	106510000	0	87265000	38632000	4133400	5989400	13398000	66276000	79865000	76711000	76755000	113920000	104010000	102370000	104600000	119650000	110230000	93895000	91354000	110560000	99087000	88810000	81730000	68844000	84635000	122290000	80961000	70628000	75072000	69570000	75747000	111020000	104880000	101260000	97372000	95897000
"A0A060HFB3"	111690000	106260000	89139000	101630000	104770000	100030000	101620000	100370000	88254000	122870000	116770000	181820000	125720000	118250000	123340000	118470000	95129000	104410000	109220000	102110000	98839000	88367000	98043000	101890000	114740000	90956000	91827000	100140000	93819000	105730000	129340000	123870000	134450000	1.12e+08	99051000	90816000	96263000	96519000	89480000	102190000	91344000	90929000	84709000	88843000
"A0A060HFC6"	41170000	26184000	31143000	36906000	35474000	28687000	32757000	34081000	32618000	0	26333000	0	8297600	0	9280100	14246000	21659000	21526000	18928000	36320000	21461000	36729000	32072000	38912000	27705000	36353000	34423000	42970000	40897000	31519000	21833000	20132000	32127000	29678000	37673000	49829000	43020000	30303000	26337000	33890000	26920000	35313000	43625000	34220000
"A0A060HFD4"	10346000	13952000	14160000	10109000	10720000	12495000	10133000	11337000	10817000	0	8372200	0	11429000	16158000	10607000	9322600	10278000	9006800	8101700	10544000	10045000	10318000	11031000	9854500	10429000	8813700	9321700	12870000	9189400	9274800	10135000	12847000	0	7425700	6186600	0	6307100	6578500	0	11057000	13083000	9062600	8786000	12090000
"A0A060HFD6"	293760000	291190000	262850000	255700000	272590000	245540000	193650000	239430000	257670000	143030000	238910000	244610000	181170000	194300000	203240000	213120000	212070000	250310000	236640000	245050000	221140000	264630000	284960000	300270000	274180000	256770000	214850000	236770000	293890000	266850000	291630000	258550000	295960000	293090000	264580000	250230000	223960000	257950000	233910000	268980000	264040000	248240000	246790000	252260000
"A0A060HFE0"	50724000	30099000	26504000	40664000	38638000	39556000	55508000	52963000	52584000	0	9528700	15858000	0	0	6353600	0	33333000	8844800	11569000	41016000	33952000	39545000	49930000	41157000	40917000	45028000	67741000	49504000	49334000	20592000	4272700	0	4174800	17541000	35008000	34191000	44793000	30284000	43254000	53247000	47314000	50445000	65752000	54003000
"A0A060HFE5"	0	5240800	0	0	0	0	4932200	0	0	0	0	0	0	0	0	0	0	0	0	0	4134600	0	0	4533100	0	4808000	4859300	0	3784900	0	0	0	0	0	0	0	0	0	0	0	5223700	0	0	0
"A0A060HFE9"	2629900	0	0	0	0	0	0	0	0	0	0	0	0	0	0	0	2833600	0	0	0	0	0	0	0	0	0	2018200	0	0	2293800	0	0	0	1616200	0	0	0	0	0	0	0	0	0	0
"A0A060HFG1"	498290000	425510000	527930000	389980000	415100000	461960000	428780000	451660000	448610000	1.9e+09	599060000	945940000	1275700000	1641400000	1023300000	612100000	616190000	576860000	634380000	468550000	451510000	439980000	389460000	491170000	479360000	455510000	444130000	447920000	410910000	528340000	609440000	619590000	679430000	656840000	476370000	510060000	500190000	468760000	529500000	432590000	377060000	386500000	399840000	395780000
"A0A060HFG7"	0	0	0	0	0	0	0	0	4130000	0	0	0	0	0	0	0	0	0	0	0	0	0	0	0	0	0	0	0	0	0	0	0	0	0	0	0	0	0	0	0	5727000	0	0	0
"A0A060HFH4"	152140000	174780000	246400000	220100000	242670000	195450000	2.28e+08	232670000	233400000	134600000	233650000	210490000	121850000	150910000	136940000	177260000	239500000	221100000	179530000	227430000	194130000	223930000	229110000	211240000	202180000	227260000	219920000	223980000	197490000	272560000	249920000	194950000	252630000	263950000	266100000	250240000	283390000	224260000	298950000	226490000	188040000	225340000	224050000	198250000
"A0A060HFH9"	299750000	322160000	305210000	362980000	359450000	264300000	289440000	316970000	311300000	764140000	282880000	465290000	657790000	1103300000	393450000	330320000	192950000	393530000	235610000	198190000	294750000	290570000	319130000	232190000	342950000	277900000	379980000	322320000	337750000	527030000	426580000	496300000	476480000	379200000	245810000	236030000	280580000	209120000	159840000	194130000	235130000	285740000	229420000	212070000
"A0A060HFI7"	12789000	12378000	5436300	8713400	13059000	8368600	8093100	6748100	8192400	13521000	9972000	11154000	16874000	0	11855000	10652000	0	10148000	11737000	8731700	8716700	0	0	6695400	9402900	0	0	8949400	7583600	9071900	0	11138000	13289000	0	9387200	6232600	5842600	0	0	0	0	0	5088400	0
"A0A060HFI8"	468190000	344270000	259800000	462860000	435820000	345880000	425090000	447110000	437350000	336590000	565570000	359410000	409790000	390660000	504990000	485510000	428100000	541740000	486910000	483810000	409710000	529770000	447870000	478900000	415380000	446160000	454680000	463960000	523460000	658100000	525270000	440850000	489970000	562480000	667160000	575140000	634110000	479870000	353490000	424610000	381580000	481280000	512850000	411680000
"A0A060HFJ9"	39012000	56423000	76266000	76870000	64666000	54456000	54235000	40872000	31784000	70274000	40329000	91303000	58845000	52676000	67219000	65929000	32052000	58621000	55162000	51280000	70295000	36466000	42244000	36431000	38145000	34715000	49028000	40251000	35599000	56952000	64939000	64534000	32886000	52889000	46355000	55003000	44400000	36019000	63439000	31746000	29487000	38166000	23884000	28411000
"A0A060HFK5"	0	0	0	0	0	0	0	0	0	0	0	0	0	0	0	0	0	0	0	0	0	0	0	0	0	0	0	0	0	0	0	0	0	0	0	0	0	0	0	0	1098900	0	0	0
"A0A060HFL4"	60905000	44459000	35681000	49632000	46207000	45472000	46244000	45703000	55137000	80460000	64360000	35639000	58540000	63838000	57972000	40678000	57203000	54283000	66931000	53922000	56071000	66705000	56168000	60306000	46287000	54963000	62297000	66002000	57263000	53172000	43862000	38789000	49231000	49381000	56368000	54036000	62201000	52673000	49106000	47091000	44904000	38500000	57738000	48309000
"A0A060HFL5"	82362000	70848000	39438000	74480000	84812000	63075000	73675000	90579000	83823000	170070000	92238000	60015000	151780000	177210000	96186000	75989000	56074000	80649000	74774000	87657000	67536000	88409000	84507000	67881000	75044000	77799000	70436000	82877000	94270000	75001000	78893000	69063000	80465000	70870000	105890000	102570000	78725000	87672000	62852000	80580000	71442000	76841000	89075000	80413000
"A0A060HFM0"	9793000	7691700	14033000	9147900	9411900	7094900	11300000	8219500	7330900	13217000	10094000	15028000	7030600	13114000	8178400	8384900	0	8509300	9036800	8494500	10075000	8835400	9620000	8280600	9319600	10052000	9990600	10761000	7354400	0	6519300	8640900	0	0	11664000	9614200	8177600	10668000	8467300	11840000	6913000	10532000	5729700	6896700
"A0A060HFM6"	23359000	27296000	25466000	23360000	19960000	26391000	24489000	19646000	25692000	27288000	24449000	32242000	30201000	27371000	33436000	24040000	34217000	25378000	25632000	27411000	26290000	24435000	27334000	31437000	22125000	28969000	21731000	23881000	22927000	43558000	44448000	41485000	41572000	44664000	28120000	26730000	25785000	29167000	35529000	34066000	37430000	28018000	34269000	35450000
"A0A060HFN5"	138080000	175520000	236630000	1.32e+08	232970000	260790000	322880000	434140000	225310000	35506000	153930000	48566000	42783000	36593000	42967000	66399000	168410000	85002000	81490000	142890000	96386000	153010000	183460000	171250000	211290000	211290000	225810000	140010000	211350000	277610000	112530000	92893000	172980000	216110000	187100000	263860000	314150000	219210000	270870000	431440000	251400000	282160000	447870000	413330000
"A0A060HFN9"	0	0	0	0	0	0	0	0	0	0	0	9949800	0	0	0	0	0	0	0	0	0	0	0	0	0	0	0	0	0	0	8245800	7328600	8582700	0	0	0	0	0	0	0	0	0	0	0
"A0A060HFP3"	29768000	35726000	64012000	31157000	39171000	42605000	33751000	36458000	30046000	38683000	37453000	59165000	35967000	49131000	47637000	44375000	40838000	56932000	43534000	34733000	36680000	29444000	31619000	38162000	36241000	34523000	31538000	31285000	30920000	53931000	56648000	66589000	56856000	54510000	43650000	38348000	43086000	41246000	35704000	40122000	37018000	32075000	33640000	33867000
"A0A060HFP4"	33364000	36898000	45358000	28819000	30178000	29889000	35612000	31719000	32414000	33038000	33951000	48931000	38375000	39989000	42248000	36412000	42902000	39490000	36811000	33948000	36819000	31947000	31369000	33347000	33359000	34898000	28804000	31360000	30627000	30977000	38469000	31189000	42873000	31759000	32269000	29646000	33785000	35452000	44089000	34654000	35850000	34502000	32469000	37955000
"A0A060HFP5"	718170000	626370000	644610000	703910000	685370000	613350000	643320000	659110000	693800000	493300000	675720000	417170000	555310000	491460000	521460000	534380000	583350000	627210000	648950000	655500000	596680000	737310000	694410000	686550000	680930000	628720000	726550000	746190000	736770000	574800000	493790000	503130000	516590000	524800000	618180000	596480000	682420000	594770000	527600000	631090000	600900000	683740000	759630000	634950000
"A0A060HFP8"	1128300000	1019800000	1.444e+09	1.14e+09	1.231e+09	1013900000	1.245e+09	1502200000	1.112e+09	631310000	1079100000	1032100000	648850000	703450000	697050000	894030000	998820000	971380000	879860000	976070000	944630000	1141500000	1152500000	1163900000	1170100000	1167400000	1.113e+09	1.259e+09	1099800000	974830000	875820000	801760000	813440000	843380000	1052100000	1049300000	1173200000	966150000	1326100000	1265100000	1091300000	1081700000	1190400000	1198600000
"A0A060HFQ1"	39481000	48020000	34425000	49672000	44818000	0	36196000	48717000	41516000	0	42074000	28388000	34177000	24606000	38219000	29377000	37564000	33268000	40433000	43945000	45443000	51200000	44178000	51630000	47183000	56377000	45388000	60355000	61570000	35001000	40596000	16110000	36963000	35823000	39886000	51985000	51459000	36626000	31419000	43249000	42205000	40592000	56234000	52105000
"A0A060HFQ3"	0	0	0	0	0	0	0	0	0	0	0	0	0	0	0	0	0	0	0	0	0	0	0	0	0	0	0	0	0	0	0	0	0	0	0	0	0	3205300	0	0	0	0	0	0
"A0A060HFQ8"	776080000	752500000	639500000	652360000	662400000	718180000	677660000	689100000	741980000	685320000	669530000	689170000	912880000	709950000	958300000	708300000	731480000	681280000	803930000	774630000	786760000	782400000	731840000	765160000	731720000	841880000	701390000	728040000	756050000	685550000	793860000	783620000	707530000	814710000	786990000	758680000	759410000	840270000	759830000	803380000	838660000	794310000	857270000	859520000
"A0A060HFR0"	108280000	113400000	102810000	93807000	107170000	116190000	87877000	90466000	90418000	93382000	92700000	107430000	82276000	76761000	89118000	97720000	94341000	83602000	88064000	99187000	101630000	78540000	86205000	100540000	99765000	87988000	87417000	85684000	87525000	73887000	85111000	97164000	98933000	71323000	84570000	82610000	70840000	83014000	81552000	97779000	85375000	77727000	77292000	87186000
"A0A060HFR3"	76836000	66037000	78227000	70534000	79462000	67634000	65274000	66437000	60661000	34428000	74060000	76518000	39042000	43809000	50036000	83390000	79830000	92184000	75843000	78864000	52466000	68289000	74707000	72139000	70659000	65179000	60992000	67426000	63991000	86805000	82892000	93247000	89717000	80262000	79319000	70600000	78335000	60240000	76981000	72677000	63174000	64137000	57290000	59389000
"A0A060HFR5"	0	3657100	0	0	0	0	0	0	0	0	0	0	0	0	0	0	5267800	0	0	0	0	0	0	0	0	0	0	0	0	0	3797200	4553900	0	3212600	0	0	0	0	0	0	0	0	0	0
"A0A060HFS1"	0	17692000	0	13860000	12722000	13551000	14230000	17414000	17910000	0	18345000	16251000	0	0	0	12939000	16871000	0	12627000	17383000	14555000	16359000	12820000	16839000	0	17679000	16338000	15142000	14409000	14753000	18696000	15595000	14915000	15315000	13456000	13368000	14364000	12787000	16470000	22248000	22937000	18008000	17497000	19100000
"A0A060HFS3"	15369000	0	16842000	23995000	18892000	27748000	23061000	19487000	22537000	0	0	0	0	0	0	0	0	12638000	0	18178000	0	25061000	27682000	18632000	17661000	26267000	27284000	16618000	30890000	18260000	0	9982800	15618000	18868000	18840000	23905000	22880000	20547000	19545000	25835000	20827000	26771000	24696000	18230000
"A0A060HFS4"	52187000	37885000	17075000	40968000	16116000	5924500	16440000	0	39298000	0	0	0	0	0	0	66667000	0	73538000	63729000	46423000	48410000	37415000	43007000	46249000	33341000	35484000	16125000	40064000	27972000	52525000	60197000	38728000	63442000	16184000	82725000	75226000	47715000	116050000	95099000	11919000	30397000	31872000	24280000	27774000
"A0A060HFS7"	0	0	0	5360300	0	0	0	0	0	0	0	0	0	0	0	0	4576400	0	0	0	4206300	3444000	0	4075100	4032100	0	3183800	0	3250900	0	0	0	0	0	0	0	0	0	0	0	0	0	0	0
"A0A060HFS8"	42223000	23996000	0	43936000	44964000	19632000	34352000	23457000	47870000	22733000	48671000	26786000	27840000	0	0	27944000	0	32513000	25020000	34636000	0	47918000	52220000	57417000	32083000	0	51949000	53763000	50082000	53895000	32256000	40933000	48037000	42152000	68911000	43440000	63011000	45507000	0	40294000	33922000	41723000	48370000	35447000
"A0A060HFS9"	0	0	0	0	0	0	0	0	0	0	0	0	0	0	0	0	0	0	0	0	0	0	1948400	0	0	0	0	0	0	2149600	0	0	0	0	0	0	2069500	0	0	0	0	1948900	3008000	0
"A0A060HFT3"	8724200	8162400	0	6433800	0	9978400	7829500	0	8832500	0	15747000	0	0	0	0	10027000	11612000	8873100	10163000	10087000	9005900	10746000	8353100	9969400	9873300	8610400	9296400	13415000	8199800	8452600	9712700	9838600	0	7481500	7201000	8858300	8477900	7463100	0	8714900	8178500	7759300	9590900	7196500
"A0A060HFT4"	41825000	53859000	67474000	45756000	73258000	48990000	43980000	55648000	46683000	97422000	48616000	61411000	53055000	89481000	40491000	63949000	69556000	55414000	43445000	53293000	41913000	43319000	48940000	40505000	50934000	34268000	50384000	37203000	32955000	76173000	69903000	59480000	80837000	72536000	53999000	40410000	47214000	34440000	59735000	53396000	44716000	44127000	37272000	36339000
"A0A060HFT5"	0	0	0	0	0	0	0	0	0	0	0	0	0	0	0	0	0	0	0	0	0	0	0	0	0	0	0	5689800	0	0	0	0	0	0	0	0	0	0	0	0	0	0	0	0
"A0A060HFT7"	11541000	13158000	7811100	14182000	10212000	13987000	15750000	9328900	13285000	10576000	15892000	13708000	12265000	12469000	16764000	13108000	15154000	12345000	11875000	12687000	16117000	12116000	11938000	10463000	9477500	15828000	15245000	11909000	13509000	14970000	15114000	12878000	14214000	13938000	16479000	13579000	11952000	16391000	17596000	11255000	11219000	10559000	12745000	10472000
"A0A060HFU0"	7954100	8738400	0	0	0	8529400	8579500	6635400	7993600	31185000	17538000	0	24362000	25901000	17793000	13233000	0	13647000	11998000	3954300	10321000	0	10677000	0	6981800	0	10653000	8090100	8014500	10172000	9117000	12456000	10398000	8249500	7420800	0	6775000	9511500	0	6388400	7164100	7609700	0	0
"A0A060HFU1"	58387000	64235000	50841000	58195000	50094000	49406000	46382000	43235000	46960000	58473000	50762000	64163000	64369000	57730000	66124000	69590000	42720000	63472000	61874000	55941000	57615000	52101000	60608000	63481000	61934000	43112000	38692000	50780000	61329000	95505000	97540000	92110000	96384000	94437000	68281000	63919000	46411000	61701000	43336000	61457000	64224000	45311000	44446000	59231000
"A0A060HFU5"	642790000	642990000	873720000	700560000	779040000	544140000	703730000	841190000	754310000	258180000	618910000	602100000	336960000	262420000	367040000	625680000	612490000	557490000	515060000	652070000	617480000	684410000	655180000	6.14e+08	588590000	600660000	730570000	680960000	546580000	485700000	522720000	457760000	503150000	440960000	677770000	560710000	708580000	650890000	784610000	677270000	570650000	731470000	630410000	597230000
"A0A060HFU6"	9803200	11753000	18534000	10561000	10131000	13751000	8556800	9393500	7420000	18284000	8857700	28191000	17819000	0	14724000	14761000	8783300	13023000	12176000	11344000	9305800	0	7835200	0	12552000	0	8957100	7576000	0	10987000	14061000	16135000	16426000	15540000	9382900	10370000	9191000	11673000	15177000	7349000	6482900	8717500	6537100	8797000
"A0A060HFU7"	0	0	7503100	0	0	0	0	0	0	0	0	9767900	0	0	0	0	0	4916200	0	0	0	0	0	0	0	0	0	5190000	0	0	0	0	0	0	0	0	0	0	0	0	0	0	0	0
"A0A060HFV0"	178710000	196090000	224980000	134400000	169540000	220330000	180540000	200250000	186020000	0	121580000	139970000	68129000	27425000	82987000	138330000	129780000	159120000	123400000	142750000	166790000	149080000	189130000	134710000	204170000	147800000	158160000	131380000	143930000	77397000	58947000	90550000	83578000	92368000	98273000	100410000	101200000	149360000	102690000	147500000	170950000	233420000	150830000	144320000
"A0A060HFV1"	177490000	176750000	219110000	185750000	157050000	181700000	198510000	149500000	207270000	433120000	294300000	212660000	213190000	333590000	188580000	189330000	267020000	155100000	201110000	223190000	219490000	1.99e+08	200950000	207320000	212730000	229470000	240420000	196740000	165450000	172440000	133660000	109550000	94137000	164390000	198260000	218360000	176110000	176630000	195160000	167830000	146380000	159690000	134450000	139110000
"A0A060HFV2"	20418000	20798000	25737000	22544000	17277000	21797000	18657000	20742000	19482000	21587000	24945000	40276000	19288000	0	28029000	21259000	35498000	28387000	25421000	22679000	17527000	16492000	20925000	27014000	23255000	22047000	16800000	18852000	18810000	33635000	28085000	30016000	32667000	30819000	25414000	33416000	31376000	25598000	40866000	24167000	20471000	19316000	21202000	24327000
"A0A060HFV3"	82977000	77648000	178730000	103640000	0	60031000	98043000	128910000	94646000	0	108860000	225920000	0	45820000	43557000	53329000	69497000	104720000	87401000	60551000	74630000	47146000	123260000	91310000	116570000	83596000	78399000	62634000	95962000	50034000	50800000	56321000	96150000	39262000	85617000	70717000	98174000	107490000	121950000	89571000	68213000	100350000	105980000	107200000
"A0A060HFV5"	273030000	358030000	253620000	197270000	273830000	323460000	288400000	272430000	280350000	204050000	330460000	246670000	373600000	262070000	386790000	285860000	261100000	222670000	319180000	257510000	259310000	315920000	224720000	253230000	260790000	297510000	235980000	209580000	267270000	315210000	372560000	317430000	290360000	331950000	287360000	272290000	211310000	244260000	230130000	289470000	322620000	254750000	257910000	297620000
"A0A060HFV9"	88617000	95049000	150820000	96558000	106760000	100740000	100740000	116610000	89739000	34210000	98777000	83264000	53834000	46289000	49673000	96305000	123370000	104840000	90525000	89294000	101240000	75790000	90403000	85120000	94365000	87401000	106970000	93497000	74140000	95971000	76870000	56349000	83032000	106670000	87664000	99066000	105140000	103620000	133170000	111680000	107380000	79630000	75846000	84395000
"A0A060HFW5"	11961000	10355000	8017700	9401100	7602500	7934900	7499200	9146200	8153800	0	12534000	7523600	9253300	11981000	9052500	13132000	0	9874400	12295000	11329000	0	11851000	7925300	9454500	9023400	0	8725100	14063000	9604800	12909000	9701100	9081300	7066000	8216400	10247000	5918900	7849400	6730700	0	10163000	7372900	7445000	0	9210500
"A0A060HFX3"	103300000	117140000	103260000	89065000	99915000	92777000	89149000	113980000	97526000	54649000	119380000	75720000	58783000	66079000	71187000	101610000	90618000	85563000	87283000	105780000	97253000	92357000	95416000	92765000	90824000	81155000	91185000	102390000	89189000	78138000	85866000	82368000	71426000	73339000	89201000	73729000	82679000	83411000	81548000	96742000	95418000	77223000	86855000	83886000
"A0A060HFY0"	20175000	18193000	30969000	25172000	19124000	19740000	22147000	19867000	21390000	125020000	26652000	54129000	54379000	94609000	34890000	30173000	22616000	27726000	23859000	24630000	24115000	21966000	17885000	20016000	17802000	21118000	24794000	20446000	19399000	22244000	20598000	26545000	24242000	21206000	26517000	26898000	26791000	26399000	32259000	16301000	14173000	18693000	17198000	16618000
"A0A060HFY1"	68934000	75596000	54693000	76919000	69470000	61529000	63499000	66096000	71873000	26643000	62865000	39505000	41021000	38402000	35724000	55020000	61680000	77207000	57435000	68687000	59995000	68522000	102730000	79110000	67437000	65905000	65798000	75578000	79919000	48662000	34061000	44142000	38854000	52078000	71937000	59736000	65521000	57081000	54325000	69301000	69044000	81348000	70819000	67057000
"A0A060HFY2"	93210000	96279000	133140000	113860000	97620000	91145000	104720000	93752000	108380000	60896000	106330000	126420000	73539000	85192000	90928000	116880000	149990000	129680000	90804000	109260000	109770000	114510000	117210000	142250000	100760000	109130000	91781000	97612000	86736000	107500000	100350000	95632000	95320000	103180000	112770000	101090000	125160000	128800000	159110000	105710000	105390000	89758000	84371000	108460000
"A0A060HFY5"	3897000	3950600	0	0	0	0	0	0	0	0	0	0	0	0	0	0	0	0	0	4146200	0	0	0	3556800	0	3818100	0	3459000	0	0	2861900	0	2527300	3175200	3939100	0	3744600	3360600	4481600	3257600	3824900	3127900	0	0
"A0A060HFY7"	68146000	70360000	92102000	73002000	69692000	61921000	69599000	67312000	67708000	74789000	71762000	105510000	85228000	72749000	96954000	84874000	86932000	78409000	88949000	75702000	96323000	66763000	68415000	75944000	68331000	71711000	71860000	67918000	64251000	72431000	96098000	72303000	70239000	77132000	56931000	61280000	61511000	80127000	89494000	81180000	74044000	65945000	71039000	65563000
"A0A060HFZ1"	90698000	101310000	65437000	106880000	110750000	72854000	93945000	110430000	83589000	106340000	120890000	66675000	106160000	158100000	118750000	84846000	89072000	84771000	90934000	111690000	82278000	121580000	79545000	113900000	98726000	89233000	90254000	138350000	103200000	124250000	137750000	98702000	91681000	102040000	79924000	63493000	85565000	54181000	39975000	97481000	68855000	68497000	77717000	74366000
"A0A060HFZ2"	4394300	0	0	6264800	0	0	5058000	0	6205100	0	0	8049400	0	0	0	0	0	5209100	5574300	0	5820000	0	4910200	0	0	0	0	0	0	7741100	8870600	7347300	7142000	0	5233200	6002600	0	7705600	0	0	5951300	5443000	8127300	0
"A0A060HFZ3"	0	0	0	11270000	0	6727300	9072100	10422000	6966600	0	0	0	0	0	0	0	10943000	0	0	0	0	0	6349600	0	0	9914100	10677000	0	8725000	0	0	9802400	0	0	0	8683500	10585000	0	10790000	17068000	14619000	11278000	19506000	15534000
"A0A060HFZ7"	0	0	0	0	0	0	0	0	0	0	0	0	0	0	0	0	0	0	0	0	0	0	0	0	0	0	0	0	0	0	0	0	0	0	0	0	0	709450	0	0	0	0	0	0
"A0A060HFZ8"	39241000	40384000	44748000	37065000	28968000	36662000	32903000	28088000	39476000	0	41616000	39636000	23646000	0	46776000	39312000	45812000	38534000	39340000	42298000	42396000	36472000	35782000	39223000	33306000	40942000	38730000	38239000	37514000	34703000	38490000	34905000	36723000	43756000	36709000	38039000	38419000	42484000	49197000	36285000	38608000	30101000	35538000	34593000
"A0A060HG03"	0	0	0	4245400	0	0	3970600	0	0	0	4692700	0	0	0	0	0	0	0	5185600	0	4290700	0	0	4311200	4605400	3683700	0	0	4604600	0	0	0	0	0	0	0	0	0	0	0	0	3710600	0	0
"A0A060HG05"	17890000	91853000	63966000	12895000	50168000	64720000	52987000	60942000	14348000	114800000	6871700	43377000	100080000	119240000	69214000	71359000	0	47239000	53110000	0	15739000	0	16269000	11172000	46438000	0	0	17644000	0	58857000	102710000	202870000	61892000	30840000	0	0	0	16312000	0	24321000	35937000	15780000	0	20897000
"A0A060HG10"	0	0	0	0	0	0	0	0	0	0	0	0	0	0	0	0	0	0	0	0	0	0	0	0	0	0	0	2660200	2121500	0	0	0	0	0	0	0	2489500	0	0	0	0	0	0	0
"A0A060HG14"	83400000	52081000	55195000	54212000	46570000	42033000	65388000	46518000	57733000	0	43774000	43893000	0	17028000	22928000	31527000	39938000	28634000	39675000	64513000	63257000	59080000	73739000	72615000	63319000	57357000	54728000	48271000	54493000	28279000	24991000	17779000	0	21438000	55286000	57037000	50647000	54772000	44642000	70768000	41724000	55582000	45144000	54559000
"A0A060HG15"	41596000	50837000	51574000	44276000	34249000	52559000	51354000	39011000	46392000	21159000	65098000	54378000	53848000	38570000	71968000	55640000	79012000	54234000	63491000	68334000	71258000	62063000	58921000	63148000	48960000	62655000	53106000	53443000	54203000	63963000	78027000	68930000	62390000	67730000	58313000	64549000	55795000	61094000	75958000	60935000	73841000	55477000	70282000	69424000
"A0A060HG21"	3909500	0	0	0	0	0	0	0	2706500	0	0	0	0	0	0	0	0	0	0	0	0	5166900	0	0	0	0	0	0	0	0	0	0	0	6592800	4952800	4396000	0	0	0	0	3207500	0	0	0
"A0A060HG24"	0	1.14e+08	86084000	33744000	101880000	79939000	76748000	67710000	54930000	0	0	0	0	0	0	0	0	0	0	61587000	33581000	44518000	44349000	40309000	70654000	53289000	47201000	46025000	31803000	0	0	0	0	0	0	0	0	0	0	55151000	36015000	64026000	32873000	28626000
"A0A060HG26"	124150000	143640000	120350000	108850000	132340000	125190000	122040000	137270000	127500000	53205000	124690000	95235000	95957000	93840000	125560000	127300000	106800000	100240000	125040000	122100000	112940000	136200000	124540000	126800000	123120000	131210000	111730000	145900000	118330000	112440000	119440000	136730000	110780000	103070000	123330000	112140000	105930000	113730000	105810000	143840000	143150000	125320000	125250000	121480000
"A0A060HG29"	93440000	99332000	141120000	90471000	86586000	104860000	98908000	90040000	92997000	133960000	76123000	92565000	81463000	79789000	97578000	75296000	86607000	80277000	89575000	90837000	98818000	69232000	70201000	85825000	98018000	99732000	88926000	82964000	83498000	67443000	81775000	87903000	82806000	87633000	59687000	77589000	73541000	84882000	92698000	79412000	87957000	84805000	85345000	86174000
"A0A060HG30"	5907700	6358000	0	0	0	10211000	0	0	0	0	0	13627000	0	0	0	0	0	0	0	0	0	0	0	6444900	9006700	0	0	7636200	0	6383300	7192200	12140000	0	4361900	0	4697800	0	10608000	0	0	0	7495600	0	0
"A0A060HG31"	68965000	70187000	88944000	63155000	70532000	61589000	66847000	77522000	65772000	32128000	62101000	105180000	47018000	38999000	56904000	56461000	65580000	55120000	62953000	59159000	62313000	64641000	64158000	58995000	76531000	78122000	67087000	59065000	70638000	69556000	69343000	73781000	74370000	65301000	62606000	54203000	65068000	75431000	68612000	73302000	67818000	64139000	71178000	78557000
"A0A060HG33"	5358900	0	0	7525700	0	7029400	6856300	4710100	5482800	0	0	0	0	0	0	0	0	0	0	7187000	6084300	4307000	5679700	5184600	5121000	6938800	7026500	5263200	5917100	0	0	3195800	0	0	4790900	6673500	6568500	4365200	0	0	4893600	5566300	5926100	0
"A0A060HG35"	1157600000	885670000	1568400000	1284600000	1365500000	1046300000	1277200000	1202100000	1076100000	499140000	928980000	923850000	502920000	498330000	687090000	938580000	801070000	1.045e+09	898960000	1.195e+09	1166400000	1.014e+09	1149400000	1048300000	1.503e+09	1100200000	1379500000	1286900000	1065900000	747470000	739760000	949290000	790680000	904140000	1083400000	1044600000	1299600000	1270400000	1185100000	1.228e+09	1007200000	1451500000	953330000	1022200000
"A0A060HG36"	6058400	6435800	0	0	0	9983800	7648200	7381400	0	0	0	0	0	0	0	0	0	0	0	0	0	0	5549800	0	0	0	7867000	0	0	0	0	0	0	5163300	0	0	5068400	0	0	0	6911700	6849800	10119000	0
"A0A060HG39"	162060000	192720000	183360000	140200000	160060000	192370000	190360000	177820000	204910000	269810000	172650000	169820000	196950000	293790000	204240000	152650000	193870000	159710000	185200000	176060000	167890000	165760000	170040000	182590000	166970000	230050000	171220000	161820000	177540000	143240000	163300000	173400000	145800000	170090000	161470000	189240000	176180000	213440000	205340000	219980000	236480000	200480000	238320000	247600000
"A0A060HG41"	0	0	0	3122200	0	4978500	4160100	0	5550700	0	0	0	0	0	0	0	0	0	0	0	3884200	6071200	4049500	0	5675200	0	0	4420100	4188900	0	0	3626800	0	0	4796600	0	0	4983300	0	4900900	0	3304700	4083000	5875100
"A0A060HG43"	246270000	246950000	429220000	318630000	261020000	342400000	344510000	244750000	286060000	226550000	208580000	309110000	177260000	219870000	224470000	198360000	285630000	289920000	250710000	268300000	278410000	205840000	289110000	251130000	291830000	290200000	284460000	273600000	226400000	180770000	150150000	207550000	160270000	196270000	201560000	237190000	300760000	255470000	363160000	219120000	254430000	249690000	254620000	217570000
"A0A060HG46"	16562000	21370000	15116000	12729000	16114000	15903000	14565000	13944000	14625000	27361000	13482000	13323000	25552000	0	30761000	18033000	16050000	16754000	22007000	14250000	14024000	11642000	13308000	14774000	14522000	10761000	12386000	12211000	10296000	20717000	24327000	24148000	19838000	18726000	12333000	12774000	14583000	14856000	15145000	15195000	18120000	13995000	15029000	16538000
"A0A060HG47"	0	0	0	0	0	0	0	0	0	0	0	0	0	0	0	0	0	0	0	0	0	0	0	0	0	0	0	0	0	0	0	0	0	3972600	0	0	0	0	0	0	0	0	0	0
"A0A060HG48"	33131000	26020000	25038000	25033000	34397000	24977000	32536000	31163000	24817000	25646000	25048000	13675000	19035000	0	0	14876000	16825000	21567000	20004000	29681000	22459000	30938000	26375000	31863000	30895000	23349000	29838000	30466000	25985000	18048000	11670000	9862200	13649000	17309000	24275000	28033000	22285000	18927000	14150000	33734000	19395000	27486000	24300000	27436000
"A0A060HG53"	0	0	0	0	0	0	0	0	0	0	0	0	0	0	0	0	0	0	0	0	0	0	0	0	0	0	0	0	0	0	0	0	0	0	2672200	2760000	0	2552600	0	0	0	0	0	0
"A0A060HG54"	135020000	139380000	179380000	121440000	136280000	125920000	138100000	133870000	143140000	478730000	296670000	559350000	409600000	478200000	387530000	294950000	293170000	388300000	324070000	208320000	212840000	198710000	196480000	214040000	185240000	198480000	173280000	157870000	160240000	3.31e+08	359380000	359900000	295770000	298290000	300960000	308630000	309330000	327110000	317290000	208630000	211670000	205780000	229220000	232690000
"A0A060HG58"	1773200000	1762400000	1.62e+09	1843200000	1957400000	1577500000	1592300000	1335200000	1581300000	499110000	1074600000	614010000	520310000	516400000	608610000	826950000	1086300000	934560000	876020000	1635600000	1578800000	1541900000	1551200000	1550800000	1557700000	1.549e+09	1712300000	1718600000	1741800000	796320000	688860000	678490000	755950000	863020000	951270000	979790000	1.088e+09	893930000	895160000	1.282e+09	1271200000	1382700000	1254100000	1164800000
"A0A060HG61"	11548000	12701000	27657000	19284000	12743000	9542200	16639000	11138000	13454000	15811000	13226000	34855000	16659000	18555000	19308000	22141000	0	20513000	17078000	14197000	18272000	11240000	11843000	11253000	13099000	12440000	12588000	18727000	15084000	20823000	16100000	14264000	8453500	8988100	13271000	13044000	17784000	12042000	0	10806000	0	9785200	11103000	9792400
"A0A060HG65"	34420000	35761000	39702000	31288000	33607000	37296000	33890000	34963000	38330000	29844000	41125000	34705000	31812000	27357000	45689000	27289000	50688000	27561000	35043000	49706000	42224000	3.9e+07	36375000	43991000	36650000	46835000	38298000	44343000	36270000	29805000	33162000	25484000	34809000	41683000	39886000	34956000	34066000	41619000	49949000	48399000	41632000	27627000	44637000	39180000
"A0A060HG71"	853410000	810910000	810710000	899620000	983810000	873010000	944970000	1081100000	831610000	273030000	861780000	461380000	407030000	416040000	545030000	632090000	765400000	681530000	662550000	856780000	737370000	964600000	833120000	932780000	778400000	975500000	901700000	1052900000	913670000	706740000	658540000	548200000	569820000	606120000	872940000	672710000	922130000	670460000	686800000	983090000	934610000	768040000	938220000	813460000
"A0A060HG74"	897280000	818870000	1.092e+09	752840000	821920000	686470000	802960000	946360000	818480000	667210000	726170000	1012300000	766220000	695360000	828680000	758110000	725100000	760990000	754640000	753310000	801440000	709960000	725270000	786050000	902750000	927190000	655260000	662410000	688800000	538740000	631240000	574630000	623320000	552060000	693140000	733360000	768640000	897710000	875570000	9.28e+08	818370000	799100000	825890000	844110000
"A0A060HG84"	224280000	237110000	240220000	237760000	172840000	160970000	155660000	144100000	164850000	348480000	161120000	351550000	335460000	289170000	290940000	243730000	158930000	246800000	217830000	205630000	246090000	162420000	188250000	192240000	190090000	161660000	167600000	202190000	164610000	270810000	341370000	268510000	254190000	208950000	218560000	174810000	152040000	152510000	210610000	174250000	147170000	150410000	114650000	134690000
"A0A060HG90"	45244000	0	33565000	41547000	40892000	36458000	35922000	61031000	45174000	166170000	58501000	106900000	76588000	112610000	50571000	65529000	58172000	57012000	51109000	42157000	46780000	36361000	41522000	48243000	53519000	47362000	46154000	0	37534000	51496000	44469000	60138000	53885000	49846000	62187000	58933000	61519000	51484000	67356000	45465000	0	48811000	43807000	50472000
"A0A060HG92"	18519000	16372000	24001000	16857000	20228000	17044000	15872000	14976000	12986000	19359000	15814000	20913000	17932000	19104000	21406000	20884000	14598000	22687000	16645000	15632000	21320000	13802000	16749000	13348000	18599000	12883000	15359000	17692000	11624000	9657300	8355900	9286600	4412600	9117500	13304000	9649700	12790000	8294900	0	10017000	10301000	9931000	6783500	7832900
"A0A060HG95"	5923700	7506900	10541000	7575200	7274500	7964100	8341200	9030200	7730000	14318000	9728900	14550000	11315000	16827000	9312500	7664200	0	7339400	6756000	0	7835100	6270100	6838100	5621500	6871900	6594300	7146000	0	6536200	8078300	7753000	9087900	8394700	6478100	8160700	7822400	0	8848000	6965400	9420800	8980500	8482400	8075600	7710000
"A0A060HGA1"	6417000	6154100	0	4616000	0	4577400	4530500	0	4476400	9917500	0	6555700	8764100	0	8283100	4806400	0	5562000	6972100	4947100	5125000	4241700	5009100	0	3792000	4841500	0	4178900	7352800	6686700	7429400	7079300	7087500	8769300	6925700	7039100	4238000	4573800	0	0	5256200	3839000	5508100	5402200
"A0A060HGA2"	0	0	0	0	0	0	0	0	0	0	0	0	0	0	0	0	0	0	0	0	0	0	0	0	0	0	0	0	0	0	6491100	0	5954700	5370700	0	0	0	0	0	0	0	0	0	0
"A0A060HGA5"	0	23889000	19822000	0	0	21231000	27423000	24562000	20107000	0	21757000	0	0	0	0	0	26362000	0	0	29681000	0	26189000	22461000	26610000	0	30234000	23476000	23526000	17956000	22374000	10057000	11991000	0	12547000	26143000	26760000	26248000	17418000	17628000	35307000	25426000	26873000	22617000	26070000
"A0A060HGA7"	37544000	36744000	21549000	24452000	35820000	30830000	31367000	33686000	28512000	184430000	41336000	62523000	122570000	110330000	94985000	57450000	46513000	55025000	64838000	45092000	34719000	30168000	33195000	31803000	35617000	25421000	29976000	28034000	35876000	54816000	65243000	59762000	67017000	62931000	47375000	49442000	28022000	32658000	40336000	37728000	33720000	28987000	30582000	28353000
"A0A060HGA8"	5955100	0	0	0	0	5437600	5638600	0	4159800	0	0	0	0	0	0	0	0	0	0	6000900	5187100	0	0	0	4340500	6206400	0	5502200	6456500	0	0	4839300	0	7110900	8243700	5179800	4909600	0	4111700	6534000	5130800	4629200	0	6551400
"A0A060HGB2"	6950900	5047500	0	8988600	6994000	4957100	7208600	7576100	0	0	0	0	5197100	0	0	5867100	0	6325400	0	4853100	7213800	5114300	6428400	4041100	7388500	5751500	6441200	4581200	4914600	4865900	0	5320200	0	0	4708900	0	5867900	7618600	0	7039500	0	6439800	4694200	5339600
"A0A060HGB8"	50351000	28528000	13285000	32433000	30195000	33682000	45743000	0	42580000	154770000	34659000	54628000	105660000	80317000	43804000	44321000	17057000	30514000	32311000	45637000	46437000	34208000	43247000	23869000	37230000	26632000	49128000	31543000	45085000	34648000	16154000	37158000	16318000	16891000	49958000	3.9e+07	29323000	31453000	12481000	25608000	0	34957000	18856000	19508000
"A0A060HGB9"	6352000	6572300	0	0	7927300	6065100	5801000	0	7091700	0	0	0	0	0	0	0	0	5261500	0	8428600	0	7186700	8103600	8722600	7406400	0	7997600	7001000	7895400	0	0	6053600	8468300	9706200	9621000	0	0	8694000	0	6208600	0	10407000	8387600	0
"A0A060HGC8"	0	0	0	0	0	0	0	0	0	0	0	0	0	0	0	0	0	0	0	0	0	0	0	0	0	0	0	0	0	0	0	2452100	0	4210300	0	0	0	0	0	0	0	0	0	0
"A0A060HGD1"	47645000	36534000	59069000	52907000	44064000	41839000	51491000	54863000	52883000	0	21906000	0	0	0	0	8444100	27761000	19146000	0	34487000	33192000	29300000	42434000	42770000	53876000	55210000	43530000	42163000	45765000	6267700	0	0	0	8107200	20925000	27582000	32447000	26556000	35246000	47806000	42664000	42975000	55290000	45371000
"A0A060HGD4"	9135300	14168000	0	15482000	17101000	0	0	10649000	0	25303000	0	47577000	24309000	24438000	23690000	20033000	13922000	22985000	15276000	0	0	0	21534000	14710000	10098000	0	0	0	11053000	67184000	74276000	91224000	73227000	60502000	57388000	35545000	37767000	27202000	32387000	27539000	26642000	18251000	37187000	30153000
"A0A060HGE2"	0	0	5286800	0	0	0	0	0	0	0	0	0	0	0	5409200	0	0	0	0	0	0	0	0	0	3813300	0	0	3114900	0	5072000	5054500	7478300	4820000	4814300	3986200	0	3821200	0	0	0	3760000	0	0	0
"A0A060HGE7"	4817700	4498300	0	8200200	4692900	5829400	7788500	0	5443000	0	0	6524100	3713600	0	8326700	5693100	0	6597300	5002800	6033500	8108100	0	4339900	4189800	0	4980600	6787900	5792200	6044300	5614700	0	4375500	0	4022500	3819100	5158600	0	4737100	0	0	0	4804700	5490900	3852500
"A0A060HGF0"	55538000	62229000	59894000	55861000	47334000	57230000	56159000	48861000	56640000	77604000	48968000	59673000	57931000	53794000	76119000	57844000	60341000	49190000	48848000	62091000	67960000	50568000	51050000	57534000	46832000	63682000	55678000	56056000	55761000	43779000	51492000	52346000	43393000	52290000	49297000	55164000	50681000	53433000	63198000	62906000	64476000	50715000	61454000	58863000
"A0A060HGF1"	0	1734400	0	0	0	2774600	2711900	0	2372800	0	0	0	0	0	3759900	0	3454400	2224000	2464900	0	2349500	0	1683700	0	0	0	2458000	0	1885000	0	0	3262900	0	0	0	0	0	2070100	0	0	1776800	1940600	1551200	1751800
"A0A060HGF4"	852160000	835980000	840300000	1062800000	917370000	894190000	985090000	972320000	997140000	534560000	977860000	802820000	608830000	633550000	843720000	702510000	952070000	676970000	644160000	1089500000	805300000	1048500000	927840000	1038700000	856140000	1102500000	1081900000	1060200000	919870000	1310700000	1224500000	1109300000	1223600000	1248200000	1316600000	1291400000	1238300000	1069900000	1353900000	1.109e+09	931230000	894830000	1212500000	986700000
"A0A060HGF8"	3049100	2205700	0	0	0	0	0	0	0	0	0	0	0	0	0	0	0	0	0	0	2784300	0	2870900	0	0	0	0	0	0	0	0	0	0	0	0	0	1830000	0	0	0	0	0	0	0
"A0A060HGF9"	3442900	0	0	0	0	0	0	0	0	0	0	4232000	0	0	6928500	0	0	3757100	0	0	3898300	0	0	0	0	0	0	0	0	5038400	0	5110300	0	0	4503400	0	0	5649100	0	0	0	0	0	5080200
"A0A060HGG2"	113300000	86229000	104180000	127080000	100180000	64429000	114660000	113100000	121580000	282940000	156360000	220810000	224160000	420260000	228770000	129800000	134900000	201170000	162850000	134160000	144450000	123730000	130920000	139920000	120650000	187030000	134520000	150530000	128860000	153940000	104800000	103880000	122930000	1.12e+08	184400000	237990000	194080000	160570000	277230000	122560000	93455000	114330000	147120000	154050000
"A0A060HGG3"	81377000	85331000	10813000	76315000	23775000	4102300	14403000	0	43484000	0	5176600	4848400	0	0	0	0	8680400	7247600	3683500	39007000	46482000	39605000	37810000	48458000	34736000	22713000	41090000	58390000	49594000	15361000	9606900	2681200	11904000	14934000	24973000	23219000	21177000	28333000	66685000	30584000	41055000	12277000	17539000	43917000
"A0A060HGG4"	1162100000	880380000	1040300000	1055600000	1208100000	939790000	1121700000	1189500000	1023300000	684130000	939300000	928850000	606520000	572550000	685770000	8.66e+08	942710000	773900000	806400000	1072500000	971340000	1013600000	1.04e+09	1024200000	1159100000	1027900000	1095300000	1151800000	963860000	824890000	750860000	730450000	814290000	822830000	1042100000	956500000	1152200000	880650000	1078700000	1148700000	914870000	1078300000	1064100000	1.006e+09
"A0A060HGH1"	92098000	99944000	119880000	104560000	93844000	89928000	99518000	95429000	101210000	0	65729000	35482000	3818100	6908600	20472000	60802000	73460000	63224000	62168000	87107000	89199000	73470000	92460000	85798000	90944000	87572000	91240000	90934000	89405000	38718000	48007000	44417000	47174000	42046000	45495000	52708000	51370000	47849000	54979000	78272000	82125000	81329000	86691000	77442000
"A0A060HGH2"	544230000	374660000	303770000	409120000	551600000	393430000	422130000	517190000	359360000	285230000	363910000	287390000	293700000	189450000	289110000	326370000	366430000	370940000	464900000	434940000	328540000	340440000	472440000	406670000	479950000	374330000	381220000	500940000	439630000	280810000	283360000	322440000	399080000	374120000	460490000	300050000	383360000	293130000	253230000	489070000	399420000	525530000	433160000	411950000
"A0A060HGH5"	6872900	8015100	0	7180800	7122400	6474500	6668700	9637300	7191200	0	7492300	0	3829300	0	6757100	6348600	0	5760800	5878000	8364000	7418800	9173000	6978300	7960700	6999700	6777300	6872300	6561000	7268500	8362200	7828700	6575300	6003000	5901500	5784200	0	5742500	4768500	0	8732100	7727800	6439400	6223200	6662300
"A0A060HGH8"	746790000	554970000	640250000	575210000	639150000	554920000	651930000	727030000	669660000	292550000	501670000	3.99e+08	272680000	255040000	353980000	439090000	632150000	430810000	474990000	652920000	604380000	622700000	623570000	642520000	750580000	636400000	637060000	694850000	654230000	519480000	466760000	405120000	445060000	538840000	537810000	578950000	646750000	615830000	639460000	748490000	588450000	631720000	650170000	672940000
"A0A060HGI1"	267030000	213960000	323530000	298920000	263710000	203470000	253700000	240780000	229540000	170790000	207020000	308940000	172150000	192520000	195220000	203070000	228870000	227840000	179750000	234110000	269230000	215260000	226420000	257820000	223120000	248470000	254800000	210470000	188010000	219520000	182230000	180190000	109750000	169750000	238100000	274750000	287620000	245670000	361070000	224580000	172800000	192620000	130410000	222270000
"A0A060HGI5"	1981700000	1775900000	1.715e+09	1867800000	2406600000	1673700000	2.096e+09	2508600000	2006100000	679600000	1750500000	1406400000	875410000	804740000	1155900000	1536900000	1477800000	1586600000	1.51e+09	1796300000	1510200000	1864700000	2169100000	1918800000	1955700000	1744500000	1954900000	2.224e+09	2066200000	1622800000	1488500000	1.268e+09	1463200000	1283900000	2174500000	1804200000	2109200000	1575300000	1715700000	2252400000	1.761e+09	1828200000	2098300000	1960500000
"A0A060HGI6"	16610000	11558000	8198600	13655000	19328000	0	16984000	21510000	16416000	0	14410000	0	0	0	0	8810500	0	9031000	9380000	15254000	12819000	15404000	20256000	9653200	14451000	0	16172000	16734000	16195000	13757000	9775500	6441900	14935000	13721000	19412000	16077000	19568000	16526000	14248000	18140000	17314000	23996000	19762000	16925000
"A0A060HGJ4"	0	0	0	0	0	0	0	0	0	0	0	0	0	0	0	0	0	0	0	0	0	0	0	0	0	0	0	0	0	0	5313100	0	4361700	4964900	0	0	0	0	0	0	0	0	0	0
"A0A060HGK0"	0	0	0	0	0	0	0	8728500	0	0	10844000	0	0	0	0	0	0	0	13577000	0	0	0	0	13532000	0	0	0	0	0	0	11211000	0	10239000	0	0	9008700	10451000	0	8818400	0	0	0	0	11257000
"A0A060HGK4"	4824600	5007900	0	0	0	5364700	0	0	6844500	7855800	0	8047100	10506000	10204000	8623000	5905100	6739200	5025200	6307000	0	6223700	4695500	4364400	0	5622200	5829000	0	4625600	5891100	4836400	8025000	6030200	6394200	5971600	0	0	5162500	5171600	0	0	8154200	7019500	0	4987500
"A0A060HGL0"	451790000	379430000	285830000	373880000	457410000	351170000	349430000	472570000	391530000	395210000	493910000	4.04e+08	545740000	491420000	454050000	486170000	330880000	469700000	400740000	339980000	351950000	423860000	384260000	358880000	428960000	347930000	379300000	403190000	386650000	608710000	574280000	475590000	544310000	535710000	472090000	442410000	479440000	476250000	313680000	425620000	402160000	442800000	424630000	412240000
"A0A060HGL2"	2630500	0	0	0	0	0	0	0	0	0	0	0	0	0	0	0	0	0	0	0	0	0	0	0	0	0	0	0	0	0	0	0	0	0	2470200	0	0	0	0	0	0	2901000	0	0
"A0A060HGL8"	29933000	35616000	32579000	28218000	27936000	32735000	26235000	24490000	28916000	26020000	34095000	33029000	37375000	29772000	45259000	29160000	26195000	28267000	29802000	27186000	25535000	29363000	27121000	30580000	27668000	28873000	26141000	26316000	30388000	33255000	38278000	34498000	30302000	33898000	24348000	18267000	24010000	20715000	23581000	27511000	29413000	24538000	26090000	30262000
"A0A060HGM0"	22867000	17421000	18956000	17344000	14419000	14494000	15999000	13860000	16005000	0	0	0	0	0	0	8923600	10527000	9569500	12126000	17913000	16100000	21617000	16381000	21248000	16412000	20949000	15633000	18870000	20953000	6968300	0	6722900	0	0	8080900	0	10937000	0	0	16170000	12559000	13188000	12286000	15994000
"A0A060HGM2"	12978000	12713000	13169000	11604000	12197000	19451000	12768000	12477000	12416000	0	14032000	18993000	0	0	16172000	13769000	14765000	13891000	12922000	12983000	10850000	0	14485000	15609000	11617000	0	15537000	0	13938000	16974000	17201000	18590000	19791000	21071000	21293000	18450000	15247000	16094000	15917000	14559000	15818000	14779000	15906000	0
"A0A060HGM5"	8717100	7152700	0	0	11376000	8447500	0	0	8117700	0	0	0	0	0	0	0	0	6730900	0	10522000	7565900	9956200	10143000	0	7242400	0	9307500	0	0	10119000	7758700	8542700	0	9945600	10424000	0	12324000	0	0	0	0	0	0	0
"A0A060HGM9"	15922000	20275000	29096000	15223000	13987000	21589000	21631000	24978000	12254000	0	0	0	0	0	0	0	8613100	5548300	0	14475000	14679000	9651600	14016000	9782600	14764000	16343000	11865000	12470000	14261000	3129100	0	0	0	5037900	0	0	6785800	5090200	0	13908000	17097000	13658000	16103000	10994000
"A0A060HGN1"	15917000	21785000	25226000	23168000	24290000	27465000	0	25230000	19140000	56305000	20184000	0	30905000	0	0	20590000	22871000	23414000	20940000	13714000	18505000	26095000	0	15388000	22160000	0	0	16412000	22084000	22691000	16717000	11904000	0	17258000	0	23580000	16996000	18909000	20525000	0	16807000	15982000	12177000	22587000
"A0A060HGN6"	86220000	79305000	96355000	83648000	88700000	80635000	73113000	78803000	73479000	91051000	92875000	114810000	98431000	89359000	119840000	98888000	94723000	83271000	93288000	82735000	89450000	83463000	69428000	82354000	75266000	78165000	75878000	86295000	75161000	100050000	102390000	97004000	109940000	98876000	91380000	76159000	78987000	81551000	67758000	82462000	72668000	77995000	69553000	66405000
"A0A060HGP1"	61775000	60471000	67646000	51743000	51308000	53645000	65321000	55991000	46484000	69439000	82108000	92260000	65576000	74230000	93298000	79426000	93336000	65823000	81372000	55899000	49482000	48128000	52025000	54581000	44964000	43314000	42385000	49086000	43904000	87997000	87981000	72110000	95985000	83020000	56213000	49572000	54345000	53941000	62969000	60388000	50944000	48491000	48718000	51014000
"A0A060HGP2"	569940000	586440000	508280000	518370000	562300000	530230000	580050000	642980000	568590000	394020000	704650000	572820000	467360000	421330000	623650000	541110000	677930000	488610000	585540000	659220000	531020000	614850000	515650000	6.56e+08	542010000	677830000	625210000	616680000	600850000	602100000	664400000	540720000	632200000	674630000	569700000	618740000	639100000	570670000	594130000	730480000	611560000	581420000	677770000	651310000
"A0A060HGP6"	66241000	63074000	43497000	57179000	86119000	55904000	52500000	53548000	58249000	69222000	65125000	55066000	92713000	73483000	70772000	82805000	59772000	85274000	79899000	57659000	55815000	59928000	70911000	54932000	57087000	42291000	55658000	56232000	62341000	1.13e+08	87328000	76937000	104770000	99179000	87230000	77707000	72687000	66197000	57601000	53436000	52194000	63737000	54718000	54308000
"A0A060HGP9"	0	0	0	7640900	8186300	0	6840700	5009500	8149600	0	0	0	0	0	0	0	6676800	0	0	7995200	6844500	7648400	6948500	9041000	7328600	9089800	9096900	9692800	8988200	0	0	0	0	5420700	8589400	8210200	8484500	7744100	0	7811300	7628500	8478800	7442700	0
"A0A060HGQ0"	0	10978000	0	0	0	0	0	0	4939300	0	0	0	0	0	0	0	0	0	3649200	0	0	3452400	4009100	0	3664500	0	0	0	0	0	0	0	0	0	0	0	0	0	0	0	0	0	0	0
"A0A060HGQ1"	34773000	32715000	20034000	22462000	29101000	26869000	33731000	34549000	37750000	16249000	27649000	19823000	31348000	16845000	26096000	23011000	17782000	30862000	31730000	23449000	23607000	0	47141000	31989000	32653000	23319000	28649000	25125000	40630000	33187000	25663000	23949000	44238000	41137000	30834000	40469000	30775000	31066000	0	35880000	44819000	33728000	47354000	41621000
"A0A060HGQ4"	89341000	153400000	115770000	110060000	169290000	120230000	128800000	123040000	96385000	116810000	55239000	47101000	120660000	145080000	145340000	69449000	45419000	67244000	57891000	107010000	114450000	109950000	92687000	99978000	106710000	88355000	109200000	99757000	87136000	64490000	43926000	36314000	35946000	31338000	60012000	39509000	28422000	39469000	35814000	83853000	78507000	59079000	61096000	59046000
"A0A060HGR1"	0	0	0	0	0	0	0	0	0	0	0	0	0	0	0	0	0	0	0	0	0	0	0	0	0	0	0	0	0	0	3742300	0	0	0	0	0	0	0	6141300	0	0	0	0	0
"A0A060HGR4"	10601000	14283000	16757000	11361000	10772000	12675000	12695000	8884100	12444000	17208000	9480800	0	0	0	0	0	12908000	9195700	0	7833900	11419000	11996000	10237000	10564000	9144400	12843000	10437000	9404500	9599900	9347900	10749000	8968200	0	9971900	8242500	0	9479200	8733700	0	12806000	12882000	10493000	13366000	13182000
"A0A060HGR8"	0	7387100	0	0	0	0	0	0	0	0	0	0	0	0	0	0	0	0	0	7053900	7190300	0	0	0	0	0	0	0	0	0	0	0	0	0	0	0	0	0	0	7291300	0	0	0	0
"A0A060HGS3"	23733000	23862000	16937000	16400000	20699000	22059000	20430000	22406000	20327000	13069000	22132000	18153000	23797000	15469000	21122000	19165000	18466000	19376000	21121000	25983000	17951000	17441000	21747000	23336000	19331000	0	18589000	24506000	23006000	23246000	26114000	26316000	23632000	18715000	20016000	16296000	22967000	18409000	19816000	26752000	22209000	22059000	23253000	22389000
"A0A060HGS4"	21220000	8053100	27170000	26659000	0	24296000	22001000	18800000	36078000	0	0	0	0	0	0	0	0	14343000	0	25700000	21893000	28468000	28763000	0	18746000	47088000	40259000	26594000	24469000	22473000	14387000	16475000	20276000	26775000	36824000	45322000	81992000	56056000	61646000	36073000	47096000	43851000	63051000	44657000
"A0A060HGS7"	269240000	289160000	441300000	362580000	351920000	336280000	288490000	360760000	342650000	168390000	238060000	238280000	234440000	207010000	223230000	251750000	237730000	250830000	236370000	283910000	269510000	346430000	328950000	291640000	344870000	306690000	320340000	369760000	332790000	255300000	233730000	213930000	205770000	248470000	287170000	335930000	330860000	276220000	381050000	271210000	333830000	336100000	323080000	299690000
"A0A060HGS9"	87335000	64068000	121810000	92089000	83312000	71613000	76390000	89322000	75372000	97697000	83573000	138600000	68078000	85996000	68781000	85265000	82455000	98384000	73958000	76002000	82098000	64371000	72786000	86129000	113320000	83106000	80079000	57762000	72123000	90049000	79172000	78231000	116450000	92012000	80650000	95011000	112450000	126650000	156180000	76726000	63790000	85985000	86447000	96495000
"A0A060HGT0"	17453000	12830000	12639000	16569000	17072000	12718000	19157000	13939000	16172000	0	13432000	0	0	0	0	16562000	8505300	12722000	11335000	13637000	15422000	16289000	17994000	12458000	13741000	11544000	17690000	16597000	16408000	0	11430000	13826000	8911200	9679700	15091000	13910000	13548000	13671000	12245000	15045000	14328000	21798000	13371000	14827000
"A0A060HGT2"	23537000	28859000	21610000	21624000	16029000	14262000	15969000	9539600	16089000	0	0	0	0	0	0	0	0	0	0	17438000	24014000	17897000	13152000	20345000	18225000	15734000	15334000	19189000	16695000	0	0	0	0	0	0	0	0	0	0	18518000	17318000	8066700	6079200	16796000
"A0A060HGU0"	3.936e+09	2639700000	3012200000	3523200000	4637500000	3075600000	3850300000	5728400000	3827100000	2.431e+09	3121200000	2650200000	2346400000	2364800000	1491700000	2.792e+09	2.357e+09	3199800000	2345600000	3204800000	2510400000	3667800000	4754400000	3881100000	4410800000	3540900000	3305300000	4147900000	4308300000	3095800000	2176600000	2025500000	2998600000	2402900000	3871400000	3664800000	4.026e+09	2946900000	2.544e+09	5608900000	3305600000	4.264e+09	4934600000	4497800000
"A0A060HGU1"	13861000	10056000	0	0	0	10316000	13102000	13286000	12150000	0	9113500	0	0	10540000	13168000	10717000	10656000	13337000	19037000	11515000	0	12082000	9529800	11605000	9651300	11233000	14872000	9515400	0	10417000	0	0	0	14292000	13135000	15592000	0	11726000	23243000	20234000	14599000	11378000	16173000	16484000
"A0A060HGU4"	0	0	0	555360	0	0	0	0	0	0	0	0	0	0	0	0	0	0	0	0	0	0	0	0	0	0	0	0	0	0	0	0	0	0	0	0	0	0	0	0	0	0	0	0
"A0A060HGU8"	0	0	0	0	0	0	0	0	0	0	0	0	0	0	0	0	0	0	0	0	0	0	0	0	0	0	0	0	0	0	0	0	0	0	0	0	0	0	0	0	0	1123500	0	0
"A0A060HGV2"	976860000	881700000	1206300000	1081400000	1078600000	867650000	848940000	960490000	838020000	1.009e+09	1049600000	1540900000	1135600000	1234400000	1231800000	1211900000	1.005e+09	1174900000	922390000	903510000	938980000	895750000	949780000	934630000	1084800000	827550000	897010000	954170000	777760000	1161600000	1095400000	1055500000	1038600000	863880000	845030000	700240000	1037600000	869110000	936630000	919210000	841500000	816180000	724230000	802060000
"A0A060HGV4"	5295200	5666000	0	4812100	5658300	6243500	7470700	6562600	6371200	0	0	0	0	0	0	0	0	0	0	6940900	0	5791100	4300900	0	6399000	0	4796600	5136200	0	8163100	8280600	5452900	0	9450700	7123800	5138700	6345200	0	0	0	0	5096700	5783700	0
"A0A060HGW1"	22110000	16250000	22696000	20937000	16520000	13187000	13200000	10988000	14196000	0	14221000	0	0	0	0	19854000	17608000	18139000	19269000	27946000	27458000	21593000	18527000	25862000	21220000	17824000	13222000	21077000	19333000	22141000	30241000	31971000	28771000	23646000	19018000	18633000	22183000	16875000	0	18856000	17838000	11857000	15725000	18912000
"A0A060HGW6"	10642000	10017000	18191000	16346000	13088000	9757700	15332000	12168000	10598000	0	0	0	0	0	0	0	12109000	11057000	7140300	14868000	14570000	0	13357000	12683000	10309000	14737000	14356000	13705000	11792000	12867000	0	5841000	0	8865800	8462200	9151300	11810000	7026900	15656000	10961000	9299200	7542700	12019000	10531000
"A0A060HGW7"	0	0	0	0	0	0	0	0	0	0	0	0	0	0	0	0	0	0	0	0	0	0	0	0	0	0	1869600	0	0	0	0	1495900	0	0	0	1589200	0	1586000	0	0	0	1524800	0	0
"A0A060HGW9"	0	0	0	0	0	0	0	0	0	0	0	0	0	0	0	0	0	0	0	0	0	0	0	0	0	0	0	0	0	0	0	0	0	0	0	0	0	0	0	0	0	0	0	2586700
"A0A060HGX3"	2913000	3860400	0	0	0	0	0	0	0	0	0	0	0	0	0	0	0	0	0	0	0	0	0	0	0	0	2862500	0	0	3085900	3029600	0	0	0	0	2976100	0	0	0	0	3299600	0	0	0
"A0A060HGX9"	30720000	38053000	25778000	25889000	24355000	36302000	25689000	25760000	27727000	24833000	30919000	32455000	25508000	24914000	38227000	28149000	38522000	23946000	31224000	34276000	32920000	29505000	24779000	32277000	25985000	34205000	28167000	26576000	26542000	27388000	31869000	22142000	24601000	27878000	27717000	29212000	23084000	30997000	30708000	29095000	33169000	22828000	27690000	27799000
"A0A060HGZ0"	0	0	0	0	0	0	0	0	0	0	0	0	0	0	0	0	0	0	0	0	0	0	0	0	4906400	0	0	0	0	0	0	0	0	0	0	0	0	0	0	0	0	0	6377900	0
"A0A060HGZ2"	59786000	60257000	78759000	70765000	64572000	60492000	58423000	59931000	62506000	77843000	59099000	107520000	90426000	92076000	69567000	74536000	62182000	89514000	70102000	57248000	68986000	51001000	70611000	54981000	69175000	56477000	56672000	47775000	58070000	83358000	87435000	106140000	81951000	84945000	67757000	77889000	84798000	84959000	112050000	66050000	61909000	80583000	65796000	75522000
"A0A060HGZ6"	5172800	0	0	0	0	0	0	0	6514000	0	0	0	0	0	0	0	0	0	0	0	0	0	7634000	0	0	0	0	0	5954500	8003200	0	4454100	0	9159800	8074000	9686000	8564300	7698500	4494800	0	6873800	6641800	8731600	0
"A0A060HGZ7"	0	0	0	0	0	0	0	0	0	0	0	0	0	0	0	0	0	0	0	0	0	0	0	0	0	0	0	0	0	2148000	0	0	0	0	0	0	0	0	0	0	0	0	0	0
"A0A060HGZ8"	1022900000	733710000	1222700000	852230000	945990000	632290000	894400000	1281400000	926760000	891520000	1099400000	1190600000	809210000	805050000	857780000	799980000	730940000	742640000	608780000	823120000	735620000	795130000	884200000	821370000	916310000	907620000	784370000	920430000	866010000	978310000	719450000	588730000	640690000	690770000	860970000	557210000	1.211e+09	642220000	1328200000	791950000	748290000	725310000	751750000	742070000
"A0A060HH03"	0	0	0	0	0	0	0	0	0	0	0	0	0	0	0	0	0	0	0	0	0	0	2750900	0	0	0	0	0	0	0	0	0	0	0	0	0	0	0	0	0	0	0	0	0
"A0A060HH04"	0	0	0	0	0	0	0	0	0	0	0	0	0	0	0	0	0	0	0	0	0	0	0	0	0	0	0	0	0	0	0	0	0	0	0	0	0	0	0	0	0	0	0	4020600
"A0A060HH08"	22253000	13403000	19322000	22207000	18350000	18134000	18411000	16095000	20164000	12439000	17466000	16228000	16726000	0	20362000	13336000	24324000	14766000	16301000	21652000	18316000	20565000	19510000	21260000	20682000	23161000	20454000	28105000	21222000	12132000	12876000	10746000	15224000	18564000	17288000	24683000	24661000	17216000	14376000	19723000	16850000	14093000	22159000	15996000
"A0A060HH13"	12737000	18136000	44491000	31482000	20894000	32371000	38639000	20377000	28173000	48754000	0	37152000	39590000	31761000	25948000	30078000	15320000	32035000	20235000	27611000	33760000	17304000	25938000	14995000	20159000	21673000	35118000	24631000	18650000	0	14506000	19726000	12960000	13751000	17726000	27920000	24727000	22756000	27621000	17497000	24556000	31687000	33754000	12802000
"A0A060HH14"	0	0	0	0	0	6067200	0	0	5268400	0	0	0	0	0	0	6073800	0	5673600	0	0	0	6818700	0	0	0	0	0	6869400	6810900	6992200	9719300	0	6708500	6529600	7867800	0	0	5034100	0	0	5655600	5615600	6091800	0
"A0A060HH21"	0	0	0	2056700	0	0	0	0	0	0	0	0	0	0	0	0	0	0	0	2504300	0	2806300	0	2628200	0	0	0	2719600	2083500	2382000	2265300	0	0	0	0	0	0	0	0	0	0	0	0	0
"A0A060HH27"	2115300000	1705700000	1808100000	1821500000	1985800000	1810200000	2000200000	2162700000	1991700000	721430000	1786800000	1177700000	838410000	660800000	961670000	1535900000	1703300000	1406500000	1376900000	1721400000	1627600000	1735500000	1953800000	1.835e+09	1974300000	1.897e+09	2060200000	1932100000	1934400000	1382300000	1272500000	1.297e+09	1401300000	1507500000	1741400000	1778800000	1933300000	1792400000	1761300000	2028300000	1663500000	1953100000	1918800000	1808600000
"A0A060HH33"	150550000	169600000	119720000	117730000	119040000	147140000	137150000	148040000	153680000	126540000	156600000	155130000	169820000	107320000	2.1e+08	154730000	166540000	124090000	173560000	185960000	164710000	162540000	135650000	177260000	140050000	180270000	135120000	132770000	146880000	126310000	152570000	154930000	157400000	167250000	163220000	167480000	132350000	193590000	163850000	179650000	189010000	173160000	173020000	176190000
"A0A060HH37"	227140000	220290000	263900000	218930000	220320000	196400000	237160000	273820000	216090000	172440000	254640000	221470000	137180000	126790000	152240000	209270000	194680000	2.23e+08	239410000	222430000	210080000	185780000	211610000	213260000	261610000	193400000	230620000	229160000	226110000	165030000	117420000	86255000	141640000	176840000	196230000	174220000	214340000	192440000	195760000	258400000	181480000	199520000	194070000	225840000
"A0A060HH42"	72992000	60864000	99261000	78162000	74333000	65228000	65610000	77450000	62819000	83254000	60606000	120670000	76071000	80144000	57760000	67501000	62886000	57386000	68388000	67734000	73283000	48108000	62939000	70064000	98009000	67454000	57300000	48792000	66310000	47793000	60011000	48875000	75477000	49323000	52143000	58986000	60513000	75449000	77977000	70942000	49079000	63605000	57375000	60106000
"A0A060HH43"	988410000	755810000	837150000	891970000	862260000	850040000	923050000	973560000	995750000	1205700000	1743800000	1232400000	1310500000	1302800000	1559700000	1669300000	1650100000	1534400000	1645100000	1063800000	1009500000	1156500000	1072600000	995510000	898090000	1072600000	960160000	986410000	991590000	1052500000	955130000	876730000	865390000	885650000	1823500000	1788700000	1792500000	1.673e+09	1994300000	1015600000	962230000	841970000	1040500000	926030000
"A0A060HH45"	1.11e+08	93059000	84475000	105910000	93025000	88249000	88132000	97262000	105710000	102260000	178540000	166520000	118150000	107130000	146530000	138530000	236280000	122580000	130010000	137750000	115590000	110900000	108720000	114950000	88322000	107760000	104160000	85358000	87129000	166110000	137130000	113050000	130090000	142670000	165730000	180190000	1.47e+08	195570000	227690000	125580000	94407000	117770000	88338000	93197000
"A0A060HH52"	9249300	5665800	0	0	0	0	0	8305900	9015000	0	0	0	0	0	0	0	0	8041700	0	0	0	0	8554400	9183700	8373500	0	0	9946200	9820500	7858400	6614200	0	7068000	0	10715000	10610000	9725700	8758200	8218000	9147800	7936200	8493500	11153000	11907000
"A0A060HH54"	21012000	12377000	11519000	18566000	15392000	18308000	16495000	11313000	16786000	21466000	22668000	24787000	23204000	15376000	31407000	16506000	25125000	22323000	25142000	19018000	21107000	17998000	16803000	16092000	14961000	16253000	18703000	16153000	19125000	22777000	16853000	15875000	17603000	21392000	16873000	16517000	20804000	17687000	0	16602000	13515000	13373000	16347000	14294000
"A0A060HH56"	0	0	0	5050000	0	0	0	5114600	0	0	0	0	0	0	0	0	11657000	0	0	9331000	0	9698300	6577800	8244800	7701900	6197900	0	5988800	0	0	11241000	0	11510000	10430000	0	0	0	6703600	6456900	0	7271900	0	0	0
"A0A060HH57"	111450000	100730000	100830000	88138000	103920000	100490000	84327000	100150000	81014000	85113000	83886000	132310000	92251000	88332000	76037000	73926000	62229000	78609000	74936000	79160000	82744000	89394000	72235000	101180000	103380000	83089000	78928000	72477000	92323000	75450000	70530000	67723000	70133000	72816000	83386000	88749000	78269000	80371000	80915000	90106000	64591000	65040000	70341000	108230000
"A0A060HH59"	455480000	431620000	487130000	428650000	416470000	394290000	464900000	485370000	408850000	777990000	416610000	725260000	634330000	712230000	605800000	486830000	420860000	461830000	470580000	394970000	453300000	339810000	358420000	407310000	528720000	413670000	488800000	383360000	389540000	332650000	376590000	3.91e+08	357510000	284580000	311950000	278700000	318790000	300690000	384720000	455380000	342290000	386210000	346090000	406390000
"A0A060HH61"	50770000	62450000	29541000	58249000	56794000	47118000	62742000	71778000	62965000	0	65943000	23027000	32311000	0	41273000	38380000	49899000	49220000	49222000	39933000	41742000	79196000	65678000	68178000	45873000	63512000	64126000	68273000	69112000	67420000	54830000	40932000	26829000	37053000	78902000	46918000	65892000	47226000	38453000	58732000	44459000	57222000	66959000	59576000
"A0A060HH64"	474740000	423290000	209650000	457840000	530160000	401670000	435410000	452550000	470900000	197330000	426380000	179520000	316320000	217860000	331340000	313970000	342100000	346450000	371920000	441120000	355930000	586670000	453060000	453670000	413140000	428600000	494390000	619390000	629810000	400350000	352100000	307470000	367590000	397360000	508160000	449360000	479880000	354860000	218960000	396990000	445540000	452480000	541800000	425310000
"A0A060HH67"	886230000	960850000	1605200000	1061700000	1039300000	1093100000	1152400000	1069700000	1090200000	318390000	782070000	729770000	418050000	364200000	566170000	842900000	714100000	799800000	756640000	870330000	1235100000	812920000	947960000	743830000	929800000	975750000	1164300000	868080000	892970000	678500000	557010000	547850000	663750000	729840000	784090000	1.024e+09	921690000	1049200000	1094200000	846720000	869200000	1000900000	1041400000	952630000
"A0A060HH68"	108830000	100460000	150650000	96528000	123960000	83395000	100150000	209490000	95161000	140790000	63576000	436720000	106300000	136790000	52124000	84470000	77251000	133920000	79660000	65157000	125010000	50771000	108260000	103870000	214580000	88961000	83390000	49578000	86968000	46973000	53778000	70962000	152070000	43805000	71230000	78549000	111270000	136630000	237620000	143330000	74278000	155790000	81222000	184760000
"A0A060HH70"	11433000	12505000	13797000	11796000	12091000	9853300	12259000	11906000	9775200	0	0	0	0	0	0	0	10496000	9466900	10042000	10322000	12640000	9122300	10759000	10078000	10819000	10802000	9749000	12157000	12745000	8270700	9323700	10391000	12115000	11892000	10253000	10214000	9839400	13555000	13550000	12656000	11809000	14150000	10649000	11691000
"A0A060HH72"	128160000	114110000	122100000	140780000	158170000	122130000	123600000	137840000	128200000	48388000	143380000	129580000	73944000	52933000	91955000	121380000	152790000	118540000	125520000	136930000	111890000	119700000	130010000	146250000	138330000	140880000	136040000	173920000	144970000	168010000	137240000	124880000	159370000	163710000	141240000	155980000	185100000	122680000	113890000	156230000	112640000	151210000	159790000	1.59e+08
"A0A060HH76"	27222000	29774000	37735000	27309000	25813000	26252000	24996000	24543000	29502000	18562000	37583000	35795000	24903000	23573000	37538000	38446000	38184000	30509000	31769000	30051000	30764000	31626000	28507000	31566000	21719000	29139000	28721000	33237000	24269000	37312000	39894000	37857000	38371000	36448000	34196000	24125000	35404000	28688000	25078000	27718000	32497000	34343000	25799000	23235000
"A0A060HH77"	865440000	803850000	1327200000	946130000	846460000	928540000	1060500000	948700000	1.044e+09	371320000	705460000	661170000	378590000	449550000	501250000	652740000	749830000	713730000	619800000	831090000	855710000	883240000	897570000	837130000	911010000	974680000	950600000	1.055e+09	794900000	579740000	514310000	520080000	512180000	576530000	738660000	760710000	949360000	853820000	1.023e+09	828970000	895060000	921460000	940930000	900960000
"A0A060HH82"	697930000	761710000	804270000	497210000	616870000	687840000	687040000	739850000	692560000	920030000	631030000	788010000	885020000	921420000	894610000	702360000	663510000	556430000	730900000	632050000	697730000	637600000	557070000	682960000	677790000	753140000	557370000	618190000	593500000	550260000	710970000	680960000	576630000	590390000	605780000	635410000	558510000	651860000	677420000	792140000	778370000	695240000	704050000	746270000
"A0A060HH86"	25256000	24118000	33309000	22740000	27438000	29816000	25514000	20281000	21948000	0	30083000	36961000	6018200	0	18880000	21239000	36268000	29262000	28691000	30629000	23332000	23252000	22519000	25490000	24078000	26398000	21472000	25230000	19809000	28369000	30582000	24841000	26611000	28605000	23576000	19563000	28305000	25311000	26293000	22496000	24792000	23031000	21779000	20706000
"A0A060HH87"	0	0	0	0	0	0	0	0	1543000	0	0	0	0	0	0	0	0	0	0	0	0	0	0	0	0	0	0	0	0	0	0	0	0	0	0	1963600	0	0	2577800	0	3238400	0	2778500	0
"A0A060HH91"	8744800	0	0	0	6263800	6311700	6106300	0	4183000	0	0	0	0	0	0	6908700	6343000	0	0	10636000	0	0	4891200	5447200	0	4881700	4567500	4695000	0	0	4654500	7066700	0	0	0	0	4645700	0	4264400	0	0	5104200	0	6731300
"A0A060HH95"	6123500	0	0	0	0	0	0	0	0	0	0	0	0	0	0	0	0	0	0	0	0	0	0	5697400	7148300	0	0	0	0	0	0	0	0	0	0	0	0	0	0	0	0	5864100	0	0
"A0A060HHA2"	80575000	111950000	112980000	83810000	90350000	81071000	74586000	57162000	74429000	21523000	43114000	45398000	22820000	0	32402000	65581000	40693000	50129000	54660000	81595000	92337000	77081000	78086000	75820000	64483000	64761000	72955000	77568000	72077000	26213000	24056000	36858000	27907000	26572000	26579000	23805000	27166000	30566000	23497000	49057000	61833000	52688000	45204000	47816000
"A0A060HHA4"	4753800	3564100	6186600	0	0	0	4843300	0	2564600	12089000	0	0	4457000	4625100	0	0	0	0	0	3869000	4596800	2353800	0	0	4459700	0	0	0	0	0	0	0	0	0	0	3372000	3141900	0	0	0	0	0	0	0
"A0A060HHA7"	16573000	21696000	28483000	17396000	27571000	31582000	24942000	26836000	23409000	0	20872000	0	0	4988300	11186000	18965000	20761000	19410000	17189000	19722000	17785000	15613000	17856000	18524000	21833000	19479000	22858000	19442000	21004000	21379000	18448000	21907000	27626000	28270000	17157000	17814000	18952000	22116000	16856000	24461000	30208000	30893000	26043000	25461000
"A0A060HHA9"	35233000	32597000	53465000	45197000	41211000	32659000	39316000	41106000	36969000	31597000	32794000	53160000	32166000	38413000	31113000	36768000	36178000	35632000	29021000	38643000	38114000	34354000	30476000	35383000	43852000	38032000	37399000	36249000	32316000	29766000	32579000	28871000	32475000	27721000	33041000	31065000	38576000	31557000	32359000	32485000	30945000	27059000	32142000	30494000
"A0A060HHB2"	12528000	11784000	13896000	12132000	12502000	11052000	12935000	13397000	12354000	0	0	15872000	15214000	13271000	13009000	12501000	12853000	13685000	14346000	11182000	10754000	9161900	10677000	10503000	11823000	13892000	9514000	8107300	11500000	13109000	13984000	14474000	13134000	10039000	11596000	13377000	11065000	13948000	13172000	0	10224000	10896000	10615000	11087000
"A0A060HHB4"	731420000	1064300000	701510000	1012600000	926580000	564220000	733100000	701330000	858910000	1134800000	811390000	1523800000	1212700000	1232400000	867500000	1181800000	746390000	1218100000	744790000	721250000	702820000	559530000	1191800000	793630000	899140000	592210000	1223300000	742530000	817710000	2562900000	3.268e+09	2682700000	3036900000	1450800000	1720400000	1123400000	851310000	1317100000	849840000	1098300000	808610000	1.146e+09	929040000	1024100000
"A0A060HHB6"	33148000	2.3e+07	36947000	32132000	23962000	20516000	26747000	27823000	23546000	84885000	29460000	47963000	41716000	62364000	36061000	25406000	27760000	32857000	24974000	30043000	33555000	21828000	29017000	25751000	29539000	28522000	22331000	20924000	24664000	24194000	21444000	22322000	23210000	22937000	28044000	26362000	29612000	28147000	32358000	22426000	14409000	22611000	23416000	19759000
"A0A060HHC2"	31189000	26630000	21342000	23075000	25711000	21786000	22783000	28933000	26194000	19464000	21392000	25849000	0	0	15492000	0	0	0	0	0	29772000	0	23889000	24211000	22554000	13662000	15272000	15131000	19156000	0	0	14830000	0	0	27119000	21864000	0	21823000	0	26829000	22252000	25275000	18001000	20432000
"A0A060HHC5"	15506000	15331000	0	11464000	14464000	16901000	13525000	0	0	22973000	26130000	24968000	0	25649000	27670000	0	26501000	17887000	22590000	15583000	15337000	14547000	15992000	16112000	0	16173000	17520000	24165000	0	32518000	27948000	19997000	20522000	18480000	24978000	20772000	18757000	17762000	0	16759000	19081000	0	12111000	11749000
"A0A060HHC6"	137190000	169220000	84021000	182190000	1.82e+08	148540000	165950000	209220000	176460000	55029000	216670000	63439000	108800000	115590000	132260000	106230000	156710000	127200000	149930000	119600000	124500000	274770000	167610000	182700000	135910000	182470000	193350000	273910000	240030000	160960000	133690000	112480000	108580000	132100000	157620000	118510000	215080000	101570000	79958000	1.59e+08	148120000	167750000	197240000	158700000
"A0A060HHC9"	0	0	0	0	0	0	0	0	0	0	0	0	0	0	0	0	0	0	0	0	0	0	0	0	0	0	0	0	0	0	0	0	0	16848000	0	0	0	0	0	0	0	0	0	0
"A0A060HHD1"	4487900	4227300	0	6727100	5033900	0	0	0	4279300	10671000	0	9249900	6654800	0	0	0	0	5693100	4236300	5142800	4204800	0	4172400	2990500	4078400	0	4339100	4363100	3698200	9043800	8006200	7528900	9481300	8373500	7014300	5833700	5795200	6614100	9053100	4591900	5622300	4612000	4741000	5021800
"A0A060HHD4"	6007400	0	10931000	0	0	8985100	0	0	8768000	0	8509500	0	0	0	0	0	8865600	0	0	7710300	6667700	10473000	0	11327000	6468500	11115000	10135000	7432900	7821600	15980000	9919600	7242000	13598000	24306000	10002000	17857000	18019000	16128000	23754000	13260000	14428000	14753000	16769000	15095000
"A0A060HHD5"	18897000	16189000	15942000	18984000	16356000	16253000	18051000	17279000	14629000	17191000	12282000	0	19262000	12890000	14935000	0	14094000	0	15230000	17268000	17102000	18172000	15262000	17851000	18181000	20446000	16987000	21825000	17710000	15685000	14312000	13918000	14700000	16957000	16708000	15248000	16200000	14508000	16179000	17703000	15305000	17124000	16976000	17273000
"A0A060HHD7"	0	0	0	0	0	0	0	0	0	0	0	0	0	0	0	0	0	0	0	0	0	0	0	0	0	0	0	0	0	5268900	0	0	0	0	0	0	0	0	0	0	0	0	0	0
"A0A060HHD9"	0	0	0	0	0	0	0	0	0	0	0	0	0	0	0	0	0	0	0	0	0	0	0	0	0	0	0	0	0	0	0	0	3506900	4130100	0	0	0	0	0	0	0	0	0	0
"A0A060HHE0"	129180000	166280000	194770000	120960000	162200000	192420000	125810000	202880000	136490000	214050000	138640000	326310000	300690000	258360000	373500000	154280000	115540000	125330000	119440000	107980000	104720000	115450000	131070000	103860000	135590000	109770000	132580000	115320000	103130000	112750000	216610000	428430000	179420000	97387000	124470000	82145000	92921000	1.1e+08	90233000	121840000	126480000	137780000	114410000	113440000
"A0A060HHE1"	461300000	486300000	613760000	515430000	476570000	491200000	498070000	479840000	5.18e+08	339810000	535480000	603080000	466910000	368620000	556680000	528210000	469360000	524830000	527230000	474700000	521950000	513210000	496460000	447150000	470840000	472320000	512680000	519490000	521960000	531240000	520440000	502550000	501470000	533760000	554210000	499460000	563270000	571580000	579910000	487230000	496990000	479430000	558100000	510830000
"A0A060HHE4"	8318500	7675000	14376000	8576300	7772900	10300000	9780200	7405200	11569000	13687000	5192500	0	10928000	10945000	10176000	0	0	8657300	7810700	6926800	6032000	6546600	12714000	7588000	9865900	9538600	8596200	7924700	7409400	8170900	7423900	10718000	8249900	8285600	4698100	7282000	6194200	10588000	10184000	5737900	7256800	7881200	7144100	8477800
"A0A060HHE5"	40736000	36373000	40837000	37239000	39472000	43105000	40539000	40395000	37228000	116180000	37807000	41525000	61668000	101620000	41784000	35381000	33674000	50692000	40700000	36767000	35198000	33442000	46047000	42794000	38678000	31404000	35850000	41363000	38273000	42197000	40541000	39003000	36622000	33259000	34987000	35401000	38346000	34270000	30195000	38877000	25694000	31485000	37985000	35777000
"A0A060HHE6"	10619000	12200000	10702000	9012200	9808900	13531000	11409000	8719000	11625000	7361400	11128000	14865000	0	8868200	10194000	12084000	14046000	13833000	12161000	10870000	13460000	10661000	10773000	13998000	12395000	17519000	9043400	10032000	14278000	13800000	15789000	16622000	15240000	15013000	16682000	14552000	12975000	15310000	18470000	15154000	15001000	12022000	14599000	16057000
"A0A060HHE7"	26503000	29111000	27345000	24199000	28076000	29202000	26754000	26538000	30781000	0	25253000	47394000	30237000	0	33085000	33711000	31885000	32156000	30750000	26462000	27556000	22606000	32237000	24712000	28301000	30218000	24578000	22074000	21163000	36739000	36761000	43596000	33162000	29993000	31496000	30152000	33860000	37252000	44898000	31612000	27153000	38535000	26792000	31710000
"A0A060HHE8"	0	12704000	0	14946000	14937000	0	16472000	19106000	15191000	0	17979000	10937000	0	0	0	15358000	16907000	14094000	0	23100000	16866000	16239000	20184000	19047000	11251000	18745000	15948000	13426000	14286000	12769000	12382000	10998000	10188000	14655000	17397000	16800000	17220000	18670000	21274000	21182000	21456000	18540000	20588000	19118000
"A0A060HHF0"	47834000	52926000	30276000	56460000	54830000	43823000	52735000	58949000	55362000	48404000	75900000	39441000	43128000	51530000	60200000	43630000	51266000	53558000	51942000	4.8e+07	39339000	75960000	55607000	60437000	47874000	55914000	62288000	76877000	81206000	74966000	60715000	51923000	65760000	63561000	80475000	70105000	70226000	48699000	33618000	57430000	48435000	55181000	62753000	53323000
"A0A060HHF1"	73833000	75839000	72070000	67116000	68874000	63147000	69495000	65214000	68567000	0	60965000	0	0	18842000	17081000	34919000	65341000	60610000	63935000	68176000	69934000	69619000	69718000	71929000	66479000	72389000	68844000	69552000	65308000	47720000	36368000	15008000	14853000	55208000	48914000	73714000	80193000	66271000	76691000	68167000	75679000	55220000	63934000	75929000
"A0A060HHF2"	40430000	38554000	42420000	44670000	35994000	41632000	39481000	32524000	38548000	53764000	43021000	48381000	56535000	47864000	62543000	45322000	39595000	45628000	46233000	36029000	42836000	37664000	34639000	45669000	36885000	43742000	35214000	36181000	38559000	43027000	47243000	49467000	44388000	46773000	33434000	40328000	38588000	38289000	34030000	35645000	36397000	34119000	41539000	37482000
"A0A060HHF3"	87762000	104200000	162760000	83161000	94699000	96736000	101780000	90505000	81678000	97645000	71451000	112060000	74951000	96311000	108640000	85069000	89341000	73740000	85050000	75174000	80543000	71946000	66905000	67356000	88073000	87795000	64297000	79762000	66368000	75632000	95661000	109620000	79959000	83163000	66317000	56852000	62892000	68302000	75640000	67574000	78315000	60982000	56690000	64190000
"A0A060HHF4"	277970000	189240000	211130000	241720000	249750000	151380000	154260000	222070000	209910000	278210000	215310000	419760000	318160000	290570000	206980000	207430000	167130000	234710000	205620000	221510000	240220000	206840000	244560000	263810000	259810000	239480000	194530000	173660000	213220000	154020000	182350000	196620000	220780000	157110000	223340000	280740000	227300000	302830000	296520000	242130000	186500000	261950000	189990000	239310000
"A0A060HHF6"	3152100	3855700	5328300	5734800	0	4401400	5453200	4965100	3894500	0	3532800	0	0	0	0	0	4352500	3088000	0	4261900	4978400	4058200	3692300	4060500	0	4820900	3735800	4570000	5041000	0	0	0	0	3396800	2924200	6929100	4903800	3382600	0	4398100	4780200	3130700	6128700	4083600
"A0A060HHF7"	171270000	90046000	83426000	168270000	95851000	47315000	66058000	34485000	159460000	27629000	29811000	40556000	0	0	21727000	41908000	33634000	47970000	24672000	134450000	181350000	171960000	134790000	141880000	129220000	115700000	158600000	134390000	86213000	31921000	8574700	6566200	0	4052500	65475000	77067000	65847000	72682000	94523000	107560000	96610000	99238000	76273000	108950000
"A0A060HHG0"	112030000	104510000	168340000	108850000	134140000	137270000	1.14e+08	110550000	103530000	114600000	139220000	155780000	113870000	137660000	116060000	125810000	116180000	143940000	89591000	105070000	115470000	85805000	100450000	87448000	107750000	101030000	118990000	127040000	81397000	106230000	122330000	120700000	88356000	93207000	107660000	72005000	106090000	99406000	106080000	104110000	88750000	85739000	61970000	58718000
"A0A060HHG5"	20511000	21177000	16488000	17959000	17862000	19750000	17047000	15527000	26724000	0	20190000	9869000	0	0	0	16386000	25137000	16317000	19657000	22912000	24540000	23288000	24604000	19573000	15745000	23701000	21322000	22376000	19010000	23451000	22597000	24272000	21518000	21111000	23929000	20590000	21319000	25277000	22378000	21235000	29086000	25966000	23221000	21906000
"A0A060HHH1"	10894000	12689000	11305000	11081000	0	10768000	11831000	10542000	13369000	0	14745000	0	0	0	11939000	11254000	2.4e+07	9145400	11224000	14047000	10319000	12307000	11176000	13125000	11665000	13599000	12422000	12664000	8480900	14740000	13746000	11618000	12223000	15465000	16135000	12404000	13066000	16961000	14619000	17649000	16881000	13151000	14561000	13591000
"A0A060HHH5"	28179000	20763000	57727000	32363000	30315000	24474000	33123000	25918000	23089000	18010000	21607000	23562000	21618000	18342000	25031000	16344000	24861000	29853000	22459000	20690000	22597000	21051000	27942000	20873000	20761000	23087000	32684000	25890000	25740000	24361000	22471000	23564000	21290000	28280000	17676000	16261000	22952000	17835000	28719000	22110000	22545000	23065000	26318000	15902000
"A0A060HHH8"	25747000	28758000	39733000	38953000	25118000	34946000	35951000	27162000	37181000	28776000	37795000	46368000	29228000	31002000	46589000	39340000	53663000	44867000	40193000	40073000	39541000	39166000	39736000	44066000	29055000	48043000	36871000	35181000	37969000	51120000	51687000	58446000	45732000	51982000	46693000	57445000	53560000	55407000	86100000	38917000	46404000	37708000	56171000	42702000
"A0A060HHI3"	166980000	194710000	185530000	175270000	176420000	195830000	161050000	184610000	180910000	59489000	174850000	178680000	168400000	142270000	187440000	174050000	157430000	149870000	152170000	169420000	180060000	173640000	163850000	160950000	141230000	167940000	170840000	171850000	163090000	169930000	1.73e+08	187550000	149440000	157550000	169510000	136480000	146490000	163120000	166970000	181140000	185350000	163980000	168700000	163060000
"A0A060HHJ0"	23231000	19694000	17624000	21056000	20646000	19646000	24444000	18267000	23619000	0	19926000	10575000	0	0	7240800	13470000	17330000	16136000	13916000	23298000	16408000	26852000	26744000	23433000	17838000	25561000	26204000	20839000	25597000	47240000	34145000	26267000	34717000	36161000	47255000	39904000	40566000	33796000	39971000	34635000	28967000	29889000	38918000	36494000
"A0A060HHJ1"	45183000	47278000	53291000	42330000	42222000	53008000	43950000	61815000	51773000	39265000	58923000	88096000	75285000	50452000	53448000	56961000	54697000	64410000	65295000	38877000	40971000	48562000	47704000	36214000	48037000	46864000	43568000	35850000	57428000	66001000	76174000	71245000	83688000	72669000	64362000	68182000	54858000	77509000	71630000	53758000	56425000	64875000	57767000	61205000
"A0A060HHJ3"	334520000	361920000	590430000	305990000	370380000	264820000	291200000	423290000	294390000	472150000	343980000	867460000	374250000	557570000	253580000	329690000	260280000	363460000	237760000	301590000	325640000	272900000	282650000	289660000	417700000	280950000	257400000	1.81e+08	243150000	309790000	304990000	326450000	343900000	193780000	314160000	3.98e+08	292460000	495760000	449920000	346890000	237840000	347680000	290730000	349910000
"A0A060HHJ7"	17201000	17699000	43088000	25467000	23230000	29503000	26770000	28818000	24594000	0	15729000	6561400	0	0	0	12003000	25636000	14835000	9602700	24423000	25595000	27516000	28258000	29424000	23189000	30127000	28245000	23753000	19833000	16649000	0	12433000	8401000	12619000	18859000	21896000	23626000	23312000	29184000	24862000	28137000	19044000	26726000	22679000
"A0A060HHK2"	8103700	5386300	6310500	8944700	6208900	7337700	7689600	0	6939900	7201300	5223200	0	0	0	9998100	0	0	0	7613600	9095900	9008100	7276700	0	7624300	6338300	8626200	7589900	6589300	7468600	6426900	8188500	7195600	6326500	7372300	6994800	10074000	8440600	9852300	8947000	8745200	7831300	0	12300000	7166000
"A0A060HHK3"	1159700000	1182500000	2037900000	1474400000	1519200000	1331400000	1582700000	1451900000	1275400000	569470000	1.151e+09	1172100000	626710000	579920000	812780000	925580000	1.004e+09	1075200000	954880000	1292700000	1.273e+09	1406700000	1284400000	1.251e+09	1257200000	1532900000	1439600000	1501500000	1425800000	989720000	898660000	818060000	840600000	977890000	1232900000	1164100000	1492100000	1009200000	1350500000	1241300000	1.248e+09	1124800000	1464600000	1220700000
"A0A060HHK9"	191020000	229010000	248140000	197460000	194250000	215970000	192230000	187520000	183140000	188720000	168180000	271150000	218430000	207420000	249870000	194230000	172530000	191880000	186210000	169200000	183190000	159860000	185950000	179150000	175200000	185300000	190490000	176460000	171490000	179900000	212010000	241550000	191880000	170710000	176990000	169520000	156570000	176280000	223810000	171500000	183930000	181290000	164160000	172330000
"A0A060HHL2"	48766000	58784000	49870000	44251000	53169000	57641000	51248000	51647000	50346000	3.9e+07	71021000	62212000	35629000	35632000	73282000	63474000	75823000	54369000	66519000	57119000	58492000	52856000	49575000	53132000	50521000	56716000	50842000	58898000	49778000	69923000	68906000	57110000	68570000	68520000	74820000	60464000	66090000	68303000	70083000	66580000	61804000	49766000	52600000	54987000
"A0A060HHL3"	0	0	0	0	0	0	11337000	0	12913000	0	0	0	0	0	0	0	0	0	0	0	11863000	0	0	0	10610000	0	0	0	0	0	0	0	0	0	0	0	0	0	0	0	10043000	0	13436000	13063000
"A0A060HHL6"	0	11755000	0	13306000	0	12582000	0	0	9262900	0	7953300	18768000	0	0	0	10792000	10152000	14761000	6953800	9090600	11412000	8563200	10357000	9149200	13135000	0	0	0	10260000	12611000	14827000	13183000	13432000	12404000	12146000	11948000	0	12722000	21421000	13335000	10326000	10233000	9354100	14242000
"A0A060HHL9"	6613100	4180100	8855100	8568700	7940900	10106000	0	8084900	0	7630600	8660800	10534000	8253300	0	10740000	10939000	0	6994500	6794500	8932100	6077700	8694300	7211400	9286800	5812700	8810300	9308500	0	8828700	8492400	11075000	9917500	10127000	9568500	9224000	7734800	9212000	9839100	9862200	0	7886800	8323800	8427800	5655700
"A0A060HHM1"	44440000	45383000	22109000	56006000	66061000	39388000	41808000	60107000	44750000	0	56622000	11192000	26480000	27093000	38699000	30219000	50291000	35472000	46329000	50480000	46208000	84217000	39770000	61509000	48645000	61416000	53558000	90631000	77933000	49533000	44846000	28228000	33685000	43598000	51465000	55705000	71581000	29049000	32888000	43585000	33976000	49404000	44339000	46857000
"A0A060HHM4"	6847100	8198900	9555200	0	0	0	0	6217500	0	0	8470900	0	0	0	0	0	8776900	8200600	0	9626600	8693300	6501800	6230700	8715900	7615000	7775900	0	6410400	8120600	8199100	7720500	10309000	7428500	10766000	8273000	7484900	7307300	7681800	8648200	0	9965900	5654500	7622200	7062500
"A0A060HHM6"	236160000	234760000	242780000	194470000	203440000	146620000	217500000	171450000	173780000	119590000	105340000	187460000	133490000	140440000	134070000	154180000	93128000	117380000	112580000	162150000	177960000	153780000	176480000	155170000	169290000	172180000	172470000	150920000	148630000	135410000	112030000	123780000	72766000	83638000	160580000	139950000	126390000	131160000	148360000	181740000	113980000	179180000	120080000	181730000
"A0A060HHN2"	26584000	23245000	24606000	20448000	18018000	21922000	19939000	22795000	29252000	0	23519000	18606000	0	0	0	21392000	31201000	23302000	22609000	24915000	24844000	27298000	24858000	25171000	23555000	33934000	22251000	15586000	22293000	24771000	28447000	22387000	24258000	23589000	23835000	24493000	25287000	29232000	37367000	34271000	32863000	25716000	32511000	35682000
"A0A060HHN4"	0	0	0	0	0	0	0	0	0	0	0	0	0	0	0	0	0	0	0	0	0	0	0	0	0	0	0	0	0	0	0	0	0	0	0	0	0	0	1808000	0	0	0	0	0
"A0A060HHN6"	56958000	50259000	35070000	49404000	58175000	46959000	55728000	56582000	49152000	39681000	66975000	49367000	52484000	52210000	58843000	57521000	53362000	61284000	68750000	61332000	49807000	55820000	52040000	57645000	48797000	50302000	60783000	57326000	59946000	79196000	66008000	59871000	72318000	83792000	69252000	65995000	57400000	42093000	40213000	52833000	43960000	45641000	51767000	46679000
"A0A060HHN8"	36908000	23823000	36473000	29576000	22307000	28728000	31656000	29759000	34076000	0	6881800	0	0	0	0	0	9151300	0	4972500	26342000	31157000	27023000	27164000	28385000	33126000	35510000	37434000	28178000	32956000	11077000	0	0	0	13140000	11198000	17558000	20551000	7646500	7691300	36061000	34051000	34231000	36297000	38130000
"A0A060HHP0"	0	0	0	0	0	0	0	0	0	0	0	0	0	0	0	0	0	0	0	0	0	0	0	0	0	0	0	0	0	684940	0	0	0	0	0	0	0	0	0	0	0	0	0	0
"A0A060HHP2"	75604000	56710000	92838000	82354000	94547000	69435000	87143000	107050000	78680000	30375000	53171000	95011000	31654000	25504000	25969000	52079000	59246000	80918000	39663000	79911000	74293000	53470000	70592000	82895000	85854000	74886000	84770000	59864000	68195000	69802000	60115000	51915000	89646000	83578000	84250000	76719000	105280000	122210000	117600000	80694000	64207000	95975000	56675000	75994000
"A0A060HHP4"	0	0	0	0	0	0	0	0	0	0	0	0	0	0	9206100	0	11068000	0	8128000	0	0	7032000	6839800	0	0	0	0	0	0	10796000	8300400	11576000	10242000	0	10441000	0	10570000	13872000	16554000	0	0	0	0	0
"A0A060HHQ0"	11172000	11354000	9153000	7912100	8102700	7940300	10302000	0	9619800	14773000	7714200	11352000	14840000	0	12299000	10196000	10761000	10099000	11414000	8545100	9981700	6972900	7984500	13280000	9783700	11775000	7520500	8915100	8947200	9085300	10434000	10813000	12644000	11095000	9291400	10185000	8650800	13654000	11377000	10111000	11545000	10360000	10199000	12995000
"A0A060HHQ4"	64973000	70007000	116660000	78849000	96040000	81764000	85237000	66081000	64667000	302640000	98357000	124410000	88554000	194620000	150370000	79067000	125120000	85768000	113450000	76621000	81246000	55548000	52589000	54396000	70706000	88919000	65041000	88663000	84528000	61217000	44644000	49813000	69429000	54008000	37055000	49344000	66253000	46709000	61927000	61668000	53989000	35743000	74698000	61507000
"A0A060HHQ7"	16827000	0	0	27883000	24850000	26513000	0	0	0	0	53936000	125220000	0	0	0	29981000	91935000	32395000	29062000	29796000	65896000	24172000	0	0	0	30511000	35895000	0	0	0	0	0	0	32021000	0	0	0	0	0	0	0	0	0	0
"A0A060HHQ8"	0	0	0	0	0	0	0	0	0	0	0	0	0	0	0	0	0	0	0	0	0	0	0	0	0	0	0	0	0	0	0	0	0	3339000	0	0	0	0	0	0	0	0	0	0
"A0A060HHR1"	20036000	15244000	21551000	19701000	16938000	21157000	21917000	15176000	13088000	31724000	13728000	33477000	19464000	27420000	26616000	24649000	17624000	23583000	18020000	20521000	26370000	13151000	20981000	15066000	17741000	0	20599000	18014000	15260000	21204000	20411000	28495000	22242000	22395000	17576000	23981000	20606000	26267000	28678000	20041000	14299000	17798000	18069000	18179000
"A0A060HHT4"	13494000	10237000	21615000	13908000	13301000	28721000	14485000	11314000	13275000	22307000	14351000	26647000	24560000	15816000	19614000	16641000	11846000	22104000	19780000	15002000	23861000	12632000	19402000	14388000	18171000	15276000	16601000	12790000	14395000	14174000	14753000	27874000	17181000	19423000	11828000	18141000	15297000	19835000	15441000	13557000	13612000	16161000	17207000	12083000
"A0A060HHT8"	0	0	0	0	0	0	0	0	0	0	0	8512800	0	0	0	0	0	0	0	0	0	0	9816100	0	6795700	0	0	0	0	0	0	0	15679000	11209000	0	0	0	0	0	0	0	0	0	0
"A0A060HHU9"	7298200	6123100	0	0	0	5642000	0	0	6200200	0	0	0	0	0	6609000	0	5931300	0	6333500	9267700	0	0	9148400	10286000	0	9666100	0	7176400	8717600	10327000	12084000	9140400	9205500	14746000	11290000	11884000	8557700	12311000	9445600	9716600	9590700	9195500	13643000	11289000
"A0A060HHV8"	10116000	9267300	8702100	10237000	9227700	10757000	9256300	14079000	9092600	0	8258400	11043000	0	0	9068700	9401900	0	10977000	9317800	9945100	9864600	9015300	12314000	8468100	12612000	1.2e+07	8465200	8278600	10316000	7862900	10093000	12465000	12523000	12008000	7972800	9425800	8819100	11844000	13317000	13079000	12337000	10936000	9214900	11431000
"A0A060HHW1"	240570000	64348000	2291800	223150000	10965000	2336600	4227200	0	152570000	0	0	0	0	0	0	0	0	0	0	407570000	356040000	495990000	405380000	476940000	123290000	195110000	0	296450000	321750000	0	0	0	0	0	0	0	0	0	0	349310000	335970000	258780000	113940000	294440000
"A0A060HHX9"	0	0	0	0	0	0	0	0	0	0	0	0	0	0	0	0	0	0	0	0	0	0	0	0	0	0	0	0	0	0	0	0	0	0	0	0	1098800	0	0	0	0	0	0	0
"A0A060HHY9"	0	0	0	0	0	0	0	0	0	0	0	0	0	0	0	0	0	0	0	0	0	0	0	0	0	0	0	0	0	0	0	2631900	0	0	0	0	0	0	0	0	0	0	0	0
"A0A060HI01"	29649000	42743000	79503000	48067000	36275000	40784000	36463000	0	32361000	51734000	43303000	71306000	69914000	73172000	87431000	57535000	47631000	46470000	48115000	36420000	53025000	34090000	28890000	31013000	32301000	28698000	35588000	39928000	26471000	63397000	75026000	72741000	67703000	57491000	0	26986000	0	31310000	40618000	26948000	33449000	23775000	29779000	27083000
"A0A060HI05"	86439000	131260000	96149000	91162000	105480000	110530000	104310000	110150000	113130000	8801100	119080000	111270000	13327000	8795000	60933000	114570000	134150000	112470000	120370000	89894000	99580000	108200000	106980000	88430000	103550000	101050000	80577000	103870000	95609000	119620000	133790000	147090000	127110000	122100000	110460000	90927000	110670000	111260000	118740000	97800000	122800000	126090000	112100000	114880000
"A0A060HI10"	58400000	58516000	84342000	63856000	57988000	54767000	60240000	57056000	60750000	36898000	56766000	70048000	47602000	26964000	62218000	46885000	69570000	52148000	46224000	66334000	64725000	53316000	54266000	57711000	54765000	62918000	58758000	58377000	56987000	58184000	56546000	54697000	63404000	57226000	64205000	41980000	52264000	55851000	63700000	54897000	58281000	51484000	55418000	47044000
"A0A060HI14"	7497300	0	0	4685300	0	8249000	5731400	0	0	0	0	0	0	0	0	0	0	4929000	0	9679500	0	0	5475800	8193200	8470000	0	0	8802000	5235100	0	0	0	0	0	0	0	0	4191000	0	0	0	0	0	0
"A0A060HI22"	0	0	0	0	0	0	0	0	0	0	0	0	0	0	0	0	0	0	0	0	0	0	0	0	0	0	0	0	0	0	0	0	0	0	0	1763200	0	0	0	0	0	0	0	0
"A0A060HI25"	81898000	75650000	76935000	69006000	65011000	76850000	55427000	41330000	60858000	71658000	51944000	69548000	74332000	58758000	94177000	76001000	52009000	62617000	64241000	76101000	59084000	60332000	67826000	53912000	57983000	55090000	38054000	61683000	56699000	60356000	61263000	79441000	70115000	81342000	57042000	45871000	44356000	49445000	36208000	46811000	57223000	52384000	41150000	46657000
"A0A060HI34"	0	0	0	9340300	0	0	0	0	8246700	0	0	0	0	0	0	0	0	0	0	8855000	0	11496000	9748500	9324200	0	11195000	6855000	9648800	0	0	0	0	0	0	0	0	0	0	0	9329900	7301800	0	0	0
"A0A060HI46"	73409000	69993000	99383000	89988000	78280000	92999000	81477000	61669000	59250000	68494000	74882000	97675000	68723000	59251000	112160000	88025000	106140000	82271000	77729000	88328000	83999000	61539000	60924000	83454000	63610000	74126000	75584000	66019000	67791000	80203000	98505000	105550000	92703000	94700000	69086000	81323000	71100000	69350000	82788000	60670000	71221000	60888000	66392000	54733000
"A0A060HI51"	435360000	357760000	453390000	351700000	390990000	376900000	364120000	357420000	353880000	533610000	372250000	446390000	498220000	419520000	460750000	446970000	366600000	502030000	412200000	368290000	375400000	337220000	399750000	381960000	445050000	351750000	357010000	339040000	348620000	428850000	451360000	481570000	481130000	474550000	435700000	440840000	422250000	418100000	434310000	369660000	388280000	417510000	374980000	339410000
"A0A060HI59"	124500000	128190000	68608000	117180000	124910000	95013000	114290000	147710000	109950000	75843000	145140000	61348000	93096000	107220000	95808000	90460000	107620000	104740000	107310000	114460000	99117000	151880000	105230000	149140000	125510000	135890000	110150000	1.6e+08	153800000	106190000	97413000	55946000	86481000	101690000	95150000	90562000	118330000	80222000	61334000	131340000	91883000	104170000	127580000	124930000
"A0A060HI62"	38940000	44028000	77878000	42989000	45851000	52981000	42148000	46937000	45670000	34177000	48517000	37695000	53230000	31607000	54237000	52227000	38067000	57493000	48010000	42282000	41936000	44912000	45804000	36127000	37631000	40404000	39872000	43980000	39520000	46969000	41430000	57934000	48803000	48605000	51867000	43667000	36241000	50984000	34939000	36987000	51337000	44071000	43640000	38502000
"A0A060HI65"	3706500	3843400	0	0	0	0	4845900	0	4008700	0	0	0	0	0	0	0	0	3888900	4890200	3616600	0	3337400	3922000	0	3679800	0	0	0	0	0	0	3817400	3718100	2526500	3464800	4643000	0	6002500	4352200	0	4730300	4331300	5426400	0
"A0A060HI66"	0	0	0	10535000	10977000	0	0	0	0	0	0	0	0	0	0	0	13423000	0	0	14389000	11413000	17868000	0	13561000	0	14415000	13608000	10701000	11656000	16296000	13741000	12549000	12231000	17437000	22474000	16937000	23616000	13195000	22548000	16555000	16158000	18055000	17196000	12680000
"A0A060HI70"	43324000	38121000	71494000	70668000	45838000	43026000	64507000	53262000	51601000	0	59082000	68846000	26063000	0	55175000	49510000	70474000	59600000	56541000	61635000	65522000	48637000	49633000	42528000	45615000	56975000	58618000	47759000	58360000	56054000	51118000	55555000	59566000	72546000	62040000	91198000	69502000	63703000	74748000	49041000	40516000	47543000	70173000	37899000
"A0A060HI72"	635060000	505540000	443520000	582740000	669700000	5.1e+08	606140000	570170000	567120000	222510000	477160000	376680000	284880000	245900000	278900000	393970000	488440000	396350000	4.28e+08	551560000	412050000	477800000	606020000	497290000	556800000	465530000	605400000	596770000	534830000	476940000	344390000	341190000	371170000	365280000	576180000	380310000	578910000	396430000	441730000	569910000	527470000	534830000	573150000	526490000
"A0A060HI74"	20147000	16995000	26604000	21175000	15787000	16779000	18166000	16067000	19014000	21723000	16496000	31568000	25823000	0	23354000	23235000	25944000	26013000	19125000	21395000	23161000	18597000	21756000	23054000	23695000	23598000	18198000	23307000	21221000	18765000	19259000	26108000	20490000	15421000	19279000	19605000	18988000	20802000	0	17841000	17214000	19392000	16338000	16664000
"A0A060HI75"	0	8148900	0	0	0	14438000	11624000	13748000	10230000	0	0	0	0	0	0	0	0	0	0	8771500	7488400	12790000	8016400	0	10587000	12201000	12330000	6947800	13297000	0	0	0	0	0	0	0	0	0	0	11650000	13792000	10054000	16874000	12975000
"A0A060HI78"	67380000	73833000	100340000	61230000	70602000	65798000	64515000	63766000	62823000	0	72604000	67402000	13954000	8079100	35192000	92701000	68433000	85015000	88093000	69005000	74042000	54937000	70319000	59448000	64748000	56678000	65186000	58403000	64027000	105660000	97967000	106560000	102520000	108520000	83218000	78841000	82752000	82242000	99431000	65739000	70077000	79768000	72230000	74182000
"A0A060HI81"	61645000	93276000	70261000	79975000	85235000	113410000	114360000	222310000	80349000	0	94127000	31571000	15328000	13035000	21486000	53858000	105570000	87157000	88790000	65312000	49724000	90453000	97323000	102250000	70435000	76149000	9.7e+07	104980000	101510000	42410000	42369000	31714000	83972000	93653000	100410000	51408000	47098000	54749000	23965000	100660000	132110000	86957000	124390000	100890000
"A0A060HI82"	232940000	252230000	112460000	213590000	266940000	224240000	214330000	237440000	228680000	441040000	538070000	379840000	734440000	707350000	676910000	619190000	306900000	612190000	605450000	211960000	203460000	279310000	266540000	231940000	184670000	178920000	200120000	252540000	231370000	835090000	711590000	747990000	655920000	553680000	720170000	557970000	505500000	424080000	305640000	207130000	247380000	201180000	236020000	212920000
"A0A060HI87"	25029000	25720000	29993000	24741000	23485000	24808000	26781000	21340000	23708000	0	24299000	14800000	18987000	0	21231000	19259000	22527000	19794000	20407000	23277000	24036000	23880000	22831000	23397000	22174000	27393000	24861000	26353000	27661000	14605000	12869000	13754000	14122000	15974000	19272000	23203000	19755000	16229000	26531000	21164000	20585000	20054000	25778000	23597000
"A0A060HI89"	0	0	0	0	0	0	2583500	0	0	0	0	0	0	0	0	0	0	0	0	0	0	0	0	0	0	0	0	0	0	0	0	0	0	0	0	0	0	0	0	0	0	0	0	0
"A0A060HI98"	71664000	62154000	80851000	60247000	68541000	70731000	80686000	66997000	72753000	0	82811000	63815000	34584000	0	55842000	66292000	86871000	57701000	70449000	77294000	77189000	71109000	66551000	66687000	78568000	89908000	77658000	76250000	71313000	52084000	52937000	42351000	47339000	58871000	65793000	65097000	71029000	61385000	67922000	70482000	72976000	64689000	68405000	68267000
"A0A060HIA2"	38675000	40813000	23137000	44664000	57859000	24627000	22535000	29035000	38567000	0	0	0	0	0	0	20413000	0	33410000	29620000	36982000	39822000	58018000	39030000	43319000	34599000	0	40641000	64030000	54289000	27709000	31301000	14834000	21437000	21777000	29001000	18151000	28918000	17621000	0	32229000	27670000	25338000	30556000	26161000
"A0A060HIA6"	9670700	10475000	11717000	0	9162900	8729100	11754000	9469800	11360000	0	0	0	0	0	0	0	0	13031000	10723000	10022000	14326000	0	10276000	0	10374000	0	10330000	0	10996000	0	0	0	13907000	10796000	11105000	10837000	0	13242000	15536000	12169000	11710000	11935000	10964000	12709000
"A0A060HIA8"	34220000	29170000	46885000	37922000	32206000	30747000	34768000	30422000	28253000	11370000	27675000	15966000	11153000	12203000	12768000	23251000	29769000	20256000	25336000	33688000	35670000	33234000	29771000	38380000	27417000	41535000	30039000	35412000	37872000	16380000	11772000	10321000	11992000	17811000	20353000	28828000	31290000	24528000	22449000	35092000	27634000	28170000	36578000	33839000
"A0A060HIA9"	193230000	212570000	176730000	227640000	224260000	174920000	237970000	279710000	222630000	88140000	252100000	103400000	119660000	166940000	137590000	130240000	218320000	158400000	135240000	237190000	186230000	278810000	237490000	241750000	177990000	240660000	250080000	290030000	237680000	251890000	190660000	154550000	135150000	135540000	241190000	176420000	245840000	159980000	183620000	259940000	203980000	216720000	240130000	250780000
"A0A060HIB3"	10338000	8395400	11543000	8449100	7161600	10174000	8319600	8262900	9813200	0	8211000	0	0	0	6206300	0	10078000	7077100	7304100	9768000	7874300	9248800	9021800	10081000	7426200	11094000	8413900	9152400	9104900	8724300	10277000	7516500	7341600	9114100	9911100	9571800	7525900	10561000	10251000	12797000	10557000	7874400	10855000	9617600
"A0A060HIB4"	375980000	442800000	392240000	359320000	399340000	451330000	382880000	425030000	420820000	362570000	624390000	507670000	432960000	412520000	589670000	562280000	573790000	504810000	586830000	481370000	479450000	532640000	469980000	557230000	401350000	495390000	455580000	465190000	445160000	527700000	580300000	610100000	549940000	526380000	457130000	395750000	435350000	434380000	429570000	537940000	564720000	487760000	502190000	485840000
"A0A060HIB7"	0	0	0	0	0	0	0	0	0	0	0	0	0	0	0	0	0	0	0	0	0	0	0	0	0	0	0	0	0	0	0	3144100	0	0	3030600	3872300	0	4078900	0	0	3645100	0	0	0
"A0A060HIB8"	19130000	21629000	25450000	24184000	19553000	21041000	21849000	13165000	14463000	0	0	0	0	0	0	0	0	0	0	13760000	1.6e+07	11793000	10758000	10547000	25420000	0	18939000	16642000	12382000	10324000	0	10726000	0	13684000	0	0	0	0	0	9952300	10115000	5991900	6528400	12594000
"A0A060HIC1"	34318000	30292000	63368000	46245000	35722000	36839000	52818000	40775000	34891000	47461000	35609000	36630000	55244000	54770000	59526000	47913000	31222000	45106000	37235000	39874000	35711000	32459000	36137000	25124000	31021000	0	48793000	35683000	41039000	35658000	32275000	39350000	0	33478000	33886000	43676000	39419000	36541000	66577000	28762000	31182000	32740000	35250000	29644000
"A0A060HID0"	0	0	7877800	0	0	0	0	0	0	0	0	0	0	0	0	0	0	0	0	0	0	0	0	0	0	0	0	0	4868200	0	0	0	0	0	4575100	0	0	0	0	0	0	0	0	0
"A0A060HID7"	7881900	7586600	14225000	9232800	8105500	8076700	8962800	7309900	6229100	8069000	0	14181000	0	0	9036400	8573300	0	9839300	6240300	9374800	8191500	6091900	6106100	7253900	9290300	7739800	7274700	6621500	6562300	7161400	5520200	6394600	6025400	4976800	8083700	7837600	8143700	7071700	10802000	7126900	6509900	6090300	7922500	0
"A0A060HIE0"	0	0	0	0	0	0	0	0	0	0	0	0	0	0	0	0	0	0	0	243980000	0	0	0	0	0	0	0	0	173780000	0	0	0	0	0	0	183970000	0	0	0	166770000	0	0	0	0
"A0A060HIE3"	10429000	8036200	18918000	13183000	9184600	13634000	20092000	0	16056000	0	0	0	0	0	0	0	18039000	6201000	8295800	20519000	0	13561000	16418000	15178000	16059000	26115000	20043000	12680000	15403000	8213800	0	0	0	10459000	10639000	22088000	20776000	13797000	22170000	13651000	13366000	15657000	21659000	17017000
"A0A060HIE5"	0	12256000	0	0	0	0	0	0	11367000	0	0	7031000	0	0	0	0	0	0	0	10045000	0	0	14500000	0	0	0	0	0	13827000	0	0	0	0	0	0	0	0	0	7876800	0	12810000	0	0	0
"A0A060HIE7"	8374500	8480100	8925200	9786500	9657600	9146700	9193700	9194600	11514000	0	8287500	0	0	0	0	7557100	8656600	6442000	4836100	11163000	9031800	0	9853200	9697200	8755600	8684000	12922000	9399000	0	7127300	0	4697400	6712200	8719500	10150000	0	9165500	13076000	13844000	0	11611000	12169000	9238200	9452200
"A0A060HIE9"	0	0	0	0	0	0	0	0	0	0	0	0	0	0	0	0	0	0	0	0	0	0	0	0	0	0	0	0	0	0	0	0	0	5138900	0	7074200	0	0	0	0	0	0	0	0
"A0A060HIF3"	17625000	15753000	19883000	16451000	17577000	16903000	13896000	14232000	17319000	11230000	13804000	18032000	13647000	0	20011000	17669000	13142000	13647000	15496000	18465000	19509000	15880000	17961000	24305000	16149000	17864000	18607000	16508000	14692000	17121000	17115000	19218000	13512000	15019000	18290000	18392000	14663000	18085000	20786000	19622000	19525000	16382000	16472000	18076000
"A0A060HIF9"	273060000	307570000	339530000	215910000	260370000	298390000	279820000	322180000	289600000	310930000	415620000	505940000	407810000	314550000	420350000	409840000	357140000	416270000	418280000	321910000	340820000	303150000	339120000	342820000	313310000	268490000	259910000	252730000	281620000	363140000	388380000	411730000	400290000	391920000	392230000	362750000	336900000	421690000	424180000	370230000	365470000	367990000	325920000	396480000
"A0A060HIG5"	0	64421000	42322000	61741000	56025000	54125000	59516000	84079000	67818000	0	59357000	19147000	38955000	48758000	42385000	50880000	46738000	55194000	34566000	20392000	32843000	82512000	68751000	40725000	24451000	39358000	66803000	68143000	78925000	61621000	43245000	47342000	30770000	35138000	73126000	43756000	48657000	42848000	37236000	47781000	59461000	54128000	81433000	55327000
"A0A060HIH7"	37449000	42759000	20694000	22736000	29070000	28628000	26326000	24150000	23917000	39068000	29020000	20237000	31806000	42845000	35450000	29693000	24684000	23775000	33909000	31192000	27098000	27437000	27498000	34116000	27060000	25003000	23763000	34681000	30355000	29099000	33800000	30452000	26022000	29923000	23204000	17473000	18568000	18188000	9354200	27524000	29254000	25735000	22244000	24440000
"A0A060HII6"	0	0	7159500	0	0	0	0	0	0	0	0	0	0	0	0	0	0	0	0	0	0	0	0	0	0	0	0	0	0	0	0	3764600	0	0	0	0	0	0	0	0	0	0	0	0
"A0A060HII8"	14496000	13986000	22916000	16292000	13777000	16794000	18052000	15206000	19768000	0	19457000	19005000	16210000	0	34034000	18052000	21571000	16314000	21705000	14941000	14501000	21717000	18889000	19919000	12626000	23965000	19442000	21791000	19109000	30076000	39688000	30074000	28602000	30328000	19267000	13045000	18661000	15489000	11160000	24977000	29342000	21508000	27934000	25465000
"A0A060HII9"	45918000	47416000	47307000	33920000	42329000	46513000	36517000	35914000	38064000	46484000	33117000	59091000	51203000	46762000	50891000	43369000	41143000	50498000	45928000	37583000	40576000	35692000	37788000	43193000	41903000	43002000	34159000	31736000	34953000	38435000	51577000	45173000	39752000	41115000	33812000	33454000	35130000	41177000	31460000	32833000	46614000	42315000	38399000	40685000
"A0A060HIJ1"	33047000	31414000	53452000	36802000	32985000	30916000	31527000	35718000	28982000	43848000	31754000	44207000	39038000	48463000	45471000	40447000	38621000	36084000	35586000	31414000	35078000	24772000	32541000	25320000	36854000	33641000	32335000	27694000	24479000	37612000	37213000	35487000	43291000	38514000	33311000	35289000	39108000	31007000	43263000	33743000	28810000	30171000	30739000	31588000
"A0A060HIJ3"	17547000	18950000	22150000	19361000	17451000	16184000	19589000	17803000	17148000	0	14081000	11230000	15318000	0	16435000	13422000	12841000	14872000	21041000	19630000	16894000	19787000	22195000	18061000	21912000	16096000	15842000	24993000	19655000	14101000	15095000	16869000	12020000	14160000	12712000	9746700	11975000	10149000	6142700	15476000	17347000	13395000	13900000	16301000
"A0A060HIJ6"	12196000	11510000	11124000	9201500	12054000	9687600	0	0	7899400	0	12272000	9480900	11441000	0	15913000	11553000	47791000	12074000	16682000	12735000	11510000	10528000	7315700	12118000	13686000	8836400	9453000	12222000	10783000	13930000	17587000	13867000	13713000	12039000	7855800	0	8769000	7570600	0	10173000	8924300	9709700	6871800	10410000
"A0A060HIJ7"	3085600	2768700	0	2738900	0	3289100	0	0	3449100	4461400	0	0	0	0	6183100	3148700	4694300	0	4261000	3048900	3803300	2990200	3287100	3145400	3335800	4416900	0	0	2582800	0	3749500	3265200	3010300	4659900	0	3823700	0	0	5591000	3725100	3314000	0	0	0
"A0A060HIK0"	0	0	0	0	0	0	0	0	0	0	0	0	0	0	0	0	0	0	0	0	0	0	0	0	0	0	0	0	0	0	0	0	0	1699900	0	0	0	0	0	0	0	0	0	0
"A0A060HIK2"	242920000	189050000	268710000	262670000	243610000	196170000	238460000	222560000	259770000	251220000	252550000	291260000	259290000	272770000	242510000	258530000	225970000	267060000	203640000	268670000	235480000	231020000	266680000	232160000	260200000	239890000	243130000	242630000	219070000	188170000	222770000	239340000	217660000	178490000	267790000	264850000	273280000	252810000	298640000	240790000	224190000	251760000	221360000	198170000
"A0A060HIK6"	0	0	0	0	0	6085700	0	0	0	9136500	0	0	8938500	0	0	4902400	0	0	0	0	0	0	0	0	0	0	0	0	0	0	5027300	0	7404600	5678900	0	4063800	0	0	0	0	3650300	0	0	0
"A0A060HIK8"	7234600	6867700	0	8620200	0	0	7142400	0	0	0	0	8126900	0	0	6764400	6104800	0	6281400	0	7487500	8492800	0	5287600	8486200	5902200	7803100	0	6224300	6686800	6386300	6922800	8316600	6664200	8417100	4944800	6710300	5351100	3200500	0	6602600	5350500	5147100	5642600	5219100
"A0A060HIL5"	0	0	0	0	9755200	0	0	0	0	0	15792000	0	0	0	0	0	0	25138000	0	0	0	0	10487000	0	0	0	0	8823100	0	22045000	0	0	13911000	23203000	19974000	17226000	17003000	0	0	0	0	12893000	0	0
"A0A060HIL8"	0	0	0	0	0	0	0	0	0	0	0	0	0	0	0	0	0	0	0	0	0	0	0	0	3467200	0	0	0	0	0	0	0	0	0	0	0	0	0	0	0	0	0	0	0
"A0A060HIN0"	8435500	6267900	0	8962100	5938600	4132500	0	0	4475500	0	0	0	0	0	0	0	0	0	0	5987300	7020000	5992000	5505000	5680600	5613600	0	0	7224200	0	0	0	0	0	0	2823500	0	0	0	0	6172500	7295400	0	0	4415000
"A0A060HIN2"	6484600	8207100	0	9716100	5945700	8247200	7473900	6471700	8301100	0	7651300	10068000	6161300	0	5546800	8609400	0	7098900	6737700	5481800	8333500	6134500	9321400	0	5999500	7703100	10033000	6858700	7390200	9688600	9837600	12183000	11892000	6284600	9013800	8632300	7106200	9967900	11154000	6927400	7752600	8870400	7928800	7430200
"A0A060HIN5"	53613000	64655000	81031000	68649000	85130000	55951000	68353000	86699000	74046000	9069900	57088000	42742000	77369000	0	15057000	56352000	64294000	47098000	43356000	61739000	55381000	57446000	76616000	60807000	74222000	49915000	68629000	63739000	53945000	62478000	44340000	57502000	68978000	52064000	64318000	55905000	73927000	73169000	66015000	69567000	69820000	83029000	62949000	62912000
"A0A060HIP0"	8478600	0	8749900	7775500	9440600	10319000	11049000	13944000	8873400	0	9592800	8217400	0	0	0	0	16778000	10741000	8417500	7907700	7247500	9222600	10124000	8712200	9794300	0	9735100	6306900	8269000	9737400	0	4132200	6915900	13893000	8803200	14431000	14119000	12948000	18705000	10012000	11775000	10485000	12926000	10521000
"A0A060HIP2"	0	0	0	0	0	0	0	0	0	0	0	0	0	0	0	0	0	0	0	0	0	0	0	0	0	0	0	0	0	0	0	0	0	0	0	0	2216700	0	0	0	0	0	0	0
"A0A060HIP6"	53913000	45100000	61083000	65835000	43392000	68518000	46242000	40875000	51307000	19232000	51958000	35648000	19722000	19711000	49798000	35032000	71385000	61746000	40970000	73832000	48999000	44621000	71172000	62305000	49522000	66294000	58084000	62353000	51805000	77558000	67694000	85643000	117820000	123350000	86386000	58908000	102320000	81707000	134430000	71248000	68504000	67265000	69764000	64385000
"A0A060HIQ1"	0	0	0	0	0	0	0	0	0	0	0	0	0	0	5844700	0	0	0	5667800	0	0	0	0	0	0	0	0	0	0	7696500	9456600	5463000	7533900	7618900	0	0	0	0	0	0	0	0	0	0
"A0A060HIQ7"	139160000	124950000	71747000	129220000	142110000	101130000	103260000	106660000	109140000	116020000	142110000	102740000	166400000	172730000	223890000	132580000	117290000	120810000	132240000	140260000	118950000	162440000	116780000	123550000	111390000	142490000	130900000	178470000	129060000	205970000	193250000	161640000	110280000	153880000	199040000	180190000	181920000	126030000	108270000	109060000	92219000	103600000	87497000	113590000
"A0A060HIR1"	14467000	10131000	0	9105400	11527000	14430000	9726700	0	8632800	0	0	0	0	0	0	0	0	0	9878900	12052000	12282000	10134000	10419000	13285000	9857600	12504000	16611000	10252000	8471700	0	0	0	0	0	0	0	0	9350100	14364000	0	8796800	0	0	0
"A0A060HIR2"	50669000	34743000	19589000	32651000	37647000	31947000	27262000	31997000	29892000	41499000	42658000	34701000	39822000	52996000	33699000	36115000	32324000	44581000	44617000	42314000	37952000	48702000	38762000	52958000	40577000	38682000	34679000	36892000	51733000	40693000	34639000	0	25401000	35549000	44866000	43827000	45465000	42055000	41062000	43326000	33709000	24966000	38333000	46273000
"A0A060HIR4"	0	0	0	0	0	0	0	0	0	0	0	0	0	0	0	0	0	0	0	0	0	3343800	0	0	0	0	0	4937500	0	11642000	7809600	6731300	8216900	17832000	6999100	8334100	7792900	7459300	21628000	0	8565900	3489500	5436000	9791300
"A0A060HIR5"	0	0	0	0	0	0	0	0	0	0	0	0	0	0	0	0	0	0	0	0	0	9564000	0	0	0	10733000	10948000	0	0	0	0	0	0	0	0	0	0	0	13132000	11807000	0	0	14251000	11160000
"A0A060HIR6"	8095900	9519500	8601800	6518500	8448500	6288600	6838700	10142000	6333400	0	7856200	0	0	0	0	0	8463600	0	6780800	10154000	8044900	10668000	5980400	10559000	7491900	8294900	7421400	9955700	7182900	4363400	0	0	0	5959500	6312400	7867900	7626300	4793100	6212200	8124700	10440000	6112700	11191000	9737900
"A0A060HIS3"	35199000	42530000	45165000	27132000	31766000	32024000	37880000	36909000	31129000	39219000	41491000	54509000	39431000	47414000	53054000	45411000	49266000	38919000	43125000	32349000	34358000	34570000	29326000	35978000	37524000	43590000	28593000	31250000	31050000	45779000	53234000	50338000	48555000	43933000	41401000	33409000	33461000	33697000	40191000	37664000	40012000	31539000	37617000	39183000
"A0A060HIS7"	44371000	42473000	49391000	38357000	40334000	46301000	48841000	43680000	44717000	0	38703000	15554000	0	0	9053900	32969000	41371000	47716000	47257000	40052000	42355000	38496000	49406000	42728000	44700000	42884000	36608000	45449000	51784000	33790000	34770000	28500000	44252000	47900000	44581000	56314000	44213000	43822000	56930000	50573000	47977000	48792000	46694000	53582000
"A0A060HIS9"	19307000	53054000	47097000	44709000	51433000	44214000	52568000	35592000	44746000	0	0	0	0	0	0	0	0	0	0	25332000	26483000	19674000	30239000	26713000	42269000	38789000	288230000	36815000	39133000	0	0	0	0	0	0	0	0	0	0	24598000	17749000	18411000	31581000	20500000
"A0A060HIT2"	0	0	0	0	0	0	0	0	0	0	0	0	0	0	0	0	0	0	0	0	0	0	0	0	0	0	0	0	0	0	0	0	0	2260400	0	0	0	0	0	0	0	0	0	0
"A0A060HIT8"	7920900	7837900	9524000	8157200	5681300	6931600	6961500	5413500	6154700	0	6845200	10293000	0	0	12574000	7791200	6971800	7310200	8080700	7863800	6822000	6153400	5891400	6154200	4172200	6358400	7061900	6749500	8136500	10874000	11603000	11077000	10522000	12469000	7400900	7253200	7197000	6182700	0	5360800	6461700	0	7521900	6106900
"A0A060HIU2"	21637000	28878000	34321000	16230000	13772000	28242000	30454000	21030000	25485000	17909000	25466000	23049000	23902000	0	45695000	27519000	0	26345000	25895000	21915000	33136000	26121000	23905000	28103000	24032000	33663000	15993000	21379000	23714000	23835000	29320000	29247000	25177000	52198000	29987000	36583000	21613000	37625000	51804000	0	34426000	29366000	36681000	33893000
"A0A060HIU3"	7846600	6101900	0	11956000	11166000	6538500	9567400	10972000	9824500	0	13361000	0	0	0	0	8855400	10778000	7853600	7814600	11037000	9482000	11141000	11391000	10406000	7895500	9950700	11474000	10165000	9973900	12715000	8505300	8611000	10286000	11923000	23872000	15863000	21407000	18321000	21146000	16561000	11551000	16515000	17658000	11946000
"A0A060HIU4"	0	9934000	10675000	10943000	11101000	9798300	11143000	9312400	9779800	0	0	14169000	0	0	11917000	16865000	20624000	11003000	10463000	13651000	11142000	0	11614000	10851000	11818000	0	0	11054000	9761300	17209000	0	0	12933000	15202000	12560000	0	14302000	9270100	0	11952000	10842000	8965500	12087000	8784700
"A0A060HIU7"	15372000	16569000	19397000	16214000	20539000	17348000	22163000	19157000	19825000	0	0	0	0	0	0	0	0	0	8436000	20865000	14947000	27300000	20078000	21859000	19566000	25328000	24263000	24865000	27381000	0	0	0	0	7451700	0	10969000	0	0	11135000	18888000	18999000	17379000	21265000	16973000
"A0A060HIV2"	0	0	0	0	0	0	0	0	0	0	0	0	0	0	0	0	0	0	0	0	0	0	0	0	0	0	0	0	0	0	0	0	0	0	0	0	0	0	0	0	0	0	853400	0
"A0A060HIV7"	593710000	728440000	782620000	675380000	815060000	733450000	673690000	784510000	646870000	1731200000	1.123e+09	1271700000	1096700000	1667400000	1145700000	1.048e+09	1184600000	961960000	1033300000	872300000	768600000	727050000	647500000	804310000	743670000	744130000	640490000	653760000	613290000	928150000	895200000	655580000	870180000	899840000	817690000	808570000	783130000	750590000	995790000	806740000	641550000	616970000	623530000	687020000
"A0A060HIV8"	32373000	25936000	21278000	24016000	25247000	26494000	25118000	23754000	25656000	20522000	28933000	24242000	21350000	16069000	33853000	23307000	31884000	22681000	26081000	28623000	28076000	27762000	24434000	31993000	25632000	31909000	21699000	27685000	22923000	25925000	31310000	26182000	26183000	26368000	26753000	26214000	25586000	30743000	22635000	32510000	26124000	24492000	32185000	29301000
"A0A060HIW1"	0	0	0	0	0	0	0	0	0	0	0	0	0	0	0	0	0	0	0	0	0	0	0	0	0	0	0	13921000	0	0	0	15274000	0	3985500	0	0	0	0	0	0	0	0	0	0
"A0A060HIW3"	19351000	14526000	18947000	15525000	18084000	0	13595000	13887000	14372000	0	0	17594000	0	0	0	12669000	12862000	19413000	14341000	13013000	12277000	13158000	17061000	18091000	18455000	17664000	11482000	16006000	17227000	13524000	12264000	11829000	0	9456000	14384000	11789000	15941000	11523000	18767000	17258000	15309000	12051000	14509000	14195000
"A0A060HIW5"	30218000	29909000	49529000	33312000	30181000	34443000	25096000	29086000	26976000	30372000	31096000	48484000	32658000	37021000	42404000	30125000	25821000	34924000	28293000	30842000	27439000	24102000	26838000	29573000	29852000	28400000	25508000	23873000	27179000	30513000	38010000	40255000	47530000	33171000	25668000	27441000	26495000	28478000	31056000	30075000	25647000	27761000	27415000	25073000
"A0A060HIW9"	0	0	0	0	0	5566300	0	0	3758600	0	0	0	0	0	0	0	0	0	0	0	0	0	0	0	0	0	4066600	0	0	0	0	0	0	0	4361500	0	0	0	0	0	0	3880800	0	0
"A0A060HIX3"	40372000	39359000	40039000	34181000	35486000	37735000	29343000	34936000	32472000	38043000	32816000	44675000	46925000	12692000	56291000	37541000	36987000	38395000	45606000	33003000	38193000	30464000	31670000	33401000	35769000	30549000	30631000	33205000	28943000	38508000	42172000	37829000	32471000	36419000	29050000	30878000	36131000	35830000	42368000	33187000	33436000	31043000	29708000	38155000
"A0A060HIY2"	5299500	6592800	0	0	0	0	0	0	5468500	0	0	0	11306000	0	7617800	0	0	0	6921900	7456600	5606000	6549100	0	0	6057300	0	0	0	0	7172100	8362200	7453400	8704500	8358800	6571600	6919000	0	5091100	0	6761900	5278900	6079700	0	0
"A0A060HIY4"	12969000	13910000	8373600	10544000	12077000	12923000	10783000	13922000	10291000	0	12490000	0	11657000	0	9586500	13730000	10823000	13804000	11402000	10813000	10594000	10319000	12822000	11632000	13162000	9098600	8788500	7190700	12846000	13223000	11575000	11807000	11827000	16172000	12452000	11217000	8354900	10629000	0	11284000	10701000	13674000	8289300	9707700
"A0A060HIY6"	39051000	34010000	26748000	37887000	33894000	45460000	47732000	31745000	43750000	20151000	34171000	27014000	25351000	0	34714000	33553000	57045000	39621000	33743000	41514000	33264000	40193000	41795000	39966000	34313000	40606000	42348000	33094000	38673000	37368000	31963000	38513000	38567000	48010000	48996000	50648000	42810000	35953000	0	38603000	44824000	36240000	40869000	35013000
"A0A060HIY7"	0	0	0	0	0	0	0	0	3678400	0	0	0	0	0	0	3962000	0	0	0	0	0	0	3865300	4099100	0	0	0	0	0	5052500	5028700	5725400	5206100	5044300	5650700	7879100	5840600	5162100	7821900	4679600	4421000	5005400	0	5125400
"A0A060HIZ0"	169100000	167090000	65207000	154990000	105560000	60937000	89614000	69371000	172820000	0	0	0	0	0	0	18545000	0	14931000	28890000	116090000	159450000	131990000	154700000	154380000	151900000	106450000	134950000	146910000	155450000	30010000	16846000	28081000	43403000	36136000	57592000	46997000	47179000	73413000	61569000	126540000	114560000	148020000	90579000	127390000
"A0A060HIZ1"	7528800	9838500	0	7300100	5875200	5915100	6829100	0	7256200	9024400	8144900	7020700	0	0	10896000	10654000	8539800	8542400	8120300	7001200	5707900	7777700	7629000	7807400	0	8537000	7323300	10147000	9024400	11352000	0	8017500	9995700	10570000	9030600	8292900	7647800	8107200	9401000	6937500	8744600	6904300	7402100	7055400
"A0A060HIZ5"	752360000	586940000	7.26e+08	617680000	663350000	634250000	613530000	780410000	729720000	438820000	659900000	677170000	487670000	448970000	474320000	569050000	598760000	6.89e+08	585810000	584580000	563800000	6.17e+08	729450000	627960000	626180000	633470000	583030000	567380000	691550000	655030000	546180000	572990000	706590000	693880000	687060000	784330000	697340000	724060000	722740000	665400000	646500000	728240000	789900000	708410000
"A0A060HJ01"	7651200	10760000	6622000	9453400	0	0	0	0	6624700	0	0	13732000	0	0	0	0	0	10547000	0	0	8613200	0	10780000	8357000	5565900	0	0	0	0	20822000	17583000	19069000	12143000	11225000	17643000	0	10117000	12347000	19899000	10121000	0	10192000	0	10405000
"A0A060HJ15"	17662000	20767000	26471000	25949000	18467000	25225000	21835000	29675000	25740000	24942000	26157000	32058000	0	30108000	21291000	28434000	28809000	38313000	27581000	17632000	19383000	19473000	22550000	23219000	23802000	21680000	20201000	17066000	20101000	36888000	26233000	27312000	29983000	32044000	25500000	25116000	32023000	35914000	42057000	23424000	24536000	26076000	23298000	28639000
"A0A060HJ32"	0	0	0	0	0	0	0	0	0	0	0	0	0	0	0	0	0	0	14015000	0	0	10937000	0	0	0	0	0	0	0	0	35461000	0	28983000	0	0	0	0	15655000	14168000	0	0	0	0	0
"A0A060HJ35"	161850000	138130000	260850000	178100000	199260000	175490000	153370000	211940000	156850000	132410000	192130000	172970000	129860000	143820000	123690000	171680000	144790000	226050000	142300000	122800000	155560000	152240000	159010000	159560000	192700000	151190000	150600000	165150000	154770000	185780000	177620000	178760000	190980000	170530000	136470000	157710000	151640000	140460000	174410000	163750000	144650000	157260000	153750000	151560000
"A0A060HJ41"	191590000	163840000	168960000	161130000	210260000	138970000	168150000	216740000	170250000	0	156030000	40977000	32407000	30255000	51263000	113990000	129230000	116970000	90453000	168120000	135850000	180810000	163380000	142720000	178300000	149370000	194630000	192830000	162100000	150390000	1.05e+08	83866000	95188000	151810000	156530000	143200000	192570000	126550000	120920000	181410000	153600000	170500000	143530000	138560000
"A0A060HJ55"	47463000	46960000	61938000	45153000	44089000	44595000	45383000	46218000	43109000	69981000	56653000	70671000	73131000	78711000	83449000	72933000	73869000	66624000	76424000	64343000	77238000	60890000	59620000	55484000	53950000	59635000	51554000	49690000	46667000	65015000	70863000	69906000	67998000	75408000	59451000	72481000	53951000	63641000	69540000	56850000	58638000	59926000	57100000	56810000
"A0A060HJ58"	12894000	10385000	9592800	10332000	11796000	12544000	10752000	12312000	10025000	0	16146000	13938000	0	0	14909000	10581000	9091800	12502000	13311000	9093100	9687000	10147000	11731000	11690000	12856000	10873000	0	12667000	9715500	12606000	14145000	14565000	20416000	14885000	13243000	12788000	10693000	13451000	11064000	12346000	10087000	10116000	11823000	12501000
"A0A060HJ64"	33971000	34893000	34834000	37433000	36196000	28166000	32510000	33827000	35558000	18122000	51106000	33375000	23258000	22078000	45079000	29969000	45971000	35378000	40129000	34601000	31909000	43011000	32570000	41747000	32171000	38816000	32542000	52741000	42427000	45799000	41097000	35559000	29970000	32273000	36635000	27263000	42328000	31255000	21521000	35002000	31277000	32429000	39979000	36492000
"A0A060HJ66"	5237500	0	0	0	0	0	0	7248700	0	8010700	0	5489300	0	0	0	8449100	0	5681100	0	5309600	5316100	0	6181300	4261100	4030700	0	0	0	4702900	0	0	6194600	0	0	0	0	0	5982900	0	0	0	0	0	0
"A0A060HJ67"	15586000	17002000	19829000	11634000	14335000	15275000	0	19424000	13141000	0	0	0	9294700	0	11851000	0	0	11423000	12422000	15275000	14707000	12560000	13994000	12212000	16592000	0	0	10584000	14339000	10633000	11003000	13161000	0	0	9102100	0	0	13220000	0	9545000	10392000	10455000	10584000	11591000
"A0A060HJ69"	22914000	23439000	29825000	22944000	21336000	29998000	23660000	20517000	21963000	21123000	31582000	36549000	35271000	29837000	40547000	28170000	32734000	32239000	28526000	22964000	24329000	24085000	27060000	20325000	21475000	25223000	24481000	21943000	23133000	34669000	36488000	35748000	37158000	39857000	27965000	28461000	29763000	32935000	37103000	23851000	23532000	23388000	25729000	27557000
"A0A060HJ75"	500200000	636980000	485780000	556710000	609370000	541690000	518880000	557820000	501200000	179100000	623790000	414670000	315970000	273510000	469880000	491110000	527700000	524990000	502470000	461790000	489620000	581560000	533880000	560820000	464510000	496020000	481740000	580310000	490940000	536420000	542500000	545500000	531490000	447940000	527800000	409590000	476990000	437570000	377090000	533620000	496180000	443140000	501290000	489900000
"A0A060HJ77"	58002000	50084000	55888000	51593000	68761000	51890000	63037000	64822000	57995000	56263000	67485000	88661000	30515000	49312000	50270000	66264000	51427000	64837000	54830000	72750000	50576000	50220000	59237000	58979000	65319000	53830000	57642000	58221000	58799000	72927000	64195000	64548000	79094000	77340000	68472000	61376000	56048000	57825000	43264000	67037000	51406000	59662000	52378000	50101000
"A0A060HJ83"	127900000	127110000	208890000	128760000	138440000	131110000	153560000	147030000	125530000	108360000	26503000	79613000	58195000	37720000	54705000	52343000	46306000	80525000	77615000	102810000	128290000	87099000	104100000	99335000	145650000	130530000	128110000	90924000	99722000	11091000	22250000	41544000	31487000	30234000	60827000	91717000	79965000	95639000	102740000	110200000	84313000	90104000	104650000	114580000
"A0A060HJ87"	265420000	282470000	244320000	215390000	230600000	244090000	276120000	242950000	272080000	511550000	272300000	261210000	415710000	536810000	398020000	214140000	325620000	222770000	280990000	273430000	253800000	255810000	248940000	299600000	245100000	336670000	257770000	266240000	283460000	239690000	273150000	237160000	248620000	284840000	260850000	297800000	273800000	272530000	338380000	326910000	332430000	268990000	326560000	343840000
"A0A060HJ93"	25641000	25943000	24889000	22455000	21760000	19997000	22389000	27401000	27650000	0	28698000	0	0	0	0	22647000	25735000	20133000	21971000	25299000	24594000	28027000	22348000	29899000	19032000	24796000	22105000	32727000	24370000	21521000	22162000	23477000	20691000	18122000	23365000	16211000	23376000	20974000	28043000	28743000	25141000	27418000	21491000	28212000
"A0A060HJ98"	50903000	56612000	62023000	51765000	51718000	63512000	53931000	52884000	55523000	5886600	44544000	20258000	0	0	17931000	30319000	52914000	28816000	31899000	55864000	50577000	56969000	5.5e+07	56052000	51948000	62366000	57595000	61846000	50604000	51348000	50517000	49412000	41935000	49489000	53533000	46034000	44379000	51738000	58105000	53647000	59678000	56916000	58340000	51014000
"A0A060HJA1"	0	0	0	0	0	0	0	0	0	0	0	0	0	0	0	0	0	0	0	0	0	0	0	0	0	0	0	0	0	0	0	0	0	0	0	0	0	0	0	0	0	0	2199300	0
"A0A060HJA2"	0	13352000	0	0	15996000	16490000	15468000	26797000	19273000	0	0	0	0	0	0	0	11876000	0	0	13808000	0	11535000	0	15305000	12506000	0	19099000	17745000	0	0	11460000	0	0	20308000	13873000	0	0	0	20632000	24465000	18011000	20293000	16831000	17846000
"A0A060HJA8"	6599500	0	0	0	0	0	0	0	0	0	7210800	0	0	0	0	0	0	0	0	0	6046700	0	0	0	0	0	0	0	0	0	0	0	0	0	0	0	0	0	0	0	0	0	0	0
"A0A060HJB5"	0	2044200	4253900	2649200	0	0	1948100	0	0	0	0	0	0	0	0	0	0	1548700	0	0	0	0	0	0	0	1903700	0	0	1918600	0	0	0	0	0	0	0	0	0	0	0	0	1446500	0	0
"A0A060HJB8"	0	0	13236000	0	12596000	13345000	13899000	15638000	12355000	0	10065000	0	0	0	0	0	0	0	6625900	10723000	0	12814000	13856000	9979500	9765000	12762000	14022000	13913000	13022000	13101000	9059100	9258900	7743300	9922100	11209000	11965000	15050000	11664000	11444000	15959000	13248000	16004000	17097000	15012000
"A0A060HJC0"	22088000	26431000	41263000	28842000	24003000	34471000	29426000	24480000	24435000	15565000	20692000	16186000	13220000	0	19818000	21130000	29828000	25987000	21859000	22582000	26289000	24274000	23402000	22696000	20828000	24177000	25677000	22499000	24287000	16944000	22716000	19544000	19192000	25624000	16318000	15724000	21738000	16437000	26279000	19459000	29267000	24903000	26836000	20700000
"A0A060HJD1"	0	0	0	0	0	0	0	0	0	0	0	0	0	0	0	0	0	0	0	0	0	0	0	0	0	0	0	0	0	6636900	0	0	0	0	0	0	0	0	0	0	0	0	0	0
"A0A060HJD5"	0	10136000	6770200	5408000	0	12784000	6485000	0	6231600	0	0	0	0	0	9312300	9066400	0	6371000	0	7267900	0	6720700	6539600	0	6569300	0	7941700	6938200	5809200	6932600	8696500	10309000	9057300	11197000	6207500	0	0	4997100	0	7845700	9257000	7535900	0	0
"A0A060HJD6"	0	0	0	0	0	0	0	0	0	27326000	0	51559000	30030000	23751000	40041000	0	0	0	0	0	0	0	0	0	0	0	0	0	0	0	0	0	0	0	0	0	0	0	0	0	0	0	0	0
"A0A060HJE0"	73979000	76352000	78861000	73798000	65923000	76289000	71983000	78021000	69235000	64404000	98857000	82193000	83474000	0	112270000	86832000	84603000	78860000	76003000	83403000	78036000	80609000	71009000	81520000	65905000	79165000	76304000	79545000	68710000	86086000	101440000	84518000	89587000	93144000	91873000	81267000	71748000	77424000	58919000	83892000	76530000	61928000	73347000	64560000
"A0A060HJE2"	111440000	78537000	52871000	99051000	68390000	67627000	82462000	86945000	138150000	97546000	86461000	81613000	83282000	72756000	66771000	92209000	86196000	81149000	97556000	114770000	104450000	86987000	125760000	102860000	110860000	1.28e+08	73341000	91015000	117180000	109370000	90351000	54820000	96585000	97839000	157360000	111150000	137640000	158440000	141030000	158340000	117850000	129500000	143150000	151690000
"A0A060HJE4"	26154000	33792000	54850000	32035000	28909000	37208000	34534000	29053000	33942000	37743000	26868000	34625000	41459000	40460000	33029000	37150000	24591000	36354000	33190000	24078000	26457000	21846000	31151000	17869000	29516000	23437000	28970000	24545000	24243000	34209000	41309000	52434000	31963000	37433000	27453000	31572000	32785000	37533000	33020000	28525000	36368000	37568000	28840000	34011000
"A0A060HJE7"	3755400000	4745400000	4496700000	3158300000	3905600000	4087500000	3475500000	4210500000	3643400000	1.795e+09	3370800000	2569100000	2283300000	2255800000	3093800000	2937700000	3084700000	3162600000	3450500000	3236600000	3272100000	3338100000	3106700000	3618600000	3736200000	3645200000	3158900000	3636700000	3358100000	1982400000	2242100000	1976900000	1890400000	2025300000	2037500000	1786300000	2185600000	2141100000	2.412e+09	3045500000	3354600000	2741700000	2864500000	2918400000
"A0A060HJF1"	68777000	66729000	87908000	68053000	60828000	64368000	69638000	60749000	65926000	67003000	71154000	69493000	64020000	76932000	75789000	55810000	83822000	64887000	65316000	63764000	64899000	59269000	65084000	59811000	63191000	69490000	60331000	71925000	61784000	69308000	67401000	70916000	59678000	67312000	71212000	61906000	70251000	67543000	68034000	70406000	68396000	67064000	66154000	61881000
"A0A060HJF2"	0	0	0	0	0	0	0	0	0	0	0	0	0	0	0	0	0	0	0	0	0	0	0	0	0	0	0	0	0	0	0	0	0	0	0	0	0	0	0	0	0	1265000	0	0
"A0A060HJF8"	622460000	610810000	843980000	5.96e+08	5.96e+08	617050000	586970000	572580000	567320000	729790000	614270000	907920000	661590000	665910000	836460000	682120000	636700000	700400000	690470000	598110000	623100000	538040000	547490000	579660000	653120000	599510000	549350000	551840000	524180000	619460000	697770000	786580000	762150000	674750000	601630000	623530000	670720000	708050000	721710000	587310000	597640000	613440000	544180000	617130000
"A0A060HJF9"	19550000	16257000	22360000	18101000	15964000	22803000	16130000	18151000	18497000	42976000	16430000	29283000	26488000	27312000	35118000	22376000	21913000	22925000	24047000	26916000	19725000	16667000	19999000	20773000	20497000	26400000	19829000	15298000	17983000	21651000	24098000	27364000	21147000	23248000	20494000	20354000	21784000	24022000	36486000	18599000	21729000	20255000	18336000	18300000
"A0A060HJG5"	0	0	0	0	0	0	0	0	31251000	0	0	0	0	0	0	0	0	0	0	31318000	0	13409000	35894000	19033000	0	33695000	0	18069000	32927000	0	0	0	0	0	0	0	13521000	16956000	0	41433000	43291000	45924000	46114000	42765000
"A0A060HJH3"	0	7740000	0	0	13703000	0	0	0	10168000	92257000	0	0	39500000	0	0	18477000	0	0	15445000	0	0	0	0	9671800	0	0	0	0	0	0	30077000	24137000	48377000	17805000	16103000	10910000	14633000	0	0	12993000	0	0	0	0
"A0A060HJH4"	0	0	0	0	0	21726000	0	0	0	0	0	0	0	0	0	0	0	0	0	0	0	0	0	0	0	0	0	0	0	0	0	0	0	0	0	0	0	0	0	0	0	0	0	0
"A0A060HJH7"	20825000	22556000	20468000	17880000	18984000	22354000	16993000	18126000	17291000	25525000	15099000	33806000	23353000	25980000	27659000	21390000	22060000	24562000	21777000	19459000	18906000	13921000	18898000	18126000	14526000	15971000	15624000	15238000	14528000	20884000	24079000	29809000	30182000	21149000	19061000	17311000	17669000	24842000	31079000	18659000	19040000	17306000	20305000	19180000
"A0A060HJH8"	64691000	93084000	148570000	77814000	103470000	62017000	68321000	60528000	52592000	45666000	34775000	56511000	38152000	50195000	29271000	36584000	41810000	47922000	0	66563000	57252000	61441000	72284000	70364000	69613000	46203000	44591000	61906000	48225000	105170000	105450000	93902000	90379000	63572000	55911000	54715000	70428000	44834000	90556000	69330000	50730000	40902000	51014000	74306000
"A0A060HJI1"	0	0	0	0	0	0	0	0	0	0	0	0	0	0	0	0	0	0	0	0	0	0	0	0	0	0	0	0	0	5172700	0	0	0	0	0	0	0	0	0	0	0	0	0	0
"A0A060HJI5"	26885000	21323000	39552000	24212000	29099000	27986000	23282000	32614000	25409000	46963000	33806000	62328000	58156000	50460000	31563000	31512000	34216000	29716000	29494000	26148000	24207000	17713000	26275000	24725000	32070000	28979000	21814000	30559000	17944000	29582000	31324000	46452000	38084000	34773000	21344000	24090000	22231000	22736000	0	28128000	21845000	28374000	17833000	16028000
"A0A060HJI6"	0	0	0	0	0	0	0	0	0	0	0	0	0	0	0	0	0	0	0	0	0	0	0	0	0	0	0	0	0	0	8442100	0	0	11564000	0	0	0	0	0	0	0	5117600	0	0
"A0A060HJI9"	105880000	133680000	120160000	132070000	108060000	132090000	138920000	107120000	154880000	67871000	161310000	97223000	69914000	78919000	97001000	81198000	173370000	81395000	109020000	159360000	174060000	1.97e+08	144800000	157740000	117900000	149410000	161680000	140260000	105550000	68927000	89745000	55692000	76685000	80894000	138480000	114820000	101250000	136320000	168040000	148690000	163360000	144800000	150630000	132260000
"A0A060HJJ0"	46912000	46460000	31412000	51955000	49924000	50676000	46767000	45740000	65450000	0	64486000	19748000	15468000	0	18347000	39274000	57523000	39118000	29289000	50246000	44495000	52170000	65684000	55927000	55029000	59799000	58562000	46696000	58504000	90969000	80464000	62863000	89468000	113120000	86361000	80730000	93898000	71996000	87864000	84310000	68419000	74857000	75910000	76225000
"A0A060HJJ1"	159510000	201400000	205320000	135880000	141280000	182780000	176140000	150460000	1.68e+08	394180000	227710000	278950000	343720000	413930000	404430000	242320000	277250000	234420000	315220000	170020000	189610000	190220000	157700000	228640000	151380000	239680000	136790000	156170000	161360000	251640000	306520000	281030000	215450000	2.54e+08	259560000	295950000	251930000	275690000	317580000	198860000	223240000	170170000	212750000	215570000
"A0A060HJJ5"	1531500000	1404100000	1725500000	1482200000	1769200000	1283600000	1144400000	1387500000	1245300000	2407500000	1672300000	2702600000	2460400000	2117200000	2333500000	1.743e+09	1249500000	1.861e+09	1494400000	1440200000	1355700000	1168500000	1231800000	1284200000	1437900000	1033300000	1283400000	1223800000	1.151e+09	1603400000	1606600000	1.791e+09	1985700000	1617300000	1.434e+09	1120600000	1390100000	1212300000	1200100000	1090100000	954140000	1.19e+09	926250000	920930000
"A0A060HJJ6"	134020000	103290000	76753000	120480000	120960000	115250000	133160000	128320000	140810000	13707000	111090000	23250000	0	8257800	40904000	5.9e+07	139220000	71369000	76927000	173280000	133850000	144400000	133970000	173910000	137970000	159310000	146970000	136130000	148120000	135250000	119070000	84017000	136380000	163920000	136740000	153680000	164290000	140300000	152530000	196040000	159950000	142410000	180510000	177270000
"A0A060HJK0"	3390900	0	0	0	0	0	0	0	0	0	0	0	0	0	0	0	7452600	0	0	0	0	0	0	0	0	0	0	0	0	0	0	0	0	0	0	0	0	0	0	0	0	0	0	5942200
"A0A060HJK8"	53694000	68298000	62582000	0	59474000	73614000	53817000	55218000	0	100540000	130020000	138540000	110930000	117730000	129750000	146550000	85434000	116010000	109320000	55089000	62802000	53016000	55082000	46943000	0	55388000	35901000	47900000	52821000	177140000	171080000	173400000	177610000	184120000	130400000	145420000	113820000	140750000	145140000	81255000	73086000	59815000	69649000	65309000
"A0A060HJL6"	0	0	0	0	0	0	3823500	0	5118100	0	0	0	0	0	0	0	0	0	0	0	0	0	0	3016900	0	0	0	0	0	2956900	0	3537300	0	2466200	3631600	0	2482300	5481200	7267100	0	0	0	0	2611600
"A0A060HJM1"	0	0	0	0	0	0	0	0	0	0	0	0	0	0	0	0	0	0	0	0	0	0	0	0	0	0	0	0	0	0	0	0	0	2452300	0	0	0	0	0	0	0	0	0	0
"A0A060HJM5"	0	0	0	0	0	0	0	0	0	0	0	0	0	0	0	0	0	0	0	0	0	0	0	1199500	0	0	0	0	0	0	0	0	0	0	0	0	0	0	0	0	0	0	0	0
"A0A060HJN0"	0	0	0	0	0	0	0	0	0	0	0	0	0	0	0	0	0	0	0	0	0	0	0	0	0	0	0	0	0	0	0	7744100	9576600	9529600	0	0	0	0	0	0	0	0	0	0
"A0A060HJN1"	0	0	0	0	0	0	0	0	0	0	0	0	0	0	0	0	0	0	0	0	0	0	0	0	0	0	0	0	0	0	0	0	261590	0	0	0	0	0	0	0	0	0	0	0
"A0A060HJN6"	0	0	0	0	0	0	0	0	0	0	0	0	0	0	0	0	0	0	0	0	0	0	0	0	0	0	0	0	0	0	0	0	0	0	0	0	0	0	0	0	0	1520900	0	0
"A0A060HJN8"	0	0	0	0	0	0	0	0	0	0	0	0	0	0	0	0	0	0	0	0	0	0	0	0	0	0	1713900	0	0	0	0	0	0	0	0	0	0	0	0	0	0	1476400	0	0
"A0A060HJP3"	189420000	163460000	215600000	165730000	1.71e+08	226490000	153690000	141170000	166270000	69908000	118220000	153240000	102760000	65469000	127760000	108690000	158290000	131490000	109240000	183120000	151430000	139260000	166850000	193250000	192210000	159100000	163220000	1.42e+08	136900000	126220000	126190000	134570000	142480000	149640000	139420000	131550000	142350000	132280000	177080000	150800000	150470000	159180000	145750000	146690000
"A0A060HJP6"	7104100	10480000	12679000	0	9317600	11879000	11392000	0	7547400	0	0	11152000	0	0	0	13138000	0	13932000	12783000	7869100	10038000	7304600	8696600	10360000	8203200	9867800	11084000	0	8348500	10481000	12225000	13208000	9650000	10513000	9204000	0	0	8343800	10968000	7391900	10903000	9359800	0	0
"A0A060HJP8"	0	20295000	0	0	0	0	0	0	0	0	0	0	0	0	0	0	0	0	23531000	0	0	39494000	0	0	0	0	0	0	0	0	0	0	21019000	22411000	22476000	0	0	0	0	0	0	0	0	0
"A0A060HJQ1"	78245000	95586000	151770000	92922000	93599000	110360000	1.09e+08	92603000	89782000	66042000	98424000	85046000	59107000	91485000	106100000	77540000	124990000	97744000	89580000	88284000	100200000	86878000	93734000	109440000	83346000	103650000	87214000	104900000	91283000	104170000	84734000	87594000	87746000	105940000	88102000	90090000	100490000	86506000	125480000	98589000	106990000	75846000	100520000	97485000
"A0A060HJQ2"	28354000	26820000	16275000	27907000	19066000	19219000	23313000	22945000	28618000	0	28512000	0	0	0	8276800	15113000	24174000	17589000	21547000	30098000	27699000	35632000	26474000	31126000	26078000	32447000	31880000	37895000	39208000	23403000	17404000	12038000	18459000	35804000	19366000	20932000	28673000	23052000	0	28508000	33507000	33480000	27794000	30040000
"A0A060HJQ9"	1396800000	1208800000	1071400000	1483200000	1453200000	938110000	882990000	878320000	1145700000	915400000	1.24e+09	1507900000	936660000	929950000	1.162e+09	1223100000	1258700000	1074300000	882290000	1.605e+09	1410200000	1430100000	1233400000	1213700000	1160100000	1152600000	1252200000	1488300000	983360000	2411300000	1801300000	1330300000	1061700000	1.625e+09	1630900000	1231500000	1525800000	1087900000	1411900000	1172200000	1094400000	927170000	784530000	1109100000
"A0A060HJR3"	35192000	28391000	22697000	24870000	25772000	26447000	24556000	20694000	30793000	0	0	0	0	0	0	0	0	0	0	21320000	21211000	24739000	25048000	25025000	26383000	25697000	19797000	22394000	29827000	0	0	0	0	0	20208000	24166000	12759000	21319000	26368000	26799000	22679000	25639000	17691000	27216000
"A0A060HJR8"	23020000	14917000	12333000	16700000	19877000	15429000	17575000	14968000	17094000	72993000	20266000	25167000	47390000	43023000	41151000	21863000	18710000	22872000	31067000	28023000	19226000	18821000	15632000	20129000	22989000	17588000	22862000	20724000	23243000	23246000	25310000	23577000	28213000	34430000	29313000	28785000	27052000	19826000	13992000	15744000	16308000	23454000	20991000	15186000
"A0A060HJR9"	75510000	85227000	79521000	63608000	66149000	75430000	67688000	76311000	73665000	0	73706000	12091000	0	0	0	56229000	80009000	66988000	72747000	67447000	65706000	73980000	68020000	69425000	68793000	77877000	62042000	74859000	69381000	73695000	63818000	54009000	61624000	66304000	68241000	76179000	79877000	73455000	91608000	82279000	88025000	75711000	91270000	93970000
"A0A060HJS1"	35344000	31904000	44782000	34232000	30842000	38845000	28700000	26506000	36518000	37667000	34829000	49401000	39208000	33035000	54319000	44302000	42256000	43336000	38334000	33679000	38994000	30558000	37736000	32862000	31603000	37139000	34140000	32325000	35382000	36523000	43412000	55760000	43802000	45505000	34994000	43707000	45845000	48517000	59267000	29948000	35486000	39831000	35457000	33567000
"A0A060HJS8"	0	0	0	0	0	0	0	0	0	0	0	0	0	0	0	0	0	0	0	0	0	0	0	0	6177500	0	4540500	0	0	0	0	0	0	0	0	0	0	0	6050400	0	4715800	0	0	0
"A0A060HJT4"	0	2512500	0	0	0	0	0	0	0	0	0	0	0	0	0	0	0	0	0	0	0	3609700	0	0	0	0	2790100	3019300	0	4724800	0	3296800	4774900	6109600	4171600	4365200	4304500	3459700	7087500	0	3368800	0	3415300	3488800
"A0A060HJT8"	41315000	112970000	23661000	132770000	23620000	21351000	18381000	0	47564000	112080000	36008000	135500000	127710000	138970000	155970000	181410000	9849700	138950000	148120000	90791000	136690000	87314000	72761000	103250000	50894000	43280000	19666000	90703000	77439000	437720000	542270000	347460000	524310000	363250000	320950000	196900000	130790000	249100000	277860000	40034000	117800000	19095000	34337000	68421000
"A0A060HJU2"	6440300	0	0	0	5020400	0	0	0	0	0	0	0	0	0	0	0	0	0	0	0	5002400	0	5737200	6214500	0	0	0	0	5988700	0	0	0	7015600	0	0	0	0	0	0	8050200	0	0	5839700	11274000
"A0A060HJV2"	0	0	0	0	0	0	0	0	0	0	0	0	0	0	0	0	0	0	0	0	0	0	0	0	0	0	0	0	0	0	0	0	0	0	0	0	1337100	0	0	0	0	0	0	0
"A0A060HJV3"	30529000	31965000	35925000	32173000	32666000	31747000	24864000	27916000	25423000	15395000	35969000	0	23422000	22388000	28176000	38806000	32524000	38611000	31834000	32217000	31979000	33242000	31466000	28621000	27197000	25827000	28190000	33935000	28014000	42776000	37872000	37393000	35204000	35665000	37386000	31428000	30662000	24984000	31260000	28738000	30611000	28114000	23375000	24674000
"A0A060HJW0"	1174200000	917030000	1211300000	1094200000	1052600000	1020700000	1036600000	1019900000	1131400000	759280000	1049700000	1.161e+09	801540000	700170000	1127900000	959040000	1254700000	1004400000	1.024e+09	1.173e+09	1107200000	1122400000	1.049e+09	1286100000	1076100000	1217600000	1039200000	963800000	978410000	945230000	1051500000	1109600000	1214800000	1027800000	1243900000	1175300000	1184800000	1148300000	1531300000	1.107e+09	1086600000	1053600000	1234300000	1122300000
"A0A060HJW3"	20142000	15415000	0	15711000	15873000	16890000	16838000	0	12509000	0	0	22969000	0	0	17229000	0	0	24931000	15432000	22623000	13540000	0	21307000	16361000	18733000	16610000	12077000	0	0	0	15927000	21583000	23020000	18496000	18177000	21046000	17924000	26036000	17390000	16881000	17861000	25040000	15798000	17763000
"A0A060HJX0"	0	0	0	0	0	0	0	0	0	0	0	0	0	0	0	0	0	0	0	0	0	0	0	0	0	0	0	0	0	0	0	0	0	0	0	0	0	0	0	0	0	0	0	15074000
"A0A060HJX4"	78001000	98021000	75114000	69929000	66171000	117120000	85919000	54097000	94696000	42495000	102960000	72360000	53920000	40082000	88049000	56609000	90097000	108160000	122250000	79985000	97366000	90601000	105640000	103300000	69715000	102400000	77265000	74618000	99554000	39135000	74676000	62696000	117740000	82015000	73895000	91728000	66262000	90091000	117970000	59491000	105020000	90674000	104390000	95759000
"A0A060HJX7"	324200000	349490000	411550000	348740000	445420000	329030000	419390000	511450000	374450000	109020000	420190000	276300000	137600000	138710000	184280000	3.36e+08	414860000	285140000	257610000	310960000	279770000	363600000	394220000	364350000	351820000	336830000	386900000	431830000	300440000	368130000	284740000	279580000	296930000	233270000	380670000	276190000	437640000	296960000	413350000	476710000	364120000	357120000	368570000	386350000
"A0A060HJY2"	1.19e+08	122410000	75909000	134260000	158530000	143280000	125260000	115190000	128400000	101910000	144170000	90373000	122100000	96695000	119080000	120750000	146080000	114810000	122080000	146190000	122030000	134560000	138060000	136200000	113830000	114880000	153920000	154640000	132570000	115200000	91076000	110020000	109760000	124360000	141710000	113640000	130930000	113260000	99645000	117020000	133790000	135280000	130360000	108010000
"A0A060HJY6"	21200000	14694000	30412000	20584000	20090000	19518000	17766000	24290000	19366000	0	11163000	30538000	0	0	8783200	20662000	0	21589000	15631000	16750000	18340000	10284000	20144000	16695000	23336000	17234000	16787000	12985000	14557000	16016000	16990000	19844000	23139000	14564000	16569000	16020000	17043000	23991000	16255000	20694000	14021000	21811000	14953000	18330000
"A0A060HJZ0"	3317400	0	0	0	0	0	0	0	0	0	0	4689400	0	0	0	0	0	0	0	0	0	0	0	0	0	0	0	0	0	4117400	0	0	0	0	0	0	0	0	0	0	0	0	0	0
"A0A060HJZ5"	212690000	199090000	225460000	185100000	203870000	183670000	189170000	207470000	186600000	152680000	175960000	189620000	152190000	146710000	169840000	204890000	174620000	168770000	173500000	175710000	201720000	159730000	205660000	181200000	226340000	183530000	181940000	194470000	172860000	182350000	174460000	178640000	169130000	162620000	155120000	149420000	165330000	164100000	178880000	189210000	184500000	177190000	162890000	190220000
"A0A060HJZ9"	21179000	26900000	22763000	16832000	18663000	25031000	28434000	21658000	22668000	138660000	49925000	91206000	78081000	120730000	81656000	61952000	70170000	61261000	71727000	50878000	38978000	36614000	41550000	45940000	33704000	42746000	32735000	26109000	30089000	64839000	67724000	73802000	68179000	85240000	68513000	73670000	67904000	71120000	85231000	47952000	48703000	42158000	48382000	51439000
"A0A060HK02"	0	0	0	0	0	0	0	0	0	0	0	0	0	0	0	0	0	0	0	0	0	0	0	0	0	0	0	0	0	0	0	6675300	0	0	0	0	0	0	0	0	0	0	0	0
"A0A060HK03"	18668000	22716000	24805000	15922000	18509000	22783000	20175000	16299000	16965000	0	12208000	0	0	0	0	12442000	15160000	13788000	16605000	17643000	17932000	16799000	19686000	19988000	13448000	0	19756000	13263000	19552000	16278000	0	10783000	9888400	18725000	16128000	17256000	14375000	18085000	18569000	18587000	24585000	24852000	19066000	19379000
"A0A060HK06"	12668000	8137900	12458000	12273000	9771900	10131000	11774000	7920100	10574000	24164000	12848000	20294000	11023000	14280000	16442000	12441000	18117000	12581000	13338000	17643000	13369000	10482000	9107800	11674000	11214000	14784000	14447000	10611000	10064000	13054000	11601000	9174900	13652000	17656000	15438000	18374000	17672000	13518000	24586000	10978000	9474000	9411700	12877000	10921000
"A0A060HK07"	66532000	69990000	76490000	60990000	80918000	62065000	62291000	75372000	56101000	93330000	86340000	97501000	81755000	102100000	99214000	79712000	71685000	72998000	76221000	63350000	49562000	56072000	63525000	74620000	69187000	45221000	54988000	59301000	54886000	77260000	83655000	78525000	88434000	64796000	62647000	49967000	72141000	50589000	60233000	75537000	55965000	55550000	54091000	54537000
"A0A060HK11"	106430000	102060000	139430000	118560000	121660000	106940000	110680000	115500000	109330000	99105000	105280000	145180000	101160000	102620000	120870000	129160000	106340000	117150000	95521000	78924000	99182000	89756000	111930000	88914000	111530000	99548000	106020000	110460000	87558000	101090000	84069000	106660000	94674000	80090000	96920000	98221000	116840000	103660000	93190000	100870000	90313000	104070000	100660000	102040000
"A0A060HK13"	1764900000	1595400000	1676500000	1.779e+09	1892500000	1562300000	1.886e+09	2225600000	1700700000	957010000	1699200000	1168100000	1022600000	1037900000	1147300000	1505200000	1570800000	1255700000	1293700000	1605400000	1551300000	1707400000	1759600000	1609100000	1886300000	1690400000	1873200000	1916300000	1646900000	1352300000	1230900000	1.163e+09	1190900000	1212400000	1703300000	1.375e+09	1712800000	1607800000	1632800000	1984200000	1599400000	1742400000	1760800000	1709700000
"A0A060HK15"	0	0	0	0	0	4253400	0	0	0	0	0	0	0	0	4653100	0	0	0	5999100	4523100	0	0	0	3881400	0	0	0	0	4659800	0	5179800	6048500	5265300	7351600	5744400	7521000	0	4147900	0	3700700	3846700	0	4981400	4537900
"A0A060HK17"	624580000	596760000	7.13e+08	618920000	641860000	655430000	625600000	656490000	646700000	1749400000	659210000	853270000	952830000	1620600000	853100000	729200000	547630000	688830000	575830000	574100000	646280000	577230000	665560000	597740000	724430000	547170000	610890000	589570000	593080000	750070000	573080000	666510000	643680000	655540000	631330000	562880000	525280000	541990000	632490000	565210000	560690000	488840000	460930000	510470000
"A0A060HK18"	20749000	25280000	23673000	11389000	19718000	13184000	16703000	21446000	17643000	41013000	14612000	41377000	28536000	36506000	23154000	25131000	0	21527000	23737000	20416000	21005000	0	17630000	19694000	22010000	17960000	11558000	14057000	12817000	15618000	28237000	27166000	24766000	19120000	14691000	11751000	16295000	21179000	0	19788000	21634000	20451000	13679000	19343000
"A0A060HK23"	0	0	0	0	0	0	0	0	0	0	0	0	0	0	0	0	0	0	0	0	0	0	0	0	2611300	0	0	0	0	0	0	0	0	0	0	0	0	0	0	0	0	0	0	0
"A0A060HK28"	4877700	0	0	0	0	0	0	0	0	0	0	0	0	0	0	0	0	0	0	8493300	5703400	0	0	0	0	8077300	0	5602900	0	0	0	0	4637300	6054400	0	5909500	0	0	0	7116200	5405200	6243000	6881200	7177700
"A0A060HK31"	103260000	78152000	61568000	78460000	71268000	60495000	77813000	51324000	90738000	283530000	136990000	215080000	200640000	251140000	212210000	125630000	132810000	137830000	157120000	98946000	97820000	97330000	80201000	100470000	88488000	88453000	94877000	87381000	88571000	166610000	154400000	113200000	157490000	190560000	143960000	132450000	127160000	1.1e+08	122650000	91661000	83922000	81843000	86637000	95639000
"A0A060HK34"	246770000	253060000	453780000	312700000	413440000	217420000	309760000	499810000	281430000	338810000	338600000	482680000	233640000	321530000	156360000	327130000	293520000	376090000	255350000	227770000	240960000	266820000	337640000	262640000	394970000	263960000	223790000	287710000	321170000	435830000	360280000	260210000	474020000	278820000	276110000	254160000	384410000	253770000	274580000	501900000	283930000	289670000	336530000	406710000
"A0A060HK36"	0	0	0	1843500	0	1320600	0	0	0	0	0	0	0	0	0	0	0	0	0	0	0	0	0	0	0	0	0	0	0	0	0	0	0	0	0	0	0	0	0	0	0	0	0	0
"A0A060HK38"	6851900	7922900	6557500	7480500	0	0	0	0	0	0	6143800	6553800	7024000	0	10487000	7803200	8204400	7759300	8560500	8020500	9119100	6903500	7397100	6545600	0	7510500	0	6820100	7319300	8251300	10546000	8233000	9450100	12711000	7679300	6131600	7226400	7797400	9877400	7874100	7995300	6298100	6823700	7941400
"A0A060HK41"	3.811e+09	3341500000	1820100000	5301500000	3595700000	1915800000	2496800000	2.218e+09	4583800000	2595400000	1949700000	1586800000	2.47e+09	3346900000	1462200000	2.029e+09	1300600000	1928500000	1900700000	3574600000	4102100000	4652600000	4897800000	4481200000	3546700000	4098200000	2287300000	5007100000	5376400000	2077800000	2306100000	2122800000	1973600000	1626500000	6481100000	1849900000	4837800000	5058300000	4222300000	5425500000	4719400000	4852300000	4087200000	4.663e+09
"A0A060HK42"	529410000	659530000	713700000	442590000	524890000	5.8e+08	529140000	602690000	530060000	440060000	486260000	651560000	588260000	527450000	655480000	511790000	579730000	447310000	563250000	496530000	501750000	494510000	479070000	562870000	546630000	563130000	455980000	489060000	463980000	529410000	610340000	569100000	576300000	556530000	477650000	486310000	437570000	513590000	610760000	587280000	614450000	485640000	546130000	616670000
"A0A060HK45"	22897000	19616000	0	24629000	13416000	11797000	16251000	10156000	30240000	0	0	0	0	0	0	0	0	0	0	29518000	34148000	19466000	29899000	28931000	29438000	25921000	0	25106000	25496000	0	0	0	0	0	27364000	8467200	12542000	21642000	21653000	35312000	37132000	23261000	19142000	32172000
"A0A060HK50"	419710000	333820000	524120000	600400000	397060000	378020000	370320000	275700000	401520000	1303400000	295980000	555390000	680460000	1004900000	453730000	364370000	307010000	415690000	368350000	478280000	617800000	409680000	378560000	430520000	475080000	458110000	392620000	383990000	391360000	348270000	492510000	421060000	413900000	371580000	353090000	296680000	517960000	518940000	647300000	368790000	390040000	429440000	414960000	384880000
"A0A060HK55"	230030000	271460000	379520000	290650000	362240000	300120000	350460000	461750000	315920000	80306000	286210000	276720000	116980000	120460000	122900000	250850000	237980000	275130000	195060000	246850000	252370000	242230000	321210000	257450000	293430000	263170000	266250000	221880000	270650000	212300000	253940000	224140000	3.38e+08	214860000	338560000	257700000	266800000	351680000	405100000	400760000	348380000	361910000	326830000	335390000
"A0A060HK63"	66076000	71237000	103060000	77599000	75032000	70174000	85915000	71629000	80323000	7443900	35413000	28130000	6717100	6151500	9554500	33756000	61513000	42873000	43571000	81643000	77187000	55231000	79835000	79914000	87524000	61612000	74864000	61832000	62380000	37788000	23552000	24799000	28337000	47110000	34138000	48838000	61505000	50048000	52977000	65379000	65362000	78431000	61772000	65999000
"A0A060HK65"	0	0	0	0	0	0	0	0	0	0	0	0	0	0	0	0	0	6591500	0	0	0	4442600	0	3892300	0	0	0	0	0	9386900	8199300	0	7363900	0	7229200	0	0	7784800	0	0	0	0	0	0
"A0A060HK66"	146410000	166600000	162040000	153240000	135970000	136650000	117320000	97329000	135310000	199780000	107920000	325010000	200930000	205420000	208010000	151530000	164910000	154560000	127160000	109440000	130010000	103950000	136690000	106900000	124360000	135960000	119340000	99344000	98237000	392780000	382930000	472010000	419940000	350430000	248100000	241450000	252050000	249070000	276820000	205290000	218900000	192750000	263410000	201900000
"A0A060HK71"	8399900	0	0	0	0	12129000	0	0	8130100	0	0	0	0	0	0	0	10065000	0	0	8805500	0	0	0	0	0	0	11670000	0	8320800	0	0	0	0	7365300	7739100	0	7060900	9489800	0	0	10302000	10145000	7808300	0
"A0A060HK75"	110930000	160870000	105070000	111930000	113730000	105280000	96209000	83212000	112140000	118730000	97784000	95142000	147990000	164410000	153760000	107410000	71725000	100390000	107700000	93778000	97264000	106760000	103320000	103910000	94100000	103950000	84570000	114110000	125980000	114300000	135320000	133010000	114500000	109430000	101880000	70099000	74354000	78865000	62176000	90246000	105420000	92768000	94320000	100400000
"A0A060HK76"	4641900	6087900	5606700	5274600	5578800	5000300	5260100	6453700	4397000	8569000	5593400	6434400	8061100	0	8655200	8114600	5835600	7663100	8582300	4962800	6490500	4918900	6099500	4569500	4497400	4604700	5467100	3534100	6623700	6358800	8522000	8449400	6275300	6665200	7127300	7377800	5295300	5802200	0	5635800	5085900	6435000	6023600	5544800
"A0A060HK87"	74978000	57660000	39989000	60988000	39644000	28266000	29481000	0	53240000	0	13438000	0	0	0	0	0	18752000	18192000	0	41006000	48425000	40037000	42547000	46988000	38736000	35122000	53204000	51140000	51578000	11654000	0	0	0	13558000	19028000	23151000	23738000	25231000	46382000	34005000	43201000	37726000	38675000	43226000
"A0A060HK91"	73058000	41504000	13093000	79234000	18795000	10631000	9525600	0	24856000	0	20335000	13599000	0	0	7147800	31225000	11985000	32766000	27769000	39532000	58231000	38472000	34290000	48015000	21657000	18330000	18277000	33912000	23040000	24562000	24372000	15358000	22900000	12897000	71944000	45241000	55557000	63902000	76995000	21204000	23171000	11513000	10331000	18569000
"A0A060HK93"	14550000	20386000	0	12625000	0	0	0	0	6507600	0	0	0	0	0	0	0	0	0	0	0	0	0	0	0	0	0	0	12665000	0	0	0	0	0	0	0	0	0	0	6979200	0	6637800	0	0	0
"A0A060HK99"	0	0	0	0	0	0	0	0	0	0	0	0	0	0	0	0	0	0	0	0	0	0	0	0	0	0	0	0	0	0	0	0	8895400	0	0	0	0	0	0	0	0	0	0	0
"A0A060HKA6"	23971000	21829000	13438000	16603000	16133000	11174000	12207000	18057000	20597000	0	14608000	0	0	0	0	0	0	9865800	0	17045000	16891000	17281000	20750000	16880000	19644000	16541000	17244000	17554000	15897000	17843000	14131000	0	16508000	13858000	21016000	18606000	16372000	17629000	22579000	0	14713000	18010000	15319000	18942000
"A0A060HKA9"	172290000	189040000	158800000	125070000	150910000	155720000	188020000	144360000	150580000	7353800	134100000	83765000	39381000	24211000	60838000	112610000	128400000	108670000	108220000	155140000	145280000	153510000	135080000	162580000	175360000	179440000	138840000	142830000	149050000	84591000	94072000	98910000	76350000	84617000	134490000	115970000	105560000	121240000	115440000	164180000	178850000	128790000	156950000	162470000
"A0A060HKD5"	8193100	5688700	11225000	6319500	0	0	6344900	0	7327200	0	0	0	0	0	0	6462100	0	0	6275900	7852500	10401000	8682700	6308600	9427700	6479000	7948700	9568400	7317400	7741500	0	0	0	0	8039800	6670600	8619600	9073100	9681500	6503700	0	0	0	8281400	0
"A0A060HKD7"	5556100	0	0	0	0	4613600	0	0	0	7545200	0	0	0	0	9291500	0	0	0	5921200	6417400	4560300	0	0	0	4363400	0	0	0	4473900	6673200	6524900	5089300	0	6312500	0	0	0	3248500	0	0	4533500	0	0	0
"A0A060HKE4"	0	0	0	0	0	0	0	0	0	0	0	0	0	0	0	0	0	0	0	0	0	0	0	0	0	0	0	2000700	0	0	0	0	0	0	0	0	0	0	0	0	0	0	0	0
"A0A060HKE5"	400590000	358670000	2.8e+08	413730000	370300000	337720000	401320000	357790000	423830000	554070000	622360000	568020000	566490000	668100000	755270000	469780000	605450000	507490000	583990000	401630000	375480000	458760000	374480000	412200000	369910000	498520000	446750000	479220000	471120000	625310000	568150000	534140000	510140000	626760000	586790000	613660000	676190000	477430000	516680000	362330000	357090000	355840000	447330000	385760000
"A0A060HKE6"	0	0	0	0	0	0	0	0	0	0	0	0	0	0	0	0	0	0	0	0	0	0	0	0	0	0	0	0	0	0	0	0	0	807610	0	0	0	0	0	0	0	0	0	0
"A0A060HKE9"	54857000	65769000	69474000	79720000	68254000	70038000	90150000	74902000	102300000	0	73667000	9944400	20344000	0	9354700	39424000	94518000	53385000	43786000	97690000	68661000	89925000	89102000	100960000	91461000	123510000	111470000	97629000	92221000	55329000	49012000	38923000	55483000	70881000	84542000	87101000	92770000	89517000	118650000	102980000	92840000	88253000	106830000	92163000
"A0A060HKF0"	0	0	0	0	0	0	0	0	0	0	0	0	0	0	0	0	0	0	0	0	0	0	0	0	0	0	0	0	0	0	0	0	0	0	0	0	0	0	2395800	0	0	0	0	0
"A0A060HKF3"	3602200	0	0	0	0	2392900	0	0	0	0	0	0	0	0	0	3137500	0	0	0	0	0	0	0	0	2434300	0	0	0	0	0	0	2759500	0	3693700	0	0	0	0	0	0	0	0	0	0
"A0A060HKF5"	200070000	162120000	180370000	199570000	207870000	158710000	211380000	186720000	186880000	90242000	197180000	134420000	93905000	116570000	93137000	164680000	191340000	181680000	148400000	188580000	169140000	197540000	200130000	179300000	184500000	189900000	221370000	210880000	199610000	167720000	132330000	159410000	151980000	175700000	207250000	203140000	237050000	182540000	255030000	172420000	175180000	210700000	169430000	154460000
"A0A060HKF9"	7614400	8722100	0	6640500	0	10116000	7548500	7507000	7322500	0	0	0	0	0	0	0	0	5236000	0	7675000	0	8448900	0	8546800	8656100	0	10036000	9952500	9325700	0	0	0	0	0	0	0	0	0	0	0	5822300	7047400	0	0
"A0A060HKG3"	0	0	0	0	0	0	0	0	0	0	0	0	0	0	0	0	0	0	0	0	0	0	0	0	0	0	0	0	0	0	0	0	0	0	0	0	0	0	0	0	0	0	1413400	0
"A0A060HKG4"	0	0	0	0	0	0	0	0	0	0	0	0	0	0	0	0	0	0	0	0	0	0	2315100	0	0	0	0	0	0	0	0	0	0	0	0	0	0	0	0	0	0	0	0	0
"A0A060HKG5"	21235000	23054000	0	26674000	0	12197000	15667000	0	15581000	0	0	14128000	0	0	0	0	0	16694000	0	0	18582000	17090000	23186000	16874000	0	0	0	20893000	12554000	16416000	0	21018000	25802000	0	21569000	0	11244000	19209000	0	13552000	0	16610000	9834900	11450000
"A0A060HKH1"	0	0	0	0	0	0	0	0	0	0	0	0	0	0	0	0	0	0	0	0	0	0	0	0	0	0	0	0	0	0	0	3305700	0	0	0	0	0	0	0	0	0	0	0	0
"A0A060HKH4"	9106600	8975300	0	0	9210000	11545000	10314000	0	9881000	0	10148000	0	0	0	14945000	8372500	0	0	12880000	11312000	12495000	11753000	8000700	7844000	0	13272000	11004000	8332300	8384200	9585500	0	12550000	11893000	12782000	10589000	10287000	9430700	10750000	8573900	9973200	12020000	0	8505800	0
"A0A060HKH7"	34865000	77590000	80691000	78861000	77782000	96041000	66225000	69360000	79809000	21829000	69398000	56243000	25832000	27759000	29675000	69601000	52429000	90984000	58618000	83552000	57721000	74206000	72757000	73667000	68635000	71116000	84822000	67607000	91243000	50116000	43656000	34636000	51692000	44723000	60994000	57333000	57281000	70992000	63318000	66449000	86385000	68243000	70294000	65966000
"A0A060HKI3"	44209000	54753000	53204000	35799000	45716000	58317000	47891000	47939000	44690000	40219000	53383000	73008000	67506000	49851000	84175000	57394000	49352000	46200000	53847000	50698000	49653000	44623000	39816000	53777000	44822000	54065000	47358000	44354000	38392000	56870000	69175000	61968000	58482000	63697000	53024000	43940000	41204000	59248000	49528000	51483000	64412000	46201000	46024000	47439000
"A0A060HKI6"	99025000	101710000	174480000	113350000	120610000	128740000	126730000	119250000	105340000	53787000	106440000	65719000	37858000	48942000	49604000	69270000	128930000	83991000	74025000	114430000	110200000	105260000	94100000	110070000	108970000	131820000	113120000	123850000	120060000	102840000	86690000	74263000	89509000	108140000	97826000	109490000	138010000	106340000	138340000	108250000	119930000	109840000	131770000	104380000
"A0A060HKJ0"	4281100	0	0	4758700	3275100	0	4412400	0	4345800	0	0	0	0	0	0	3309300	0	0	2942100	3933500	4802500	3719100	0	4456900	4516500	4514200	0	2720700	3995700	0	0	0	2808000	3812800	0	4452500	0	5772200	0	0	4731400	4265900	3784700	4924800
"A0A060HKJ7"	8176900	6943000	0	8164200	0	0	0	0	4878700	0	0	0	0	0	0	0	0	0	0	5661600	6624900	0	4612300	5004700	6170800	0	0	4594700	0	0	0	0	0	0	0	0	0	0	0	4295700	0	4430700	0	0
"A0A060HKK0"	118420000	97800000	58475000	137790000	112250000	88337000	128680000	107740000	130460000	80128000	163240000	57996000	1.01e+08	99289000	131830000	92482000	137390000	123460000	121110000	111320000	112480000	164800000	141380000	128690000	98990000	130620000	134300000	144260000	151170000	170330000	110080000	93695000	147080000	139730000	145700000	122870000	144840000	135950000	119570000	127870000	143030000	131270000	150200000	155690000
"A0A060HKK3"	45685000	48970000	55039000	43242000	40893000	45857000	38985000	39919000	43772000	120070000	66003000	45999000	113030000	118020000	78508000	51598000	47178000	48550000	49728000	45548000	44739000	57359000	46530000	46736000	43490000	39706000	43296000	44239000	46273000	54934000	48014000	46858000	48563000	58593000	60317000	56358000	51439000	48052000	58456000	41658000	40305000	41477000	39017000	37473000
"A0A060HKK7"	8365200	8142200	11167000	9869500	8281800	10178000	9756300	7411100	10114000	0	11653000	14746000	9464800	0	11935000	8985500	0	8985700	9481900	8383200	9016100	10900000	7936400	8918700	8301000	9051500	10094000	7748800	9651200	12080000	10166000	12615000	11669000	12437000	10737000	14264000	11268000	14728000	17483000	8626900	10292000	13078000	14583000	11798000
"A0A060HKL0"	31272000	20140000	21300000	18494000	22521000	20883000	11057000	20084000	19855000	11336000	17303000	28719000	16805000	12990000	19551000	21880000	0	17185000	18932000	26609000	21316000	13893000	21401000	19458000	23521000	14864000	17691000	21873000	17011000	19308000	16050000	21301000	18853000	20468000	17743000	18356000	13519000	18409000	0	24088000	17835000	22849000	16050000	20210000
"A0A060HKL2"	318320000	310810000	327760000	310880000	318210000	289160000	247190000	288470000	325310000	222840000	317620000	258960000	300090000	273600000	408010000	269240000	341030000	296050000	287710000	310860000	315900000	368760000	268320000	320370000	298840000	385020000	345820000	351210000	341030000	325590000	311840000	262480000	276650000	367680000	331750000	349570000	337950000	324850000	280730000	298560000	304010000	275510000	314980000	273740000
"A0A060HKL4"	0	0	0	0	0	0	0	0	0	0	0	0	0	0	0	0	0	0	0	0	0	0	0	0	0	0	0	0	0	0	0	0	0	0	0	0	0	2255800	0	0	0	2743100	0	0
"A0A060HKL6"	0	0	0	0	0	0	0	0	0	0	0	0	0	0	0	0	0	0	0	0	0	0	0	0	0	0	0	0	0	0	0	0	0	0	0	0	0	0	0	0	0	3595900	0	0
"A0A060HKM2"	23832000	23275000	31722000	30287000	22687000	23976000	28591000	19523000	24325000	0	34766000	30275000	10113000	0	25463000	27924000	36340000	32385000	31501000	29609000	37158000	29994000	27260000	27545000	24183000	31957000	30519000	26825000	28876000	33333000	33628000	26760000	30939000	36709000	35182000	35547000	35697000	28752000	40294000	27834000	29508000	25333000	29950000	27372000
"A0A060HKM5"	0	0	0	1587900	0	0	0	0	0	0	0	0	0	0	0	0	0	0	0	0	0	0	0	0	0	0	0	0	0	0	0	0	0	0	0	0	0	0	0	0	0	0	0	0
"A0A060HKM6"	0	0	0	0	0	0	0	0	0	0	0	0	0	0	0	0	0	0	0	0	0	0	0	0	0	0	0	0	0	0	0	0	0	0	0	0	0	0	0	0	0	2010700	0	0
"A0A060HKM8"	192360000	138990000	115470000	109730000	156940000	140470000	1.02e+08	137830000	128300000	145830000	160330000	132400000	151920000	140260000	163270000	168100000	142030000	117220000	115590000	188470000	151860000	167410000	112550000	128260000	152030000	136280000	137630000	133960000	105530000	176100000	142120000	119650000	103180000	119660000	152640000	130630000	130030000	112320000	97081000	156210000	106370000	105880000	94062000	107940000
"A0A060HKN0"	5720800	5014100	6863800	5166000	5067100	4121600	5227600	4812400	4881300	0	0	0	0	0	0	0	0	2807800	0	4986100	5003100	6428000	4189900	6691400	5823500	5813500	6371300	6627000	5070500	0	0	0	0	0	2514300	0	3573000	0	0	5316400	3486600	0	5342200	5570900
"A0A060HKN1"	244250000	209180000	228200000	200420000	196600000	1.78e+08	192290000	208600000	197340000	229020000	281450000	239230000	214490000	216610000	302910000	243050000	278810000	208750000	224160000	257500000	216860000	224540000	185960000	250210000	190310000	228440000	212330000	235570000	201260000	242290000	272390000	229560000	251950000	279730000	241980000	241240000	243980000	243930000	251030000	227740000	216080000	197210000	215580000	186220000
"A0A060HKN3"	10675000	0	0	6145600	0	0	0	0	6262800	0	0	0	0	0	0	0	0	0	0	10165000	10097000	12169000	8662300	7020500	5714700	5150700	0	11025000	5920300	0	0	0	0	0	0	0	0	0	0	8248600	4682300	4958400	0	6633800
"A0A060HKN5"	0	0	0	0	0	0	0	0	0	0	0	0	0	0	5721100	0	0	0	0	0	0	0	0	0	0	0	0	0	0	0	0	0	0	0	0	0	0	0	0	0	0	0	0	0
"A0A060HKP0"	51699000	44571000	62552000	59694000	43812000	33601000	38823000	29760000	45440000	135970000	41804000	73038000	89585000	94856000	42536000	55713000	48010000	70190000	41829000	44927000	59657000	41141000	81804000	39668000	61354000	39764000	40871000	38395000	37437000	55271000	54761000	96129000	78012000	44052000	49762000	35078000	50401000	41267000	35190000	48230000	55702000	80134000	34753000	43645000
"A0A060HKP8"	23525000	23906000	20360000	20286000	23597000	20027000	18252000	11813000	14350000	0	8300700	0	0	0	0	5517900	0	0	8186600	20577000	17952000	12877000	12777000	19040000	17590000	11813000	14334000	18614000	15409000	4789900	5317700	6393600	0	4528300	8968100	0	4950600	6282600	0	11961000	12670000	8505000	0	11384000
"A0A060HKQ8"	15032000	25476000	23673000	20822000	15101000	14157000	12787000	0	16379000	0	0	0	0	0	11235000	20250000	0	23404000	21135000	9615200	18807000	14057000	19951000	0	12898000	11253000	15480000	1.3e+07	14927000	23863000	24278000	22314000	23595000	16774000	15778000	0	11521000	12578000	11128000	0	10677000	11094000	13443000	13132000
"A0A060HKS1"	37624000	49197000	59653000	34165000	39589000	63443000	53892000	47353000	49445000	59745000	40434000	53818000	53141000	62355000	52493000	49568000	52065000	35954000	47769000	40015000	40208000	43070000	42662000	41415000	40953000	56957000	46256000	43149000	42719000	59184000	57378000	54856000	53458000	65007000	33746000	42567000	42109000	43718000	42605000	48611000	58672000	49690000	64919000	54282000
"A0A060HKS4"	302950000	220430000	266200000	187760000	257310000	225410000	192830000	223730000	193500000	47889000	206780000	143560000	16997000	12373000	70153000	146400000	179630000	126190000	149440000	271090000	231090000	172270000	165490000	223120000	267590000	172740000	197900000	170110000	149960000	114920000	108750000	66908000	75112000	127160000	149520000	149660000	160660000	175240000	156310000	214620000	152460000	165390000	105010000	161030000
"A0A060HKS5"	118730000	88124000	62187000	103100000	105600000	93297000	98904000	108800000	93832000	50900000	92638000	60207000	58944000	59004000	61135000	74595000	76430000	73362000	96531000	123370000	79977000	107360000	97211000	103230000	1.16e+08	92526000	101080000	99112000	125980000	72647000	66645000	70135000	81683000	93797000	103800000	91044000	103040000	85679000	45659000	93496000	86989000	111380000	102390000	86497000
"A0A060HKS8"	35845000	27005000	28381000	30810000	36941000	33643000	32503000	36364000	33339000	0	36660000	26014000	19124000	24186000	22977000	30153000	26601000	27478000	28303000	39335000	27657000	35586000	34215000	35420000	33355000	35463000	37859000	40297000	36769000	29050000	28733000	37159000	29976000	29287000	39865000	26251000	41068000	28307000	32274000	42520000	33058000	30439000	36235000	29686000
"A0A060HKS9"	7342500	0	0	0	0	0	6275300	0	9639700	0	0	0	0	0	0	0	0	0	0	0	0	0	0	0	0	0	7025300	7005300	7642000	0	0	0	0	0	10485000	8762500	8270600	10876000	9820000	0	0	11550000	11586000	8589600
"A0A060HKT0"	78743000	75542000	50297000	52887000	56926000	60768000	66196000	65530000	74396000	39558000	89155000	53563000	72303000	13316000	69051000	71243000	98918000	72125000	89511000	68083000	70090000	73749000	57190000	85789000	70698000	87424000	60675000	57405000	74465000	70177000	86880000	83081000	86516000	85669000	82758000	82822000	83301000	84111000	80541000	76610000	79974000	67389000	82783000	84071000
"A0A060HKT3"	0	4272300	7557500	4154000	0	5062700	5468500	0	3816400	12630000	0	0	0	9964900	8985300	6596500	0	4994400	6592300	5606500	0	4101500	3959800	4449000	5062500	5584800	4097600	4780800	4038200	3900700	6749400	5992100	6544700	4381400	3680700	5221300	4479000	4271300	4744700	5640500	4933900	4250700	4849300	3685900
"A0A060HKT7"	63543000	73840000	54324000	61254000	52423000	53879000	54609000	49258000	57661000	64007000	56312000	63145000	57998000	45706000	62763000	57217000	56940000	51900000	60164000	66207000	63675000	53581000	58898000	57579000	54587000	59294000	57491000	47317000	57369000	46225000	55006000	55834000	50116000	51287000	52754000	49238000	51769000	49282000	56263000	61683000	55769000	55377000	54536000	59662000
"A0A060HKT8"	12919000	14984000	0	0	0	16624000	11850000	0	11760000	0	10899000	0	0	0	14502000	12790000	15224000	0	12422000	12524000	14203000	10545000	10846000	0	13476000	0	12466000	10863000	0	11189000	10919000	9703500	11209000	12579000	9520600	10840000	0	9571300	0	9599400	11644000	9259000	10723000	11314000
"A0A060HKU3"	346570000	351570000	298490000	337110000	3.95e+08	318160000	338110000	339840000	337850000	458460000	608960000	567150000	629450000	530230000	596150000	641510000	464840000	628430000	634050000	448750000	396660000	475070000	525230000	446070000	415140000	306990000	418150000	410740000	401060000	620690000	602090000	684130000	656910000	570220000	551210000	465080000	486710000	417480000	309620000	432090000	375590000	464750000	405900000	373870000
"A0A060HKU4"	189420000	230970000	269250000	162080000	193970000	223880000	220870000	223340000	197160000	204810000	195770000	293520000	245560000	164470000	252520000	234140000	223890000	241210000	234730000	177940000	209400000	175310000	193410000	173150000	190340000	211530000	177010000	177100000	174270000	192830000	215410000	231460000	196230000	176350000	188510000	174370000	183820000	214340000	196920000	222390000	225930000	211590000	192500000	212480000
"A0A060HKU6"	156230000	114690000	106060000	101700000	122760000	89662000	110500000	113090000	106330000	317050000	324580000	317590000	269080000	294670000	233820000	262230000	255450000	231470000	253010000	173680000	130470000	144700000	109370000	168140000	132750000	128290000	106290000	124070000	104520000	295370000	296670000	213140000	277670000	251760000	267320000	258090000	260070000	240010000	266110000	167260000	103530000	98029000	102870000	116390000
"A0A060HKV1"	38621000	40190000	32438000	30477000	36057000	26158000	22022000	22532000	20362000	20032000	0	38177000	15635000	0	23903000	35873000	23032000	29198000	38633000	46403000	37672000	27927000	31541000	37307000	37228000	22648000	20425000	22127000	19624000	31296000	68868000	89649000	113810000	62259000	3.1e+07	22016000	23092000	21950000	32043000	33271000	27132000	27529000	22608000	29071000
"A0A060HKV2"	51107000	46256000	55525000	50941000	46666000	46239000	53400000	42578000	43609000	61135000	56155000	64269000	44490000	36179000	51796000	58167000	61080000	62779000	61192000	52089000	56555000	38261000	45443000	49626000	46076000	42093000	45046000	43664000	43632000	47027000	52974000	51081000	54049000	47874000	40417000	46841000	46216000	44407000	62072000	41197000	39963000	45041000	40762000	44063000
"A0A060HKV3"	17323000	0	0	0	15282000	0	12947000	13996000	15895000	0	10566000	0	0	0	0	0	14869000	10197000	0	15253000	10034000	18738000	14035000	15369000	13652000	15987000	18852000	21585000	15392000	31250000	16033000	14039000	18335000	31230000	23630000	19002000	24937000	15140000	0	16158000	12760000	14774000	15194000	11499000
"A0A060HKV5"	266700000	257420000	234460000	2.4e+08	298490000	213880000	242870000	259240000	263020000	277020000	347660000	280650000	299720000	295540000	300610000	272190000	288770000	258650000	279170000	268110000	241700000	314980000	251920000	291300000	236100000	297290000	239650000	324440000	261550000	360170000	348070000	309260000	256060000	261960000	342660000	290470000	317420000	278950000	222240000	325860000	246210000	257830000	262080000	281690000
"A0A060HKV7"	13614000	10918000	18833000	9129500	12134000	12677000	18808000	11130000	0	0	5509900	0	0	0	0	0	0	0	0	11754000	12470000	12893000	7286800	13717000	10390000	12839000	14164000	9715500	9236800	0	0	0	0	0	0	0	0	0	0	9431400	7312300	10622000	0	9290400
"A0A060HKW1"	432180000	360450000	527310000	561600000	819710000	669750000	647200000	662880000	509100000	6447800000	1604700000	1166100000	1996500000	3848400000	1698600000	1526800000	1382800000	684020000	1131600000	1013900000	869910000	690650000	167630000	194270000	744780000	799990000	1140500000	966640000	487010000	0	0	0	0	0	0	0	0	0	0	309690000	0	0	0	18293000
"A0A060HKW4"	42561000	29575000	40682000	27494000	38202000	36533000	24312000	31903000	35120000	0	30052000	0	0	0	17227000	39253000	29290000	19981000	22356000	42501000	44349000	33212000	28835000	26841000	34473000	30700000	32316000	30912000	18693000	27538000	25056000	19344000	0	21699000	31357000	26561000	29250000	27846000	23120000	32795000	23797000	22932000	15533000	23134000
"A0A060HKW5"	5942600	7827900	0	7192000	5842900	0	0	0	5588600	0	0	0	0	0	0	0	0	0	0	0	6738600	0	8446600	0	8383200	0	0	7329100	0	0	0	0	0	0	0	0	0	0	0	0	0	5999900	0	0
"A0A060HKW7"	0	11091000	14929000	10227000	9678800	9797900	0	0	0	0	11387000	0	0	0	17564000	0	13948000	10073000	0	7516100	0	6435100	6907300	9630800	0	9057700	9467000	11052000	0	0	11877000	13959000	13993000	9106100	6944100	0	9136100	6987000	0	6774900	8611700	0	7314700	8612400
"A0A060HKW9"	58029000	67757000	61297000	49752000	51436000	60952000	56748000	66006000	59258000	0	51645000	64072000	27971000	11314000	40100000	49178000	58698000	46482000	45924000	59755000	55029000	48329000	55206000	59085000	62631000	71593000	56937000	49433000	57641000	54231000	63464000	61260000	63651000	59044000	60548000	68355000	58044000	64820000	81673000	74623000	70853000	67086000	63138000	67099000
"A0A060HKX3"	5387100000	4289800000	5444800000	4430700000	4819400000	3922600000	4.512e+09	6473100000	4742800000	1.2081e+10	5471400000	1.7001e+10	8152900000	1.0596e+10	4358400000	6111900000	4924500000	7461200000	5207700000	4272800000	5.013e+09	4224600000	5312100000	4433300000	6885300000	4388800000	5793300000	3904600000	3908800000	4759400000	4274900000	4683800000	5570300000	3868400000	4634600000	5095400000	5.501e+09	5650100000	6302300000	4638400000	3073700000	4819400000	4074700000	4523100000
"A0A060HKX4"	15445000	11185000	16520000	12670000	12049000	12326000	13306000	15321000	13505000	17613000	10683000	19749000	10725000	14147000	15545000	9897800	16608000	13232000	11676000	18791000	14739000	10077000	9696700	17289000	13970000	0	12165000	10601000	17408000	11417000	11735000	12538000	14296000	15259000	11502000	10634000	11154000	11317000	11189000	14136000	13005000	9142800	13576000	16036000
"A0A060HKX6"	48257000	44958000	41347000	40947000	42373000	42665000	45116000	41779000	37512000	48649000	57148000	66601000	52793000	44195000	61184000	55284000	40957000	43893000	49127000	47653000	42659000	40773000	38127000	44350000	37338000	38670000	34641000	41751000	31431000	48363000	44978000	48139000	41737000	50600000	53865000	42522000	42994000	44236000	44357000	42839000	36529000	41019000	32767000	32877000
"A0A060HKX8"	0	0	0	0	0	0	0	0	0	0	0	0	0	0	0	0	0	0	0	0	0	0	0	0	0	0	0	0	0	0	2326900	0	0	0	0	2395800	0	0	0	0	0	1806100	0	0
"A0A060HKY1"	0	0	0	0	0	0	0	0	0	0	0	0	0	0	0	0	0	0	0	0	0	0	0	0	0	0	0	0	0	0	0	1292800	0	0	0	0	0	0	0	0	0	0	0	0
"A0A060HKY2"	49696000	45035000	44763000	41300000	43349000	39799000	38978000	45567000	39361000	29794000	37791000	44633000	29601000	27296000	33428000	47064000	45773000	38578000	43397000	47368000	51082000	39492000	41320000	48719000	44817000	52122000	39425000	40018000	37611000	31605000	47747000	32811000	34035000	33964000	37266000	42188000	41210000	39292000	53453000	50594000	44843000	36539000	38302000	51640000
"A0A060HKY4"	0	0	0	0	0	0	0	0	0	0	0	0	0	0	0	0	0	0	0	0	0	0	0	0	0	0	0	0	0	0	0	4671200	0	4740300	0	0	0	0	0	0	0	0	0	0
"A0A060HKY7"	253230000	280300000	240390000	278620000	222780000	215780000	189840000	335980000	294120000	63080000	174950000	160650000	92969000	29132000	108520000	204810000	210310000	132930000	186860000	279930000	228970000	203410000	307250000	258790000	225340000	187820000	307250000	299860000	228250000	159850000	182970000	72797000	197380000	184130000	223230000	183300000	154480000	182520000	203940000	307010000	293410000	212370000	234190000	211290000
"A0A060HKY9"	0	0	0	17245000	0	0	0	0	0	0	82434000	73648000	32797000	56373000	26756000	76808000	66142000	85557000	58889000	43876000	53509000	68069000	62578000	57774000	38688000	30054000	24560000	25785000	27032000	66566000	66440000	59886000	74092000	40827000	55902000	47800000	59854000	65507000	43011000	51142000	46754000	42105000	56824000	50839000
"A0A060HKZ1"	0	11286000	11797000	5369600	0	19709000	18553000	18046000	14352000	0	0	0	0	0	0	0	13423000	0	5754000	16274000	10899000	17381000	18142000	17301000	4956800	17991000	25066000	20052000	16595000	6222900	0	5366500	0	12591000	7929900	9024700	13550000	7042400	0	13247000	26962000	20314000	24721000	22008000
"A0A060HL03"	12158000	9736100	0	9926900	9769200	7499700	7846000	0	9566800	0	0	0	0	0	8222000	7724400	0	8824700	0	11369000	0	10554000	8725800	9415900	7020500	0	10668000	12507000	0	0	0	0	0	0	8589800	0	10437000	5668300	0	8177300	0	7851900	5904100	7044400
"A0A060HL06"	0	8130900	5139900	0	0	5356400	0	0	5147700	0	0	0	0	10893000	0	0	0	7533100	7326000	0	5521800	0	0	0	0	0	0	0	7610000	12315000	9896500	9530400	0	7042400	6003500	0	0	3735000	0	0	6109300	3948000	6385000	6816000
"A0A060HL07"	284500000	231750000	319020000	250560000	213100000	247450000	218320000	255790000	284620000	82980000	138070000	246310000	119350000	51347000	103840000	182790000	180380000	156820000	170470000	227460000	227170000	184440000	227250000	200690000	286260000	224790000	231470000	223730000	193610000	144290000	139140000	128540000	193110000	159770000	201070000	194930000	238410000	246910000	194410000	221690000	204780000	237280000	233450000	220610000
"A0A060HL08"	477650000	326610000	276970000	370880000	297400000	254130000	3.24e+08	241140000	298440000	136050000	294840000	210120000	102410000	143160000	138800000	254280000	264800000	196120000	222660000	425150000	344870000	398960000	309860000	368970000	280700000	330990000	289600000	337460000	306120000	339230000	209410000	170270000	143510000	222810000	382680000	248990000	288120000	243710000	302500000	384970000	242980000	285920000	243560000	281350000
"A0A060HL11"	46575000	28374000	35616000	42009000	38941000	26309000	34713000	37175000	35839000	24320000	33370000	36502000	24254000	21347000	32606000	27104000	19883000	30246000	31585000	36256000	36105000	36424000	39800000	34778000	41106000	37233000	43456000	48001000	37195000	24833000	24318000	25097000	26475000	27802000	26904000	25880000	33862000	27259000	0	37897000	30958000	38567000	33458000	28744000
"A0A060HL12"	1217400000	971820000	1.819e+09	1277900000	1199900000	1216500000	1298500000	1470600000	1207100000	973200000	1163300000	1111600000	1039900000	1077600000	910240000	902710000	1218500000	1186300000	897070000	1144200000	981500000	950100000	1.204e+09	1.25e+09	1204300000	1094500000	997810000	1.077e+09	916960000	1117900000	929230000	1076200000	1158600000	1033600000	1050600000	1226900000	1332600000	1159500000	1561900000	1332200000	847370000	1055100000	1079600000	1143500000
"A0A060HL17"	0	0	0	0	0	0	0	0	0	0	0	0	0	0	0	0	0	0	0	0	0	0	0	0	0	0	0	0	0	0	0	0	0	3401000	0	0	2645400	0	0	0	0	0	0	0
"A0A060HL18"	0	0	0	0	0	0	0	0	0	0	0	0	0	0	0	0	0	0	0	0	0	0	3577900	0	0	0	0	0	0	0	0	0	0	0	0	0	0	0	0	0	0	0	0	2957100
"A0A060HL27"	9958100	0	0	11695000	0	6096800	8750900	0	12556000	0	10426000	0	0	0	0	0	14662000	0	0	11629000	10625000	12106000	7756600	10829000	8814600	18018000	12265000	8591900	13940000	0	0	5414200	0	7774200	10244000	9153900	9422500	10106000	12883000	10709000	9889000	9180300	14065000	11451000
"A0A060HL32"	0	0	3205500	0	0	0	0	0	0	0	0	0	0	0	0	0	0	0	0	0	0	2994400	0	0	0	0	3429300	0	0	0	0	0	0	0	0	0	0	0	0	0	0	3419100	0	0
"A0A060HL36"	0	0	0	0	0	0	0	0	0	0	0	0	0	0	0	0	0	0	0	0	0	0	0	0	0	0	0	0	0	0	0	0	0	1796200	0	0	0	0	0	0	0	0	0	0
"A0A060HL39"	1316700000	1068500000	1620300000	1160900000	1431300000	1301600000	1384300000	1.779e+09	1248600000	580590000	890050000	997540000	620820000	571950000	675940000	603630000	904160000	656820000	632780000	1.335e+09	1.102e+09	1099500000	1266200000	1148300000	1.396e+09	1.224e+09	1358500000	1174600000	1170400000	529020000	583060000	718850000	625810000	588380000	654010000	543280000	737670000	604500000	700070000	1307500000	1049900000	1.241e+09	1242300000	1110800000
"A0A060HL43"	165480000	165880000	210950000	136360000	147830000	153030000	145220000	145110000	142920000	96244000	132530000	119540000	125230000	113840000	147630000	104030000	143340000	97676000	120700000	137650000	143640000	119760000	110880000	152470000	143330000	172310000	118680000	141890000	140440000	85739000	101610000	83563000	89118000	99624000	85488000	92301000	105850000	119660000	109040000	156850000	150610000	125850000	145230000	155630000
"A0A060HL45"	46035000	39295000	50151000	37616000	51339000	66470000	63985000	61798000	65045000	0	0	0	0	0	0	0	52357000	0	0	57185000	40798000	69837000	47585000	63937000	63260000	82678000	79354000	58766000	57168000	0	0	0	0	0	0	0	13923000	0	0	60353000	48610000	62180000	95841000	59593000
"A0A060HL48"	239610000	279820000	250410000	198530000	222970000	222160000	254540000	245430000	232700000	283300000	210330000	230460000	234730000	259890000	245170000	195620000	226730000	188640000	222210000	204390000	207130000	204200000	218730000	230200000	254350000	238860000	203640000	199880000	218420000	141810000	156590000	159960000	165330000	138060000	163180000	160470000	162780000	164890000	205070000	251960000	225360000	188180000	224710000	242070000
"A0A060HL52"	337040000	242320000	230410000	293570000	293140000	231330000	256630000	2.67e+08	257880000	28773000	294430000	99553000	41457000	40186000	65335000	181110000	310990000	251890000	222520000	325460000	288060000	278230000	314230000	340240000	294470000	278890000	337480000	296670000	322600000	195810000	96585000	49285000	127280000	220360000	265110000	254780000	338970000	250040000	295140000	333910000	278760000	301480000	289610000	299090000
"A0A060HL54"	42560000	37581000	49692000	64598000	48451000	42424000	52603000	45642000	51821000	50362000	36611000	66628000	47289000	52785000	43872000	39167000	28952000	62971000	49922000	51215000	50858000	29175000	46409000	34385000	51570000	43806000	51919000	28558000	45178000	56622000	52821000	58607000	63359000	60714000	38185000	59485000	66186000	65236000	45659000	38303000	37701000	67030000	57419000	53089000
"A0A060HL58"	104850000	111850000	69704000	110170000	117440000	106920000	108450000	108800000	96610000	87063000	104980000	67997000	100310000	107080000	113410000	88697000	74852000	84146000	91748000	89898000	88327000	125800000	101990000	101980000	90413000	99869000	96400000	139350000	118420000	70511000	65157000	65070000	62303000	56070000	105800000	80214000	94845000	67943000	64303000	91694000	82443000	87891000	104050000	88839000
"A0A060HL59"	1045200000	806510000	919430000	860500000	1005300000	840900000	955550000	1015100000	876110000	422770000	852520000	703350000	567880000	479890000	664600000	7.04e+08	771310000	695830000	707550000	943290000	819260000	789370000	875570000	856130000	966100000	857220000	924610000	885620000	807870000	655960000	637100000	737670000	704180000	661130000	876260000	726670000	863630000	825960000	765230000	1045200000	858590000	1023400000	936770000	854770000
"A0A060HL62"	0	0	0	4963000	0	0	5319100	0	4855700	0	0	0	0	0	0	0	4450600	0	0	0	0	4785400	0	5431600	0	6111000	0	5964700	0	0	0	0	0	4797000	0	4984500	6885700	4316800	6482400	5372300	5936100	3316500	6466900	0
"A0A060HL71"	0	0	0	0	0	0	0	0	0	0	0	0	0	0	0	0	0	0	0	0	0	0	0	0	0	0	0	0	0	0	0	0	0	2321800	0	0	0	0	0	0	0	0	0	0
"A0A060HL74"	17697000	15335000	0	13378000	17116000	8779200	11683000	14134000	12520000	0	20224000	0	0	0	15708000	11942000	14845000	16689000	23290000	14417000	11603000	22706000	14042000	19960000	15869000	14181000	10848000	21111000	23304000	24524000	27001000	18965000	21840000	28651000	24266000	22323000	18422000	18382000	10213000	17437000	15343000	20342000	25438000	20313000
"A0A060HL75"	192680000	224110000	268080000	172110000	1.99e+08	217510000	190890000	196420000	188690000	185570000	211580000	247530000	201590000	203470000	255760000	199110000	234420000	198750000	217360000	206620000	193420000	205760000	181570000	216960000	178190000	218300000	186190000	176840000	192040000	187160000	230100000	229130000	204950000	2.18e+08	196380000	168820000	171540000	197390000	194820000	202410000	229460000	192710000	210680000	200960000
"A0A060HL76"	28223000	25235000	0	28954000	0	24346000	30003000	0	23184000	8866300	20740000	9690300	0	0	0	16324000	0	14141000	0	26649000	28285000	31634000	22290000	25601000	22246000	29058000	43062000	27931000	0	0	12667000	12273000	0	0	13752000	0	19467000	0	16760000	0	19269000	0	15492000	21974000
"A0A060HL87"	0	0	0	0	0	5001300	0	4786900	0	0	0	0	0	0	0	0	6870700	4180000	0	5670300	5631200	5455500	5519900	5747400	0	7265000	4969800	0	0	5714900	5359800	4456300	5395700	0	0	8329500	6297600	5809700	8750100	0	6449800	4559600	7843300	7857300
"A0A060HL88"	151890000	146410000	115510000	122130000	135700000	121450000	1.44e+08	151460000	130970000	123440000	192340000	145390000	162580000	146990000	168710000	150200000	180560000	128410000	163770000	154020000	126820000	164410000	143030000	179270000	152690000	148560000	116680000	141610000	139150000	152580000	179830000	144500000	162680000	152720000	172410000	169530000	157760000	140420000	118700000	175360000	155730000	137880000	161950000	163600000
"A0A060HL93"	235790000	237580000	172450000	181760000	211330000	197030000	205830000	199370000	219620000	142550000	237920000	185870000	143880000	133140000	132640000	262440000	224270000	241130000	276710000	173620000	214720000	206200000	212750000	204040000	217420000	179490000	202410000	195690000	183510000	210010000	219400000	174270000	244270000	232140000	257810000	225340000	195120000	251290000	252940000	176750000	191030000	96847000	110730000	187240000
"A0A060HL94"	5545600	0	0	0	0	0	0	0	0	0	0	0	0	0	4030500	0	0	3990400	0	4291300	0	0	0	2499800	0	0	0	0	2709100	3782300	4518700	5176200	3969000	3816200	0	0	2803800	3574400	0	3448300	0	0	0	3337800
"A0A060HL95"	0	0	0	0	0	0	0	0	0	16419000	0	0	0	0	5133800	0	0	0	0	0	0	0	0	0	0	0	0	0	0	0	0	0	0	0	0	0	0	0	0	0	0	0	0	0
"A0A060HL96"	277270000	223650000	236900000	315700000	301530000	230570000	269120000	357880000	290430000	279720000	325570000	348870000	332740000	366350000	323490000	304670000	263620000	369960000	318270000	284340000	288210000	317740000	353850000	290200000	328410000	318480000	295500000	393820000	346780000	314780000	266570000	291360000	314850000	291890000	327760000	321930000	382080000	293130000	257650000	305680000	281930000	276890000	323190000	295890000
"A0A060HL98"	25853000	0	18299000	23232000	0	17514000	22568000	0	24579000	29680000	26274000	31413000	21428000	24865000	30132000	23668000	0	19575000	26996000	27807000	21933000	19947000	21468000	23803000	0	26138000	22991000	23786000	22842000	25181000	35857000	28664000	30608000	29922000	28506000	25308000	27223000	31734000	42042000	28820000	0	21962000	23705000	0
"A0A060HL99"	73245000	84267000	76440000	69141000	56638000	67643000	49303000	41789000	54636000	76206000	58862000	75401000	51794000	55722000	69722000	62914000	62050000	63160000	72355000	83516000	83880000	56067000	61597000	81680000	69269000	66752000	46459000	60784000	59985000	70809000	90660000	82509000	83465000	87430000	53762000	46363000	46460000	65037000	69745000	65284000	65269000	59340000	49975000	69952000
"A0A060HLA0"	319470000	220230000	270270000	284570000	287230000	207020000	270640000	225650000	241320000	0	229040000	2.1e+08	9463500	0	35071000	229620000	148900000	205230000	179640000	256500000	285430000	326300000	226260000	231150000	239040000	236980000	279770000	270290000	210520000	170940000	121550000	123340000	71569000	119500000	248260000	218270000	199230000	232600000	221400000	252970000	169060000	225940000	140290000	193090000
"A0A060HLA6"	2512900	0	0	0	0	0	0	0	3614100	0	4841900	0	0	0	0	0	5901300	0	4625500	3201200	4991100	0	0	4072900	0	4901400	0	0	4441300	0	4313100	0	4515800	6599900	2965600	4526600	3323700	5060100	6603300	0	5518100	3639200	4622400	4575600
"A0A060HLA7"	0	0	0	0	0	0	0	0	0	0	0	0	0	0	0	0	0	0	0	21035000	0	0	0	0	0	0	0	0	0	0	0	0	0	0	0	0	0	0	0	0	0	10192000	0	0
"A0A060HLA8"	22507000	24396000	16588000	26353000	29687000	20686000	19835000	25786000	25481000	8607300	27420000	0	18731000	10958000	26557000	25972000	22559000	26076000	26600000	25626000	22981000	31742000	22342000	26813000	21491000	24469000	24677000	30492000	29266000	24758000	22986000	21681000	26099000	25822000	28997000	20940000	27347000	19828000	22968000	22087000	22716000	23543000	22112000	19488000
"A0A060HLB0"	31869000	23159000	29495000	25278000	33710000	22744000	24491000	32931000	30156000	62479000	0	44191000	42682000	28466000	19326000	25077000	0	24245000	22206000	25356000	32575000	17334000	27713000	20524000	34897000	16320000	24621000	22035000	24901000	16219000	20455000	17742000	24976000	15751000	28115000	27250000	23116000	45201000	35199000	32651000	26367000	31538000	28786000	28513000
"A0A060HLB2"	22084000	25783000	26180000	20388000	17689000	21434000	15725000	14664000	17448000	73019000	25544000	34927000	61198000	61246000	41283000	27893000	14894000	25366000	31194000	21823000	18621000	20367000	21214000	16962000	16313000	15927000	16514000	15137000	12973000	28575000	28851000	28458000	33544000	37062000	27636000	26589000	17547000	20997000	27569000	17464000	17337000	20293000	15898000	16667000
"A0A060HLB5"	97632000	68693000	34165000	82040000	68297000	37500000	49908000	30295000	66647000	0	34544000	11268000	0	0	0	29263000	27808000	43642000	39434000	80477000	72379000	67611000	70339000	77809000	65319000	53840000	62958000	68708000	65397000	33828000	34625000	23763000	44514000	43338000	47161000	29352000	36196000	39731000	40293000	51336000	51331000	51507000	38259000	45135000
"A0A060HLB9"	542680000	579960000	399310000	568020000	618640000	549460000	570960000	606390000	539420000	1121700000	738920000	422530000	777390000	1158500000	662280000	555530000	608980000	477940000	571260000	592360000	519850000	618520000	559900000	570150000	502610000	550260000	581230000	684460000	633420000	686980000	744270000	566550000	581720000	522110000	681820000	532520000	587640000	458340000	494180000	613350000	522650000	500270000	535440000	543210000
"A0A060HLC0"	58315000	89331000	97164000	79577000	69574000	87157000	80652000	92831000	76267000	17762000	89994000	103410000	86900000	39858000	88338000	97635000	88816000	101870000	111530000	90970000	76905000	91599000	85049000	99908000	77826000	89373000	84071000	90058000	95368000	60453000	92942000	92540000	108350000	72863000	107320000	64957000	61076000	64126000	76005000	76120000	104920000	83286000	82524000	85320000
"A0A060HLC2"	13139000	9285600	10226000	12211000	12044000	0	13378000	0	10221000	0	9097700	0	4867300	0	7120600	0	10018000	0	8903700	13261000	0	0	10057000	11991000	10467000	0	0	11523000	8444400	0	6497400	0	5587800	7569700	8687300	8934100	0	7736900	0	11767000	0	11149000	9004100	8172400
"A0A060HLC3"	37167000	33034000	27289000	30517000	28173000	24764000	31730000	34036000	35582000	42767000	46594000	37423000	39681000	32343000	40983000	42363000	45092000	44667000	44775000	35372000	40201000	31960000	32661000	35170000	35074000	34217000	29259000	32690000	31269000	48837000	48040000	36772000	52173000	45982000	40979000	40654000	38253000	41139000	45741000	38356000	27969000	24761000	33109000	35704000
"A0A060HLD6"	435630000	392100000	575870000	499720000	475320000	458950000	533560000	571840000	476680000	41658000	407240000	118750000	24342000	36819000	54458000	2.27e+08	430710000	345110000	263550000	460470000	429210000	455550000	465430000	464100000	488820000	514700000	489780000	494700000	424020000	297460000	158730000	125090000	189110000	266280000	428160000	481740000	548710000	439810000	608520000	575120000	468170000	453180000	560690000	512640000
"A0A060HLD8"	170520000	178270000	230990000	160950000	183700000	168510000	166850000	197400000	168950000	176280000	170560000	224130000	191110000	191410000	190710000	212640000	165230000	191110000	169630000	160130000	206620000	152010000	157730000	163230000	194700000	169550000	160730000	148650000	139120000	131320000	153770000	158750000	140530000	101780000	149440000	149890000	153850000	190760000	185810000	180730000	167310000	159010000	149670000	172600000
"A0A060HLE3"	83251000	102540000	122480000	88950000	108480000	97684000	74457000	99103000	90219000	31123000	92195000	65907000	55689000	30972000	51839000	97268000	133470000	83653000	73041000	78885000	75824000	79999000	94357000	91088000	73156000	80388000	88429000	88318000	70169000	105910000	106440000	9.6e+07	88570000	74411000	92937000	85021000	91633000	83592000	105320000	116590000	103400000	110650000	82228000	84022000
"A0A060HLF0"	1.018e+09	849790000	839080000	1386800000	1081900000	708780000	953280000	772760000	891170000	1042900000	915350000	675700000	1138500000	1.765e+09	908630000	793130000	622510000	946690000	1032500000	1022200000	1101800000	1376500000	1173800000	1174800000	942480000	1186800000	1412700000	1434800000	1401100000	931880000	860600000	693280000	655270000	728540000	1241900000	952850000	1.31e+09	1040100000	1270700000	1027100000	869030000	1153800000	856310000	840660000
"A0A060HLF5"	0	0	0	0	0	0	0	0	0	0	0	0	0	0	0	0	0	0	0	0	0	0	0	0	0	0	3197400	0	0	0	0	0	0	0	0	0	0	0	0	0	0	0	0	0
"A0A060HLG6"	96206000	53934000	32596000	71660000	106180000	65769000	64199000	71229000	85446000	0	151830000	47939000	47910000	0	20151000	124820000	82389000	121290000	121060000	101490000	70020000	93578000	152240000	100660000	76752000	61884000	80476000	64964000	81379000	18239000	13892000	6813900	12946000	15170000	47209000	20102000	96851000	17694000	11507000	56217000	25360000	82477000	43918000	12009000
"A0A060HLG9"	0	0	0	0	0	0	0	0	0	0	0	0	0	0	0	0	0	0	0	0	0	0	0	0	0	0	0	0	0	0	0	0	4196500	0	0	0	0	0	0	0	0	0	0	0
"A0A060HLH1"	43268000	52235000	41430000	44682000	54650000	56205000	46885000	51740000	50499000	33217000	61915000	41975000	42649000	34437000	53717000	53771000	71042000	52830000	53377000	52752000	41659000	51065000	45948000	54923000	43983000	45542000	49435000	58737000	41048000	80108000	77564000	67483000	69307000	80519000	56649000	50538000	54326000	46013000	50522000	61009000	50767000	50624000	50914000	46760000
"A0A060HLH3"	0	0	0	0	0	0	0	0	0	0	0	0	0	0	0	0	0	0	0	0	0	0	0	0	0	0	0	1118800	0	0	0	0	0	0	0	0	0	0	0	0	0	0	0	0
"A0A060HLH5"	30522000	19044000	27325000	17579000	18940000	21719000	19417000	21480000	28202000	36558000	20710000	40005000	26530000	34046000	22008000	16856000	16212000	30033000	21305000	21539000	22568000	18161000	32028000	30498000	32260000	26583000	15782000	19456000	24164000	29329000	29084000	20831000	31686000	25131000	24635000	38985000	23076000	31129000	30672000	24513000	26708000	21745000	28521000	30755000
"A0A060HLH6"	11691000	8485500	0	7913600	0	6278500	11322000	0	0	0	0	12712000	0	0	9071800	8871400	0	0	0	15868000	11245000	12153000	9937800	10433000	14549000	10831000	11528000	0	11494000	0	0	0	0	0	11510000	10455000	0	11697000	7714500	14421000	9482500	7965100	10171000	9809800
"A0A060HLI7"	44977000	35595000	26527000	34390000	44358000	33478000	38047000	31495000	40846000	23641000	38600000	31138000	34315000	27658000	33944000	40907000	33976000	43892000	41361000	38420000	33922000	38429000	48259000	39057000	34186000	32749000	36285000	36298000	44636000	55981000	44056000	46345000	54299000	54354000	55462000	51095000	46546000	40282000	29240000	34104000	37585000	36979000	43877000	35867000
"A0A060HLJ2"	6405300	9271400	10950000	7820000	9880300	10972000	10822000	0	9106800	0	8024100	0	0	0	9292300	0	9563500	8800700	11619000	8610700	9262000	9591700	8655500	7795200	8987500	6722500	10569000	7455900	6963300	0	12674000	10411000	8954700	10860000	8914400	8173900	7346100	9330200	8890700	0	8530400	7770000	7342700	6242100
"A0A060HLJ3"	822910000	690250000	1058200000	824700000	883630000	687140000	923930000	916810000	724330000	449360000	667270000	855820000	416350000	662190000	469250000	683410000	596180000	891040000	626800000	7.17e+08	665900000	667670000	995360000	681320000	937880000	693540000	646070000	890070000	676310000	676670000	534300000	720180000	615770000	590300000	734680000	557760000	670630000	650870000	933560000	674500000	655810000	682160000	602540000	683700000
"A0A060HLJ6"	56678000	68892000	79257000	73441000	73373000	69211000	55156000	62607000	61743000	44661000	73195000	65846000	51988000	53280000	60354000	66101000	87170000	71163000	63205000	64930000	69873000	58235000	66081000	65316000	55493000	61371000	61017000	63416000	58367000	80220000	65019000	54025000	57819000	79627000	52244000	57829000	65534000	52164000	73328000	58118000	60006000	56283000	59766000	53126000
"A0A060HLK0"	17472000	16673000	23655000	30117000	44801000	25743000	26668000	33430000	23017000	236440000	59919000	42931000	91919000	0	62975000	63270000	23972000	38025000	53097000	28495000	22767000	26216000	7220000	7842200	33685000	22506000	42320000	44295000	31315000	0	0	0	0	0	0	0	0	0	0	0	0	0	0	0
"A0A060HLK5"	11772000	12083000	11917000	8080100	8903300	12218000	10762000	8919000	9957900	35507000	8827100	16413000	16033000	21358000	7584200	10215000	12764000	11984000	11244000	13245000	12147000	8817700	12878000	10529000	12175000	10673000	9708300	11993000	7133200	8580000	8846400	10337000	11142000	9749000	12927000	13723000	12124000	11618000	12467000	11152000	9573100	0	10828000	10712000
"A0A060HLK9"	32585000	27373000	4668300	22783000	26030000	20867000	25698000	17099000	26250000	0	39581000	16439000	0	0	11036000	33094000	30214000	34708000	35905000	27738000	26649000	32019000	26820000	31404000	27481000	31810000	24917000	31968000	26876000	37986000	41438000	37661000	32049000	37198000	36606000	38099000	36333000	30524000	39200000	29893000	26590000	28112000	31595000	30082000
"A0A060HLL2"	23137000	20599000	18882000	23663000	23655000	20633000	26780000	25295000	24514000	27953000	28127000	39585000	23820000	36454000	39380000	33073000	32642000	30889000	33513000	23842000	23375000	23742000	22843000	26821000	23229000	28142000	23400000	22755000	30181000	25283000	29627000	42185000	31794000	33881000	28221000	27514000	29539000	29150000	30449000	23884000	24396000	28262000	31854000	26591000
"A0A060HLL3"	528100000	567500000	621760000	430300000	496490000	561040000	524690000	605730000	488470000	594900000	597060000	766770000	677480000	641090000	806140000	618810000	598760000	528540000	640830000	535760000	538960000	488400000	460570000	519230000	516420000	537420000	457160000	483110000	451080000	607330000	716100000	643210000	633880000	563890000	519440000	502070000	471670000	537050000	517670000	587580000	533970000	474140000	487040000	512760000
"A0A060HLL8"	0	0	0	0	0	0	0	0	0	0	0	0	0	0	0	0	0	0	0	0	0	0	2612000	0	0	0	0	0	0	0	0	0	0	0	0	0	0	0	0	0	0	3069500	0	0
"A0A060HLM1"	40205000	35125000	21397000	49708000	37682000	38906000	46605000	42040000	44404000	0	45796000	8068500	13925000	0	15343000	27599000	30739000	29984000	31472000	48509000	37313000	61928000	47828000	52539000	36513000	46422000	58252000	55603000	63566000	40764000	21512000	22997000	27022000	38398000	45282000	47837000	51117000	32559000	19488000	42072000	38903000	43668000	53542000	40957000
"A0A060HLM5"	64337000	114760000	42306000	107310000	92531000	57228000	65177000	38783000	84298000	0	26757000	0	0	0	0	26707000	17072000	25560000	22982000	85440000	68551000	80727000	98971000	78180000	61696000	64306000	80851000	99649000	87674000	32618000	32748000	36958000	32417000	26901000	35061000	24419000	30593000	24908000	23864000	68381000	63122000	73903000	73334000	54417000
"A0A060HLM6"	0	0	0	0	0	0	0	0	0	0	0	0	0	0	0	0	0	0	0	43418000	0	0	0	0	0	0	0	0	0	0	0	0	0	0	0	0	0	0	0	0	0	0	0	0
"A0A060HLM9"	0	0	0	0	0	0	0	0	0	0	0	0	0	0	0	0	0	0	0	0	0	0	0	0	0	11583000	0	6609600	0	0	0	0	0	0	0	0	0	0	0	0	0	0	10340000	0
"A0A060HLN2"	51099000	54618000	58850000	56410000	76223000	43445000	42422000	58850000	52968000	43741000	56762000	45739000	49429000	57762000	39025000	59256000	47033000	60628000	60882000	39424000	58139000	51074000	52379000	42063000	55071000	43333000	47790000	66336000	45821000	60791000	43871000	35885000	34780000	45827000	41926000	35109000	56089000	41147000	38201000	46359000	40947000	42215000	42856000	47337000
"A0A060HLN3"	13440000	0	0	13199000	0	0	0	0	11862000	9989500	13129000	0	0	0	0	0	0	10635000	10020000	13266000	0	9936900	10116000	11749000	9234800	0	11581000	11504000	11775000	15468000	14021000	11286000	0	13597000	0	13931000	13054000	10685000	0	0	10181000	8259100	9784600	0
"A0A060HLN6"	127820000	149030000	231640000	120420000	158330000	124660000	154210000	209710000	98668000	87553000	72370000	113050000	75448000	79466000	75719000	75084000	67869000	74396000	57920000	103640000	136340000	98482000	84529000	86883000	135920000	104790000	95697000	93653000	73533000	47240000	24440000	4581800	0	17801000	66161000	58689000	77621000	65631000	74350000	108450000	77106000	89618000	56104000	92795000
"A0A060HLN9"	0	0	0	0	0	0	0	0	0	0	0	0	0	0	0	0	0	0	0	0	0	7342500	7192100	0	0	0	0	0	0	22436000	11304000	0	10150000	19725000	14743000	19827000	13847000	18919000	18680000	0	0	0	7610900	6734600
"A0A060HLP7"	128960000	139160000	127240000	112590000	139620000	128590000	123040000	147860000	128610000	149570000	200650000	206320000	165940000	186700000	224830000	164960000	185790000	146780000	175620000	145610000	122870000	139380000	124550000	133580000	123990000	138040000	105380000	123090000	117980000	174960000	198490000	163460000	176760000	163660000	139470000	1.09e+08	128460000	110100000	118810000	149480000	116680000	98569000	121340000	117040000
"A0A060HLQ4"	3327600	0	0	0	0	0	0	4318800	0	0	0	0	0	0	0	0	0	0	0	0	0	4025600	0	4124300	0	0	0	0	3470400	0	0	0	0	0	0	0	0	0	0	0	0	2829100	0	0
"A0A060HLR3"	0	0	0	0	0	0	0	0	0	0	0	0	0	0	0	0	0	6901700	0	0	0	0	0	0	0	0	0	6772900	6058800	0	0	0	0	0	6783200	7375200	0	0	0	0	0	0	0	4765500
"A0A060HLR8"	5104400	0	0	0	0	0	0	0	0	0	0	0	0	0	0	0	0	0	0	0	0	0	0	0	0	0	0	0	0	0	0	0	0	0	0	0	0	0	0	0	0	0	0	0
"A0A060HLS2"	164080000	162950000	152650000	129280000	144850000	148180000	150420000	141770000	146880000	207550000	169260000	183850000	184620000	180790000	237670000	158810000	167400000	148420000	170730000	157400000	137920000	132100000	131600000	168460000	141560000	163370000	136870000	152240000	140650000	172170000	208100000	198260000	168480000	174740000	159700000	149290000	149240000	142200000	163700000	163100000	151420000	135870000	151610000	149650000
"A0A060HLS8"	19095000	21398000	34831000	23958000	19438000	26564000	25474000	22275000	18076000	17098000	21129000	12356000	0	16848000	22501000	18256000	24721000	27143000	21769000	19947000	26458000	16680000	22787000	19853000	21137000	18612000	20886000	20545000	18260000	14018000	15711000	13231000	13506000	14055000	12072000	15837000	14234000	16621000	18995000	17681000	16434000	13373000	20068000	14591000
"A0A060HLT0"	15819000	13377000	7919600	15302000	15503000	10057000	15718000	12857000	12963000	0	13898000	10446000	0	12789000	11882000	0	10711000	0	13263000	12386000	8013400	13567000	0	12268000	14209000	13134000	0	17786000	14580000	12206000	10908000	0	0	9154500	12774000	7427200	13368000	0	0	10772000	6576000	0	12250000	13177000
"A0A060HLT4"	93344000	104230000	129170000	99477000	109730000	107100000	104940000	94305000	88847000	67310000	90493000	100590000	65368000	78947000	90657000	82939000	108180000	93557000	83385000	99562000	91882000	92977000	85523000	103550000	101170000	95057000	106230000	92488000	86902000	76285000	71248000	73319000	74663000	78260000	78691000	68701000	86806000	65184000	78817000	87902000	89204000	76281000	85882000	85706000
"A0A060HLT7"	0	0	8335700	0	0	0	0	0	0	0	0	0	0	0	0	0	0	0	0	0	0	0	0	0	0	0	0	0	0	0	0	0	0	0	0	0	0	0	0	0	0	0	0	0
"A0A060HLU1"	212510000	506350000	709900000	173800000	461630000	565440000	412920000	586470000	202310000	264070000	202690000	207580000	243940000	214540000	251150000	355800000	178920000	279840000	393210000	198460000	3.45e+08	145010000	180640000	194150000	397680000	135810000	251910000	236970000	189610000	0	9773300	22836000	6085700	5685800	5910400	0	10428000	16712000	4581900	153610000	232880000	166040000	88320000	113050000
"A0A060HLU5"	0	0	0	0	0	0	0	0	0	0	0	0	0	0	0	0	0	0	0	0	0	0	0	0	0	0	0	0	0	0	0	0	0	0	0	0	0	0	0	0	0	2264500	0	0
"A0A060HLV0"	0	0	0	0	0	0	0	0	0	0	0	0	0	0	0	0	0	0	0	0	0	0	0	0	0	0	0	0	0	0	0	0	0	0	0	0	0	0	0	0	0	0	0	4080500
"A0A060HLV1"	46698000	61525000	72233000	49595000	51026000	58636000	48484000	48264000	49333000	72175000	57785000	77928000	82623000	70322000	93066000	67923000	67639000	64446000	69149000	54115000	51683000	50204000	48567000	50379000	43379000	48327000	45919000	49230000	46946000	59083000	71079000	68230000	63227000	68847000	53865000	57116000	45567000	57837000	61735000	51139000	56333000	42113000	53172000	49638000
"A0A060HLV5"	879440000	1191700000	1680600000	1099400000	1227300000	1009100000	1009300000	1.064e+09	911370000	3393300000	1345600000	1752200000	1680700000	3417500000	1685300000	1351500000	1798300000	1128200000	1240200000	1074200000	1182800000	1094100000	938550000	1157600000	998710000	1093400000	1110900000	1287700000	986390000	1420600000	1344100000	1219800000	1303100000	1068500000	1062600000	1013700000	1074100000	856160000	1.187e+09	974290000	846610000	722800000	1028800000	886910000
"A0A060HLV6"	0	0	0	0	0	0	0	0	0	0	0	0	0	0	0	0	0	0	0	0	0	0	0	0	0	0	0	0	543750	0	0	0	0	0	0	0	0	0	0	0	0	0	0	0
"A0A060HLW2"	113460000	81417000	91042000	101620000	112190000	85010000	84096000	112470000	101430000	0	99365000	29149000	0	0	4956400	74195000	88856000	81297000	70419000	102330000	81996000	109200000	101820000	111040000	102440000	98275000	106460000	122670000	92002000	165210000	113860000	89564000	110240000	126150000	183040000	178430000	172720000	146600000	174580000	134030000	101800000	120460000	121870000	144230000
"A0A060HLW7"	0	0	0	0	0	0	0	0	0	0	0	0	0	0	0	0	0	0	0	0	0	0	0	0	0	0	0	0	0	0	0	0	0	0	0	0	0	5569900	0	0	0	0	0	0
"A0A060HLW8"	151640000	158360000	383770000	256050000	252480000	211520000	128330000	154620000	148060000	1009400000	244160000	452910000	546800000	696510000	308550000	326970000	2.63e+08	4.9e+08	192840000	187920000	190120000	128770000	287710000	128040000	235360000	124940000	138580000	148480000	113070000	335710000	356030000	641100000	510820000	365220000	232050000	174530000	322490000	176560000	180960000	168750000	193050000	320060000	137530000	116730000
"A0A060HLX1"	22662000	18374000	21436000	18061000	18698000	16226000	17882000	14026000	19117000	0	18617000	21148000	18664000	15288000	26463000	17158000	22245000	24773000	19055000	16124000	16460000	15384000	15323000	16386000	18828000	18311000	16072000	18357000	19895000	27015000	28866000	24774000	28905000	27155000	18778000	18200000	19637000	18495000	15250000	15853000	15003000	19108000	19220000	19987000
"A0A060HLX3"	77337000	80169000	56908000	64564000	61837000	66117000	61107000	66776000	81556000	0	55090000	6794500	0	0	5072800	4640100	94756000	15520000	21873000	74366000	75832000	80044000	65555000	85239000	81626000	86299000	87818000	94331000	86141000	29277000	6896000	7391800	5879100	56536000	4015000	25880000	49089000	22056000	3411500	89712000	94325000	90623000	97308000	88200000
"A0A060HLY3"	134590000	129040000	221800000	159290000	156270000	138520000	142490000	144060000	1.34e+08	144470000	162570000	236600000	84514000	115140000	134380000	158020000	165500000	161670000	136280000	165230000	155390000	120840000	141710000	141980000	185910000	153440000	140920000	153890000	141070000	142170000	167960000	150150000	145860000	132550000	128710000	114900000	141660000	148880000	169030000	143150000	136610000	130010000	115220000	129320000
"A0A060HLY5"	38478000	44349000	53886000	34894000	38095000	40266000	35252000	36036000	30513000	98567000	29261000	59796000	64798000	84428000	45716000	33483000	24766000	35016000	27925000	23875000	30936000	20199000	27810000	19353000	41248000	20034000	29173000	24210000	20810000	54660000	61005000	78881000	75299000	46370000	26356000	26305000	16114000	28442000	39388000	25289000	28146000	26627000	22038000	29673000
"A0A060HLY8"	958120000	940100000	1506200000	1.173e+09	1127700000	1213300000	1272700000	1.105e+09	1010900000	422500000	963020000	675170000	478390000	512730000	709020000	823760000	1085500000	910170000	799040000	1055600000	1.087e+09	1179600000	984660000	914090000	888470000	1188300000	1325900000	1323900000	1051200000	855680000	720700000	781250000	678130000	695290000	980990000	995270000	1.144e+09	806540000	1278900000	913600000	968740000	910180000	1154100000	905360000
"A0A060HLZ2"	96641000	149590000	153820000	144230000	176420000	114880000	162490000	107830000	151230000	0	0	0	0	0	0	0	0	0	0	83907000	63194000	80487000	93001000	89009000	135360000	118370000	943920000	150330000	122320000	0	0	0	0	0	0	0	0	0	38284000	70846000	70257000	71239000	74201000	63119000
"A0A060HLZ5"	221150000	192650000	147950000	203460000	216160000	165060000	210110000	274080000	219530000	137900000	275570000	142560000	157890000	197480000	172890000	184790000	228730000	185290000	203790000	222420000	177870000	247950000	230750000	246020000	223750000	238290000	202770000	244210000	250820000	266810000	247600000	195480000	221660000	246140000	270850000	247360000	295170000	255020000	229510000	305770000	212740000	248520000	288070000	260650000
"A0A060HM00"	153880000	103060000	108550000	83192000	114220000	91083000	121690000	99243000	82167000	72914000	94257000	136380000	58639000	66683000	56655000	99793000	83893000	76170000	67667000	118140000	81936000	102140000	97260000	96520000	98371000	88329000	77783000	84231000	59090000	90510000	59899000	68446000	36147000	63394000	121970000	94445000	89019000	79124000	88135000	128540000	81553000	92255000	46626000	91825000
"A0A060HM02"	0	0	0	0	0	0	0	0	0	0	0	0	0	0	0	0	0	0	0	0	0	0	0	0	0	0	47874000	0	0	0	0	0	0	0	0	0	0	0	0	0	0	0	0	0
"A0A060HM05"	351550000	445950000	346280000	525620000	505290000	383910000	481950000	464940000	516630000	577720000	395790000	508190000	881930000	775880000	1.108e+09	301250000	365210000	310350000	326410000	432010000	383270000	526770000	428950000	467180000	428010000	524530000	502120000	662690000	600550000	420140000	473200000	460360000	380400000	3.52e+08	503680000	415990000	488460000	383930000	324900000	462180000	419620000	405880000	488660000	463270000
"A0A060HM07"	14787000	21402000	0	0	20434000	21833000	18870000	0	17034000	0	0	29997000	0	12494000	0	0	0	15371000	16604000	0	0	15114000	16461000	0	17215000	20046000	18594000	17783000	0	20206000	0	21699000	0	0	19108000	17772000	0	18677000	0	0	16367000	15431000	13119000	0
"A0A060HM08"	0	0	0	0	0	0	0	0	0	0	0	0	0	0	0	0	0	0	0	0	0	0	4662000	0	0	0	0	0	0	0	0	0	0	0	0	0	0	0	0	0	0	0	3933300	0
"A0A060HM11"	0	0	0	0	0	0	0	0	0	0	0	0	0	0	0	0	0	0	0	0	0	0	0	0	0	0	0	0	0	0	0	0	0	0	0	0	0	0	0	0	4362300	0	0	0
"A0A060HM12"	18556000	23420000	21685000	17508000	18321000	17769000	17500000	18880000	19297000	0	19766000	0	16736000	20972000	22602000	17424000	22941000	16682000	20174000	18756000	19219000	19721000	18217000	22759000	18117000	25203000	18195000	22375000	17962000	21036000	21584000	19515000	20460000	15941000	18302000	18012000	17638000	19023000	17572000	22379000	23335000	19506000	22431000	21838000
"A0A060HM14"	63113000	44098000	50102000	49073000	52052000	35329000	51497000	41615000	46161000	0	46130000	24584000	0	0	0	26714000	27443000	26704000	30020000	56230000	52008000	50292000	39973000	51104000	45906000	38775000	47183000	43849000	45864000	25181000	20200000	18105000	11788000	20318000	54323000	46988000	38571000	41257000	41403000	55211000	33302000	41150000	22467000	38425000
"A0A060HM15"	22449000	14086000	10016000	18589000	21214000	8014000	12639000	17202000	14868000	14984000	0	16560000	10827000	9998700	6176800	13665000	0	10568000	8138900	15941000	13038000	23511000	15870000	12572000	22549000	13192000	20946000	16964000	16264000	13597000	8932400	8744500	0	9284700	11694000	12923000	13983000	0	0	17079000	9175900	18774000	7890200	11712000
"A0A060HM16"	0	0	0	0	0	0	0	0	0	0	0	0	0	0	0	0	0	0	0	0	0	0	0	0	0	0	0	0	0	0	0	0	0	0	0	0	0	0	0	0	0	992760	0	0
"A0A060HM19"	81045000	83413000	40086000	60988000	71362000	67074000	76770000	65836000	71780000	64730000	91493000	55693000	104720000	82418000	106750000	78098000	77911000	73970000	92614000	73259000	68656000	99178000	68787000	82447000	65883000	82549000	71517000	79318000	91685000	81624000	89634000	82422000	82230000	93104000	81531000	80758000	70423000	67282000	49953000	85502000	89687000	91786000	88613000	82532000
"A0A060HM22"	0	0	0	0	0	0	0	0	0	0	0	0	0	0	0	0	0	0	0	0	0	0	0	0	0	0	0	0	0	0	0	1572000	0	0	0	0	0	0	0	0	0	0	0	0
"A0A060HM26"	12298000	11711000	14668000	0	11788000	19551000	12034000	12875000	14737000	0	12610000	0	0	0	11500000	0	16827000	10069000	0	14019000	11884000	15104000	11391000	9787700	13003000	13440000	12051000	11287000	10266000	7272300	12393000	9366200	11958000	11480000	10618000	9800600	8670000	13732000	13141000	12093000	15341000	12076000	11579000	11899000
"A0A060HM29"	33171000	40305000	57450000	43445000	55036000	84940000	74291000	100030000	78886000	0	24739000	0	0	0	9167000	6859100	57872000	5431900	11037000	65646000	34991000	64588000	71742000	52773000	48492000	103730000	77045000	79554000	112130000	16717000	14643000	11035000	16693000	30455000	18623000	23729000	32688000	25161000	26296000	113800000	149910000	89492000	174020000	150580000
"A0A060HM31"	136860000	122530000	141260000	127600000	121730000	115820000	121790000	123360000	122140000	100360000	161130000	142440000	124690000	102410000	152280000	128830000	149790000	129560000	149370000	127320000	122170000	99048000	109790000	108970000	1.23e+08	122810000	133080000	120590000	124640000	154770000	142810000	149430000	174500000	179590000	145930000	145050000	136040000	131340000	163470000	128510000	121970000	125760000	141480000	125870000
"A0A060HM32"	0	21014000	0	0	0	0	0	0	0	0	0	50312000	105550000	0	49369000	26767000	0	0	20826000	0	13476000	0	0	0	24063000	0	0	0	0	0	30125000	33307000	29445000	13910000	0	13259000	0	0	20763000	0	16422000	0	0	0
"A0A060HM34"	8127200	6059400	7957500	6892400	6015000	0	0	0	6807800	0	0	0	0	0	0	0	0	4692100	0	0	0	0	6268800	4109400	0	0	5283600	0	3190700	2979100	0	4734000	0	0	3699400	3340800	0	4660100	5838900	4450400	0	4940700	4485000	4825200
"A0A060HM36"	145420000	147440000	264520000	189260000	165500000	156250000	201540000	164480000	145860000	64867000	164230000	165380000	93826000	102510000	124840000	165720000	187720000	178040000	146210000	145800000	146020000	148010000	156860000	154500000	153540000	166620000	155100000	173920000	156610000	215920000	178930000	189690000	178870000	168360000	162820000	158780000	182770000	145980000	211690000	146450000	139490000	125370000	159230000	136460000
"A0A060HM37"	0	0	0	0	0	0	0	0	0	0	0	0	0	0	0	0	0	0	0	0	0	0	0	0	0	0	0	0	0	0	0	0	0	4487800	0	0	0	0	0	0	0	0	0	0
"A0A060HM38"	5840500	0	0	5127200	0	0	0	0	0	0	0	0	0	0	0	0	0	0	0	4222700	0	3226500	0	3118800	0	0	0	3712400	2808300	0	0	0	0	0	0	5198600	0	0	0	0	0	0	0	0
"A0A060HM41"	6079500	6361300	5107100	5900400	6913800	8111000	6678400	0	7393400	19730000	6648000	0	0	0	7449700	5601500	11111000	6094000	5691400	6508400	7214900	7436700	7888100	7656100	6672300	8432500	6609800	7430900	7540200	0	0	0	6563400	5177200	6146000	7618500	6009400	7389700	0	7637900	7850100	5666300	6982500	6828900
"A0A060HM43"	0	3226100	0	0	0	0	0	0	0	0	0	0	0	0	0	0	0	0	0	5858300	0	6351700	5193900	0	4411000	0	0	8928900	0	0	0	0	0	4237400	3757000	0	0	0	4737500	0	0	5702100	9182000	10413000
"A0A060HM47"	32691000	36551000	44359000	35410000	33048000	39955000	32333000	38036000	36939000	41451000	46426000	63841000	50102000	35408000	55514000	46956000	40469000	54270000	49070000	33083000	41850000	30271000	32980000	33825000	40003000	33379000	36960000	27796000	32283000	46366000	55793000	55897000	58037000	48368000	38782000	35202000	41315000	39995000	46108000	31263000	35504000	32998000	33970000	34342000
"A0A060HM48"	886280000	1136500000	1182300000	1014600000	1309600000	1138100000	1214500000	1608100000	1158800000	397530000	1295200000	830180000	528740000	639060000	676120000	966940000	1026200000	912790000	841220000	1040900000	866130000	1485900000	1210900000	1173100000	1057400000	1276900000	1219100000	1540700000	1109100000	1158700000	887690000	759860000	901300000	741760000	1321100000	1.047e+09	1237800000	878520000	1050900000	1292200000	1109500000	993270000	1349600000	1187100000
"A0A060HM51"	8202700	8174400	0	9134700	0	8394000	0	6738200	8494400	0	8093700	0	0	0	6541900	7472000	8516500	7304900	6734200	9488300	9719300	0	9203900	8517000	6957700	10242000	9843300	9278900	9442500	10524000	7662200	7879900	7528500	9066200	8202900	9243500	9342900	8013700	8518600	9405100	9558000	7889300	8958200	9168800
"A0A060HM52"	19786000	16106000	35628000	30080000	0	32456000	34888000	24050000	26148000	0	0	39293000	28719000	0	0	19148000	27328000	36042000	22209000	18235000	29793000	19033000	24385000	13005000	23387000	17118000	26641000	0	18063000	0	17533000	33268000	15152000	19998000	15719000	23440000	20110000	30048000	0	0	19847000	27595000	20946000	25135000
"A0A060HM57"	0	0	0	0	0	0	6452600	7077300	6899400	0	8912800	0	7000700	0	0	7099300	0	7982900	7053600	4882600	6343100	7772400	4854300	0	7959700	7520000	0	6710100	0	6298900	7877900	4741800	8010700	7232200	8104200	7120800	0	6507800	0	5392200	6701400	4996400	7487900	6078400
"A0A060HM60"	0	0	0	0	0	0	0	0	0	0	0	0	0	0	0	0	0	0	0	0	0	0	0	0	0	0	0	0	0	0	0	0	0	0	0	0	0	0	0	0	0	0	5127400	0
"A0A060HM62"	22079000	17658000	18466000	19928000	19006000	11028000	15834000	20446000	19791000	0	10879000	0	0	0	0	11468000	0	15291000	11191000	18717000	16223000	19034000	24713000	20202000	21072000	19702000	17100000	17164000	17463000	19208000	14292000	14845000	21858000	23884000	20504000	0	18994000	18239000	25624000	25873000	15641000	23197000	21205000	27393000
"A0A060HM63"	0	0	0	0	0	0	0	0	0	0	0	0	0	0	0	0	0	0	0	0	0	0	0	0	0	0	0	0	0	0	0	0	0	0	0	0	0	0	0	0	3140900	0	0	0
"A0A060HM68"	0	0	0	0	0	0	0	0	0	0	0	0	0	0	0	0	0	0	0	0	0	0	0	0	0	0	0	0	0	0	0	0	0	0	0	0	0	0	0	0	2361600	0	0	0
"A0A060HM71"	1969900000	2427900000	1436700000	2153300000	2.24e+09	1626100000	1485200000	1.111e+09	1602200000	1.129e+09	1688900000	1088800000	1266300000	1192100000	1151600000	1600300000	1314700000	1488200000	1707100000	2099500000	1782500000	1902800000	2293900000	2094400000	1740200000	1.418e+09	1306800000	1826900000	1714500000	3051500000	2512100000	2568900000	2412700000	2519800000	1710100000	1363700000	1645500000	1438700000	1709900000	1820200000	1954800000	1879400000	1.786e+09	1826800000
"A0A060HM73"	0	55486000	34861000	8594000	71896000	23113000	58214000	37189000	42570000	0	0	0	0	0	0	0	0	0	0	37952000	8616500	25505000	64709000	21628000	59872000	32861000	36297000	58968000	60284000	0	0	0	0	17567000	0	7537900	13458000	0	0	43376000	33939000	82849000	59955000	45304000
"A0A060HM74"	6373600	0	0	7060300	6231100	6045300	6425400	5954100	4910600	0	0	6778300	5387200	0	9038800	7101200	5666400	5299000	0	8002200	8588200	4762300	5957100	7015700	6999100	6599100	5158900	7319600	6448300	6094200	7617700	5375800	5012300	5844400	3954500	4353100	4880500	0	6022600	5702400	4484700	3587600	4678800	4220400
"A0A060HM75"	0	0	0	0	0	0	0	0	643470	0	0	0	0	0	0	0	0	0	0	0	0	0	0	0	0	0	0	0	0	0	0	0	0	0	0	0	0	0	0	0	0	0	0	0
"A0A060HM83"	0	0	0	0	0	0	0	0	0	10418000	0	0	0	0	0	0	0	0	0	0	0	0	0	0	0	0	0	0	0	0	0	0	0	0	0	0	0	0	0	0	0	0	0	0
"A0A060HM85"	107170000	111190000	87622000	84427000	86728000	92280000	97275000	78362000	107880000	11771000	76641000	46360000	0	0	21565000	66241000	95587000	70429000	85418000	97148000	97568000	86647000	93530000	105070000	104570000	116760000	87575000	93951000	101540000	61535000	64558000	51772000	59640000	68759000	72772000	81266000	80394000	80368000	81967000	106510000	96188000	87687000	91235000	102600000
"A0A060HM86"	57108000	47797000	38266000	47736000	40062000	39193000	46719000	39338000	50252000	15778000	51041000	35240000	20503000	17870000	46047000	28955000	57454000	33717000	46704000	52042000	53232000	55284000	37166000	52911000	37962000	63082000	52339000	54210000	53692000	58364000	54314000	48438000	50515000	63899000	48624000	46985000	52005000	49874000	36653000	42400000	53037000	53298000	58517000	53035000
"A0A060HM89"	121760000	115880000	105560000	131540000	172050000	90782000	137580000	207740000	135330000	45998000	56356000	70950000	59339000	0	78022000	100370000	98582000	119590000	130400000	90747000	109920000	139600000	171990000	104110000	114310000	99404000	164070000	161630000	167120000	195830000	126150000	98729000	111320000	156710000	261380000	174160000	142370000	98455000	76873000	167840000	141960000	127510000	165060000	174770000
"A0A060HM90"	73334000	64180000	68306000	71501000	54903000	38022000	49682000	35678000	51180000	165700000	60224000	126060000	102380000	139550000	104200000	67106000	55773000	83465000	77710000	71633000	76615000	59130000	71361000	69614000	69159000	52122000	53828000	62543000	72868000	138400000	122970000	142490000	157820000	147030000	94231000	69311000	72675000	71995000	69073000	61201000	56074000	72217000	54834000	63590000
"A0A060HM92"	167980000	206350000	195720000	113960000	102160000	166600000	143460000	198970000	154820000	665300000	5.69e+08	852010000	732240000	769310000	738600000	662740000	518300000	676730000	848300000	180080000	215090000	184140000	183420000	230910000	184140000	193590000	141370000	132280000	165660000	833100000	883930000	936890000	914980000	745310000	644600000	712720000	682120000	782580000	802350000	252900000	270570000	231930000	234200000	339640000
"A0A060HM94"	575040000	490670000	573040000	623830000	676840000	524100000	586840000	675270000	520430000	323470000	505700000	530710000	309220000	306860000	417450000	425450000	467610000	412210000	428390000	524560000	494480000	519370000	530470000	556360000	602010000	557440000	575710000	604820000	605310000	412380000	432900000	363390000	437690000	400820000	523490000	464950000	618850000	464820000	482500000	584070000	495590000	575500000	601470000	556900000
"A0A060HM95"	5786500	6271000	0	0	0	0	0	0	5486500	0	0	0	7879900	0	7844800	0	0	0	0	0	0	0	0	0	0	0	0	0	0	0	5490500	0	0	5750400	6914500	6634300	0	6977600	0	0	7760600	4828700	7073800	7442400
"A0A060HM99"	0	0	0	0	0	0	0	0	0	0	0	0	0	0	0	0	0	0	0	0	6140200	0	0	0	0	0	0	0	0	0	0	0	0	0	0	0	0	7838100	0	0	0	5990400	0	0
"A0A060HMA0"	7255700	0	0	0	0	0	0	9487800	0	32087000	0	14090000	12393000	17367000	0	6809700	0	8563800	5633000	0	5638000	0	0	0	9222400	0	0	0	0	14802000	16412000	12622000	15370000	7721200	11994000	0	10853000	12652000	0	0	0	9224700	0	0
"A0A060HMA4"	0	0	5338700	7470800	0	0	0	0	4805100	0	0	0	0	0	0	0	0	0	0	8684200	7786400	0	0	0	0	0	5089600	7346300	0	0	0	0	0	0	0	0	0	0	0	0	0	0	0	0
"A0A060HMA7"	17971000	16240000	21247000	20211000	16032000	20104000	19917000	18994000	21693000	0	22201000	21823000	14160000	0	26818000	23572000	25131000	21191000	21237000	19397000	16141000	16592000	19145000	19148000	18243000	21531000	19652000	16477000	19453000	23618000	22169000	25365000	27230000	32890000	23614000	28401000	22083000	23548000	25089000	20552000	20972000	19313000	22901000	19780000
"A0A060HMA9"	0	0	0	0	0	0	0	0	0	0	0	0	0	0	0	0	0	0	0	0	0	0	0	0	0	3715500	0	0	0	0	0	0	0	0	0	0	0	0	0	0	0	0	0	0
"A0A060HMB0"	2215300000	1989500000	3130800000	2130200000	2.407e+09	2024700000	2139800000	2.615e+09	2076700000	2.79e+09	2734400000	2966700000	2977900000	3365900000	2856500000	2629800000	2175400000	2731600000	2665600000	1896900000	2051400000	2214800000	2063800000	2051300000	2358600000	2286300000	2099100000	2157600000	2367600000	2993100000	2831200000	2515600000	2783800000	2480600000	2265500000	2700900000	2683300000	2168900000	2318300000	2052100000	1764500000	2029500000	2367800000	2.293e+09
"A0A060HMB2"	720210000	712730000	1024700000	856250000	795050000	743750000	752370000	725770000	697640000	750480000	808590000	985810000	901940000	910750000	1050900000	851760000	711810000	903280000	784090000	698900000	738020000	732660000	688060000	699880000	688940000	711250000	763130000	758020000	742730000	833870000	866370000	963040000	891210000	816210000	719290000	788690000	806200000	710440000	766770000	618880000	646110000	659380000	683610000	600760000
"A0A060HMB6"	0	0	0	0	0	0	0	0	0	0	0	0	0	0	3649900	0	0	0	0	0	3161100	0	0	0	0	0	2859900	0	0	0	0	0	0	0	0	0	2663500	0	0	0	0	0	0	0
"A0A060HMB7"	117960000	126730000	108750000	99474000	118770000	121780000	120180000	109400000	111960000	279940000	174050000	141880000	210280000	299170000	211700000	166060000	161580000	132770000	159050000	117640000	128280000	127270000	107880000	130650000	109160000	123690000	125980000	119710000	110230000	169460000	173310000	126980000	146670000	157060000	148080000	139610000	136260000	122170000	135730000	131280000	112270000	100830000	126090000	120730000
"A0A060HMC4"	0	0	0	0	0	0	0	0	0	0	0	0	0	0	0	0	0	0	0	0	0	0	0	0	0	0	0	0	0	0	0	0	0	3013700	0	0	0	0	0	0	0	0	0	0
"A0A060HMC5"	13493000	0	0	13899000	4797800	9253500	13691000	0	22930000	0	13419000	4986100	0	0	0	6582100	18164000	5618100	6062400	22072000	18616000	22526000	21611000	21307000	13104000	30139000	16206000	16772000	17421000	18608000	16024000	17022000	15877000	21763000	30881000	34851000	33796000	47578000	41592000	24160000	23026000	20817000	28168000	30039000
"A0A060HMC6"	51828000	71789000	76116000	55617000	56312000	89465000	64644000	49866000	56962000	74153000	68333000	79798000	88392000	74314000	96545000	79208000	64840000	68543000	79308000	58148000	50375000	52600000	60854000	47642000	41767000	50360000	53105000	49152000	43735000	86364000	86073000	98043000	94754000	104020000	62685000	59367000	61662000	57671000	63164000	52373000	65374000	50867000	52800000	51387000
"A0A060HMD8"	85232000	63678000	77174000	76158000	80130000	60339000	76386000	49768000	83721000	37587000	79775000	66867000	0	51814000	71493000	66065000	101940000	62544000	67123000	95656000	82117000	81873000	78097000	85191000	80727000	91352000	79642000	86462000	73035000	68848000	64259000	55519000	62283000	63480000	71815000	64579000	74910000	68683000	76286000	84599000	56578000	60802000	68860000	65158000
"A0A060HME2"	0	0	0	0	0	0	0	0	0	0	0	0	0	0	0	0	0	0	0	0	0	0	0	0	0	0	0	0	0	0	0	0	0	0	0	0	0	0	0	0	5200400	4691200	0	0
"A0A060HME5"	64517000	70264000	106770000	76997000	72472000	75161000	77041000	64926000	67087000	80009000	75344000	109970000	111310000	102620000	78554000	78546000	64274000	94683000	83217000	50985000	57669000	56324000	73153000	71406000	61957000	61849000	66114000	72418000	84122000	89047000	92932000	108930000	97106000	80093000	48588000	80836000	76288000	59678000	60083000	65028000	62245000	60983000	69540000	58831000
"A0A060HME6"	0	4412900	0	0	0	0	0	0	0	0	0	0	0	0	0	0	0	0	0	0	0	0	0	0	0	0	0	0	0	6727400	0	0	0	4155900	0	0	0	0	0	0	4400100	0	0	0
"A0A060HME7"	94093000	89370000	119200000	104530000	98015000	92125000	103420000	85042000	95176000	79714000	118820000	110310000	67352000	57685000	97893000	93476000	101670000	109430000	97838000	99737000	104270000	87065000	96510000	9.9e+07	100430000	102280000	90904000	95785000	86555000	103620000	115760000	101800000	102750000	99408000	99749000	109490000	109580000	102190000	115680000	109870000	93797000	102940000	99881000	98220000
"A0A060HME8"	0	0	0	0	0	1443200	0	0	0	0	0	0	0	0	0	0	0	0	0	0	0	0	0	0	0	0	0	0	0	0	0	0	0	0	0	0	0	0	0	0	0	0	0	0
"A0A060HMF2"	586500000	789200000	762710000	487380000	664380000	706540000	678540000	867020000	571920000	558430000	635990000	461570000	606810000	638830000	598390000	609510000	623290000	567060000	678950000	558990000	563590000	658940000	557970000	642430000	570590000	590220000	549880000	584110000	577750000	665210000	732990000	705830000	597730000	571350000	502520000	495380000	485490000	511500000	525940000	720420000	684920000	624950000	635960000	681810000
"A0A060HMF6"	0	0	0	0	0	0	0	0	0	0	0	0	0	0	0	0	0	0	0	0	0	970570	0	0	0	0	0	0	0	0	0	0	0	0	0	0	0	0	0	0	0	0	0	0
"A0A060HMF8"	0	0	0	3697800	3708000	0	0	0	0	0	0	0	0	0	0	0	0	0	0	0	0	0	4183800	0	0	0	0	3711000	3246100	0	0	0	0	0	0	0	0	0	0	3756900	4074700	0	2576700	4393600
"A0A060HMG3"	0	0	0	0	0	0	0	0	0	0	0	0	0	0	0	0	0	0	0	0	0	0	0	0	0	0	0	0	0	0	0	0	11850000	0	7285200	0	0	0	0	0	0	0	0	0
"A0A060HMH0"	0	0	0	0	0	0	0	0	0	0	0	0	0	0	0	0	0	0	0	3999400	0	3908400	0	0	0	0	0	3734700	4043800	0	3230800	0	0	0	0	0	0	0	0	0	0	0	0	0
"A0A060HMH4"	0	0	0	0	0	0	0	0	0	0	0	0	0	0	0	0	0	0	0	0	0	0	0	0	0	0	0	0	0	0	0	0	0	0	4920000	0	0	0	0	0	0	3937200	0	0
"A0A060HMH5"	36680000	35810000	64508000	41396000	33938000	36176000	41093000	34155000	34623000	17918000	30063000	37945000	17171000	30505000	33234000	31242000	36328000	42692000	34894000	31426000	33437000	28145000	38804000	33397000	30923000	38938000	30215000	30776000	33877000	40173000	36006000	41435000	37823000	44130000	33958000	44491000	40464000	43930000	52208000	35587000	35833000	34847000	40366000	40293000
"A0A060HMH8"	7440200	5786500	7786400	5983200	7031000	5969100	4951500	7475400	6534100	10471000	8165700	9743100	12727000	0	16466000	5209600	10200000	9105100	7145800	6563200	6118400	7011600	6204400	8373500	6345300	7678800	5907000	8071300	7928800	9117100	9298800	8781600	6084900	9580700	7743600	5938300	7800100	7444000	8768300	7152100	9877900	6246900	7349500	9362000
"A0A060HMH9"	0	0	0	0	0	0	0	0	0	0	0	0	0	0	0	0	0	0	0	0	0	0	3596900	0	3446300	0	3735400	0	0	0	0	0	0	0	0	0	0	0	0	0	0	0	0	0
"A0A060HMI0"	33111000	36621000	0	32999000	37204000	37210000	31362000	34295000	37707000	0	33863000	0	33469000	0	24907000	24949000	0	26735000	37099000	34353000	31647000	45152000	40460000	42816000	35995000	32337000	36266000	45114000	63288000	30941000	33314000	23402000	37297000	33684000	45050000	54893000	39580000	34402000	0	27412000	40018000	53357000	46893000	39154000
"A0A060HMI7"	72951000	67630000	51630000	58706000	62504000	76299000	68967000	83778000	63481000	65224000	89877000	76238000	89336000	74544000	99922000	78100000	93414000	74843000	96763000	76536000	69100000	75782000	63040000	76363000	78977000	75647000	67647000	62100000	80990000	85980000	99794000	76236000	102370000	109800000	78314000	92470000	71512000	91323000	75567000	88865000	85787000	67895000	83694000	92517000
"A0A060HMI8"	0	0	0	10399000	0	0	0	0	0	37548000	0	19267000	20956000	33515000	0	0	0	11271000	0	0	11885000	0	0	0	0	0	0	0	0	0	0	13048000	0	0	0	0	0	13220000	0	0	0	7625000	0	0
"A0A060HMI9"	0	0	0	0	0	0	0	0	0	0	0	0	0	0	4690300	0	0	0	0	0	0	0	0	0	0	0	0	0	0	0	3229900	4135300	0	3382500	0	0	0	0	0	0	0	0	0	0
"A0A060HMJ4"	100330000	119410000	120580000	111350000	124580000	98365000	98189000	116440000	101480000	76378000	179680000	181920000	123420000	100470000	148660000	157800000	126290000	161860000	166130000	116640000	106690000	123070000	101710000	119190000	102240000	101990000	94034000	120140000	106830000	147820000	178260000	145370000	158280000	158870000	161620000	155510000	168320000	151020000	126830000	119410000	101650000	104120000	109220000	108980000
"A0A060HMJ8"	4061100	3988500	5424100	6756500	4113700	5173200	5278400	0	4817700	0	0	0	0	0	0	3603500	0	3677100	0	0	5085700	4205200	4519900	6192900	5294600	5854100	7560000	5718100	5806500	5654600	0	6058600	5796400	9137300	6296200	7113300	6948800	6842200	4718400	4273300	6306300	4703600	4774500	5925600
"A0A060HMK3"	11750000	12156000	14446000	12378000	9034500	13373000	9708100	0	12405000	8671900	13571000	25349000	10733000	8478400	18940000	10494000	0	13756000	8383900	13082000	15975000	10645000	11277000	11818000	14599000	15214000	11141000	14183000	11798000	16553000	22101000	19778000	17608000	23430000	16042000	15649000	15933000	20056000	20580000	10220000	9161700	9275600	9265100	10862000
"A0A060HMK5"	0	0	0	0	0	0	0	0	0	0	0	0	0	0	0	0	0	0	0	0	0	0	0	0	0	0	0	0	0	0	0	0	0	0	0	0	0	0	0	0	0	0	3374700	0
"A0A060HMK9"	35310000	23674000	27268000	37730000	31601000	24601000	32896000	36226000	26174000	44238000	28909000	25552000	0	48983000	27682000	27152000	41249000	25245000	19914000	35512000	27043000	22867000	30823000	31008000	30832000	33190000	35816000	32130000	33183000	25347000	0	0	0	30896000	31594000	30407000	37586000	25713000	0	37104000	0	27711000	24508000	25057000
"A0A060HML3"	201910000	248490000	358250000	231570000	271120000	263560000	254600000	246790000	181090000	102170000	114630000	123990000	92132000	82912000	74244000	138710000	104340000	151680000	106390000	156140000	148940000	138890000	183240000	141010000	215130000	139930000	213770000	177470000	145620000	187760000	166830000	270540000	206330000	158780000	127670000	117530000	117620000	132600000	145440000	164700000	159790000	143450000	161100000	148380000
"A0A060HML5"	0	0	0	0	0	0	0	0	0	0	0	0	0	0	0	0	0	0	0	0	0	0	0	0	7573900	0	0	0	0	0	0	0	0	0	0	0	0	5955900	0	0	0	0	0	7908800
"A0A060HML7"	160510000	138430000	159010000	133860000	133300000	139010000	146360000	155180000	148480000	272350000	170370000	225900000	240140000	255990000	226340000	175060000	182820000	171200000	193060000	163960000	174210000	148270000	143020000	161090000	154120000	165720000	143090000	138130000	152430000	122760000	125730000	114330000	114900000	135410000	161450000	175380000	152590000	163350000	179220000	155180000	139110000	143170000	152290000	159150000
"A0A060HML9"	33430000	22255000	16953000	27820000	14961000	10745000	0	0	10688000	0	0	0	0	0	0	10092000	0	0	7080000	14318000	21877000	13115000	13172000	14832000	14026000	0	0	9027400	7349100	0	11157000	17663000	7862000	0	11713000	7432700	0	16527000	0	9480800	10621000	12755000	0	0
"A0A060HMM2"	0	12834000	0	10080000	0	7326500	6352300	0	9074000	0	0	0	0	0	0	0	0	0	0	8790500	0	10176000	8676100	9651800	0	9428900	0	0	8476300	0	7362300	7751300	7025800	5932600	7683500	3882000	7764300	0	8905200	7595900	6559900	0	5692100	0
"A0A060HMM3"	181270000	188480000	269470000	152390000	177480000	156970000	147160000	166910000	144310000	203150000	110110000	359150000	180510000	198770000	136990000	179010000	118380000	181260000	105900000	121140000	173740000	108680000	135340000	111050000	187760000	109110000	117480000	91084000	103790000	188840000	138480000	171100000	209590000	121590000	139720000	143920000	115310000	170730000	163290000	149150000	125400000	134730000	116700000	148490000
"A0A060HMM6"	0	0	0	0	0	0	0	0	0	0	0	0	0	0	0	0	0	0	0	0	0	4793400	0	4057600	0	0	0	0	0	0	0	0	0	0	0	0	0	0	0	0	0	0	0	0
"A0A060HMM8"	0	7083700	0	9913000	0	7456400	8132400	0	6869500	0	0	0	0	0	0	4989900	0	0	0	4398500	0	0	5160900	0	0	0	0	0	0	0	0	4636800	0	0	0	0	0	5534300	0	0	6247000	4563500	0	0
"A0A060HMN0"	88722000	85320000	151410000	103040000	98120000	105180000	91464000	93374000	81689000	64812000	93041000	120170000	67027000	58651000	89060000	101110000	116570000	115630000	93660000	87650000	94072000	74537000	92948000	84243000	96182000	90597000	87540000	76840000	75143000	115650000	91951000	99537000	102060000	106420000	85253000	87017000	101750000	102160000	127470000	93215000	86777000	84108000	86001000	88343000
"A0A060HMN1"	0	0	0	0	0	0	0	0	0	0	0	0	0	0	0	0	0	0	0	0	0	0	0	0	0	0	0	0	0	0	0	0	0	0	0	0	0	0	0	0	0	0	0	1103300
"A0A060HMN3"	19819000	15057000	18903000	21598000	17789000	23014000	21239000	17511000	21260000	17605000	0	0	0	0	16169000	13205000	15341000	17037000	0	18490000	16389000	17262000	22420000	15555000	23082000	21084000	23691000	19241000	21196000	0	8536400	0	0	0	15970000	16226000	19003000	16793000	24818000	14548000	14025000	18231000	12930000	13882000
"A0A060HMN4"	0	0	0	0	0	0	0	0	0	0	0	0	0	0	0	0	0	0	0	5904800	0	0	0	0	0	0	0	0	0	0	0	0	0	0	0	0	0	0	0	0	0	0	0	0
"A0A060HMN9"	64682000	82054000	61129000	70367000	85589000	44243000	58995000	62246000	59584000	74534000	60779000	67930000	65809000	86553000	76079000	67599000	41586000	61632000	61956000	52907000	61989000	66282000	70226000	60881000	59997000	59750000	53399000	89168000	61446000	46803000	59203000	55352000	42362000	32621000	53303000	34036000	41030000	31406000	22802000	55368000	37510000	34228000	37185000	36468000
"A0A060HMP2"	0	0	0	0	0	0	0	0	0	0	0	0	0	0	0	0	0	0	0	0	0	0	0	0	0	7322600	0	0	0	0	0	0	0	0	0	0	0	0	0	0	0	0	0	0
"A0A060HMP5"	204220000	213020000	227900000	217390000	195870000	209970000	182770000	193150000	217200000	119540000	197970000	241960000	109300000	113740000	162320000	230520000	192540000	207800000	195420000	206640000	198720000	191290000	209290000	196930000	203970000	200160000	209580000	179610000	175110000	243660000	221350000	222100000	285230000	279440000	257790000	249480000	230120000	256550000	266600000	196360000	219810000	222460000	197760000	211330000
"A0A060HMP8"	20675000	18236000	23560000	0	19918000	0	28161000	15408000	17913000	14688000	0	17338000	8555100	0	10716000	0	0	10784000	15191000	19733000	19198000	18425000	16807000	15599000	17202000	19904000	20736000	22293000	10774000	0	0	9558600	0	8471900	17620000	0	19425000	15229000	21336000	16800000	16664000	13337000	13527000	13380000
"A0A060HMQ1"	83189000	86711000	67806000	65418000	64710000	82130000	80547000	86341000	84130000	216320000	158730000	143910000	209900000	258980000	178920000	133970000	150600000	149570000	181800000	88360000	83687000	92198000	87766000	96280000	81072000	88671000	67566000	69466000	83076000	199570000	163680000	128380000	117300000	172670000	155520000	170790000	172050000	153870000	222320000	97750000	103590000	81470000	92839000	90739000
"A0A060HMQ2"	6360800	5437000	0	8639400	0	0	8628600	0	0	0	0	0	0	0	0	0	7179400	0	0	8500800	8970500	7583000	7879100	7798700	6515100	10667000	10279000	9006300	9098400	0	0	0	0	5447600	6690900	9779600	8341100	8010300	10579000	9880800	9426200	7468500	12651000	11151000
"A0A060HMQ5"	116170000	103920000	78471000	96943000	110440000	97765000	103050000	113250000	101890000	114570000	134690000	117080000	140260000	126430000	152080000	133910000	113090000	129670000	137610000	104110000	107040000	96655000	113520000	115520000	108760000	93812000	102300000	100300000	104940000	124920000	128420000	127980000	138320000	134190000	125820000	110150000	115870000	110230000	101650000	119450000	96030000	111550000	100390000	97864000
"A0A060HMQ6"	22576000	43130000	95245000	46280000	42767000	60742000	39364000	42697000	37761000	48582000	30791000	70528000	43349000	57501000	48179000	50607000	35738000	59634000	38075000	33133000	45086000	26621000	29420000	30673000	40779000	30400000	37022000	29125000	26039000	34917000	41277000	57820000	34659000	38483000	22249000	17867000	27111000	36055000	34575000	29527000	38276000	41061000	27503000	28660000
"A0A060HMR0"	0	0	0	0	0	0	0	0	0	0	0	47321000	0	0	0	0	0	16194000	0	0	0	0	0	0	0	0	0	0	0	0	0	0	0	0	0	0	0	0	0	0	0	0	0	0
"A0A060HMR1"	30630000	36488000	50733000	20306000	30069000	33639000	40003000	33512000	33291000	64471000	44405000	76694000	58875000	60606000	68801000	41599000	46821000	39441000	41302000	29576000	33103000	27334000	27952000	18610000	40097000	39723000	30884000	29038000	31199000	37313000	55020000	81935000	42494000	34790000	40386000	35761000	30577000	33379000	36347000	25651000	31696000	29114000	23454000	16785000
"A0A060HMR4"	397740000	400580000	511520000	389080000	435740000	366990000	350430000	453790000	372620000	222370000	389730000	415100000	363620000	311060000	310100000	386890000	326550000	305450000	292760000	372260000	416810000	414870000	339820000	341880000	366350000	318090000	376350000	415030000	282650000	336590000	316200000	269030000	159220000	246950000	386330000	320480000	355980000	356710000	389250000	416720000	328070000	325960000	194580000	287870000
"A0A060HMR6"	0	0	0	0	0	0	0	0	0	0	0	0	0	0	0	0	0	0	0	0	0	0	3293100	0	0	0	0	0	0	0	0	0	0	0	0	0	0	0	0	0	0	0	0	0
"A0A060HMR7"	26166000	20513000	23048000	25808000	22110000	20829000	26560000	27333000	23680000	15069000	0	24048000	0	13467000	19225000	0	0	16685000	17106000	26865000	26847000	21957000	22754000	24275000	20652000	0	29094000	22882000	25594000	15897000	16700000	15201000	20741000	21510000	20353000	21669000	22329000	22311000	27570000	31799000	27241000	26413000	30299000	23638000
"A0A060HMR8"	73858000	69880000	94753000	78973000	57264000	75417000	67839000	45127000	61836000	62390000	48823000	79576000	60833000	49646000	67252000	63144000	64088000	65367000	63478000	58019000	79945000	52036000	53464000	52018000	67107000	66515000	59770000	58592000	58749000	62062000	50317000	50991000	64988000	58507000	53088000	57432000	58265000	65261000	66616000	56472000	57190000	52487000	60381000	60325000
"A0A060HMS3"	92167000	88904000	105490000	96588000	86201000	99577000	108210000	95731000	105070000	39773000	57871000	98463000	61173000	47377000	72491000	72455000	74979000	8e+07	65525000	68449000	84893000	71258000	90634000	74094000	90616000	83853000	84057000	79366000	75844000	48304000	47534000	68668000	60105000	52811000	69902000	62651000	69835000	86448000	80816000	81111000	85656000	79184000	77262000	86357000
"A0A060HMS4"	0	0	0	0	0	0	0	0	0	0	0	15161000	0	0	0	0	0	0	0	0	0	0	0	0	0	0	0	0	0	0	0	0	0	0	0	0	0	0	0	0	0	0	0	0
"A0A060HMS6"	159360000	196430000	316480000	194030000	214980000	265460000	212800000	196800000	173100000	112310000	214840000	246680000	131760000	116400000	182290000	202030000	232850000	244390000	221270000	203650000	206650000	173350000	197410000	199120000	201760000	177300000	196880000	194090000	176710000	254350000	239790000	281120000	282450000	251760000	203480000	200770000	236250000	210850000	268900000	178930000	227830000	193990000	180280000	166510000
"A0A060HMS8"	28856000	17940000	31490000	24222000	22840000	27760000	19197000	18697000	17998000	44950000	12856000	40739000	36219000	30999000	28950000	18895000	17485000	26177000	20012000	23186000	26138000	13972000	19147000	25087000	30680000	22014000	19667000	14351000	18265000	15208000	18945000	23789000	19367000	20683000	13243000	19388000	16149000	15829000	20442000	18738000	15114000	17152000	14314000	15369000
"A0A060HMT1"	3765400	3868400	0	4031500	4809800	0	3656100	0	0	0	0	0	0	0	0	0	0	0	3364600	4541000	0	5175900	4465800	0	4066500	4939900	0	5615000	5638500	0	0	0	0	0	0	0	0	0	0	0	6074800	0	0	0
"A0A060HMT2"	1224300000	1218700000	1.036e+09	951890000	1062100000	1004700000	1104900000	1175900000	1103100000	1.415e+09	1.911e+09	1765400000	1832600000	1767200000	2166700000	1816500000	1724900000	1782100000	2316400000	1132700000	1.124e+09	1217900000	1090500000	1239700000	1059100000	1256800000	947560000	1178300000	1167700000	1998200000	2.066e+09	1899200000	1777400000	1844300000	1.975e+09	1774900000	2.033e+09	1702900000	1690100000	1270200000	1166500000	1.11e+09	1180900000	1224800000
"A0A060HMT3"	18509000	16503000	0	16334000	12497000	14926000	19446000	0	18528000	0	0	0	0	0	0	0	0	0	0	22932000	19178000	17885000	18147000	19561000	22129000	17232000	14435000	16303000	18861000	0	0	0	0	0	0	9473500	16724000	0	0	21653000	23634000	17787000	23510000	30116000
"A0A060HMT7"	47593000	44090000	61254000	48220000	43160000	54063000	45872000	52484000	43036000	34496000	40903000	64450000	34204000	27953000	28741000	39883000	35925000	43154000	46344000	45304000	46699000	34973000	39579000	42043000	45115000	46500000	46587000	37617000	42035000	40213000	32871000	42541000	31425000	43241000	31974000	45271000	48563000	47861000	44453000	43693000	42083000	43535000	41223000	32579000
"A0A060HMT8"	542040000	597850000	794070000	569540000	606750000	588460000	554700000	631810000	521820000	556770000	656790000	787550000	580640000	597720000	712970000	554820000	622390000	598390000	596240000	533550000	525350000	4.84e+08	463280000	567670000	588530000	562700000	534990000	532450000	479500000	544410000	590670000	576110000	578450000	568830000	495740000	496890000	566940000	508940000	594190000	491250000	548340000	478320000	493740000	509750000
"A0A060HMT9"	12301000	11887000	0	10648000	10834000	12822000	10730000	10332000	11581000	14875000	14328000	0	19254000	0	18701000	16515000	12631000	12545000	17298000	11966000	12704000	10324000	12077000	9101000	11341000	11605000	11068000	8065900	12117000	11637000	13099000	18362000	0	15470000	11737000	14114000	12052000	11982000	12676000	12037000	12661000	11543000	11873000	11334000
"A0A060HMU1"	139910000	114280000	113420000	123790000	114970000	121820000	117830000	117820000	139010000	130560000	143470000	153910000	135670000	143140000	173390000	133720000	152570000	142480000	138350000	138450000	136630000	137910000	136310000	154630000	126590000	150240000	126740000	134710000	129450000	122030000	137920000	144960000	125730000	140770000	157940000	136600000	157820000	153680000	187590000	146700000	133600000	128340000	153620000	131410000
"A0A060HMU3"	0	0	0	0	0	0	0	0	0	0	0	0	0	0	0	0	0	0	0	0	0	0	0	0	0	0	0	0	0	0	0	0	0	0	0	0	0	0	0	0	0	4270400	0	0
"A0A060HMU4"	60107000	69239000	80262000	68511000	58711000	68076000	72699000	58817000	66317000	79691000	110160000	95252000	91875000	95079000	113550000	91120000	1.02e+08	83765000	94686000	74979000	79423000	82581000	67223000	76211000	66358000	86976000	69487000	78195000	64654000	88096000	95925000	95760000	82370000	75251000	78420000	76592000	81936000	81669000	84581000	71546000	84756000	69361000	81687000	75851000
"A0A060HMU9"	757320000	804040000	549600000	947920000	1.012e+09	731290000	826550000	747540000	763090000	472730000	592160000	459960000	693090000	672150000	632910000	621510000	440680000	741610000	647890000	682370000	702280000	867910000	718840000	666470000	681520000	643700000	835080000	1136600000	926280000	660200000	566730000	568080000	572540000	512250000	671860000	598140000	669390000	466640000	283780000	562630000	578270000	733150000	745370000	621560000
"A0A060HMV0"	6093600	7234200	13097000	9654800	11061000	6987700	7334400	7721500	6444300	0	0	0	0	0	6711000	0	9187500	0	0	6557300	8166000	0	0	9023600	0	0	7314000	10103000	6868300	0	0	0	0	4407500	5493200	5872900	0	0	0	6410400	5142200	0	6358600	0
"A0A060HMV1"	9930100	0	0	0	0	0	0	0	0	0	0	0	0	0	0	0	0	0	0	8305700	0	8325300	0	0	14837000	0	0	0	11731000	0	0	0	0	0	0	0	0	0	0	0	0	0	0	0
"A0A060HMV2"	0	0	0	0	0	0	0	0	0	0	0	0	0	0	0	0	0	0	0	0	0	0	0	0	0	0	0	0	0	0	0	0	0	4603500	0	5247800	0	0	0	0	0	0	0	0
"A0A060HMV4"	4380500	0	3575300	8093500	0	0	0	0	9068600	0	0	0	0	0	0	0	0	0	0	10832000	0	8344400	10187000	9606500	0	9815800	0	0	11061000	33630000	27641000	20165000	31565000	43817000	25758000	26687000	25051000	24810000	33814000	13450000	17066000	13920000	19087000	19281000
"A0A060HMV9"	25399000	23093000	19929000	28476000	26288000	25335000	30414000	33287000	26459000	19973000	22359000	18426000	15946000	0	24526000	14741000	33918000	16002000	15915000	35814000	27020000	28963000	23369000	35336000	23911000	37733000	31748000	30440000	30514000	24187000	22633000	15919000	25971000	33218000	32145000	29555000	32611000	30990000	33126000	39513000	37157000	34761000	39851000	34139000
"A0A060HMW3"	3101100	0	0	0	0	0	0	0	0	0	0	0	0	0	0	0	0	0	0	0	0	0	0	0	0	0	0	0	0	0	0	0	0	0	0	0	0	0	0	0	0	0	0	0
"A0A060HMW4"	0	0	0	0	0	2028200	0	0	0	0	0	0	0	0	3556800	0	1818000	0	0	0	0	0	0	0	0	0	0	0	0	0	2354800	2257000	2702100	3098800	0	1963600	0	0	0	0	0	0	0	0
"A0A060HMW5"	0	0	0	0	0	0	0	0	0	13231000	0	0	0	0	0	0	0	0	0	0	0	0	0	0	0	0	0	0	0	0	0	0	0	4082900	0	5198500	0	0	0	0	0	0	0	0
"A0A060HMX3"	0	0	0	13173000	13626000	7411100	0	0	9592500	0	0	0	0	0	0	0	0	0	0	12521000	0	12172000	14428000	0	8769300	0	9921000	12611000	10549000	16115000	13111000	15882000	14581000	15772000	17205000	14057000	13538000	14080000	17512000	13216000	14947000	20760000	12558000	11715000
"A0A060HMX6"	0	0	0	0	0	0	0	0	0	0	0	0	0	0	0	0	0	0	5797200	0	0	0	0	0	0	0	0	0	0	0	0	0	0	0	0	0	0	0	0	0	0	0	0	0
"A0A060HMX8"	0	0	0	0	0	0	0	0	0	0	0	0	0	0	0	0	0	0	0	0	0	0	0	0	0	0	0	5272900	0	0	0	0	0	0	0	0	0	0	0	0	0	0	0	0
"A0A060HMX9"	0	0	0	0	0	0	0	0	0	0	0	0	0	0	0	0	0	0	0	0	0	0	0	0	0	0	0	0	0	0	0	0	0	0	0	0	0	0	0	0	0	0	0	3570400
"A0A060HMY0"	110270000	89799000	105590000	94735000	0	74721000	94121000	96641000	78574000	142940000	100350000	125720000	104400000	133330000	90754000	118080000	71732000	83862000	90483000	97841000	97516000	87499000	72976000	90363000	94239000	92540000	78246000	82611000	98555000	79599000	69936000	61938000	56417000	46119000	94876000	97939000	80384000	78363000	88278000	102730000	58432000	75067000	74668000	76999000
"A0A060HMY1"	152620000	119740000	115790000	84758000	135770000	80675000	78783000	73260000	95573000	168010000	118360000	100630000	129120000	186100000	83545000	92917000	76464000	87442000	70478000	81924000	141070000	141900000	99491000	103230000	76365000	136100000	100410000	99375000	57596000	73133000	44065000	75914000	64791000	57846000	128570000	71916000	82651000	90692000	85883000	85194000	75115000	92717000	46533000	75729000
"A0A060HMY3"	16060000	12318000	0	10311000	8798400	0	0	0	0	0	0	0	0	0	0	0	0	0	9444900	11234000	14564000	11383000	0	10054000	13541000	0	0	0	0	0	0	0	0	0	12441000	0	0	12359000	0	0	0	0	0	0
"A0A060HMY4"	1062700000	938680000	713670000	683720000	1055600000	759650000	777800000	1101700000	739620000	484050000	722980000	478730000	403040000	600890000	518400000	597160000	620610000	457210000	522290000	950500000	841580000	1128100000	670320000	831680000	835260000	868490000	692260000	1130600000	564830000	557280000	460190000	333110000	167180000	269500000	695680000	482350000	625850000	428240000	394950000	866130000	606510000	474760000	443890000	693300000
"A0A060HMZ0"	0	0	0	0	0	0	0	0	0	0	0	0	0	0	0	0	0	0	0	0	0	0	0	0	0	0	0	0	0	0	0	0	5052900	0	0	0	0	0	0	0	4405700	4051000	0	0
"A0A060HMZ2"	12827000	15758000	14589000	0	15530000	0	12837000	13254000	12119000	21016000	0	0	18303000	0	0	0	0	0	0	0	0	14248000	14461000	14162000	12757000	0	15828000	9903800	0	0	0	13942000	22970000	0	18445000	18314000	15031000	18004000	19778000	16572000	14979000	17928000	16612000	0
"A0A060HMZ3"	39567000	33736000	36081000	38678000	27149000	27052000	32543000	30020000	42434000	206550000	193820000	278230000	188800000	185620000	186600000	206690000	171370000	186360000	170320000	206020000	185840000	155800000	185660000	169870000	91585000	82507000	57079000	94935000	71104000	142240000	144520000	193590000	158830000	131950000	129140000	104690000	117880000	127720000	125700000	145860000	113430000	127080000	81671000	120840000
"A0A060HMZ4"	27396000	22185000	41962000	26904000	44733000	48564000	50362000	46146000	43456000	0	9784200	0	0	0	0	0	20772000	0	0	28487000	21351000	40404000	35990000	31877000	38326000	49514000	59021000	42232000	46880000	0	0	0	0	0	0	0	6904900	0	0	30827000	33687000	47916000	67721000	34651000
"A0A060HMZ5"	1046400000	878180000	615230000	979220000	1108700000	820710000	958330000	1308500000	978570000	438550000	927300000	549980000	626660000	540010000	494480000	799470000	660530000	964930000	856900000	797540000	757860000	875800000	1003300000	1047600000	1034600000	885670000	967390000	1179300000	1188200000	908270000	843030000	656390000	868340000	846120000	962090000	1015500000	1172700000	775850000	565030000	1035500000	702740000	1002700000	1060400000	923610000
"A0A060HMZ6"	2914000	0	7968400	7023700	4842600	5850500	6039500	4903900	3701400	0	0	0	0	0	5300300	8088800	0	6882500	0	0	6602100	2553500	4313200	0	4446200	0	5296400	4086700	3315600	0	3514500	6085500	0	3361200	0	0	0	0	0	0	3166200	3896700	2473900	0
"A0A060HMZ9"	31892000	30140000	36475000	36300000	31772000	37791000	32017000	31192000	36155000	32440000	33615000	43919000	27678000	32661000	33438000	33201000	27659000	25400000	24149000	37528000	33514000	40419000	34590000	30248000	27528000	40312000	35832000	30963000	29377000	23426000	21212000	24917000	20964000	24345000	35027000	35734000	29103000	34478000	38372000	30220000	39928000	36262000	28692000	24382000
"A0A060HN00"	0	0	0	0	0	0	3678900	0	0	0	0	0	0	0	0	0	0	0	0	0	0	0	4700200	0	0	0	0	0	3379500	0	0	0	0	0	0	0	4392100	0	0	0	0	4729900	0	0
"A0A060HN07"	0	9631500	12770000	17495000	11723000	16909000	13650000	10642000	13179000	0	13271000	11709000	7031200	0	11437000	11725000	17436000	13951000	0	13631000	10715000	0	13506000	12059000	0	14336000	14134000	0	10899000	18006000	13165000	12290000	15760000	14896000	12800000	15257000	16307000	13925000	20606000	14737000	14386000	11793000	15660000	0
"A0A060HN08"	2301300000	2072200000	1777400000	1783800000	1926900000	1.898e+09	1934400000	2180700000	2196600000	1540700000	2120800000	1833400000	1677100000	1687200000	1782200000	1770500000	2127700000	1.873e+09	2244900000	2344500000	2128400000	2.383e+09	2165600000	2714200000	2063800000	2444600000	1943600000	1971600000	2313100000	2090800000	1992200000	1780200000	1848800000	2208300000	2240100000	2321400000	2324200000	2397200000	2594700000	2.653e+09	2453500000	2420200000	2.674e+09	2808600000
"A0A060HN12"	472660000	429660000	588770000	391390000	421590000	429220000	427950000	516700000	431740000	320950000	462060000	417490000	315560000	354480000	363980000	361710000	555710000	480050000	470630000	491390000	469330000	489470000	513800000	563980000	447660000	535070000	485650000	417860000	403640000	431450000	404850000	348970000	373420000	360960000	483350000	540940000	510440000	527890000	615400000	527650000	470430000	418660000	524290000	575030000
"A0A060HN18"	9997100	13204000	11839000	10105000	1.2e+07	9805300	10563000	10882000	10775000	13893000	14335000	12646000	17528000	0	20007000	17215000	12836000	13392000	14296000	10849000	11294000	12263000	11123000	12182000	9298000	11281000	11064000	15176000	13334000	16397000	19345000	17912000	18584000	17551000	15820000	10057000	11204000	10787000	9064800	13619000	14335000	10929000	11100000	8632000
"A0A060HN22"	144940000	127730000	122020000	136960000	135860000	115290000	121600000	135550000	133740000	105720000	153030000	219190000	112040000	107680000	115660000	134120000	137180000	180660000	136880000	126910000	125230000	108160000	141560000	139970000	156130000	125950000	140150000	109180000	125310000	133100000	125300000	120750000	142310000	113180000	147160000	130430000	153960000	141870000	191160000	124980000	109220000	123950000	1.17e+08	123980000
"A0A060HN26"	72712000	77421000	88808000	73244000	85299000	73693000	75658000	91077000	65362000	100710000	90099000	94969000	114790000	98835000	119430000	88843000	76552000	79076000	82903000	70219000	68946000	66649000	64070000	65564000	69810000	64377000	61560000	63094000	74592000	79749000	95874000	89024000	98816000	70127000	69312000	54944000	56414000	63955000	58241000	70003000	67814000	67761000	61352000	72612000
"A0A060HN29"	0	0	0	0	0	0	0	0	0	0	0	0	0	0	0	0	0	0	0	0	0	3241400	0	0	0	0	0	0	0	0	0	0	0	0	0	0	0	0	0	0	3650400	0	0	0
"A0A060HN31"	26909000	28372000	0	26006000	24287000	24443000	26519000	22204000	27091000	34619000	33207000	28463000	36230000	31994000	39487000	27105000	36105000	24507000	32131000	29098000	29379000	23874000	23162000	25614000	26754000	28520000	26481000	26198000	26037000	25920000	35726000	28497000	28908000	30191000	24623000	22780000	26662000	16535000	24632000	24528000	25424000	20512000	23990000	26634000
"A0A060HN38"	59626000	56390000	68110000	59328000	55533000	68345000	58257000	64084000	58021000	71079000	68130000	73258000	75302000	70934000	81567000	72655000	61141000	68492000	71444000	60850000	59539000	57354000	54864000	56903000	56282000	55422000	58468000	53921000	58475000	60386000	55923000	61236000	64015000	53878000	59163000	54552000	51871000	56346000	43357000	53713000	49610000	54830000	50034000	48364000
"A0A060HN41"	0	0	12580000	9306200	0	11159000	9220600	0	10666000	0	0	0	0	0	0	0	0	7993300	0	6228000	0	9729200	12812000	6351600	0	11188000	0	0	9816700	12488000	0	8487900	4365200	0	8406800	12487000	18349000	11491000	0	0	8266400	9131300	0	0
"A0A060HN42"	114670000	119900000	58355000	145230000	146050000	102650000	105630000	111920000	117570000	103970000	141250000	98352000	161410000	134050000	178720000	128120000	90038000	128840000	135390000	133460000	114760000	170470000	134230000	132100000	106990000	117560000	130850000	169320000	154610000	153340000	135120000	119520000	131720000	133520000	145500000	122360000	134250000	90785000	55009000	104320000	86010000	110210000	118510000	98745000
"A0A060HN46"	605330000	512410000	800110000	667530000	839510000	641430000	542360000	698800000	568930000	541230000	444770000	562400000	504790000	709060000	450360000	507470000	466830000	690490000	495090000	584880000	576010000	503090000	698730000	493880000	808060000	609800000	563910000	717810000	584140000	486410000	393240000	471250000	464740000	426660000	411450000	478390000	685120000	456390000	538910000	411310000	468630000	543060000	437390000	490880000
"A0A060HN47"	0	0	0	0	0	0	0	0	0	0	0	0	0	0	0	0	0	0	6540400	0	0	0	0	0	0	0	0	0	0	0	0	0	0	0	0	0	0	0	0	0	0	0	0	0
"A0A060HN48"	0	0	0	0	0	0	0	0	0	0	0	0	0	0	0	0	0	0	0	0	0	0	2018200	0	0	0	2116000	0	0	0	0	0	0	0	0	0	0	1767700	0	0	0	0	0	0
"A0A060HN49"	158100000	220070000	236850000	175120000	194080000	161330000	151540000	137410000	145640000	213050000	133570000	222490000	236710000	215930000	242090000	177640000	127170000	144470000	147620000	174850000	174070000	120650000	135820000	160280000	165080000	123610000	126710000	131550000	126130000	138330000	185560000	167860000	144470000	126080000	107420000	106130000	104560000	119730000	115680000	107530000	138850000	117270000	101160000	110060000
"A0A060HN51"	12229000	11152000	11969000	0	8479000	8331900	0	10547000	9682500	18427000	10513000	13781000	11472000	14873000	15211000	8972500	12969000	11085000	13828000	10382000	10544000	8976100	8907800	11637000	11976000	13459000	8928000	8853500	9429500	14896000	17554000	13851000	16859000	17117000	13245000	13850000	14054000	13939000	0	13253000	10428000	8530200	14265000	12105000
"A0A060HN54"	0	0	0	3448000	0	0	0	0	0	0	0	6482200	0	0	0	0	0	5248800	0	0	0	0	3089800	0	0	0	0	3565800	0	4351500	0	4348000	0	5622500	2500300	3626100	4454600	0	5449500	0	0	0	0	0
"A0A060HN55"	13630000	0	19952000	19853000	12638000	16526000	16181000	15633000	11440000	0	0	0	0	0	0	9679700	11424000	14381000	12526000	13140000	19779000	9808700	12880000	14593000	11262000	12695000	19225000	16123000	15286000	11862000	0	9302300	9988800	10797000	9811600	16147000	15655000	14363000	11683000	10027000	9643400	13608000	16341000	9043000
"A0A060HN63"	12297000	11354000	10025000	12501000	9335100	13177000	9885600	8668300	11276000	0	0	0	0	0	0	7039600	0	8139600	0	12271000	12118000	7824500	11966000	10884000	11227000	9965100	17815000	10021000	10727000	0	0	0	0	0	0	0	4599600	0	0	9488700	10287000	10977000	9473800	0
"A0A060HN64"	0	0	0	0	0	0	0	0	0	0	0	0	0	0	0	0	0	0	0	0	0	0	4027400	0	0	0	0	0	0	0	0	0	0	0	0	0	0	0	0	0	0	0	0	0
"A0A060HN65"	38368000	27491000	45979000	40086000	47561000	23366000	39863000	48052000	38190000	0	29238000	46409000	44642000	0	19557000	38654000	0	40791000	25230000	0	0	26617000	44848000	27744000	34766000	22531000	35826000	35348000	29106000	32418000	21036000	20724000	0	20933000	36945000	25294000	35375000	37286000	34562000	37454000	24685000	48713000	22794000	29737000
"A0A060HN70"	455330000	382170000	312580000	404730000	387490000	346630000	366300000	426700000	369300000	387030000	486970000	320840000	454100000	470260000	470220000	401250000	332350000	310460000	327240000	415590000	373230000	452700000	369040000	405500000	412580000	404200000	424560000	450800000	411690000	415690000	427850000	361990000	306570000	338610000	440030000	344820000	394600000	341770000	222960000	417140000	335890000	316510000	381960000	345190000
"A0A060HN71"	130690000	136130000	93183000	89160000	108260000	106380000	105260000	103170000	112180000	45359000	60351000	58982000	33051000	18991000	44403000	50942000	65378000	54615000	65019000	80054000	66678000	73979000	79959000	75756000	112350000	109610000	98837000	104430000	103940000	58305000	61672000	51322000	54283000	63106000	54606000	61463000	66742000	63521000	50672000	88595000	97393000	94623000	90257000	87336000
"A0A060HN74"	0	5611600	0	0	4004000	6503200	4839100	0	5365500	0	0	0	0	0	0	0	0	0	0	4456200	0	4571600	6050600	6806200	0	6702600	0	6193000	4959100	5070600	0	0	4116200	4058300	3476500	4408100	0	3466700	0	6231000	8310500	3828400	8613800	6915600
"A0A060HN76"	0	17250000	36178000	15997000	50589000	44825000	56380000	51327000	36341000	0	10382000	0	0	0	0	0	24467000	2807100	0	31802000	22016000	39516000	27887000	24547000	40130000	42977000	68463000	51824000	51093000	0	0	0	0	0	0	0	5271500	0	0	35375000	35716000	47912000	73954000	28033000
"A0A060HN78"	58011000	55866000	33562000	46502000	45311000	54872000	45898000	40678000	54220000	39377000	49703000	48470000	49486000	36026000	62595000	46731000	47802000	46128000	54636000	57632000	53783000	59530000	53361000	62206000	47618000	57589000	56711000	55863000	59780000	58306000	59565000	67127000	59211000	74574000	59491000	59446000	52104000	60422000	54258000	54033000	63241000	60382000	60295000	58464000
"A0A060HN80"	27463000	27830000	45220000	32507000	23650000	38242000	25472000	20207000	23261000	36195000	35365000	72331000	28710000	49111000	44388000	21770000	41872000	38458000	30836000	33365000	32237000	27568000	26147000	30334000	32654000	53575000	37290000	35676000	32249000	32552000	28250000	22229000	23539000	39015000	27858000	25190000	35493000	22049000	38699000	20916000	26486000	13605000	19782000	23210000
"A0A060HN81"	50670000	41084000	84067000	59191000	54713000	51256000	52681000	47638000	47121000	38929000	41026000	63602000	34461000	45232000	41161000	40287000	37679000	55893000	41372000	41485000	42823000	34515000	47585000	46598000	51224000	52743000	45352000	36456000	49522000	32405000	32973000	34818000	35722000	32950000	42076000	37425000	49560000	40440000	0	42586000	38464000	43383000	40572000	37204000
"A0A060HN84"	35334000	44480000	41782000	32973000	37928000	42786000	29007000	46566000	40874000	0	37292000	18664000	14394000	10228000	10938000	25644000	36423000	32996000	28389000	40471000	36033000	40155000	40744000	49356000	39385000	45911000	44006000	46833000	35860000	48289000	42249000	36104000	39414000	45054000	33814000	41772000	43354000	57216000	75096000	72104000	67324000	55552000	49708000	64956000
"A0A060HN85"	26935000	19702000	41071000	22413000	26782000	28277000	29495000	40300000	27194000	0	16095000	0	0	0	0	7186300	25798000	13212000	10044000	28100000	25071000	24367000	24761000	25390000	26597000	26741000	37726000	25459000	23203000	13496000	0	4388600	0	13904000	9132000	20137000	25471000	16905000	21567000	24753000	22842000	32162000	31170000	29123000
"A0A060HN88"	91279000	80703000	81598000	95272000	83939000	83918000	86595000	87728000	85092000	75709000	104630000	89020000	74279000	72116000	99693000	103750000	84869000	94131000	109110000	95884000	95088000	89186000	87376000	86259000	96779000	87952000	92547000	88433000	88070000	108140000	98459000	94116000	89963000	92648000	94198000	97409000	106010000	86469000	89190000	82304000	74476000	89167000	90348000	88519000
"A0A060HN90"	0	0	0	0	0	0	0	0	0	0	0	0	0	0	0	0	0	0	0	0	0	0	0	0	0	0	0	0	0	0	0	0	0	0	0	0	0	0	0	0	863050	0	0	0
"A0A060HN96"	14219000	12169000	16932000	16307000	14515000	13601000	13751000	15636000	15874000	0	17979000	10830000	0	0	0	16731000	19165000	14213000	13733000	15830000	16473000	14452000	13961000	13193000	15738000	15132000	16846000	14139000	11905000	9473500	13220000	9668000	13267000	11339000	11520000	8576400	12351000	11746000	15445000	15742000	17519000	17919000	13587000	12741000
"A0A060HNA0"	1639100000	1334300000	1396700000	1415300000	1506500000	1.614e+09	1524600000	1494700000	1477100000	676390000	1326600000	1010100000	787290000	693890000	981580000	1122100000	1350600000	1077300000	1160600000	1579200000	1319500000	1437100000	1374500000	1516800000	1498900000	1502500000	1549500000	1.491e+09	1300700000	1029300000	984540000	1036100000	1156300000	1286800000	1.294e+09	1.3e+09	1.461e+09	1367500000	1276400000	1494500000	1.379e+09	1502600000	1493800000	1338300000
"A0A060HNA2"	0	5268200	0	0	0	0	0	0	0	0	0	0	0	0	0	0	0	0	0	0	0	0	0	0	0	0	0	0	0	19547000	28082000	23448000	17245000	30332000	0	6489800	0	6942200	9451500	0	7252600	0	0	8001800
"A0A060HNA3"	0	0	0	5167700	0	0	0	0	0	0	0	0	0	0	0	0	0	0	0	0	0	0	0	0	0	0	0	0	0	9455500	8203100	0	8943500	13374000	0	0	0	6303400	0	0	0	0	0	0
"A0A060HNA5"	12084000	143080000	129730000	119740000	237830000	269030000	294040000	289450000	296370000	0	97629000	0	0	0	0	0	205340000	20310000	19882000	237890000	135850000	320170000	224960000	244080000	240800000	332570000	435220000	381770000	341250000	0	0	0	0	10116000	0	17104000	63991000	12051000	21853000	228910000	279020000	238570000	487350000	237200000
"A0A060HNA6"	24101000	23036000	11881000	27239000	26737000	20281000	22786000	0	22043000	12700000	19587000	11441000	17170000	0	0	23097000	0	17274000	17289000	18871000	19789000	34626000	23200000	22532000	17308000	0	23260000	26733000	25964000	27526000	14913000	14953000	8221700	0	27452000	23010000	22228000	19445000	0	21790000	21417000	25573000	15231000	0
"A0A060HNA7"	17124000	12615000	0	0	14056000	0	10910000	0	11798000	0	0	0	0	0	0	0	12711000	0	10141000	17225000	0	0	8797100	15946000	12676000	0	0	15865000	11822000	0	0	0	0	7482600	0	0	0	0	0	0	0	11065000	0	0
"A0A060HNA9"	0	13493000	0	0	0	0	0	0	0	0	0	0	0	0	0	0	0	0	0	0	0	19539000	0	20309000	14478000	0	13922000	16365000	0	0	0	0	0	0	0	0	0	0	0	14192000	0	17950000	13017000	11541000
"A0A060HNB0"	12745000	11986000	18075000	12414000	8336000	9611000	11013000	9765900	12481000	15111000	9484900	20952000	12241000	20066000	14464000	11360000	10709000	12078000	12789000	12237000	11409000	8314000	9761500	8004600	9697700	9597100	10961000	10587000	9724300	9007800	9981200	12019000	14049000	8287900	9287500	11560000	11142000	15101000	12187000	9267100	10036000	12846000	0	12638000
"A0A060HNB3"	1595700000	1509800000	1506200000	1435200000	1.75e+09	1.37e+09	1597800000	1882700000	1470200000	741150000	1565900000	1214600000	838610000	808370000	1124100000	1273900000	1530600000	1119700000	1338300000	1708200000	1409600000	1632900000	1350100000	1.689e+09	1560400000	1547100000	1453100000	1623800000	1422700000	1210200000	1257900000	1126800000	1.198e+09	1.191e+09	1599500000	1.388e+09	1450700000	1366800000	1374500000	1815400000	1408300000	1512800000	1609800000	1635700000
"A0A060HNB5"	3244600000	4372300000	3.618e+09	3789600000	4431100000	3646700000	3233900000	3710500000	2.978e+09	4.014e+09	3697200000	3029300000	4733800000	5.35e+09	4463400000	3745800000	3131100000	3.819e+09	3498500000	3358900000	3.096e+09	3346100000	3316600000	3199300000	3.079e+09	2681800000	3023100000	3673900000	3298200000	4.074e+09	4262900000	4301600000	3743200000	3417800000	2770600000	1.783e+09	2.464e+09	1909200000	2.069e+09	2670600000	2827800000	2.782e+09	2479700000	2456100000
"A0A060HNC1"	0	0	0	0	0	0	0	0	0	0	0	0	0	0	0	0	0	0	0	0	0	0	0	0	0	0	0	0	0	0	0	0	0	0	0	0	0	7654800	0	0	0	0	0	0
"A0A060HNC2"	21847000	22712000	34099000	24473000	23286000	34458000	24770000	21986000	22883000	0	9547500	0	0	0	0	19873000	10757000	7651100	22148000	22547000	21744000	19623000	22822000	20660000	26906000	16653000	26897000	19701000	16707000	18324000	0	0	0	14621000	12152000	9970300	11492000	13330000	11950000	22193000	21130000	24319000	17100000	16493000
"A0A060HNC4"	41731000	32035000	33559000	33987000	30635000	32006000	32788000	31673000	39597000	42306000	37688000	59843000	46233000	39355000	43035000	38265000	40739000	42088000	42739000	33396000	33748000	37512000	41585000	34800000	42130000	37075000	37618000	33687000	33073000	41223000	35497000	40900000	42744000	36847000	46557000	41611000	57937000	42424000	51796000	36645000	38959000	34220000	36448000	40232000
"A0A060HNC6"	997760000	812170000	1242600000	1119400000	1053700000	1050600000	1061700000	877870000	1010300000	447410000	867690000	914640000	565620000	564160000	689160000	891610000	1014500000	1061100000	761090000	985300000	876880000	912800000	1098600000	935110000	957430000	964320000	891730000	1032800000	825820000	783930000	643300000	691340000	606120000	775060000	869920000	855770000	1.069e+09	860890000	984520000	851700000	794600000	828630000	838870000	795530000
"A0A060HND0"	15039000	0	24061000	13379000	15636000	18481000	13872000	13654000	14280000	16046000	0	23817000	17983000	19495000	15973000	13899000	17566000	14696000	13503000	11552000	14109000	17937000	14435000	12586000	14757000	12237000	12994000	11625000	11572000	17244000	13212000	11199000	16009000	15001000	14760000	10224000	14073000	10829000	0	16316000	7988300	10203000	10640000	11249000
"A0A060HND1"	0	0	0	0	0	11969000	0	17726000	0	0	0	0	0	0	0	0	0	8314300	0	0	9657000	0	0	11396000	0	14876000	0	0	12207000	13589000	0	0	0	10879000	0	0	0	0	0	0	0	0	0	13930000
"A0A060HND3"	0	0	0	0	0	0	0	0	0	429220000	0	116750000	225570000	321290000	332090000	0	0	0	0	0	0	0	0	0	0	0	0	0	0	0	0	0	0	0	0	0	0	0	0	0	0	0	0	0
"A0A060HND6"	638890000	803010000	485070000	603310000	720600000	636240000	608760000	923750000	668890000	1.034e+09	712720000	823150000	1239100000	1.275e+09	820480000	822300000	578190000	923440000	804160000	428020000	463410000	526500000	779810000	545280000	696670000	482390000	501740000	490610000	690820000	943350000	862430000	879100000	1005900000	728740000	710250000	619460000	566770000	582950000	434810000	747290000	576380000	557560000	601150000	723070000
"A0A060HND7"	10373000	12523000	11757000	6964800	11473000	10574000	12308000	0	10372000	9267100	12460000	9967400	12678000	12885000	0	12709000	9212500	10659000	12737000	10578000	8890500	0	9936900	9511100	10076000	9015600	9158800	8475000	8203000	8535900	13832000	16525000	11428000	14688000	0	9684400	8336700	10173000	11760000	13500000	12624000	14080000	0	8126200
"A0A060HNE0"	0	0	0	0	0	0	0	0	0	0	0	0	0	0	0	0	0	0	0	0	0	0	0	0	0	0	0	0	0	0	0	0	0	0	0	0	0	0	0	0	0	1535800	0	0
"A0A060HNE3"	60060000	78481000	88086000	59723000	62997000	70550000	64907000	70353000	58247000	70433000	73976000	90190000	60197000	61089000	74271000	62719000	87733000	64139000	78159000	69658000	64620000	57835000	55174000	62034000	66735000	70086000	57925000	63790000	54138000	71042000	71137000	71001000	79372000	72920000	66681000	58288000	66639000	63489000	82668000	71272000	74788000	62058000	63071000	60769000
"A0A060HNE4"	36302000	25727000	26652000	32629000	31605000	23150000	23396000	26479000	30679000	30829000	26734000	43959000	29543000	34364000	33997000	24908000	19246000	24681000	22260000	27656000	23964000	31547000	29154000	24819000	27348000	23081000	23351000	25340000	23380000	38490000	29286000	28319000	28294000	27966000	29670000	18764000	0	18202000	16811000	28597000	25812000	20985000	19934000	26784000
"A0A060HNE7"	0	0	0	0	0	0	0	0	3289800	0	0	0	0	0	0	0	0	0	0	0	0	0	0	0	0	0	0	0	0	0	0	0	0	0	0	0	0	0	0	0	0	0	0	3465400
"A0A060HNE8"	294920000	341890000	315360000	249880000	332520000	309920000	294770000	307440000	265730000	357890000	344270000	462700000	456770000	377350000	492310000	361090000	325130000	373680000	407380000	291010000	276830000	269340000	301570000	293260000	312780000	247720000	266490000	269790000	281320000	336730000	364090000	398880000	394250000	367290000	2.73e+08	256700000	270900000	2.49e+08	236480000	267530000	282050000	300110000	261980000	277440000
"A0A060HNE9"	0	0	0	0	0	0	0	0	0	0	0	0	0	0	0	0	0	0	0	0	0	0	0	0	0	0	0	0	0	0	0	0	0	0	0	9618100	0	0	0	0	0	0	0	0
"A0A060HNF5"	190740000	173200000	323830000	274650000	235140000	214400000	229190000	203810000	2.3e+08	230020000	164360000	291350000	189810000	193160000	153690000	211860000	159950000	230380000	144800000	187110000	196950000	174100000	237190000	199970000	253760000	194350000	215290000	154970000	205420000	201650000	120600000	183010000	166490000	1.58e+08	178460000	192440000	246760000	178950000	203770000	155060000	136480000	252870000	197420000	144130000
"A0A060HNF6"	130420000	119300000	129370000	131040000	134340000	142440000	138580000	145470000	131230000	28408000	61842000	36448000	16364000	0	32545000	51899000	76905000	35185000	54326000	142040000	103990000	106500000	110770000	138910000	155820000	108610000	138550000	101070000	113490000	43050000	14244000	43179000	14783000	59662000	51604000	54418000	68914000	62206000	59107000	128200000	108860000	127160000	100420000	90096000
"A0A060HNF8"	148540000	80659000	123800000	87085000	111280000	123850000	87291000	76235000	90416000	90764000	73222000	77904000	39701000	40889000	37873000	52157000	53891000	53317000	47129000	117580000	103710000	102380000	82419000	119010000	147890000	106690000	86341000	70939000	68199000	40253000	23418000	31813000	0	30922000	85256000	68147000	68128000	64129000	47227000	105460000	60061000	69507000	34200000	55775000
"A0A060HNG1"	7097000	0	7218800	0	7655300	5300800	8577000	9565800	0	0	0	6148800	0	0	0	0	7639600	6892200	8173500	0	0	0	0	6230200	6875500	0	0	6900100	7090300	0	0	0	0	6305400	0	0	7040100	7945700	0	10517000	0	6553500	8206500	0
"A0A060HNG4"	1308600000	1101600000	717630000	1106700000	1371200000	1046200000	1.145e+09	1246600000	1320500000	454630000	987850000	610560000	671730000	551280000	767440000	887160000	981540000	933830000	859560000	1097400000	973720000	1406200000	1376800000	1027300000	1027200000	1040600000	1.287e+09	1377300000	1279500000	1190600000	855190000	925790000	825120000	948480000	1342900000	1039200000	1165100000	963140000	768360000	1131800000	1127900000	1114600000	1242400000	1124400000
"A0A060HNG6"	267910000	219980000	280310000	289860000	337970000	262390000	278500000	305750000	276450000	1252700000	337390000	476040000	722120000	859680000	466880000	442950000	438350000	323430000	308890000	349700000	282070000	280590000	249830000	238230000	295910000	298770000	358120000	348950000	258250000	376450000	426260000	308260000	345540000	243090000	278090000	324360000	317250000	178050000	200690000	247490000	193320000	211420000	263740000	188760000
"A0A060HNG8"	0	0	0	0	0	0	0	0	0	10603000	0	6148300	0	7625800	8076300	0	0	0	0	0	0	0	7347700	0	0	0	0	0	0	5871200	6882500	8006000	0	0	0	0	0	0	0	0	0	0	0	0
"A0A060HNG9"	7854700	8566900	0	8887900	0	8402600	8179300	0	10065000	0	0	0	0	0	0	7247000	0	8112500	0	7501600	7882800	7999600	8859200	8114000	7681000	10768000	8858000	8319400	11256000	10552000	10622000	9037000	8983600	8883900	11243000	13499000	10740000	12100000	0	9824400	12016000	10757000	11064000	11949000
"A0A060HNH2;A0A060HG00"	0	0	0	0	0	0	0	0	0	0	0	0	0	0	0	0	0	0	0	0	0	0	0	0	0	0	0	0	0	12008000	0	0	0	10910000	0	0	0	0	0	0	0	0	0	0
"A0A060HNH4"	9432300	7215000	10172000	10760000	9031100	0	8527200	8647300	10049000	0	0	0	0	0	0	8978600	6651200	10882000	0	9516100	8500500	11550000	10444000	9223300	9281600	0	13384000	8749100	12955000	13780000	9098700	5773800	11122000	17784000	0	15210000	13363000	12374000	14320000	0	11867000	14161000	16502000	10962000
"A0A060HNI0"	274450000	246320000	355540000	251790000	251440000	269380000	258650000	261120000	274440000	218910000	230530000	269760000	187450000	235510000	186240000	214970000	265320000	265670000	215570000	275510000	284530000	220920000	302860000	221550000	327090000	270110000	250720000	277090000	207580000	196900000	169730000	201030000	207480000	207490000	236920000	261450000	282410000	328660000	280290000	286520000	2.54e+08	260010000	234370000	226860000
"A0A060HNI3"	42300000	53657000	54093000	32338000	39147000	47855000	51507000	50558000	45140000	55392000	40255000	61208000	69543000	52971000	59402000	43294000	45157000	40192000	49227000	35584000	45283000	33833000	38846000	37767000	38360000	43805000	37937000	37026000	39198000	46893000	56913000	58029000	49541000	50446000	41669000	47371000	39336000	51123000	56857000	53038000	61287000	48396000	48089000	60833000
"A0A060HNI8"	20196000	17666000	15560000	19094000	17552000	29951000	22526000	25908000	21582000	0	27315000	15280000	0	0	0	17164000	23541000	21514000	15118000	26183000	20501000	21264000	24829000	22540000	23467000	26585000	19532000	20231000	18938000	29552000	24121000	22475000	24926000	34808000	31748000	34025000	34367000	32847000	36897000	31980000	30669000	27599000	29193000	29990000
"A0A060HNI9"	0	0	0	0	0	0	0	0	0	0	0	0	0	0	0	0	0	0	0	0	0	0	0	0	0	0	0	0	0	0	0	0	0	0	4689700	0	0	0	0	0	0	0	0	0
"A0A060HNJ0"	0	0	0	0	0	0	2170900	0	0	0	0	0	0	0	0	0	0	0	0	0	0	1928700	0	0	0	2650400	0	0	0	0	0	0	0	0	0	0	0	0	0	0	2255500	0	0	0
"A0A060HNJ4"	0	0	0	0	0	0	0	0	0	0	0	0	0	0	0	0	0	0	0	0	0	0	0	0	0	0	0	0	0	0	0	0	0	0	0	0	0	0	0	0	0	0	1156000	0
"A0A060HNJ5"	9098200	13285000	16301000	7528700	0	10582000	11088000	0	10211000	13663000	12141000	22737000	14774000	19211000	14044000	13046000	10393000	13101000	9838600	9402500	8536400	8740600	0	13225000	12708000	0	11036000	9522000	0	11637000	13399000	16688000	14566000	10966000	11399000	8648100	6681100	13601000	12489000	13075000	10734000	10347000	0	0
"A0A060HNJ7"	0	0	0	0	0	0	0	0	0	0	0	0	0	0	0	0	0	0	0	0	0	0	0	0	0	0	0	0	0	0	0	0	0	0	0	0	0	0	13604000	0	0	2243900	0	0
"A0A060HNJ9"	10758000	8091500	0	17771000	0	9870800	6358800	0	8757500	15111000	14041000	0	10795000	0	27495000	6697800	11261000	8486300	15523000	16151000	0	15894000	11813000	9850400	0	14088000	0	7667000	14584000	16022000	4148700	43068000	6857200	32487000	18908000	14261000	11575000	25747000	0	9481000	20811000	12300000	20204000	19597000
"A0A060HNK9"	61596000	56970000	50022000	51505000	61658000	55957000	47962000	67373000	56379000	65999000	59814000	80211000	89785000	78699000	86611000	56677000	58191000	59669000	70082000	67656000	53986000	53454000	44211000	61486000	59440000	55348000	55638000	57439000	59236000	51479000	70551000	71545000	65621000	63700000	54995000	51013000	53614000	59058000	44609000	58933000	50184000	54562000	47411000	47691000
"A0A060HNL0"	8669800	8578500	0	8225200	0	0	7638900	7668200	8392800	17832000	0	0	10991000	0	14478000	8969300	11719000	11719000	11782000	10551000	8540500	8923500	10508000	11858000	7909700	12976000	7737300	9147400	9326700	13424000	12487000	14178000	12184000	11654000	13176000	11102000	13243000	11105000	16008000	10405000	12168000	9130300	13568000	12311000
"A0A060HNL5"	0	0	0	0	0	22978000	0	0	26382000	0	0	0	0	0	0	0	0	0	0	21016000	0	22870000	16081000	0	0	0	0	25147000	0	0	0	0	0	0	0	0	0	0	0	0	47817000	17853000	27774000	0
"A0A060HNL8"	8567800	6592900	0	6774400	0	6542200	4585700	7049100	6543400	0	7953300	0	0	0	8577300	6363000	6825800	6747500	9478800	8376800	6579600	6404100	8294400	9079600	4734800	7600200	6698600	7105800	7261000	7252800	9256400	7324400	7446000	9921700	9259700	7423100	6853400	8293300	6990800	5152400	8293200	7250000	6612200	6317600
"A0A060HNM3"	158450000	164490000	137700000	132420000	143160000	163710000	144820000	138690000	134900000	139460000	207860000	172480000	162560000	174120000	199460000	192040000	174670000	169080000	192270000	145650000	138180000	146030000	144950000	150740000	147570000	148460000	129670000	149430000	153270000	183240000	182910000	197390000	197070000	171410000	151980000	125360000	143200000	119550000	123440000	135430000	131790000	113680000	139830000	127190000
"A0A060HNM8"	349360000	235070000	162300000	309150000	276870000	231640000	219150000	209120000	206690000	171800000	183780000	120150000	176410000	166510000	247650000	182150000	175220000	169690000	190400000	281090000	260560000	216120000	236790000	2.67e+08	286680000	217550000	271990000	275340000	230500000	177560000	184940000	151080000	154770000	168920000	198480000	169520000	188070000	148660000	125550000	206030000	181190000	216850000	160570000	176550000
"A0A060HNN3"	9579800	0	0	10934000	6647000	6469100	0	0	5480300	19618000	0	0	0	14320000	8298700	0	0	5558400	0	8975300	0	7688500	8396800	0	0	0	0	9404900	0	0	0	8690800	0	0	0	0	9484500	0	0	0	7116300	7199100	0	0
"A0A060HNP5"	0	0	0	0	0	0	0	0	0	0	0	0	0	0	0	0	0	0	0	0	0	0	0	0	0	0	0	0	0	0	0	0	0	643200	0	0	0	0	0	0	0	0	0	0
"A0A060HNQ2"	14934000	11825000	22065000	20780000	16517000	15937000	16897000	12122000	18645000	0	0	0	0	0	0	0	14471000	0	0	16761000	13065000	14852000	15910000	18560000	12125000	20980000	20173000	21326000	21256000	20845000	0	11836000	0	14855000	20102000	19709000	26125000	17090000	23389000	17477000	18672000	18462000	23511000	21822000
"A0A060HNQ5"	0	12272000	13287000	0	0	11051000	10617000	12527000	11907000	0	14709000	16801000	0	0	17543000	14882000	17540000	17078000	15175000	13773000	0	12618000	15404000	13386000	14940000	13785000	0	14518000	10908000	16877000	17518000	18415000	12585000	17486000	15153000	11106000	15281000	13112000	0	15996000	13737000	13131000	13351000	14725000
"A0A060HNQ6"	23811000	25607000	46515000	23894000	23720000	22761000	25035000	24348000	27186000	0	19731000	26421000	0	31656000	27966000	0	27352000	27126000	20633000	23225000	22028000	20088000	25716000	24047000	24670000	19402000	21684000	20924000	23337000	21471000	30865000	34162000	35521000	27767000	26524000	27169000	25146000	27213000	24572000	23346000	25727000	24224000	26462000	26407000
"A0A060HNQ7"	0	0	0	0	0	0	0	0	0	0	0	0	0	0	0	0	0	0	0	0	0	0	0	0	0	0	0	0	0	68250000	0	0	0	65794000	0	0	0	0	0	0	0	0	0	0
"A0A060HNQ9"	10009000	8744600	24577000	16652000	10837000	10851000	13251000	13242000	12797000	14240000	0	24290000	0	0	0	11638000	14513000	17553000	14974000	9011300	12379000	11508000	12184000	9446300	10608000	15443000	11260000	12323000	12410000	14083000	13133000	9483600	12966000	7790400	7345400	12181000	14676000	13626000	11110000	9607700	12140000	12412000	12184000	10378000
"A0A060HNR0"	0	0	0	0	0	0	0	0	7311700	0	0	0	0	0	0	0	0	0	0	5840500	0	0	6868900	7676800	0	0	0	6160300	7742100	0	0	0	0	0	0	0	0	0	0	0	0	7376700	8475400	7411300
"A0A060HNR3"	416490000	399860000	571640000	381450000	439970000	441710000	416200000	435750000	396900000	143960000	254140000	427490000	180190000	126600000	200460000	263550000	306890000	285690000	272120000	385570000	408990000	310660000	455200000	431350000	496150000	386470000	410780000	362070000	360290000	250080000	225800000	221750000	269730000	253420000	351810000	382180000	392730000	402780000	450570000	451280000	370030000	465370000	419970000	421090000
"A0A060HNR4"	0	0	0	0	0	0	0	0	0	0	0	0	0	0	0	0	0	0	0	0	0	0	0	0	0	206770000	0	0	0	0	0	0	0	163100000	0	0	204340000	0	0	0	0	0	0	0
"A0A060HNR5"	0	0	0	4252400	0	0	3953700	0	0	0	0	0	0	0	0	0	0	4396900	0	0	0	2940400	3472300	0	4081400	0	0	3591900	0	2871800	4919700	4201700	4164400	0	2656500	0	0	3688000	0	0	3569000	4042100	0	3755700
"A0A060HNR8"	0	0	0	0	0	0	0	0	0	0	0	0	0	0	0	0	0	0	0	0	0	0	7966300	0	0	0	0	0	0	0	0	0	0	0	0	0	0	0	0	0	0	0	0	0
"A0A060HNR9"	7122100	9443900	0	6409800	0	9068700	0	0	6421800	13491000	0	0	10560000	15606000	10442000	5583900	6917400	0	5764300	7577900	5576100	0	12885000	7077500	5175400	0	8176600	0	5260900	7428500	9041700	13092000	9810900	7314000	6481000	6772800	7495700	7470500	8683500	0	7015700	6233300	6559400	7176000
"A0A060HNS0"	11981000	15763000	0	0	0	14348000	0	0	12087000	0	0	0	0	0	0	11956000	11582000	13385000	12836000	12198000	0	12593000	11141000	13582000	13355000	0	12639000	0	12474000	19761000	15816000	13928000	20162000	19810000	14229000	11219000	13616000	10380000	9794000	11720000	14037000	12391000	11663000	13443000
"A0A060HNS6"	40063000	47216000	54788000	37274000	37504000	41597000	34631000	35556000	47811000	70359000	62281000	65374000	62930000	71997000	100030000	48300000	0	44132000	49121000	45293000	0	43943000	43720000	45571000	40254000	47983000	33071000	47200000	38435000	79185000	77038000	95929000	90978000	52622000	48392000	0	46765000	49371000	48036000	0	38867000	32061000	37704000	43352000
"A0A060HNS7;A0A060HLS1;A0A060HQE0"	57396000	35033000	32099000	40597000	42384000	31074000	35837000	33197000	35584000	104390000	41766000	50225000	43694000	67933000	37408000	51272000	38534000	30010000	29832000	61698000	47941000	50138000	35798000	43081000	42850000	43933000	45923000	51910000	36365000	30103000	30777000	17375000	0	15862000	40529000	38274000	28703000	21125000	30101000	40379000	27583000	31172000	25107000	22914000
"A0A060HNS8"	0	0	0	24936000	0	0	0	0	29398000	0	0	0	0	0	0	0	0	0	0	35532000	19431000	51250000	33972000	43829000	15015000	45349000	11849000	36066000	32271000	0	0	0	0	0	0	21198000	0	9956800	0	29831000	32344000	0	14529000	42860000
"A0A060HNT0"	0	4637800	7206600	3467500	0	0	0	0	4132100	0	0	0	0	0	0	0	0	5911900	0	0	5515000	0	3315000	0	4668800	0	0	2112200	3767500	0	0	4696000	0	4729900	4549800	0	4334700	4693100	0	0	4287100	4354100	0	3789100
"A0A060HNT1"	50483000	42962000	95354000	50581000	58382000	51310000	58825000	45648000	49873000	69228000	54959000	74034000	74020000	57726000	68799000	56617000	58395000	67078000	64966000	54559000	55551000	47114000	49375000	46348000	56095000	68647000	54013000	53593000	52109000	63044000	64488000	64380000	66261000	62459000	54531000	62011000	68696000	56063000	66166000	44945000	49849000	50154000	56581000	49902000
"A0A060HNT5"	620640000	439320000	569760000	465390000	584660000	357410000	431700000	430990000	379910000	527160000	444340000	629270000	409880000	456890000	500470000	474380000	440580000	468550000	430670000	551510000	426580000	370670000	427410000	531060000	5.4e+08	437730000	402420000	440290000	402770000	576230000	438150000	386520000	385350000	477160000	489790000	483950000	561640000	393140000	455610000	517340000	319570000	395930000	315240000	417460000
"A0A060HNT6"	25626000	0	0	19651000	0	0	10031000	0	0	0	32143000	25520000	0	26571000	22634000	31178000	13554000	40106000	33961000	19810000	17018000	18365000	22221000	21283000	16534000	12172000	0	16445000	16551000	35720000	24260000	20991000	12430000	23026000	36588000	22099000	36877000	18684000	0	18262000	0	0	0	0
"A0A060HNT9"	4590500	0	6283600	6818700	0	4233900	0	0	4920400	0	0	7254700	0	0	0	0	0	0	0	4936700	0	0	4394800	0	4151200	5878400	0	0	5294400	7375900	7270000	7198000	9427100	9037600	4668000	8280500	7093800	6935000	8968900	5163300	4264200	5067200	7504500	5510600
"A0A060HNU4"	10289000	0	13902000	9747000	10369000	0	0	14942000	0	0	15886000	0	0	0	11157000	0	20063000	0	10342000	14299000	9217100	12362000	9138700	14756000	14652000	13190000	14165000	11933000	9665100	15939000	14450000	0	12214000	13958000	12272000	14399000	17181000	12694000	15849000	17574000	12636000	14570000	12589000	0
"A0A060HNU5"	0	0	0	0	0	0	0	0	0	0	0	0	0	0	9245700	0	0	0	8236400	0	0	0	0	0	0	0	0	0	0	0	0	0	0	0	0	0	0	0	0	0	0	0	0	0
"A0A060HNU7"	15069000	13201000	15611000	17069000	17714000	12616000	15555000	11550000	13675000	0	0	17600000	0	15880000	0	14891000	0	14841000	9742500	12933000	14927000	19020000	14968000	8515900	10243000	16204000	12774000	17038000	10879000	13672000	10213000	9719700	0	0	17425000	0	15451000	8749200	14960000	14091000	10917000	8956200	5572200	11049000
"A0A060HNU8"	12805000	14524000	17517000	12550000	11166000	15172000	14062000	11923000	10557000	16094000	8286200	9722500	8780700	0	10929000	11159000	14519000	11402000	11812000	11680000	13124000	10929000	11732000	12679000	11115000	13890000	10341000	8761300	12431000	10512000	10147000	11004000	9799000	10896000	7982400	11245000	10030000	8583500	15382000	13888000	16498000	16113000	15017000	15344000
"A0A060HNV1"	0	0	0	0	0	0	0	0	0	0	0	0	0	0	0	0	0	0	0	0	0	0	0	0	0	0	0	0	0	0	0	0	0	0	33511000	0	0	0	0	0	0	25937000	0	0
"A0A060HNV2"	6114500	5977600	6479700	5839600	0	5125400	4799300	0	4606400	0	0	0	0	0	0	0	0	0	0	4377400	0	4330000	0	4936400	6826000	0	4725400	5228300	4862600	0	0	0	0	4899300	0	5568800	5000800	5148300	0	0	3861000	6096800	4514300	6660400
"A0A060HNV4"	228620000	257130000	232050000	291210000	2.7e+08	220810000	223350000	202750000	213960000	251670000	280040000	244700000	254510000	294080000	343740000	279420000	252100000	267770000	270990000	241140000	234210000	245520000	236370000	241950000	224890000	2.17e+08	237300000	279580000	207730000	357920000	333120000	329640000	326610000	294730000	275490000	207250000	252280000	225070000	233900000	218740000	191670000	198380000	196870000	193750000
"A0A060HNV7"	46546000	43425000	48098000	51617000	49094000	39178000	40447000	42117000	42850000	15479000	38439000	27305000	30619000	0	28808000	33931000	43600000	38922000	31745000	44129000	44918000	42596000	51117000	47652000	47231000	42040000	43848000	50758000	43804000	61735000	48649000	45827000	57233000	56167000	55338000	49504000	51491000	44021000	46760000	55368000	46046000	48454000	42562000	46150000
"A0A060HNW2"	0	10385000	0	0	0	0	0	12009000	0	9583500	12706000	12243000	12850000	0	0	12248000	11664000	0	12683000	14235000	10080000	11264000	12163000	12066000	12285000	10413000	13620000	14921000	9963300	11598000	12915000	8160200	8967000	10546000	13340000	0	10913000	9346000	0	12427000	0	11250000	8477000	10211000
"A0A060HNW6"	0	0	0	0	0	0	0	0	0	0	0	0	0	0	0	0	0	0	0	0	0	0	0	0	0	0	0	0	0	0	0	0	0	0	0	0	1343300	0	0	0	0	0	0	0
"A0A060HNW9"	100600000	82677000	66518000	86442000	83306000	91934000	79670000	83571000	89592000	94079000	119910000	109890000	127010000	92936000	132520000	111940000	104500000	112210000	120640000	105580000	95383000	101590000	99460000	102250000	86230000	86357000	78079000	87696000	105770000	141350000	128020000	134810000	142390000	168010000	136180000	146850000	126840000	118600000	132340000	95204000	98895000	106190000	105280000	87321000
"A0A060HNX5"	0	0	0	0	3564100	0	0	0	0	0	0	0	0	0	0	4384700	0	0	0	0	0	0	0	0	0	0	0	0	0	0	0	6629200	0	0	0	0	0	0	0	0	0	0	0	0
"A0A060HNY1"	11385000	10544000	0	11180000	8993100	9906900	10565000	0	14349000	13568000	11875000	0	0	10646000	14637000	8084400	11535000	9624100	14075000	12387000	13865000	8070800	7217600	12132000	9337300	13673000	9438300	11082000	15597000	7009000	7247500	7755100	9573900	14714000	7197500	10705000	7579100	10290000	13332000	10331000	7452300	8016700	7877600	10379000
"A0A060HNY5"	18915000	26530000	24409000	17647000	21102000	24351000	25713000	18620000	21261000	0	29604000	19130000	24248000	25312000	27976000	25487000	31600000	24412000	26914000	20137000	19857000	22907000	18860000	24851000	17388000	26358000	16819000	19557000	16969000	35556000	35246000	33893000	28826000	31099000	28065000	18811000	25498000	29251000	33840000	26710000	28802000	20487000	16702000	28055000
"A0A060HNY6"	10694000	11437000	17096000	14912000	11511000	15766000	10424000	11151000	12582000	0	13185000	14378000	0	0	0	0	20889000	13935000	10950000	12161000	12967000	16096000	13535000	13778000	9767600	13175000	13822000	14612000	9394200	11723000	13520000	16537000	12327000	14440000	12922000	14910000	15963000	12587000	0	9094600	14704000	16485000	11496000	10519000
"A0A060HNY8"	23562000	0	0	14913000	0	17148000	0	0	15048000	0	0	20499000	0	0	0	19375000	0	16910000	17240000	21238000	0	18721000	14727000	20701000	0	20437000	20911000	24507000	15669000	0	0	14037000	0	0	18622000	0	0	22700000	0	0	17201000	13750000	20729000	0
"A0A060HNY9"	35245000	27827000	41799000	25838000	30028000	23962000	26325000	27675000	23341000	48595000	22674000	58654000	40718000	28421000	32021000	36545000	29658000	31937000	34223000	29272000	32317000	17059000	24805000	20920000	34307000	24177000	27793000	16179000	20937000	26125000	37886000	26938000	45545000	26291000	22347000	33533000	26851000	32775000	37603000	26625000	22050000	23815000	21601000	29912000
"A0A060HNZ2"	11782000	16676000	18857000	17414000	17403000	13747000	18091000	0	11778000	28466000	15806000	35022000	27510000	20798000	26931000	27807000	20256000	27329000	29773000	16078000	16517000	6491700	12569000	9313200	16625000	7606100	12596000	8089400	13360000	7751200	17285000	16397000	18944000	18612000	11013000	0	0	0	0	10165000	9017400	13917000	7581700	11278000
"A0A060HNZ3"	0	0	0	0	0	0	0	0	0	0	0	0	0	0	0	0	0	0	0	0	0	0	0	0	0	0	1816200	0	0	0	0	0	0	0	0	0	0	0	0	0	0	1625600	0	0
"A0A060HNZ5"	232630000	160050000	164970000	174740000	186390000	118250000	161040000	147940000	151020000	103220000	156010000	139940000	87163000	103600000	103070000	139350000	132320000	105410000	106590000	201010000	166480000	225800000	148370000	168040000	161150000	1.67e+08	163980000	218170000	146210000	138470000	102460000	77868000	44478000	80588000	192640000	134550000	138460000	117290000	98148000	193070000	120150000	132880000	97949000	141150000
"A0A060HNZ6"	776740000	980330000	2.864e+09	752580000	1.507e+09	1903500000	1340400000	2775700000	756110000	2.9458e+10	1.3641e+10	4.5706e+10	2.9717e+10	2.9951e+10	2.3697e+10	2.4269e+10	8902800000	2.3225e+10	1.9074e+10	980830000	1072800000	708270000	1005200000	866310000	1370700000	693980000	443360000	675890000	688080000	2.2837e+10	2.0448e+10	2.0616e+10	2.2563e+10	1.5053e+10	6028700000	5124300000	6205800000	3976900000	3465700000	1266800000	866230000	1202600000	902130000	974640000
"A0A060HNZ9"	7344400	5292400	0	4970600	5342800	0	0	0	0	0	0	0	0	0	7529200	0	0	0	5595600	6799100	0	0	4593700	6489000	5349300	0	5192500	0	6080300	0	0	0	6341700	0	0	4079900	4938500	0	0	6370100	4483300	5229800	4899200	0
"A0A060HP02"	40452000	22110000	97859000	0	0	25810000	64020000	71133000	0	0	0	0	0	0	0	0	0	0	0	19323000	0	17247000	12427000	0	31132000	0	22126000	39041000	0	0	0	0	0	0	0	0	0	0	0	0	0	0	0	0
"A0A060HP03"	20835000	16138000	14614000	13119000	14425000	14012000	14284000	15033000	17538000	15736000	14275000	18172000	0	0	14560000	17449000	12421000	15042000	14951000	21484000	17760000	12406000	17764000	16200000	16957000	14835000	12575000	16317000	11296000	13145000	13534000	17821000	19566000	17225000	15093000	10537000	13143000	15134000	13615000	14677000	17637000	15847000	11676000	13035000
"A0A060HP07"	20979000	22521000	37109000	18217000	15990000	26546000	22098000	16978000	23495000	7417800	16531000	6527700	3794400	0	6357400	18239000	33890000	25078000	28840000	23842000	29313000	29150000	26552000	33705000	19988000	33098000	23337000	19139000	22034000	30409000	29488000	23326000	23682000	37211000	25578000	36653000	29146000	37632000	28858000	32212000	39584000	27700000	29364000	33476000
"A0A060HP20"	43369000	33466000	45367000	37773000	40856000	43689000	31790000	33528000	37062000	33274000	33916000	36819000	26035000	33204000	34127000	35497000	35593000	34855000	30285000	39612000	35639000	36416000	36427000	34403000	43056000	33825000	39259000	28012000	30263000	28279000	24478000	31210000	32862000	37131000	33190000	36894000	33854000	36458000	39323000	32842000	27262000	35923000	21838000	31239000
"A0A060HP22"	21106000	22927000	58942000	27160000	23972000	43579000	44745000	36700000	29482000	0	19116000	0	0	0	0	10021000	31273000	20693000	12122000	27563000	27130000	29420000	35443000	27046000	33810000	33047000	41559000	29443000	32320000	15130000	5771000	8876400	0	21322000	5620600	15100000	24497000	14482000	11455000	23484000	32138000	37118000	36276000	22935000
"A0A060HP24"	17943000	26912000	42611000	25165000	22424000	26800000	23711000	18608000	17643000	22175000	11162000	20287000	17586000	25281000	18871000	17692000	15467000	16929000	1.6e+07	16419000	20480000	13106000	17276000	15045000	17965000	18584000	19847000	17445000	15555000	15128000	14428000	19002000	14571000	11753000	8613700	7817000	10995000	11141000	14149000	14176000	17480000	13093000	13918000	14635000
"A0A060HP25"	180220000	185500000	199860000	158570000	168190000	180610000	169680000	198910000	180260000	151870000	181530000	225590000	199100000	167790000	221670000	196540000	161420000	176540000	192500000	173930000	189370000	161440000	167170000	170440000	174150000	179050000	158220000	156730000	163170000	173340000	190450000	193830000	179010000	173370000	178820000	195290000	180050000	218940000	217150000	205120000	197880000	196610000	192940000	195720000
"A0A060HP30"	62156000	105770000	114080000	88173000	108340000	70889000	66553000	63601000	78671000	119250000	94978000	164360000	121720000	122380000	143110000	121880000	89509000	103800000	93734000	86777000	92717000	75305000	87515000	83124000	69043000	66970000	69105000	84658000	58959000	159680000	164680000	149340000	171090000	130560000	91268000	67216000	86085000	76702000	92229000	64183000	63331000	66212000	63742000	54071000
"A0A060HP32"	24288000	21449000	43151000	34764000	28180000	28990000	30600000	22247000	22450000	29455000	30948000	42218000	29290000	31368000	34499000	31215000	36258000	39766000	27058000	22102000	2.6e+07	18472000	26168000	20476000	27383000	22979000	26878000	26085000	21783000	31979000	29538000	30211000	39984000	38813000	26359000	27257000	26595000	28189000	28681000	20763000	19023000	20679000	22590000	20607000
"A0A060HP33"	13892000	14336000	15330000	13974000	11262000	13999000	9272800	14873000	16131000	13778000	16316000	30475000	16785000	17921000	24293000	16626000	20753000	22474000	18734000	18084000	18175000	14949000	20910000	16340000	15108000	17443000	13343000	14400000	13644000	25950000	26589000	35672000	23491000	35323000	18411000	14637000	15638000	18915000	21904000	14318000	18444000	15541000	12266000	17635000
"A0A060HP35"	0	0	0	0	0	0	0	0	0	68897000	0	36803000	67400000	0	19623000	0	0	17635000	0	0	0	0	0	0	0	0	0	0	0	0	0	21169000	12719000	0	0	0	0	0	0	0	0	0	0	0
"A0A060HP40"	0	0	0	0	0	0	0	0	0	0	0	0	0	0	0	0	0	0	0	0	0	0	0	0	0	0	0	0	0	0	0	0	0	3941000	3793900	0	0	0	0	0	0	0	0	0
"A0A060HP45"	97617000	108050000	158510000	108350000	106960000	111700000	79174000	70736000	88513000	0	54097000	0	0	0	0	76115000	55147000	87350000	70260000	81312000	107460000	61474000	71468000	68965000	83420000	65320000	85724000	81382000	70324000	55402000	38593000	41252000	40781000	55204000	26760000	30197000	51612000	53631000	30193000	46847000	67123000	69627000	53235000	56835000
"A0A060HP48"	13144000	15785000	23681000	19196000	15064000	20515000	15822000	11181000	16216000	0	11514000	17547000	0	0	8810100	16659000	13492000	15972000	11163000	14865000	16583000	12216000	15234000	13370000	13064000	8661000	14487000	11770000	10589000	13671000	13375000	15499000	13510000	13440000	12862000	10072000	11024000	12908000	12073000	10068000	14115000	12159000	6971300	0
"A0A060HP51"	78163000	77863000	78541000	78228000	78531000	78990000	79796000	75541000	80343000	0	68278000	0	0	0	0	24146000	72554000	50006000	45105000	83323000	77999000	77578000	78594000	86790000	84441000	85532000	92061000	82730000	82594000	53694000	20026000	11425000	33101000	75683000	57624000	71411000	87186000	67559000	81791000	87370000	80333000	82988000	84397000	83157000
"A0A060HP53"	613390000	574870000	594070000	622600000	666170000	539340000	550150000	620510000	598210000	632040000	696930000	880520000	650940000	627360000	588470000	677530000	505180000	666400000	614610000	561300000	533580000	518050000	673890000	548140000	582870000	524120000	646950000	513140000	563280000	667590000	616050000	563700000	673670000	593630000	628660000	619780000	653760000	584530000	570830000	605190000	529030000	559290000	498070000	518020000
"A0A060HP57"	0	9543700	11830000	0	0	12824000	8892600	8834700	5503100	0	0	0	0	0	0	0	5691300	0	0	5063700	0	0	0	5291200	4738200	7668800	7744200	0	4828900	0	0	0	0	0	0	0	0	0	0	4924900	5839900	0	6366200	0
"A0A060HP60"	53024000	46476000	41365000	47377000	50688000	40375000	43977000	44878000	42886000	0	56423000	43960000	35127000	23339000	48367000	45133000	51933000	41582000	48090000	55700000	42840000	50715000	36101000	57937000	41275000	53262000	52505000	48226000	43294000	47561000	49408000	37080000	40183000	42634000	43917000	34824000	47122000	32735000	32231000	48038000	37748000	36283000	47107000	41559000
"A0A060HP62"	0	0	0	0	0	0	0	0	0	0	0	0	0	0	0	0	0	0	0	0	0	0	0	0	0	0	0	0	0	0	0	0	0	0	0	0	13303000	0	0	0	0	0	0	0
"A0A060HP63"	0	0	0	0	1557500	0	0	0	0	0	0	0	0	0	0	0	0	0	0	0	0	0	0	0	0	0	0	0	0	0	0	0	0	0	0	0	0	0	0	0	0	0	0	0
"A0A060HP64"	0	5233600	0	5234700	0	5449200	5138500	0	5715100	0	0	0	0	0	0	0	0	0	4468300	7721500	5323900	0	4814300	6293200	5060000	0	5409500	0	5073200	0	0	0	0	4971100	4406500	5330400	4595100	5214000	6087800	5340000	0	0	5029300	5084400
"A0A060HP68"	5134400	7039100	7866700	4247800	0	6508100	5686300	5208900	5231400	0	0	0	0	0	6867500	0	7796300	5605000	4913000	5175000	5123800	4040200	4923300	5516400	5464600	7066100	0	6181700	4675100	3690100	5126300	6122200	4380600	3767600	4355700	4407700	4670700	5368600	4988500	4775900	7435600	4257000	4580600	4710500
"A0A060HP70"	625750000	702180000	753510000	715280000	684100000	619440000	584060000	621900000	646720000	932230000	877450000	1042100000	823630000	965910000	818470000	1036300000	766720000	965750000	887930000	7.16e+08	790250000	679920000	691720000	682640000	645040000	598890000	637840000	679580000	586180000	721810000	724240000	614180000	738460000	641590000	737620000	564760000	598720000	710190000	651540000	681350000	650790000	686890000	507730000	558430000
"A0A060HP71"	26517000	29773000	0	25367000	0	23918000	24463000	27716000	22642000	28381000	50665000	0	25482000	33321000	49523000	34202000	0	29837000	28341000	29628000	31688000	31950000	0	0	29632000	35468000	30105000	49075000	24454000	45386000	40266000	40363000	0	25807000	26824000	16028000	31724000	27062000	23289000	0	18670000	20699000	14928000	22201000
"A0A060HP73"	91513000	67431000	72158000	98543000	75288000	67848000	94813000	66674000	101560000	0	74828000	59756000	0	0	3355200	74912000	105290000	95141000	78462000	99091000	90406000	88395000	93110000	87456000	82148000	107990000	100740000	84490000	101270000	94310000	80666000	59564000	77263000	102100000	122750000	134130000	116850000	132590000	160070000	93926000	89491000	106660000	111250000	87471000
"A0A060HP75"	11095000	14701000	25489000	13738000	16958000	18908000	18806000	16019000	16799000	0	13754000	13161000	0	0	0	10480000	16923000	14201000	10012000	15465000	13959000	15220000	17336000	14144000	15119000	16978000	17975000	17058000	14974000	14439000	12035000	8837000	8485100	11048000	17401000	17378000	18481000	16445000	20928000	18267000	20360000	16929000	18535000	19880000
"A0A060HP76"	77466000	112770000	117050000	89528000	88212000	92357000	109210000	81793000	109830000	64756000	102450000	90206000	62602000	81658000	99232000	93872000	122690000	78433000	89879000	95173000	99417000	82205000	85957000	92768000	105050000	133120000	94166000	87226000	96469000	99376000	99195000	85962000	99405000	119100000	80085000	73711000	86460000	85970000	99709000	107640000	112790000	101140000	93096000	98027000
"A0A060HP78"	0	0	0	0	0	0	0	0	0	0	0	0	0	0	0	0	0	0	0	0	0	0	2719900	0	0	0	0	0	0	0	0	0	0	0	0	0	0	0	0	0	0	0	0	0
"A0A060HP79"	0	0	0	0	0	0	0	0	0	0	0	0	0	0	0	0	0	0	0	1901700	0	0	0	0	0	0	0	0	1635900	0	0	0	0	2274600	0	0	0	0	0	0	0	1778100	0	0
"A0A060HP80"	0	0	0	0	0	0	0	0	0	0	0	0	0	0	0	0	0	0	0	0	0	0	0	0	1122400	0	0	0	0	0	0	0	0	0	0	0	0	0	0	0	0	0	0	0
"A0A060HP82"	6444800000	8561400000	1.1086e+10	8090200000	1.017e+10	8034300000	7140500000	9704600000	7166500000	6579900000	5809500000	8729600000	8456500000	9561200000	7324900000	7.074e+09	5094400000	6746700000	5335900000	4674900000	5639700000	5670900000	6884700000	5273900000	6929600000	5798700000	6232700000	7087400000	6078500000	6084900000	5237200000	6078600000	5348600000	3839600000	5370200000	4633800000	5268300000	5.002e+09	4347500000	5803800000	5752100000	5735100000	5201800000	5119200000
"A0A060HP83"	5746500	4723300	0	0	0	6101100	0	0	4707800	0	0	8136000	0	0	0	0	0	0	0	6963900	4783800	5425400	5450900	7290500	0	5172600	0	4495100	4240800	7628600	8035600	7671400	6702700	5556900	8628100	4501800	6312600	6405700	9236500	7000100	7754300	5538100	5337800	6919400
"A0A060HP86"	9142300	9189100	0	6736700	9901000	8046300	8206000	0	9806800	0	0	0	0	0	5398800	5994500	6075600	7305000	6834700	7760200	8625000	12407000	9949300	11942000	7586200	9045400	8114500	10502000	14137000	9066900	8051200	6030300	7679500	12235000	12107000	13065000	9696300	9160000	7874100	9644000	12652000	14811000	11768000	12614000
"A0A060HP89"	1336800000	1113300000	1319800000	1114500000	1227800000	1012700000	1138400000	1244900000	1172400000	2214700000	2184600000	2442100000	2.341e+09	2423900000	2668700000	1928100000	1890800000	1989600000	2390800000	1310500000	1402100000	1422200000	1280600000	1362200000	1339800000	1328900000	1116600000	1284100000	1252200000	1985500000	2190600000	1845900000	2224300000	1999900000	2163200000	2152900000	2326300000	1967200000	2008200000	1242200000	1093700000	1.11e+09	1287800000	1.23e+09
"A0A060HP90"	19223000	20299000	21667000	16813000	18193000	22418000	18706000	17838000	14742000	0	0	21932000	0	0	20759000	15291000	23712000	16767000	18059000	21229000	14975000	14421000	14908000	22068000	17406000	19666000	16815000	19858000	13901000	29054000	35710000	28164000	29934000	33066000	20372000	16774000	18024000	14348000	23591000	20037000	21316000	13767000	17039000	17677000
"A0A060HP91"	0	0	0	0	0	0	0	0	0	0	0	0	0	0	0	0	0	0	0	0	0	0	0	0	0	0	5722000	0	0	0	0	0	0	0	0	0	0	0	0	0	0	0	0	0
"A0A060HP92"	0	0	10549000	0	12285000	0	12468000	0	0	0	0	0	0	0	0	0	0	0	0	6832100	0	0	10075000	0	0	0	0	0	0	0	0	0	0	0	0	0	0	0	0	12322000	11042000	11840000	0	0
"A0A060HP95"	0	0	0	0	0	7408600	5914700	0	6932300	0	0	0	0	0	0	0	0	0	0	0	0	0	0	0	0	0	5328100	0	0	0	0	0	0	0	0	0	0	0	0	0	8165700	0	6018100	5189000
"A0A060HP96"	0	0	0	0	0	0	0	0	0	0	0	0	0	0	0	0	0	14886000	9126200	7618400	0	0	0	0	8597800	0	0	0	0	42203000	29519000	9808300	18706000	33378000	6008300	0	0	5033900	0	0	0	0	0	0
"A0A060HP99"	352420000	359290000	450310000	359700000	389140000	294800000	351150000	390750000	300590000	364600000	422330000	575070000	405520000	441540000	509530000	407280000	413840000	405050000	406220000	346380000	389340000	334050000	336320000	373680000	365090000	376200000	301170000	330680000	320680000	337040000	401610000	354310000	382500000	306460000	335540000	332900000	364290000	320180000	364980000	377210000	310270000	310300000	333190000	356760000
"A0A060HPA7"	4287200	0	0	5372300	0	0	0	0	0	0	0	0	0	0	0	0	0	0	0	0	0	0	0	0	0	0	0	0	0	5117000	0	0	0	5657000	4777700	5792300	6035900	0	0	0	0	0	0	5752900
"A0A060HPB0"	1364500000	1095500000	1428200000	1344400000	1363300000	1347100000	1418400000	1390300000	1.328e+09	563740000	1174400000	865570000	647550000	626490000	710560000	916450000	1072900000	1025100000	929780000	1262700000	1135500000	1120900000	1.22e+09	1258300000	1327200000	1289200000	1361300000	1.289e+09	1237300000	934270000	817420000	840860000	843930000	984890000	1181200000	1086400000	1.227e+09	1077400000	1210300000	1.265e+09	1211200000	1218400000	1.272e+09	1200900000
"A0A060HPB3"	304190000	279710000	183440000	268240000	275210000	260550000	236200000	215050000	242020000	289320000	318640000	2.18e+08	275700000	281070000	342530000	229200000	266480000	235440000	306080000	319630000	285600000	298310000	246770000	345150000	268580000	271830000	280550000	320630000	278220000	198680000	268780000	200900000	291980000	264730000	235980000	185780000	209870000	213620000	206320000	232020000	238250000	232360000	231810000	209900000
"A0A060HPB6"	266980000	237420000	189940000	218370000	215790000	232470000	220100000	217850000	229580000	339820000	292700000	278800000	376850000	362140000	471870000	272360000	306800000	260410000	358520000	274600000	250660000	270620000	204120000	284780000	207450000	291400000	208100000	235240000	232890000	314390000	327580000	320490000	292120000	336380000	328690000	317060000	365900000	320350000	346190000	271550000	268220000	227930000	272600000	274800000
"A0A060HPC3"	5751100	0	0	4023400	0	0	6798500	0	6265600	0	6111800	8401500	0	0	12585000	6633000	0	6459000	7997700	5788000	5082400	5303000	5761000	5701900	7188400	7015000	0	6276500	5776100	0	4717700	7759600	7631600	10062000	6347500	7017300	5997600	5953300	0	4261300	6413900	4731700	5458900	0
"A0A060HPC4"	65273000	65652000	60188000	60139000	64107000	61995000	62861000	63386000	61801000	92400000	68874000	71856000	84244000	91465000	109260000	70192000	78740000	62904000	80100000	65279000	63835000	63232000	59311000	68976000	65449000	73424000	58518000	65036000	69134000	56999000	65290000	64519000	68432000	68796000	59509000	69446000	64066000	55150000	64730000	60221000	70112000	57512000	70322000	69058000
"A0A060HPC7"	19123000	20866000	0	0	0	10927000	0	0	24053000	0	0	0	0	0	0	0	0	0	17911000	21471000	21378000	28484000	23346000	0	0	0	0	0	19777000	29612000	30814000	20437000	25108000	30831000	23373000	20716000	0	17524000	0	0	19693000	18141000	20678000	21592000
"A0A060HPC8"	90197000	62993000	42925000	71886000	57664000	43457000	44469000	24941000	47823000	0	34906000	25688000	0	0	0	44722000	15396000	41258000	40779000	66646000	66719000	52108000	54644000	62492000	48397000	45886000	45456000	65998000	57804000	44795000	46192000	38444000	38020000	33890000	63448000	46510000	48839000	54543000	52816000	60551000	40964000	59170000	45354000	53693000
"A0A060HPD0"	83696000	70805000	69792000	65587000	62063000	69732000	69458000	67298000	78274000	125660000	82869000	63435000	99176000	118650000	90955000	83556000	94363000	68219000	92792000	76270000	79591000	77076000	78756000	75556000	69535000	81338000	80484000	81973000	78538000	76843000	71159000	55968000	55793000	72972000	81782000	75554000	82290000	84274000	81969000	78297000	80739000	64657000	69604000	74176000
"A0A060HPD7"	222200000	187700000	206370000	174800000	197710000	158680000	165360000	208830000	163400000	196280000	183490000	195360000	185710000	187510000	182960000	173070000	149200000	150960000	134960000	164740000	161260000	155790000	155740000	151780000	184310000	157910000	185030000	173830000	163140000	186340000	178430000	148310000	113690000	135230000	138830000	122050000	144400000	119950000	136880000	173270000	129010000	138020000	114580000	156310000
"A0A060HPE4"	156610000	110520000	183960000	153710000	143560000	135690000	120720000	130930000	114240000	764430000	162130000	345910000	465180000	506650000	235810000	230180000	205310000	311550000	173610000	137800000	1.41e+08	82426000	198530000	92652000	158980000	98575000	101930000	92753000	84947000	324890000	337220000	582970000	508230000	274080000	200370000	143690000	219140000	143780000	164320000	136030000	122590000	185460000	100120000	103900000
"A0A060HPE7"	53734000	63569000	52344000	45256000	47082000	55479000	55270000	50017000	51806000	72719000	63656000	55147000	51158000	62128000	72818000	53080000	68989000	54446000	67453000	48446000	53335000	43761000	43181000	50735000	51186000	56143000	49922000	52374000	49782000	66063000	71932000	66070000	56581000	71249000	40072000	41672000	45550000	47319000	37531000	52652000	56150000	42560000	45697000	51430000
"A0A060HPF0"	28175000	22274000	21199000	29017000	25202000	21671000	25797000	16823000	33364000	0	24974000	0	0	0	14574000	17587000	37004000	18018000	17204000	40952000	36915000	33085000	32309000	35441000	23823000	36459000	33760000	38030000	32627000	25864000	26622000	21229000	31511000	32366000	35511000	25129000	27625000	33432000	40923000	35545000	38357000	35534000	35202000	29157000
"A0A060HPF4"	70634000	69739000	70501000	68402000	77544000	71074000	63618000	66953000	75514000	0	70166000	13734000	0	0	0	38226000	60585000	48039000	36584000	71860000	70605000	73545000	84190000	71421000	86856000	72173000	76350000	74920000	65979000	46666000	36475000	26084000	30035000	43431000	65663000	48627000	67926000	54058000	62184000	83693000	65194000	73475000	59523000	65784000
"A0A060HPF5"	12918000	7018900	19129000	15444000	17438000	13345000	14384000	8394400	16775000	0	0	0	0	0	0	7120000	15742000	12793000	6404300	10466000	12627000	12389000	17989000	10651000	12339000	15574000	15179000	14240000	10240000	9406500	0	8637300	0	8399400	12203000	10540000	15722000	15646000	18230000	8455500	9894400	14147000	10565000	7310400
"A0A060HPG1"	0	0	0	0	0	0	0	0	0	0	8623900	0	19089000	0	23261000	0	11902000	0	15907000	0	0	0	0	0	0	0	0	0	0	9244400	13588000	5360700	22685000	20809000	10967000	5015700	6402400	0	0	0	0	0	0	0
"A0A060HPG3"	5872700	0	0	0	6027300	13487000	12109000	9241500	0	35067000	38130000	53794000	44230000	42192000	57577000	37481000	26550000	44874000	43577000	16366000	13213000	16917000	12524000	15016000	9947200	7490400	10706000	0	10929000	66885000	69940000	68347000	77158000	59430000	87079000	52484000	66567000	74132000	40675000	15221000	15949000	12250000	22259000	17584000
"A0A060HPG5"	690210000	507500000	727390000	672330000	644240000	426100000	642490000	614210000	645060000	1482600000	508820000	680600000	730710000	1096300000	482430000	581410000	528370000	543760000	518250000	693190000	612030000	497030000	625090000	502630000	675080000	596970000	727590000	583160000	610180000	472160000	360700000	277920000	383690000	363080000	479710000	526590000	538610000	427120000	517840000	585590000	450360000	506100000	490860000	472500000
"A0A060HPG6"	8091400	6479700	5698300	5740000	4956400	0	0	0	0	0	0	0	0	0	0	0	0	0	4254500	5355600	6316100	5781800	6045400	0	5485800	0	0	0	5771200	0	0	0	0	0	0	0	0	0	0	0	0	0	0	0
"A0A060HPH1"	248820000	225230000	220620000	229820000	178560000	236810000	237590000	209190000	251910000	145370000	238780000	195570000	111290000	115760000	204200000	242720000	298140000	218050000	275440000	248770000	232910000	216450000	217450000	234130000	206360000	286090000	226970000	232640000	222900000	255720000	239020000	253380000	275670000	289160000	252420000	282560000	253920000	289560000	301600000	261230000	262610000	214730000	289310000	271950000
"A0A060HPH9"	1530200000	1515600000	1648900000	1779500000	1875300000	1.6e+09	1.795e+09	2204200000	1657200000	778250000	1888100000	1143700000	1000500000	1.118e+09	1077400000	1.378e+09	1643600000	1664100000	1556100000	1600500000	1450900000	1945300000	1599900000	1706900000	1548900000	1740400000	1847700000	1992400000	1955600000	1713700000	1385100000	1275400000	1433400000	1345300000	1.84e+09	1696400000	2171900000	1574800000	1436300000	1729700000	1477300000	1721500000	2003900000	1.718e+09
"A0A060HPI6"	0	0	0	0	0	0	0	0	0	0	0	0	0	0	5807300	0	7668100	0	0	0	0	6873600	0	0	0	0	0	0	0	0	0	0	0	6290700	0	0	0	0	0	0	0	0	0	0
"A0A060HPI9"	1750800	0	0	0	0	0	0	0	0	0	0	0	0	0	0	0	0	0	0	0	0	0	0	0	0	0	0	0	0	0	0	0	0	0	0	0	0	0	0	0	0	0	0	0
"A0A060HPJ0"	292710000	247340000	461050000	287370000	277250000	304840000	239020000	245680000	247280000	846800000	211680000	564550000	389130000	564260000	379820000	284200000	289130000	383060000	293900000	273390000	307910000	183380000	251850000	256630000	317890000	239920000	252790000	219240000	197210000	266130000	255800000	280850000	288960000	249380000	241380000	233250000	273170000	288750000	349230000	225960000	224770000	235550000	203290000	230750000
"A0A060HPJ2"	774430000	1.022e+09	940760000	766320000	936930000	990040000	813760000	1054400000	803800000	986050000	991900000	1109800000	1193300000	1051500000	1225600000	948710000	929100000	957580000	1054800000	747970000	776770000	802190000	755030000	810340000	843640000	847310000	779440000	806180000	846790000	983910000	1161600000	1134800000	1071700000	897100000	716300000	697180000	752710000	668680000	729240000	859630000	844750000	765210000	754540000	825880000
"A0A060HPJ7"	0	5048300	0	6438400	0	0	0	7543300	0	48047000	9241400	12783000	24881000	42072000	12988000	0	0	4203600	0	8947500	0	8754800	9157900	5750500	0	5364400	0	0	0	5782900	0	9986800	0	0	7709000	8873000	7278800	8370600	0	7057700	0	6538600	7847200	0
"A0A060HPJ9"	0	0	0	0	0	0	0	0	0	0	0	0	0	0	0	5543800	0	0	0	0	0	0	0	0	0	0	0	0	0	0	0	0	0	0	0	0	0	0	0	0	0	0	0	0
"A0A060HPK0"	24925000	23748000	39662000	30013000	28238000	23684000	27839000	30699000	23083000	83218000	22923000	52678000	46954000	79284000	28308000	29403000	27281000	35733000	24685000	22541000	31331000	17059000	22914000	22265000	29039000	24991000	28065000	16262000	19635000	33977000	28662000	33396000	35651000	28635000	25945000	38209000	36544000	35758000	46524000	25164000	18377000	24772000	25432000	28573000
"A0A060HPK1"	31190000	21285000	36972000	31137000	33835000	24897000	28491000	40404000	36414000	0	11056000	33899000	0	0	0	0	14436000	26476000	9678700	28208000	31453000	30742000	33086000	24426000	39919000	30015000	24177000	22942000	24985000	24165000	17980000	21269000	20308000	20044000	32093000	42058000	39247000	56286000	50625000	40096000	25547000	37927000	32751000	42772000
"A0A060HPK4"	56057000	42043000	63412000	56491000	52262000	37259000	43471000	40806000	49939000	57782000	69926000	95371000	58406000	72186000	85119000	59368000	77621000	70268000	60753000	48970000	47410000	51352000	49899000	56143000	52654000	53696000	48145000	60470000	45947000	76125000	66393000	56981000	65552000	70125000	61331000	57393000	73088000	54377000	86847000	45100000	45612000	41814000	48515000	44551000
"A0A060HPK5"	22197000	26260000	34403000	22168000	22172000	29809000	23776000	16794000	21615000	20172000	24907000	32625000	16848000	16613000	29250000	27677000	36982000	30705000	26012000	28923000	27453000	25511000	22589000	27539000	23702000	27889000	20444000	27685000	22661000	31313000	34052000	36490000	33965000	32575000	23822000	22037000	21947000	26396000	35581000	18803000	29831000	22679000	22549000	20445000
"A0A060HPK8"	147880000	134160000	161530000	100180000	130160000	190470000	145890000	208380000	162410000	0	79108000	79703000	16546000	19889000	26879000	20740000	102610000	44846000	57905000	162640000	119800000	144620000	145450000	151730000	165570000	175590000	173510000	137840000	149920000	35243000	68623000	75345000	71851000	67114000	78079000	46512000	54919000	68576000	64750000	203030000	167060000	150610000	178010000	173430000
"A0A060HPK9"	0	0	0	0	0	0	0	0	0	0	0	0	0	0	0	0	0	0	0	0	0	0	11657000	0	0	0	0	0	0	0	0	0	0	0	0	0	0	0	0	0	0	0	0	0
"A0A060HPL3"	149090000	116630000	192700000	148060000	151430000	142220000	168100000	161620000	149370000	53441000	103870000	123290000	44004000	56270000	60385000	81405000	140900000	117290000	91877000	140220000	125620000	114120000	160730000	157370000	1.59e+08	151720000	123440000	129820000	134020000	170240000	128850000	120110000	168500000	157160000	156400000	154700000	203600000	167780000	181350000	161380000	137380000	155600000	166440000	198920000
"A0A060HPL5"	15551000	15153000	8326500	12946000	14295000	0	12667000	0	14248000	12508000	16832000	21946000	0	0	18910000	16589000	12680000	16168000	19109000	14959000	13195000	0	12766000	14438000	12156000	10995000	15900000	11252000	12357000	17415000	19272000	23438000	16966000	14678000	12725000	13732000	12152000	15989000	10627000	0	14186000	12683000	0	10574000
"A0A060HPL9"	0	10712000	13457000	0	11407000	10929000	0	13221000	7951600	0	0	0	13421000	0	9956300	0	0	7987700	11608000	11330000	10531000	9614900	8424000	9907600	0	11483000	0	11034000	10028000	0	10115000	8109400	10661000	8925300	0	8223800	0	10638000	8309700	0	8669400	8915600	0	0
"A0A060HPM0"	0	0	0	0	0	0	0	0	0	0	0	0	0	0	0	0	0	0	0	0	0	0	0	0	0	0	0	0	0	0	0	0	0	4144500	0	0	0	0	0	0	0	0	0	0
"A0A060HPM2"	0	0	0	5897200	4418400	0	0	6447000	6238600	8081500	0	0	0	0	0	0	0	0	0	7740300	0	0	6282500	8496100	6230900	0	0	0	6683600	0	0	0	0	0	6054500	0	0	6134800	0	7464100	0	0	4313200	0
"A0A060HPM5"	41822000	54510000	58404000	0	0	44822000	31840000	0	37914000	105410000	44658000	0	90737000	83571000	0	70569000	51011000	68255000	46043000	0	47681000	22270000	0	40970000	0	0	30820000	23767000	29399000	96352000	91695000	99746000	138860000	94392000	0	45351000	37830000	0	0	0	36793000	41974000	0	32852000
"A0A060HPN4"	7516200	7905900	7846800	0	0	10146000	9366200	8559700	0	19710000	8028700	15100000	13486000	18310000	16544000	8891800	0	13163000	15130000	8423300	0	7748900	0	0	9782700	0	0	11417000	6993400	11692000	17168000	14393000	14354000	17678000	8180500	9900900	7138200	12129000	1.4e+07	0	8862300	7182000	8574200	10130000
"A0A060HPN5"	4438500	5816700	6653100	5445700	0	5192200	4392500	3947300	5247800	0	0	0	0	0	0	0	0	0	0	4606300	6175500	5232300	4322100	0	4803000	5714700	6785600	4123100	5514400	3918600	0	0	0	4711900	0	0	0	5385700	6161100	0	6064800	5933200	7230700	4515300
"A0A060HPP9"	14758000	22232000	37879000	24095000	22596000	18103000	32750000	25503000	17117000	39250000	24617000	39974000	30473000	38895000	36499000	24628000	18162000	25889000	30550000	20561000	26964000	17167000	18058000	18890000	19211000	27142000	21604000	17353000	21155000	18804000	18544000	28705000	15078000	18762000	23853000	25180000	21396000	16225000	26782000	21979000	13284000	16062000	21092000	15844000
"A0A060HPQ3"	121060000	115330000	73278000	119410000	113800000	104430000	108230000	124780000	105320000	61286000	131530000	88171000	121490000	94730000	109900000	81345000	70547000	94394000	100530000	110660000	97179000	143520000	109140000	121210000	97507000	113680000	119790000	132390000	143180000	102870000	70307000	60940000	57384000	90248000	121630000	114660000	115150000	98850000	60651000	92460000	96019000	108720000	94577000	99040000
"A0A060HPQ8"	18549000	14082000	0	13444000	0	12895000	0	18627000	13394000	35377000	22441000	0	28275000	31790000	25608000	17293000	20283000	16245000	23143000	20402000	17178000	20866000	15338000	20002000	15901000	19446000	15977000	24652000	0	0	21686000	12021000	16986000	22851000	20496000	15528000	18415000	11228000	7887500	13432000	14143000	12253000	16866000	14665000
"A0A060HPR1"	58161000	56103000	48208000	46870000	45594000	45182000	47733000	52467000	52195000	70913000	62827000	77706000	74247000	72423000	89952000	58351000	66848000	51602000	61985000	55984000	54025000	59813000	48222000	56821000	46840000	59004000	47711000	51151000	51100000	65744000	86813000	78638000	71860000	64121000	65293000	56989000	54755000	54839000	77529000	59607000	60667000	58452000	52375000	58031000
"A0A060HPR4"	241060000	194510000	387700000	263720000	320910000	233410000	223860000	235360000	222580000	456230000	332680000	387690000	428270000	376330000	212830000	383740000	362290000	452790000	385970000	351760000	274370000	273030000	325110000	305930000	239640000	282320000	275810000	201310000	207580000	69278000	81598000	73436000	103690000	62510000	153120000	112420000	267070000	80783000	117580000	172050000	88854000	192350000	1.36e+08	106970000
"A0A060HPR7"	462100000	236010000	255440000	267720000	295040000	215870000	295890000	305460000	249950000	452690000	317410000	460350000	258430000	226040000	282280000	267310000	309150000	289250000	319470000	409350000	291080000	218970000	253540000	357230000	428170000	267540000	233240000	259760000	274920000	317910000	354840000	301230000	384450000	352990000	308440000	319840000	327230000	278230000	228560000	377210000	189420000	238250000	258370000	297410000
"A0A060HPR9"	3.7e+08	360290000	299900000	315040000	379810000	327530000	362920000	351510000	400770000	0	217250000	0	0	0	0	87708000	188970000	134220000	112300000	312900000	256470000	283730000	436450000	345950000	364530000	283310000	334990000	275200000	367810000	224340000	102180000	123340000	157220000	198840000	179640000	225770000	357760000	262310000	273030000	481200000	404240000	501700000	408870000	425550000
"A0A060HPS3"	0	0	0	0	0	0	0	0	0	0	0	0	0	0	0	0	0	0	0	0	4385800	11250000	0	6736700	0	0	0	0	0	0	0	0	0	0	0	0	0	0	0	0	0	0	0	0
"A0A060HPS6"	597480000	677810000	617300000	526040000	668870000	636330000	617610000	712260000	622820000	537040000	856480000	791500000	775590000	636700000	789690000	800060000	724090000	750010000	767990000	608850000	597230000	629370000	638420000	602800000	569550000	580120000	543220000	636880000	571190000	900060000	907200000	887870000	859270000	772430000	787350000	628290000	713520000	690230000	735430000	693130000	625430000	659330000	618110000	644760000
"A0A060HPS9"	5267900	0	0	0	0	0	0	0	5258500	0	0	0	0	0	0	0	0	0	0	9530300	6426000	11499000	5934800	8712800	0	10560000	0	0	7936300	0	0	0	0	0	0	0	0	0	0	0	5217100	0	0	6656500
"A0A060HPT9"	65546000	105550000	37565000	99927000	57548000	18160000	26231000	0	59485000	0	0	0	0	0	0	21472000	0	0	0	53566000	57717000	40023000	50793000	47048000	52670000	27680000	44488000	48104000	39038000	10856000	24392000	32832000	27718000	0	39867000	0	0	43153000	56298000	54332000	62822000	38387000	29023000	50597000
"A0A060HPU0"	435160000	284490000	165750000	344040000	299520000	198320000	240290000	242480000	331390000	235220000	240260000	224650000	221110000	239180000	193980000	184600000	172610000	189390000	193790000	360860000	299090000	391820000	347780000	393860000	404570000	313050000	319640000	394530000	458170000	179340000	173950000	144870000	1.88e+08	171920000	249910000	231210000	223810000	198500000	154870000	387890000	251860000	290940000	286500000	351210000
"A0A060HPV0"	13029000	19004000	33406000	22397000	20401000	20262000	20534000	18976000	14628000	29971000	16991000	29432000	27360000	34666000	36452000	30027000	20004000	23078000	23742000	15648000	20660000	12144000	13695000	13614000	16705000	14384000	16051000	17260000	15905000	21796000	21521000	26272000	20719000	18032000	13582000	14788000	13733000	10590000	11770000	13373000	14028000	10992000	13864000	10849000
"A0A060HPV1"	0	0	0	0	2402800	0	0	0	1674900	0	0	0	0	0	0	0	0	0	0	2389500	0	0	0	0	0	2594200	0	0	0	0	0	0	0	0	0	0	2224700	0	0	0	2986800	2365500	4463700	0
"A0A060HPV4"	176700000	152060000	183250000	171950000	190660000	148690000	198130000	246680000	176870000	40327000	90117000	54924000	27898000	0	0	82352000	140420000	95289000	75013000	167620000	157330000	144620000	167200000	155120000	195010000	164440000	164390000	137450000	165270000	73931000	46416000	59610000	72209000	79883000	89202000	112310000	142200000	126140000	140060000	203560000	178580000	217390000	195760000	195260000
"A0A060HPV5"	9142900	6903300	5310500	6408400	8720300	6185200	0	0	7170900	0	11966000	0	6653000	0	0	0	9243300	7472500	12704000	8716600	7115700	7662100	8494800	8148600	8119000	8811400	5980500	10558000	11049000	18346000	14688000	10380000	17984000	19006000	14524000	12908000	11806000	11553000	8075300	9121700	8142800	7255000	8875200	7015000
"A0A060HPV9"	219640000	124580000	224400000	183760000	191150000	172250000	129850000	169400000	137040000	947300000	1.58e+08	305270000	379980000	430450000	258420000	172440000	205310000	193750000	160690000	206040000	176060000	123820000	148690000	134120000	213920000	145570000	144360000	129930000	121950000	196840000	227420000	258800000	303170000	211680000	148360000	160720000	186740000	119070000	172650000	144710000	134350000	168390000	120680000	128720000
"A0A060HPW2"	13933000	14397000	15556000	17370000	0	15571000	15856000	16596000	16082000	0	0	0	0	0	22294000	13734000	0	14618000	17326000	15502000	16522000	16802000	18287000	15479000	15153000	0	17030000	15611000	12356000	19605000	19509000	15062000	15543000	14746000	15449000	19679000	19417000	17070000	19240000	15742000	16281000	17082000	14687000	15443000
"A0A060HPW6"	34968000	31169000	36074000	34378000	30576000	33083000	25498000	26657000	27455000	5565200	48992000	31269000	5040300	3927300	32427000	38653000	38262000	35278000	36232000	32911000	32613000	28840000	28897000	35609000	28122000	31945000	25034000	34112000	32819000	39340000	48062000	38022000	46970000	50864000	27637000	26964000	35383000	37285000	29307000	29329000	36676000	28487000	31608000	26574000
"A0A060HPW8"	0	0	0	0	0	0	0	0	0	0	0	0	0	0	0	0	0	0	0	0	0	0	0	0	0	0	0	0	0	0	0	0	0	0	0	0	0	0	0	0	2488500	0	0	0
"A0A060HPX4"	0	0	0	0	0	0	0	0	0	0	0	0	0	0	0	0	0	0	0	0	0	0	0	0	0	0	0	0	0	0	0	0	0	0	0	0	0	0	0	0	0	0	847290	0
"A0A060HPX5"	7891100	6164700	6807700	8366800	7081200	12455000	7923900	8739300	8465300	0	0	0	0	0	4630400	6014500	8717800	7284300	5225500	8464300	6555600	6485300	9370700	8563200	7723200	8237700	6708000	7562000	6816000	7664700	9430200	9352200	8854100	11049000	6410700	6946700	6996400	7698700	8219800	7942000	7804200	6876100	8386100	7348800
"A0A060HPY2"	395480000	382450000	434680000	353950000	446140000	3.54e+08	318040000	364060000	361270000	504910000	838900000	716840000	568220000	630510000	660280000	762420000	629470000	710310000	535880000	695950000	612080000	685540000	559340000	561570000	426480000	442690000	456900000	531950000	368100000	825560000	609840000	576590000	366230000	542980000	845970000	574910000	690360000	568630000	748630000	587910000	452680000	447320000	296690000	470150000
"A0A060HPY4"	0	0	0	0	0	0	0	0	0	0	0	0	0	0	0	0	0	0	0	0	0	0	0	0	0	0	0	4695200	0	0	0	0	0	0	0	4710100	5070300	4745600	4504500	0	4765000	0	0	0
"A0A060HPY6"	0	0	0	0	0	0	0	0	0	0	0	0	0	0	0	0	0	0	0	0	0	3000500	0	0	3863900	0	3981800	4002300	2424400	0	0	0	0	0	0	0	0	0	0	0	0	0	0	0
"A0A060HPY7"	0	0	0	0	0	0	0	0	0	0	0	0	0	0	0	0	0	0	0	0	0	0	0	0	0	3401700	0	0	0	0	0	0	0	0	0	0	0	0	0	0	0	0	3228700	0
"A0A060HPZ5"	153870000	137100000	264510000	174580000	172790000	133110000	116600000	147730000	113200000	142430000	140390000	418290000	162280000	193910000	141810000	127540000	103970000	171570000	139060000	116130000	167960000	95581000	111690000	117500000	182130000	124920000	133980000	78157000	101580000	139010000	120740000	124950000	133440000	101200000	127410000	123140000	137370000	193700000	1.9e+08	127360000	92476000	143050000	87021000	104550000
"A0A060HQ01"	43439000	38454000	57247000	37918000	33056000	53025000	39817000	34980000	46266000	12893000	42816000	42572000	31041000	0	41264000	33676000	60109000	41981000	37436000	40924000	43584000	37023000	47212000	41837000	39120000	27474000	41248000	40479000	41411000	53623000	50742000	50524000	50518000	70316000	44268000	42266000	43114000	54504000	65401000	42873000	52224000	49649000	46656000	47262000
"A0A060HQ02"	765230000	964750000	1046600000	905530000	982290000	980580000	1042300000	1176400000	1028100000	293400000	935350000	473190000	446480000	432810000	478050000	729940000	817900000	676810000	689060000	812850000	779940000	1012600000	956080000	924370000	813380000	1028900000	1001300000	990350000	928620000	760130000	677710000	698070000	667800000	660490000	1004500000	913420000	969760000	914430000	1077800000	1010800000	1081100000	996920000	1053200000	982510000
"A0A060HQ07"	15331000	11032000	15164000	13220000	13042000	12336000	12074000	11895000	12128000	0	14315000	0	0	0	0	0	12443000	12142000	0	15651000	10596000	13540000	15173000	14036000	12902000	11611000	12799000	17100000	13048000	13304000	11058000	8925200	12427000	18374000	10807000	14089000	10881000	12726000	15043000	17822000	15704000	13287000	13738000	13666000
"A0A060HQ08"	7842200	10238000	0	0	0	9606400	8852900	7571000	11981000	0	0	11757000	0	0	12361000	0	0	8589800	10053000	9800200	9642100	10627000	8425200	11210000	0	10924000	0	0	6905400	10145000	10727000	12070000	10307000	0	9572900	9787400	10057000	10686000	15942000	11613000	11313000	8428200	10775000	14017000
"A0A060HQ12"	12262000	11358000	17384000	15825000	13841000	12634000	9797200	9116900	13019000	0	6095200	10048000	0	0	0	7719800	11109000	9999200	6701300	11959000	0	11703000	9531400	12068000	13066000	13560000	8962100	13098000	11478000	8942000	9926700	10964000	10402000	8562200	9064400	7676000	8825500	8430200	14955000	10818000	14710000	10505000	9892500	11828000
"A0A060HQ17"	0	0	0	0	0	0	0	0	0	0	0	0	0	0	0	0	0	0	0	0	0	0	0	0	0	0	0	0	0	0	0	0	0	0	0	0	0	0	0	0	3012600	0	0	0
"A0A060HQ20"	305130000	320510000	271750000	294480000	301070000	336960000	285280000	324470000	309840000	256630000	334900000	364030000	306530000	276370000	302510000	332460000	301010000	352580000	337740000	295310000	297260000	311940000	351720000	312250000	299520000	294950000	305700000	250970000	287830000	331280000	334570000	336890000	369140000	344190000	353480000	322840000	313750000	363870000	366160000	338890000	316690000	339880000	309900000	321040000
"A0A060HQ21"	10991000	7182700	0	11260000	6917300	8397900	10436000	0	11196000	0	0	0	0	0	0	8304800	0	9503800	0	10214000	12052000	8980600	9091900	7714600	8721700	11594000	10134000	9536900	10147000	8748600	9514000	9541000	0	11192000	13020000	13053000	11595000	14241000	14338000	9766900	11588000	13536000	12509000	11634000
"A0A060HQ32"	76367000	19331000	0	34918000	0	0	0	0	0	13070000	0	25361000	13377000	11828000	18951000	33073000	0	15419000	0	33010000	40273000	5442600	18363000	26296000	0	0	0	8631600	11520000	169890000	384520000	504770000	408220000	140580000	390700000	73983000	43329000	1.81e+08	140670000	5322900	13408000	19009000	0	0
"A0A060HQ36"	0	0	0	0	0	0	0	0	3716100	0	0	0	0	0	0	0	0	0	0	0	0	6038000	4437400	0	0	0	5741200	0	0	0	0	0	0	0	0	0	0	0	0	0	0	0	0	0
"A0A060HQ38"	0	0	12267000	14102000	14798000	13545000	14911000	0	11283000	56957000	0	18549000	30303000	41196000	26025000	17753000	21476000	16782000	22624000	15929000	15393000	13798000	0	21901000	0	0	15821000	0	0	16709000	23654000	18520000	0	18087000	16016000	14820000	19093000	0	0	0	9903700	11640000	0	0
"A0A060HQ41"	328700000	343390000	546850000	376360000	348670000	409120000	327980000	318690000	337950000	318330000	377390000	476860000	482170000	454850000	511420000	435070000	356150000	368070000	358390000	273290000	331720000	305400000	330030000	313680000	311390000	291260000	229550000	316770000	262180000	400830000	379610000	395160000	349650000	339760000	261460000	313150000	340380000	337150000	267080000	259220000	324300000	314090000	287890000	278020000
"A0A060HQ44"	1844700000	1198800000	918190000	2512900000	1043600000	684300000	1.145e+09	631360000	2052700000	548100000	231730000	277050000	275420000	528090000	131240000	269240000	201340000	295140000	308750000	2232800000	2760300000	1696500000	2.175e+09	1955500000	2351500000	2105200000	1051300000	2237300000	1973800000	2.29e+08	327390000	295390000	268640000	198850000	1669900000	412470000	1596800000	1856900000	1675400000	2244300000	1850700000	2024500000	1444500000	2123900000
"A0A060HQ49"	276800000	181520000	346480000	298030000	249420000	206830000	171870000	179870000	198170000	1693500000	215420000	715200000	643290000	885690000	341480000	403490000	266370000	303750000	209660000	226380000	240520000	139190000	212560000	173940000	264350000	136100000	197720000	161670000	128640000	401730000	392830000	368320000	573500000	394060000	270870000	198350000	207290000	255900000	198620000	187830000	159660000	193100000	151080000	131640000
"A0A060HQ52"	81257000	73110000	47177000	56532000	46273000	58294000	59539000	47738000	85918000	0	93862000	0	0	0	10150000	45845000	101630000	57344000	72344000	79560000	93084000	97286000	78240000	95940000	78724000	94957000	86021000	80390000	91909000	52985000	28551000	12181000	31629000	62484000	60198000	85693000	86142000	77620000	64806000	74059000	109010000	84446000	93398000	98389000
"A0A060HQ54"	1.6741e+10	1.6256e+10	1.9434e+10	1.5838e+10	2.0148e+10	1.6648e+10	1.6654e+10	2.1599e+10	1.6772e+10	1.3352e+10	1.7838e+10	1.9061e+10	1.5572e+10	1.5353e+10	1.5418e+10	1.7278e+10	1.5684e+10	1.636e+10	1.5619e+10	1.5791e+10	1.5235e+10	1.608e+10	1.6288e+10	1.5622e+10	1.8016e+10	1.5684e+10	1.7039e+10	1.6317e+10	1.5554e+10	1.5416e+10	1.598e+10	1.6942e+10	1.6538e+10	1.3112e+10	1.4771e+10	1.4163e+10	1.5398e+10	1.4658e+10	1.3734e+10	1.8445e+10	1.4782e+10	1.6648e+10	1.5634e+10	1.5198e+10
"A0A060HQ59"	0	0	0	0	0	0	0	0	0	0	0	0	0	0	0	0	0	0	0	0	0	0	15955000	0	15847000	0	0	0	0	0	0	0	0	0	0	0	0	0	0	0	0	0	0	0
"A0A060HQ62"	283280000	287890000	2.73e+08	348310000	279460000	267110000	217100000	425660000	296530000	100420000	170900000	187150000	73822000	125980000	161870000	256580000	237170000	169700000	159110000	234110000	270800000	195790000	362620000	203490000	294740000	211190000	352720000	376350000	281710000	266340000	218610000	103010000	182880000	160530000	218480000	149510000	192950000	207670000	183070000	395880000	239060000	184340000	298280000	260660000
"A0A060HQ65"	7221500	10599000	0	6695900	6954400	0	7123100	0	7121700	0	0	0	0	0	0	0	0	6623800	6988900	7778000	0	0	8377000	9511300	6947500	0	6161000	7843600	0	0	0	0	0	0	8292300	0	7154600	6774700	0	0	7417200	4606500	0	0
"A0A060HQ70"	737140000	663240000	908620000	714610000	764010000	628830000	564640000	653510000	678490000	960710000	791770000	2011500000	1139600000	1174200000	969070000	856420000	737830000	1206200000	644460000	701270000	685550000	557700000	788620000	756300000	843740000	610520000	772580000	515550000	579220000	845390000	859300000	870580000	1129100000	868460000	803570000	813670000	864740000	983950000	928700000	676030000	546620000	648080000	510990000	630710000
"A0A060HQ75"	393820000	410350000	588920000	458770000	441330000	444300000	473760000	475970000	429840000	223280000	338170000	324940000	235570000	282480000	276150000	266280000	413580000	288310000	282150000	387380000	333200000	369810000	391300000	411670000	378950000	463030000	464890000	418270000	406670000	466690000	407880000	368640000	401710000	428500000	420640000	468840000	477670000	418450000	560970000	417740000	438390000	4.54e+08	500670000	476560000
"A0A060HQ77"	5414100	4106900	0	4794600	3254600	5423400	4473400	0	5679700	0	4976000	0	0	0	0	3769600	5439300	0	6110300	6803300	6373800	5289000	4461800	4583800	3821900	7416100	5386400	4385500	5029000	6361900	6961200	4681100	6169900	7399800	6670200	8149200	5181200	6422000	8467500	4570400	7117800	5339300	6460900	5721200
"A0A060HQ81"	0	7587100	0	4238000	0	0	0	0	3468000	0	0	0	0	0	0	0	0	0	0	0	0	0	0	0	0	0	0	0	0	0	0	0	0	0	0	0	0	0	0	0	0	0	0	0
"A0A060HQ82"	37557000	42727000	32719000	35337000	34566000	39648000	40321000	30669000	42223000	34311000	56310000	45425000	34195000	26761000	46804000	42508000	49447000	43799000	50614000	38175000	36134000	38078000	32647000	39187000	37105000	46250000	36666000	37295000	31787000	53963000	57902000	55817000	57785000	52219000	39906000	42814000	44183000	39706000	39515000	36119000	39511000	32110000	44215000	35692000
"A0A060HQ85"	7771100	7985100	0	0	0	0	0	0	7761600	0	0	0	0	0	9970600	0	8656200	8138400	8680400	6696600	8648400	6932200	8623500	0	0	9134600	6577400	7434200	5557000	6685700	8298000	7583000	0	7964900	8690300	7620800	8018800	10338000	0	0	8266700	10370000	6656600	7888500
"A0A060HQ88"	0	0	0	0	0	0	0	0	0	0	0	0	0	0	0	0	0	0	0	0	0	0	0	0	0	0	0	0	0	0	0	0	0	0	0	0	0	0	0	0	0	1611100	0	0
"A0A060HQ90"	0	0	0	0	0	0	0	0	0	0	0	0	0	0	0	188870000	0	0	0	0	0	0	0	0	0	0	0	0	0	289220000	0	0	0	0	309140000	0	0	273200000	0	0	0	0	0	0
"A0A060HQ92"	42114000	47156000	30503000	39395000	36040000	26412000	38038000	28896000	38325000	0	17601000	0	0	0	0	17603000	0	17403000	0	38129000	33162000	32371000	43618000	36796000	40890000	35010000	57264000	37244000	34750000	0	0	9375200	0	8720500	0	0	15174000	10418000	20652000	31695000	25968000	24320000	26686000	25712000
"A0A060HQ93"	44107000	52733000	0	52213000	0	0	0	0	0	0	0	0	0	0	0	0	0	0	0	0	0	0	18143000	0	0	0	0	18785000	18181000	0	0	0	0	0	0	0	0	0	53167000	0	0	0	0	18710000
"A0A060HQ98"	22733000	20669000	18823000	38722000	17548000	22159000	24760000	16203000	22257000	0	13245000	0	3239500	0	0	9560300	23036000	9703100	10807000	18287000	18892000	17063000	15751000	18129000	15979000	24689000	25793000	22704000	21002000	19339000	7824200	4209100	9620300	17753000	5864500	9972600	12232000	7431100	11963000	13070000	19292000	13065000	20775000	15623000
"A0A060HQA5"	0	0	0	0	0	0	0	0	0	0	0	0	0	0	0	0	0	0	0	0	0	0	0	0	0	0	0	5796700	0	0	0	0	0	0	0	0	0	0	0	0	0	0	0	0
"A0A060HQA6"	0	3965200	0	0	4036000	0	0	0	4315700	0	0	0	0	0	0	0	0	0	0	3649700	0	3512700	4162800	0	4703300	3178400	0	0	0	0	0	0	0	0	3473700	4311300	4003800	0	0	0	3833300	0	0	0
"A0A060HQA9"	14594000	14192000	17426000	15083000	13537000	13677000	12336000	12989000	13584000	0	16823000	18664000	17804000	0	36307000	13698000	16117000	12578000	15214000	16650000	19243000	14685000	11919000	15134000	13871000	13960000	17260000	12354000	14399000	14191000	0	10376000	13283000	11271000	14306000	0	14418000	13930000	16514000	12085000	12968000	12820000	11206000	0
"A0A060HQB6"	0	0	0	0	0	0	0	0	2585400	0	0	0	0	0	0	0	0	0	0	0	0	0	0	0	2442500	0	0	0	0	0	0	0	0	0	0	0	0	0	0	0	0	2582000	0	0
"A0A060HQC0"	50693000	51529000	55459000	58558000	52964000	61719000	49916000	37680000	62598000	38587000	74050000	74432000	43921000	39718000	64777000	58207000	84070000	77389000	58372000	57616000	49134000	48469000	59057000	69542000	47151000	56511000	54127000	53299000	53140000	80701000	80172000	72350000	86283000	113040000	82577000	60420000	67378000	61333000	120230000	49415000	55551000	44234000	45844000	57550000
"A0A060HQC7"	0	0	0	0	0	0	0	0	0	0	0	0	0	0	0	0	0	0	0	0	0	0	6123000	0	0	0	0	0	0	0	7050400	0	0	0	7193100	0	0	0	0	0	0	0	0	0
"A0A060HQD6"	78761000	68839000	82394000	82779000	69667000	69822000	72261000	74533000	81805000	15186000	92339000	78927000	49347000	34777000	78675000	77077000	113510000	81563000	86451000	84423000	78499000	74928000	69859000	81291000	73645000	94320000	70287000	80615000	78823000	90599000	85075000	81541000	90796000	93736000	87566000	82757000	99973000	83735000	94882000	79212000	84289000	75358000	98928000	90925000
"A0A060HQE8"	98863000	93520000	49404000	115570000	128960000	97356000	91504000	120410000	97146000	33150000	106700000	42333000	64280000	58882000	77480000	75383000	85089000	78349000	95396000	112400000	113100000	149060000	108810000	113610000	131160000	123020000	128480000	155170000	177520000	107060000	87546000	70495000	75259000	98366000	107030000	115020000	129620000	88633000	74604000	100440000	78211000	120800000	107700000	105680000
"A0A060HQF2"	6278900	6752900	6794400	8344500	0	0	8668400	6062800	0	0	6358600	0	0	0	6583800	6480200	9621900	7643200	6952800	8154700	8649700	6790100	7844900	7445700	7163400	8846600	6111400	7449800	7562900	6623700	7897500	6550600	8171800	11092000	9049300	9643900	8430100	8896000	12375000	0	9422800	7084100	10224000	0
"A0A060HQF6"	0	0	0	0	0	0	0	0	0	0	0	0	0	0	0	0	0	0	0	0	0	0	0	0	0	0	0	0	0	5306200	0	5314200	7208900	5727000	4559900	0	5412100	6266400	0	0	0	0	0	5284200
"A0A060HQG4"	199790000	164450000	207490000	192050000	173840000	191150000	181130000	167930000	197750000	264630000	198370000	266630000	225520000	240960000	224360000	248910000	260210000	226460000	201550000	233630000	200500000	194540000	225840000	201530000	201590000	182770000	206200000	182480000	180560000	189800000	176390000	201810000	219250000	220420000	226460000	238720000	223310000	215780000	239370000	164030000	212720000	184980000	167780000	162300000
"A0A060HQI3"	4626500	6958400	7846500	5953200	6300800	0	7499100	5528100	5095600	0	8553300	8547500	0	0	7408600	8639000	0	6032500	7376400	0	6367000	5584100	5678700	7290600	4830400	8227700	0	6552700	6264700	8776800	7781900	7305500	6358100	4233100	4635300	0	6261900	4109100	8330000	6647800	6228900	4736100	5229000	0
"A0A060HQI6"	31432000	25995000	34078000	24560000	27379000	27282000	21891000	28779000	24851000	18699000	26210000	34366000	20208000	31188000	23767000	30744000	0	25818000	28348000	22772000	25868000	36303000	28161000	29570000	27381000	24550000	20438000	23762000	34751000	27195000	13463000	27487000	26251000	24444000	36392000	35072000	26312000	36495000	36492000	29977000	25639000	29136000	25356000	30683000
"A0A060HQJ5"	169720000	143400000	210430000	195080000	168680000	1.36e+08	202810000	182660000	178130000	194970000	155120000	181340000	146750000	184700000	120480000	147190000	113890000	203370000	151350000	137290000	159930000	147950000	202210000	163380000	189460000	158450000	171420000	156890000	166960000	146770000	118600000	124260000	102120000	110700000	161140000	155600000	191510000	164130000	144020000	194270000	137960000	188550000	185930000	169640000
"A0A060HQJ8"	28584000	34495000	45688000	23742000	28211000	31520000	25354000	34109000	27874000	35592000	24015000	72072000	28413000	0	29984000	38194000	26757000	35633000	30872000	22508000	23833000	24928000	28774000	22870000	32222000	26165000	23214000	22014000	20806000	37385000	41703000	47418000	54525000	39384000	31609000	29835000	24204000	41887000	28482000	32011000	32831000	31340000	26681000	31531000
"A0A060HQJ9"	0	0	0	0	0	13577000	0	0	0	34207000	27800000	47975000	40321000	32325000	41390000	0	23024000	28769000	28456000	16279000	13633000	0	12105000	13351000	0	0	0	0	11695000	36853000	40407000	38288000	42579000	35674000	34541000	28535000	27763000	41205000	35347000	14179000	0	16179000	13550000	0
"A0A060HQK7"	936560000	886980000	911320000	755860000	747520000	777710000	827640000	863070000	828630000	697060000	750530000	826440000	734780000	705970000	871530000	754160000	891400000	755710000	882460000	868270000	896610000	870860000	744580000	940280000	810600000	1025600000	710490000	771970000	813460000	787090000	873310000	725970000	762080000	820020000	846670000	965300000	914340000	929250000	1058900000	969800000	991720000	830500000	1034700000	1012500000
"A0A060HQK9"	140680000	161020000	232580000	155840000	193270000	206550000	189040000	242080000	174440000	0	105270000	29894000	19051000	30887000	23857000	67161000	126870000	85743000	83213000	167120000	152570000	146340000	192860000	204100000	170850000	179350000	182260000	161800000	185830000	73357000	46017000	42223000	54496000	84121000	80424000	85977000	108650000	99571000	100140000	226270000	194510000	220500000	215710000	180520000
"A0A060HQM4"	12569000	11997000	15554000	16902000	15188000	9699200	13584000	9632200	14831000	0	0	0	0	0	0	0	0	6082100	5513100	10503000	14922000	11336000	14205000	12990000	11046000	9499100	14271000	10735000	12564000	5053500	0	0	0	7172000	7509200	0	8820900	14152000	0	8758500	16436000	9760100	11110000	12466000
"A0A060HQM8"	4382300	4336800	7529900	5064200	4635700	3536200	5294400	7037700	3664300	3174000	3969800	0	0	0	0	3679300	0	4345400	3899200	4268900	5235300	4008600	3054700	4866300	4450500	5145300	5143700	3754900	4634000	2970400	3615100	1876000	2575100	2581500	2324400	4566400	4717400	2401600	4890700	5916900	3506600	3190500	5712300	4727400
"A0A060HQN5"	16001000	16359000	17500000	17040000	13955000	16546000	18447000	0	16207000	0	11596000	0	0	0	0	0	16785000	0	0	15567000	18596000	17315000	16733000	19356000	13463000	21238000	17385000	17507000	16397000	0	0	0	0	0	0	11194000	16480000	10675000	13148000	20088000	21933000	13407000	21908000	22334000
"A0A060HQN8"	457010000	498060000	574300000	452240000	484720000	656430000	557420000	657920000	549770000	191680000	326310000	345210000	317260000	263790000	354550000	271530000	374880000	285840000	311400000	460010000	461280000	494600000	513730000	527890000	518040000	515520000	573250000	499570000	523130000	294050000	300230000	431530000	301290000	308570000	311420000	347460000	327840000	369410000	381610000	589880000	545310000	579780000	617230000	554460000
"A0A060HQP8"	99762000	103050000	136600000	110280000	115110000	91671000	84751000	90587000	78127000	73981000	88260000	95698000	100540000	98504000	106740000	1.04e+08	95803000	111800000	81824000	71011000	84227000	80163000	98959000	83254000	92945000	75917000	78007000	112040000	76313000	90711000	82622000	99958000	83866000	88617000	95809000	74966000	79200000	76726000	79609000	70454000	78268000	77690000	59998000	60829000
"A0A060HQQ8"	669950000	688240000	797800000	726450000	651980000	710740000	729860000	579340000	780300000	576800000	692960000	738480000	612330000	557440000	599230000	692630000	699880000	649040000	659800000	640440000	765790000	681490000	795650000	657490000	659280000	731010000	775620000	594030000	629060000	703010000	678980000	797330000	779450000	744040000	760130000	776390000	786050000	837910000	827370000	6.56e+08	681130000	826950000	756630000	767110000
"A0A060HQR8"	71067000	90705000	87598000	73209000	74189000	68069000	53951000	57543000	69146000	126570000	63154000	124100000	105820000	102700000	102020000	98744000	67142000	88697000	91919000	66056000	78212000	54392000	62672000	69792000	74666000	60061000	52314000	53624000	61048000	117630000	158620000	157490000	158580000	119290000	67482000	62621000	56045000	78493000	107470000	73706000	69644000	61974000	55987000	83380000
"A0A060HQS0"	0	0	0	0	0	0	0	0	0	0	7166400	0	0	0	0	8077000	10453000	14701000	14603000	8293700	0	6084200	8703400	7497900	8162600	6817700	0	0	8753700	13659000	12078000	10590000	10079000	11991000	10214000	10785000	12055000	10996000	0	0	7971400	8459000	9592500	10666000
"A0A060HQS5"	57532000	42897000	62971000	65296000	46876000	60148000	58307000	48508000	56561000	65886000	49513000	69022000	75471000	77542000	91872000	65947000	63279000	68601000	69094000	52766000	75971000	54747000	53857000	42358000	44836000	65173000	66996000	54571000	56178000	53424000	50811000	63127000	45932000	54038000	45275000	57302000	63555000	68222000	75592000	47066000	51663000	55053000	67690000	54180000
"A0A060HQS9"	77967000	29034000	22291000	96656000	36736000	26216000	60885000	30968000	73035000	0	0	0	0	0	0	0	0	0	0	24383000	16580000	22953000	24253000	15369000	35328000	49930000	53933000	42391000	36410000	0	0	0	0	0	0	0	0	0	0	14676000	9635500	16647000	41098000	22591000
"A0A060HQT2"	0	0	0	0	0	0	0	0	0	0	0	0	0	0	0	0	0	0	0	0	0	0	0	0	0	0	0	0	0	2748500	0	0	0	0	0	0	0	0	0	0	0	1552100	0	0
"A0A060HQU2"	2981700	0	3641500	0	0	6037300	5098200	0	0	0	0	0	0	0	0	0	0	0	0	0	0	0	3938700	4897500	0	4079500	4444000	5094500	4419200	0	0	0	0	0	0	0	0	0	0	4814100	6477900	4409100	6020500	5261100
"A0A060HQU6"	7561100	6187500	0	0	7250100	0	5426500	7652500	8687100	0	6486100	0	0	0	0	0	0	0	0	6845200	0	7193000	8274800	0	5853000	0	0	0	7410500	0	6946400	5059400	0	5805800	5627200	7141300	5791700	5074300	0	7009200	6414500	6498900	6155300	6732100
"A0A060HQV1"	16053000	12723000	19187000	18698000	17612000	9554900	15457000	15073000	14453000	155670000	23246000	37190000	56355000	95061000	37073000	22616000	15663000	22880000	20566000	20679000	15564000	16559000	12886000	16703000	17669000	15422000	14331000	17993000	19990000	22408000	27489000	17245000	23749000	12448000	22864000	17964000	23243000	14313000	12720000	14681000	12023000	18152000	13451000	15723000
"A0A060HQW8"	533160000	439660000	468610000	405750000	512690000	465390000	417310000	535360000	424860000	434450000	539190000	535920000	432980000	448550000	443970000	549010000	438330000	470550000	4.28e+08	471730000	410020000	427210000	451470000	441300000	483490000	401040000	417710000	413660000	388170000	520930000	513470000	460930000	446530000	428730000	540790000	430790000	474170000	401490000	432830000	586020000	377460000	412100000	361350000	423570000
"A0A060HQX2"	14928000	13309000	12336000	9849200	13681000	11766000	16533000	19099000	14559000	26528000	18833000	25171000	0	25147000	13229000	15731000	16011000	17305000	18984000	16486000	14100000	12604000	16387000	17671000	18541000	13063000	12676000	14410000	14758000	17264000	16557000	13881000	17772000	15378000	18604000	18924000	12639000	19925000	15775000	25077000	14864000	15874000	15624000	16987000
"A0A060HQX6"	0	0	0	0	0	0	2977800	0	0	0	0	0	0	0	0	0	0	0	0	0	0	0	1766400	2286900	0	0	0	0	0	0	0	0	0	0	0	0	0	0	0	0	0	1874200	0	2723400
"A0A060HQX8"	375370000	375080000	277630000	297260000	346930000	355640000	293860000	329590000	319230000	87357000	247240000	141370000	140560000	66099000	187630000	177280000	211860000	172080000	231470000	331880000	252350000	338160000	274950000	359540000	333320000	357400000	281200000	332930000	3.42e+08	171870000	180150000	172050000	155930000	193530000	243730000	226960000	244300000	217200000	214590000	365820000	313550000	310020000	324330000	332470000
"A0A060HQY0"	0	4797100	0	4407400	0	5111700	0	0	4010500	0	0	0	0	0	0	0	0	3876600	0	4166800	0	4279500	4569400	0	4702400	3606000	3449100	4445000	0	0	0	0	0	0	0	0	0	0	0	0	3802900	0	0	5170500
"A0A060HQY2"	9916000	0	0	0	0	0	9149500	0	0	15955000	11899000	13656000	0	15981000	16212000	0	19295000	10254000	10688000	9920700	8268900	9802700	0	0	0	0	13930000	10335000	0	11018000	12699000	10135000	13274000	9884100	0	6096000	7856300	8165800	0	0	0	0	0	9071200
"A0A060HQY6"	31857000	47474000	42763000	35450000	41404000	36024000	40379000	56938000	40809000	0	32722000	44265000	30427000	20776000	0	34426000	23622000	35316000	31036000	21923000	37075000	44791000	43725000	37658000	36975000	37090000	33067000	31001000	48833000	29841000	27943000	28439000	31798000	0	47047000	51597000	30582000	51525000	38093000	64557000	38327000	50565000	42930000	57154000
"A0A060HQZ0"	133570000	124770000	222500000	128830000	149480000	164950000	121780000	148850000	138220000	112740000	85553000	152770000	82631000	103580000	50378000	65731000	72938000	75892000	55642000	108520000	118030000	111980000	115120000	136350000	171500000	149180000	116470000	106810000	97371000	98445000	51866000	58619000	41249000	61436000	94658000	113580000	102180000	84822000	94436000	115010000	71516000	94237000	52199000	83815000
"A0A060HQZ5"	7165200	6293400	11661000	8337900	7223400	0	6373300	0	5260100	0	0	14101000	0	0	9774300	8346300	0	8630600	0	5851400	7014100	0	5597900	7987200	5674500	0	5915800	5911800	5987700	11123000	4962800	5099400	5370700	9983300	5877800	9050900	7713100	5987800	11644000	6876400	6035400	5516000	5894200	0
"A0A060HQZ9"	5888700	5569700	10993000	7206900	0	8218700	8252100	0	0	0	4500100	0	0	0	0	0	7152300	0	5590600	0	0	6062000	0	5106100	6754300	6937800	7365100	0	0	0	4089700	0	0	4357400	0	4481800	4896000	0	0	5055500	6360200	0	6221400	0
"A0A060HR06"	7419800	5156200	9807900	5108600	5307400	5989900	6263200	5964100	5061500	24828000	0	8741400	13480000	14727000	9209100	7434400	5297400	6005600	7269100	6998600	7046500	5255800	6255900	4587300	6537700	5767700	6370800	5554200	5608900	6001000	8031800	6246900	7669000	7260900	6335200	8433200	5372500	6732500	8750900	6449600	5188200	4270700	5407700	5542200
"A0A060HR12"	10888000	15413000	14050000	10569000	9998700	16509000	12583000	12417000	11606000	0	12821000	17294000	0	0	17738000	16382000	0	13532000	14377000	10453000	13510000	9813000	11411000	9300200	12157000	10068000	9387200	7702500	10664000	14087000	16843000	21798000	17346000	19527000	9251300	9992300	9800200	13858000	13453000	0	11308000	11506000	11874000	13171000
"A0A060HR17"	3190200	0	0	3802100	0	0	0	0	0	0	0	0	0	0	0	0	0	0	0	0	0	0	3306100	4071100	0	0	3165400	0	0	0	0	0	0	0	0	0	4428700	2105600	0	3332800	4362300	2432100	4047800	4069500
"A0A060HR20"	127520000	108690000	130640000	134080000	143070000	119180000	105970000	117390000	118810000	98192000	127020000	83811000	155030000	132780000	154930000	115200000	120720000	118630000	1.2e+08	115290000	102590000	116070000	117910000	114850000	112930000	123670000	114850000	131280000	123660000	155880000	127630000	133510000	124940000	152740000	134550000	118680000	147910000	105440000	125900000	115820000	105430000	122220000	124930000	106480000
"A0A060HR24"	237550000	260730000	192910000	176400000	235870000	278810000	284080000	303870000	218350000	129330000	241010000	175270000	271280000	6.7e+07	184390000	183930000	273990000	236720000	336220000	229460000	205590000	206010000	251100000	270980000	231040000	256830000	201580000	228790000	249940000	157770000	211710000	206610000	327020000	319770000	285580000	196940000	163290000	211280000	177430000	220140000	297180000	277690000	280290000	265600000
"A0A060HR31"	28378000	24747000	26940000	26738000	37778000	22376000	26646000	37061000	28748000	0	39062000	32954000	18271000	0	23436000	27508000	34042000	28924000	26202000	28146000	26076000	26561000	32819000	28825000	31846000	21927000	24409000	38819000	25872000	31566000	31428000	32809000	34465000	26247000	29771000	23602000	33101000	28742000	32056000	40209000	27876000	35305000	25382000	27508000
"A0A060HR32"	0	0	0	0	0	0	0	0	0	0	0	0	0	0	0	0	0	0	0	0	0	0	0	0	0	0	0	0	0	0	0	0	0	0	0	0	0	0	0	0	0	594790	0	0
"A0A060HR39"	0	0	0	0	0	0	0	0	0	0	0	0	0	0	0	0	0	0	0	0	0	0	0	0	0	0	0	0	0	0	0	0	0	0	0	0	0	0	0	0	0	0	2819500	0
"A0A060HR44"	3439300	0	0	0	0	0	0	0	3463600	0	0	0	0	0	0	0	0	0	0	4264200	0	0	0	0	3071100	0	4311800	0	0	0	0	0	0	0	0	0	0	3107600	0	0	2958200	2685000	0	0
"A0A060HR46"	123620000	124780000	122200000	125870000	104770000	123920000	119380000	112430000	135060000	121850000	161220000	158270000	168430000	145460000	188530000	151030000	172200000	139820000	129160000	128710000	135180000	156090000	142400000	140490000	114140000	159630000	126730000	131820000	110790000	145190000	142800000	169650000	152530000	145990000	168840000	160800000	160110000	155840000	180900000	138210000	142680000	133940000	148160000	136710000
"A0A060HR58"	25332000	22383000	14914000	15644000	18414000	24540000	17444000	17289000	18470000	27065000	29773000	19917000	37700000	24815000	31516000	30837000	23061000	18754000	23031000	25005000	24595000	21479000	16821000	17447000	20530000	19085000	25689000	18171000	18668000	22012000	26417000	22176000	13262000	30650000	23753000	16677000	14917000	26579000	22433000	19814000	19445000	14398000	12805000	17085000
"A0A060HR59"	55881000	50710000	52728000	58001000	49904000	38977000	49715000	54899000	50004000	85488000	65979000	85563000	71004000	85423000	83090000	65202000	60749000	65220000	66519000	58228000	56436000	60955000	59026000	60870000	57198000	59316000	54716000	64549000	67586000	74141000	69856000	59903000	72568000	56975000	67715000	59383000	62579000	56553000	52167000	60977000	52134000	55735000	56686000	64797000
"A0A060HR62"	4128800	4538300	5857700	5393000	4579700	5347600	0	0	5453300	0	0	7154200	0	0	9332300	6120400	0	4649000	3577700	0	4785800	2920800	5162000	0	0	0	3918000	4741900	0	6368100	0	6658000	0	3811700	5650000	5282800	0	5238100	0	0	0	4386900	0	0
"A0A060HR63"	232860000	264780000	218810000	201790000	190060000	200720000	189800000	145620000	206140000	361590000	176150000	208840000	315250000	335800000	234100000	202930000	171500000	196920000	262930000	271630000	266660000	213610000	212270000	250080000	198390000	241070000	172080000	197410000	218410000	240780000	312600000	2.59e+08	251480000	250750000	339480000	175140000	209900000	283410000	314930000	258890000	261440000	197980000	211510000	265500000
"A0A060HR66"	31773000	23597000	27021000	20397000	20738000	24044000	28638000	28893000	28557000	5881100	22115000	20445000	15243000	4965000	8755100	9709800	41977000	19895000	26750000	32206000	30145000	32234000	25478000	41661000	24260000	41933000	26181000	25564000	34233000	28313000	28896000	26224000	25184000	37408000	34441000	33692000	33999000	44978000	40233000	45124000	44077000	42617000	46776000	48056000
"A0A060HR70"	91842000	70271000	68294000	68493000	75818000	66800000	84800000	78138000	69080000	329180000	82393000	93910000	145830000	179090000	120370000	81570000	79053000	95131000	108230000	99463000	73254000	71141000	73911000	80557000	79953000	65825000	82257000	77079000	87722000	81819000	101370000	84672000	88649000	96367000	92746000	86890000	80974000	68606000	61473000	91905000	77072000	78532000	81347000	74520000
"A0A060HR72"	846400000	757890000	723950000	726400000	723730000	781940000	751250000	748540000	853680000	582400000	1046100000	782240000	589040000	567140000	893620000	894290000	927460000	789910000	868210000	834560000	827220000	911080000	745560000	880140000	721410000	943120000	851220000	808810000	785110000	835590000	929570000	927820000	888380000	984370000	906880000	833880000	859530000	913610000	863750000	768550000	771970000	819130000	873120000	821800000
"A0A060HR74"	271240000	274570000	297190000	340500000	301240000	237990000	270090000	283310000	272220000	192590000	345250000	331400000	241400000	236230000	288530000	315570000	236510000	289760000	253010000	281770000	309330000	275830000	268870000	267810000	295230000	259820000	285300000	299590000	250460000	313720000	322060000	275370000	223940000	244140000	265450000	236590000	264760000	269990000	270460000	270410000	233050000	226140000	203100000	226200000
"A0A060HR79"	0	0	0	0	0	0	0	0	0	0	0	0	0	0	0	0	0	0	0	0	0	0	0	0	0	0	0	0	0	0	3782300	0	0	0	0	0	0	0	0	0	0	0	0	0
"A0A060HR82"	30956000	25267000	30722000	28981000	28906000	20234000	23892000	25634000	25485000	0	26657000	0	0	0	0	0	23131000	0	0	29043000	27365000	31573000	23742000	33508000	30325000	37477000	26601000	32735000	21862000	0	0	0	0	0	0	0	22822000	16312000	25423000	33525000	14249000	0	0	22152000
"A0A060HR88"	0	0	0	0	0	0	0	0	0	0	0	0	0	60478000	0	0	0	0	0	0	0	0	0	0	0	0	0	0	0	0	0	0	0	0	0	0	0	0	0	0	0	0	0	0
"A0A060HR90"	56497000	54055000	49715000	53069000	45216000	54010000	54934000	63577000	54505000	4087200	66892000	23009000	13080000	0	27878000	38925000	77808000	38828000	44335000	68463000	65698000	72089000	55060000	68485000	60597000	72658000	60510000	56024000	53197000	48669000	48098000	37422000	51004000	57357000	51041000	59423000	66772000	62453000	59505000	68801000	74553000	68871000	67088000	66843000
"A0A060HR96"	109650000	107710000	102860000	120200000	93311000	64687000	67091000	60231000	90867000	21256000	65110000	76952000	23812000	19815000	32599000	68506000	64032000	75050000	59445000	88904000	90895000	73341000	93114000	78290000	85147000	71651000	99258000	87198000	90392000	84787000	74606000	64776000	91399000	79471000	80737000	63631000	72528000	87699000	90383000	63767000	74315000	75915000	54939000	59876000
"A0A060HR98"	24582000	0	0	0	17899000	0	0	0	26120000	0	0	0	0	0	0	0	16561000	0	0	0	29047000	30051000	29039000	29627000	24020000	27758000	0	0	26949000	0	0	0	21316000	0	0	0	24480000	32738000	33358000	27461000	30947000	31377000	0	33023000
"A0A060HRA1"	93740000	132730000	6134300	201930000	28864000	0	9739800	0	44318000	0	0	0	0	0	0	0	0	0	0	42835000	53313000	28644000	46346000	38957000	42636000	2.4e+07	43475000	61040000	64660000	5512400	3013000	0	3975500	5215400	16598000	19933000	19860000	20687000	101510000	33466000	35343000	11177000	4668200	40516000
"A0A060HRA5"	0	0	0	5061300	0	0	0	0	4743300	0	0	0	0	0	0	0	0	0	0	0	0	0	4507300	0	0	0	0	0	0	0	0	0	0	0	0	0	0	0	0	0	0	0	0	0
"A0A060HRB6"	133610000	164850000	156390000	148830000	122620000	118490000	109390000	121590000	110090000	167940000	74116000	97132000	120150000	147770000	113610000	69206000	70941000	75121000	75280000	83685000	101840000	69396000	84991000	71649000	116290000	80328000	98778000	101840000	94570000	68153000	73942000	69964000	81451000	71199000	68395000	63789000	62190000	66423000	81451000	69972000	72617000	73291000	65738000	68694000
"A0A060HRC6"	26648000	29722000	23003000	22214000	22369000	25796000	18513000	26136000	38086000	24371000	31904000	79468000	31555000	26118000	32716000	32186000	28216000	28812000	35412000	18841000	22648000	29154000	36448000	23045000	24826000	20278000	28214000	32216000	22145000	34025000	33137000	35122000	43089000	35910000	36043000	30280000	26922000	35287000	41980000	26529000	28304000	45392000	26670000	22912000
"A0A060HRC9"	17951000	16287000	29658000	22642000	19536000	18365000	23100000	22303000	15488000	38609000	0	36959000	30955000	0	31854000	20102000	24967000	22836000	25292000	20774000	25286000	18411000	16367000	17240000	21889000	20407000	19327000	18790000	19519000	21239000	24775000	18378000	17092000	17750000	16292000	24714000	18062000	22249000	23058000	22407000	19186000	17377000	21128000	18317000
"A0A060HRD0"	6158200	7661000	0	7087900	6246500	8305700	0	7445800	6683200	0	0	8701700	8544600	0	0	0	0	0	7953600	6567400	7455600	0	7365200	5802300	6975000	6697500	0	8217300	5982200	8022800	11072000	0	9092700	9113800	0	6733100	0	9319500	12153000	7245200	8547500	5881800	0	6469000
"A0A060HRD3"	40444000	41755000	57562000	41307000	36763000	43485000	46383000	38865000	44723000	41935000	51530000	60941000	52374000	44562000	58059000	47330000	47755000	48773000	48311000	40251000	47975000	33932000	47109000	39461000	43434000	48575000	44127000	47892000	41328000	43030000	52778000	53823000	51615000	44229000	40950000	44990000	48128000	57765000	66060000	35294000	45467000	45276000	41626000	36582000
"A0A060HRD8"	9995700	11861000	20503000	16549000	12851000	12814000	16972000	9490900	12128000	0	0	8253800	0	0	0	9789300	10313000	12122000	9409400	0	16753000	0	12209000	7745800	11437000	10916000	12383000	10538000	11484000	10951000	10634000	12137000	9301800	9661200	3394300	0	13027000	12659000	0	12740000	13731000	19953000	13842000	12227000
"A0A060HRE1"	79336000	69667000	55417000	77091000	67896000	75617000	66816000	61220000	72773000	38288000	71377000	45653000	46334000	43948000	63421000	55856000	74189000	61783000	65870000	75408000	66390000	80919000	70390000	81340000	53403000	81132000	77254000	89377000	78496000	70712000	61201000	60179000	60660000	69377000	74269000	51940000	69397000	57982000	55051000	57683000	80741000	65571000	77395000	64743000
"A0A060HRE3"	125670000	115100000	147170000	129210000	119970000	130740000	121710000	105680000	113900000	0	140220000	55923000	0	0	23281000	77902000	122710000	94261000	105420000	143150000	134150000	115960000	118710000	142760000	142010000	129040000	125330000	124970000	123060000	107530000	101360000	101350000	101400000	114730000	110270000	1.28e+08	133520000	118310000	125250000	143260000	125660000	121410000	109970000	119710000
"A0A060HRE7"	0	0	0	0	0	0	0	0	0	0	0	0	0	0	0	0	0	0	0	0	0	0	0	0	0	0	0	0	0	2251800	0	0	0	0	0	0	0	0	0	0	0	0	0	0
"A0A060HRE8"	6246900	7030700	6666100	0	0	7384500	5393200	3916700	5797100	0	0	7358200	0	0	8354600	0	0	5579100	6801200	4839400	5876500	5776600	4140500	0	0	0	0	0	5691000	0	0	0	0	4407400	0	0	0	3978100	0	0	5382300	4898700	0	0
"A0A060HRF3"	7900800	0	0	0	0	0	0	0	0	0	0	0	0	0	0	0	0	0	0	0	0	0	0	0	0	0	0	0	0	0	0	0	0	0	0	0	0	0	0	0	0	0	0	0
"A0A060HRF5"	17094000	19895000	16444000	12723000	16056000	14209000	17528000	14910000	17777000	19636000	0	18731000	17968000	22309000	21719000	12828000	18499000	14940000	21691000	14756000	15539000	15574000	13888000	19012000	15871000	16875000	14995000	16718000	17808000	18460000	23544000	14416000	17668000	14480000	15867000	13747000	14319000	14369000	0	17316000	16101000	16279000	15528000	19195000
"A0A060HRF7"	35037000	66405000	29225000	56079000	50183000	36880000	41459000	25313000	34613000	0	20106000	8397900	6721700	0	0	34169000	0	27419000	22462000	47080000	39388000	49656000	64840000	45346000	26605000	30955000	27781000	56163000	49610000	71612000	58075000	64768000	46020000	25792000	80310000	39805000	44888000	39851000	36704000	58391000	44101000	50726000	40720000	55241000
"A0A060HRG3"	0	0	0	0	0	0	0	0	0	0	0	0	0	0	0	0	0	0	0	0	0	0	0	0	5374200	0	0	0	0	0	0	0	0	0	0	0	0	0	0	0	0	0	0	0
"A0A060HRG5"	24919000	26307000	16585000	23959000	23273000	22892000	25356000	18321000	18169000	34076000	14283000	11172000	24166000	30732000	0	16420000	0	17440000	18500000	31578000	23629000	15999000	11551000	25373000	26916000	20650000	26328000	25422000	25211000	0	23624000	0	22600000	13024000	0	0	6953700	0	9083400	20318000	16719000	11270000	11391000	19003000
"A0A060HRG7"	72252000	108670000	70688000	110300000	103730000	70913000	86290000	78425000	94651000	80552000	129730000	171640000	81083000	89602000	61889000	112350000	121580000	187900000	62566000	101760000	80162000	106260000	156850000	107920000	103670000	90264000	308410000	91066000	130500000	741760000	812300000	475800000	809330000	406070000	390530000	335240000	194490000	309920000	216400000	311060000	227700000	267040000	243270000	289810000
"A0A060HRG9"	20104000	16019000	19389000	19228000	17802000	17846000	18822000	19945000	19294000	0	14591000	15738000	9127500	0	14431000	12923000	12586000	32463000	8269900	20013000	16182000	20134000	19107000	13625000	16805000	18698000	18915000	24731000	24615000	17014000	15747000	13277000	14325000	12606000	18110000	17275000	21282000	22845000	17028000	17671000	20399000	20585000	20386000	17451000
"A0A060HRH3"	0	3.3e+07	32860000	23586000	56793000	50547000	59460000	38164000	42800000	0	17429000	0	0	0	0	0	30778000	0	28387000	44938000	36578000	52106000	31026000	32291000	50469000	56171000	75613000	55273000	43905000	0	0	0	0	0	0	0	10015000	0	0	32256000	36445000	33212000	52041000	24552000
"A0A060HRI0"	77184000	85761000	110180000	80731000	85594000	88051000	83604000	97140000	83707000	40249000	93969000	88677000	55549000	11493000	70827000	71881000	100830000	76531000	74928000	89749000	78261000	82079000	74817000	77227000	76734000	85573000	82328000	76962000	68146000	93668000	74051000	66790000	77531000	83050000	92294000	85025000	108830000	101560000	93571000	88089000	88222000	84995000	83108000	87682000
"A0A060HRI8"	2282800000	2759900000	2428900000	2115700000	2233500000	2320100000	2185900000	2433500000	2441900000	2.339e+09	2704700000	2396800000	2.998e+09	2592500000	3062400000	2.584e+09	2.354e+09	2140500000	2691400000	2350800000	2486700000	2506300000	2297400000	2637600000	2520200000	2593900000	2228300000	2277700000	2430300000	1765100000	2481400000	2542600000	2341800000	1838400000	2015800000	2.095e+09	1907700000	2227400000	2146400000	2590200000	2890600000	2558400000	2318800000	2708300000
"A0A060HRJ3"	0	0	0	0	0	0	0	0	0	0	11823000	3654800	0	0	5665300	7684800	10464000	8665100	11784000	11880000	8799000	18130000	10258000	12859000	0	0	0	0	0	14724000	13638000	8050300	10237000	19523000	18673000	23772000	19437000	15750000	9032500	0	9085300	11402000	15171000	10513000
"A0A060HRK6"	16920000	21241000	0	18193000	22839000	20125000	16756000	22547000	18543000	0	25440000	13753000	0	0	0	20861000	14563000	24791000	25281000	18640000	17022000	23750000	20470000	20579000	18875000	16485000	18341000	19589000	24839000	35577000	28694000	29828000	29626000	40357000	25840000	28219000	27865000	27730000	15173000	13054000	21576000	23543000	21046000	22211000
"A0A060HRN3"	0	3661300	0	5513200	0	6247700	0	0	5136000	0	0	0	0	0	0	0	0	0	0	0	0	4174400	3729000	0	0	0	3991700	0	4379200	0	0	0	0	0	0	0	0	0	0	0	6549100	5731300	5517400	5166100
"A0A060HRN6"	7062000	0	0	0	0	0	0	0	0	0	0	0	0	0	0	0	0	0	0	0	0	0	0	0	0	0	0	8207100	0	0	0	0	0	0	0	0	0	0	0	0	0	0	0	0
"A0A060HRP0"	459130000	339370000	512620000	386240000	466180000	390110000	428880000	401580000	415810000	179570000	332620000	183560000	212320000	196100000	228550000	272430000	261260000	363210000	321320000	356540000	308120000	376810000	367320000	393920000	401690000	355650000	398640000	402560000	442610000	316100000	270900000	288470000	266430000	285330000	359870000	347660000	390090000	339450000	238670000	350110000	355650000	407830000	377310000	364130000
"A0A060HRQ3"	22194000	18888000	11840000	18045000	21264000	17436000	19071000	18532000	17950000	0	18743000	9717900	16556000	15410000	17877000	18128000	13426000	21358000	20205000	19750000	19184000	22434000	20820000	18822000	16679000	18921000	20916000	20003000	22582000	20224000	17774000	15309000	13733000	19902000	22218000	15742000	14046000	15521000	8360500	17971000	16571000	16985000	17622000	15645000
"A0A060HRS3"	0	0	0	0	0	7872700	0	0	0	0	0	0	0	0	0	0	0	6074700	0	0	0	0	0	0	0	0	5762400	0	0	0	0	0	0	6441500	0	0	0	0	0	0	7267400	7510700	0	0
"A0A060HRS4"	5916300	9465700	11102000	13870000	10261000	10251000	8712500	7254400	6621900	0	10422000	7212000	0	0	10784000	10394000	6898500	9028600	10547000	7647000	9494700	8538200	7959800	9420100	7090600	7122200	7788200	10871000	9555600	12154000	12903000	0	11908000	11293000	7677700	0	7488800	0	0	8088400	6711500	0	7576800	5629100
"A0A060HRT5"	6331600	11408000	0	5042800	0	9915600	7212800	0	6870700	0	9331000	0	0	0	0	7754200	0	0	0	5892800	0	9564700	0	6899400	0	9794500	7130200	7898700	6083300	10071000	18320000	18024000	17755000	13398000	14694000	10155000	0	10925000	16676000	12282000	14913000	0	11361000	10005000
"A0A060HRU0"	492230000	479550000	916570000	605270000	450160000	556790000	513200000	396680000	408460000	622350000	371510000	880110000	701600000	599110000	696280000	588020000	409900000	679340000	517350000	399120000	556170000	332520000	466980000	289470000	425370000	319870000	449800000	345540000	3.36e+08	609160000	493750000	669120000	489750000	563950000	4.32e+08	480890000	453850000	5.16e+08	581400000	281820000	352690000	403040000	403280000	331250000
"A0A060HRW0"	148980000	138470000	154010000	131350000	149030000	131440000	109480000	134480000	124490000	161850000	125020000	202390000	173140000	179060000	171870000	139280000	129750000	135270000	124390000	136540000	105660000	1.12e+08	122680000	133770000	123570000	113740000	103580000	109640000	107570000	163080000	142490000	156130000	155650000	153720000	160400000	150740000	119050000	126420000	159430000	155930000	122460000	117280000	98071000	121150000
"A0A060HRW2"	19315000	25745000	17961000	20469000	15954000	17669000	0	9508800	15548000	35323000	11620000	33982000	47476000	34804000	38839000	27162000	12292000	26961000	29868000	20359000	39982000	24133000	15858000	24527000	18801000	16069000	0	23933000	19996000	78622000	136280000	84283000	1.02e+08	79138000	19280000	18195000	11550000	21154000	20989000	16350000	24222000	15087000	0	17771000
"A0A060HRX5"	4901200	4757700	0	4658400	5294600	6201600	5184100	0	4191500	0	5322400	0	0	0	0	5530900	0	7340600	6549800	4125800	0	0	4268800	5434300	0	0	4144300	3312700	4637100	9238700	7863800	7782300	0	8775900	4244800	0	5343300	4984900	0	4199500	0	4881700	0	0
"A0A060HRX8"	528980000	566740000	464950000	494680000	493250000	459240000	437360000	448170000	486290000	246310000	399060000	320190000	340190000	317470000	431290000	301270000	383690000	319220000	408030000	454140000	421490000	490010000	427060000	520730000	459540000	544460000	448930000	564840000	540710000	312230000	365330000	300750000	282240000	307790000	369740000	322770000	386650000	349160000	350030000	464310000	492140000	457530000	500560000	482150000
"A0A060HRZ0"	9235100	17998000	0	11569000	17702000	15391000	12591000	0	11092000	17762000	25486000	31399000	28163000	39441000	35716000	25737000	0	20698000	0	9493700	0	17613000	10727000	12704000	11785000	0	10392000	18070000	15436000	66208000	64238000	61136000	57484000	37465000	37880000	14054000	23610000	15230000	15658000	18321000	16095000	8969200	13856000	18047000
"A0A060HRZ9"	0	0	0	0	0	0	0	0	0	0	0	0	0	0	0	0	0	0	0	0	0	0	0	0	0	0	0	0	0	0	0	0	0	0	0	0	0	0	0	0	0	0	4687300	0
"A0A060HS03"	1721200000	2603100000	1427400000	1057300000	1615100000	2006800000	1.719e+09	2018100000	1903700000	6580700000	2364600000	3223500000	6.537e+09	6674100000	3003800000	2590400000	3186900000	1796200000	2979300000	2949100000	2202500000	2703900000	1355200000	2954300000	2887200000	2905500000	1.581e+09	1509100000	1794300000	2881600000	4245300000	3.004e+09	2213200000	2224200000	3789300000	3767800000	2096900000	2670600000	3559800000	4629700000	3601600000	1538800000	2500500000	3267800000
"A0A060HS06"	83699000	42555000	40918000	65337000	72675000	58193000	82673000	81372000	60229000	13798000	63029000	0	0	0	0	26095000	73604000	29756000	33613000	82399000	54618000	71274000	58956000	71712000	69469000	76491000	97689000	93191000	64092000	42100000	0	15179000	0	36601000	33619000	38948000	82188000	30405000	30336000	71929000	49551000	67697000	74376000	60073000
"A0A060HS08"	28604000	31002000	64106000	35636000	44241000	39544000	33078000	41244000	29758000	27976000	32757000	51646000	17757000	41204000	29975000	27382000	31988000	45350000	23974000	33822000	29615000	24474000	41109000	44286000	50782000	42610000	35169000	45741000	32437000	17575000	21302000	31120000	19690000	0	22452000	14259000	28748000	25401000	23947000	28777000	30946000	25200000	24416000	27383000
"A0A060HS15"	8944000	11605000	0	12592000	11723000	0	11675000	13082000	8901000	0	16431000	0	12528000	0	16510000	12572000	15890000	13467000	11825000	12732000	12621000	0	10371000	12094000	0	11831000	13420000	12035000	10202000	14578000	17855000	13588000	13069000	10893000	9833400	7559100	8662500	0	10666000	0	10859000	0	0	8716600
"A0A060HS16"	8048500	10668000	10685000	10222000	12043000	8713700	11151000	7049500	10582000	0	8450900	10933000	9474900	0	6955800	12079000	0	15129000	11745000	8603100	7651000	0	12046000	7881900	12178000	8863100	7460800	8624700	4311800	10927000	9783900	16021000	14568000	13133000	8433400	7303700	10953000	10745000	5019400	6801700	11348000	10793000	6970000	0
"A0A060HS25"	0	0	0	0	0	0	0	0	0	101380000	0	79717000	114270000	123670000	101710000	48299000	0	16883000	10466000	0	0	0	0	0	0	0	0	0	0	0	36828000	74130000	23012000	0	15247000	0	0	9875700	0	0	0	0	0	0
"A0A060HS36"	223660000	205050000	165020000	197720000	201270000	225370000	222970000	229650000	196330000	59689000	209210000	99575000	99232000	85778000	122930000	132260000	216300000	132090000	159670000	227440000	194770000	215530000	183210000	226800000	205870000	218140000	229580000	221390000	188700000	165950000	134910000	102520000	116330000	172240000	159900000	145760000	165980000	141740000	124810000	245610000	195300000	171140000	199210000	202490000
"A0A060HS38"	24847000	24424000	33760000	24745000	22934000	33195000	31186000	29158000	26088000	30389000	28234000	34439000	30874000	27853000	36208000	30288000	41485000	30878000	28415000	28877000	29358000	24473000	24657000	23882000	27778000	32515000	22799000	23532000	21529000	30164000	33990000	32429000	31822000	28971000	28065000	32314000	25942000	30481000	37910000	27157000	29290000	23122000	25354000	25114000
"A0A060HS43"	20942000	19322000	15910000	20865000	14161000	13330000	15375000	12746000	17184000	0	0	0	0	0	0	0	14105000	9426200	13274000	21655000	20143000	16942000	16294000	22923000	17553000	18069000	16413000	16324000	17578000	7595000	0	8997100	0	8771000	9800000	11389000	13798000	11234000	13952000	18064000	18479000	14488000	17721000	19748000
"A0A060HS51"	29496000	23928000	19103000	23133000	29936000	25092000	25451000	28217000	22200000	0	23519000	8146300	0	0	0	8339500	28624000	12272000	12377000	28772000	26173000	31656000	18911000	27594000	20280000	29538000	27994000	29518000	19995000	16089000	0	0	0	0	16750000	15299000	22639000	15302000	19389000	28135000	16420000	18577000	15379000	24508000
"A0A060HS52"	0	0	32653000	0	15875000	26750000	18733000	16318000	0	19933000	0	24845000	14154000	19624000	0	0	0	0	0	0	0	0	0	0	18329000	0	0	0	0	0	0	14222000	0	0	0	0	0	0	0	0	0	19931000	10909000	14627000
"A0A060HS64"	699560000	6.6e+08	553030000	682020000	707800000	570640000	639990000	750750000	660510000	863540000	1072700000	680890000	1030400000	1014200000	1.165e+09	768930000	790100000	799100000	852690000	740280000	708250000	788570000	733320000	754280000	711930000	731130000	673610000	866900000	826340000	840730000	859760000	721020000	834120000	853300000	766520000	688220000	808430000	683830000	611630000	696410000	695930000	723890000	707580000	715720000
"A0A060HS70"	213680000	211800000	309930000	214900000	215050000	219380000	222220000	213830000	197600000	275770000	235320000	314170000	264720000	301370000	352230000	236880000	276490000	216970000	245750000	223540000	208370000	210560000	171220000	211420000	196670000	229680000	198250000	222910000	209760000	243930000	271600000	251900000	2.55e+08	237440000	212410000	165220000	219430000	174230000	176740000	188110000	182410000	176230000	200160000	168030000
"A0A060HS74"	22430000	22312000	15764000	24932000	18911000	18968000	22210000	17721000	20328000	0	21874000	9347200	0	0	0	21621000	19086000	20923000	24385000	22267000	19862000	23321000	23992000	21972000	19972000	18939000	25788000	28993000	31666000	22113000	19428000	16467000	20544000	20832000	27396000	22734000	16913000	18073000	0	26139000	21461000	22703000	22855000	20671000
"A0A060HS79"	40382000	31716000	23369000	41375000	38602000	37479000	36624000	28448000	34768000	18418000	30382000	25399000	0	18709000	21942000	30935000	37571000	40342000	42622000	41103000	38306000	36162000	36685000	29275000	30663000	29702000	37520000	39375000	36709000	36579000	36618000	42448000	40733000	42352000	34568000	41712000	33613000	29912000	33465000	24784000	30583000	33728000	33006000	25124000
"A0A060HS84"	0	0	0	0	0	0	8279000	0	0	0	0	0	0	0	9068600	0	9616900	0	8949000	10678000	8677000	0	6178500	0	0	10333000	0	0	7078900	10277000	10233000	8374500	10187000	8850000	7702200	10467000	8514800	9974700	9289200	11016000	7355500	7078400	7633000	8213600
"A0A060HS97"	6150900	6724800	0	0	0	0	0	0	0	0	0	0	0	0	0	0	0	0	0	6707500	0	9269000	5822900	7767700	5063900	0	0	6812600	6869100	0	0	0	0	0	7805700	7849400	0	0	0	0	0	4303200	0	0
"A0A060HS98"	82228000	72300000	84876000	58464000	60181000	68277000	86457000	71409000	76919000	16149000	60927000	39448000	30639000	24879000	37055000	45615000	79211000	63505000	69523000	71891000	76293000	66293000	70933000	84129000	87149000	84488000	75066000	58738000	75279000	54572000	45240000	31976000	48169000	65281000	52373000	76479000	72328000	67087000	75334000	89912000	91217000	74074000	90330000	96818000
"A0A060HSA2"	44607000	34905000	61667000	41836000	32095000	37146000	52378000	69436000	64036000	0	0	0	0	0	0	0	0	0	0	57692000	50242000	61540000	59913000	70081000	79058000	78350000	42319000	40253000	51679000	0	0	0	0	0	0	0	0	0	0	54440000	40444000	52100000	55956000	57783000
"A0A060HSB1"	2207500	0	0	0	0	1266300	0	0	0	0	0	0	0	0	0	2451100	0	3418300	2526800	2269000	1874100	2616300	3072500	3056200	0	0	0	3174000	3341300	5060500	3377400	3026500	0	4610900	5074700	4994700	5850900	3999200	0	4349900	4244500	3825300	4946700	3781100
"A0A060HSC1"	265860000	219680000	148040000	264200000	154190000	82721000	129670000	73915000	216560000	0	0	0	0	0	0	0	0	0	0	339410000	422470000	324930000	375950000	325350000	357600000	260330000	134440000	269280000	321710000	0	0	0	0	0	12110000	0	0	22476000	5600200	305740000	272250000	242510000	165480000	281180000
"A0A060HSC9"	9761800	10468000	15146000	7161400	9267300	8886500	10523000	0	6739500	0	0	0	0	0	0	7409200	0	6389200	7706700	5743800	6857900	4983200	6124400	0	6821700	0	7347700	6255900	6683500	5463500	7119700	6732300	8939300	8017600	5197500	0	0	0	0	0	5595400	5736700	4785700	0
"A0A060HSE2"	374680000	287080000	421200000	333340000	373450000	320440000	368570000	389180000	355040000	212160000	394740000	307410000	213100000	170160000	206920000	322570000	328180000	289580000	274410000	345970000	379010000	334540000	350290000	392290000	346980000	319840000	369100000	288550000	260500000	273260000	222260000	207490000	177840000	260610000	371350000	338370000	366090000	373100000	388950000	397570000	289480000	405660000	220800000	306810000
"A0A060HSE5"	4350000	3332600	6601600	5236800	0	4104400	5192500	0	3151900	0	0	8199100	0	0	0	0	0	0	0	3847400	4395100	3236300	4447600	3330300	3773000	4073100	0	4388800	0	0	0	0	0	3513500	6092200	5649300	3845400	3962000	0	0	0	0	0	0
"A0A060HSE7"	13244000	9564900	14773000	16830000	9098300	11063000	15012000	7542700	14799000	0	0	0	0	0	8291700	9010000	11490000	11393000	8977000	11498000	14595000	12922000	13530000	10161000	9694800	16466000	12703000	12054000	13254000	13284000	8727100	14038000	14332000	11877000	15792000	19134000	16760000	18750000	20562000	15039000	13682000	14087000	22420000	18740000
"A0A060HSF1"	6860700	0	0	0	6081100	0	5065100	0	6214000	0	8125600	0	4182900	0	0	5714300	6214400	6972600	8136900	5727500	0	8774200	4546200	0	6474900	0	5984000	7792700	9791600	5884100	6673100	6842800	8250200	10538000	7867300	8479600	7299600	5834000	3677100	0	5408300	6951200	6449800	0
"A0A060HSF4"	17846000	0	0	18396000	0	0	0	13888000	0	0	0	0	0	0	0	0	0	12429000	0	0	0	0	17765000	0	14234000	0	0	19995000	17394000	10798000	0	0	0	0	11262000	0	0	10304000	0	14376000	0	12605000	13268000	0
"A0A060HSG3"	3049400	0	0	3149100	0	0	0	0	0	0	0	0	0	0	0	0	0	0	0	0	0	0	2668900	0	0	0	0	0	0	0	0	0	0	0	0	0	0	0	0	0	0	0	0	0
"A0A060HSH1"	0	0	0	0	0	0	0	0	0	0	0	0	0	0	0	0	0	0	0	0	0	0	0	0	0	0	0	0	0	0	0	0	0	5946800	0	0	0	0	0	0	0	0	0	0
"A0A060HSH2"	8420600	0	17169000	0	11414000	14902000	0	0	10895000	15401000	0	16258000	0	0	14903000	11005000	0	0	8666100	9719300	0	0	11562000	8075300	10307000	0	0	8448200	8604900	0	12048000	0	0	11030000	8233900	9615200	11436000	0	16048000	0	9633200	9784100	0	10529000
"A0A060HSH6"	6142000	10091000	0	10332000	10613000	7815800	7981900	8425400	11666000	0	11782000	0	0	0	0	9158100	0	10969000	7622800	6068100	8216200	13979000	13520000	8981700	5407800	8473300	11445000	12342000	12137000	20090000	15172000	13434000	15269000	15056000	18819000	16147000	14984000	12514000	0	9584000	13306000	13876000	16321000	11573000
"A0A060HSI0"	19599000	15319000	21905000	17972000	20262000	21023000	22038000	23596000	19825000	0	13448000	0	0	0	5783700	0	21781000	8036100	8269600	20631000	16470000	22589000	16170000	20421000	17721000	24444000	23808000	17362000	19961000	10732000	7945400	5318700	9592200	13623000	17544000	25029000	23892000	18017000	25932000	20525000	19466000	20825000	25413000	19936000
"A0A060HSI9"	46782000	0	0	53350000	0	0	33195000	0	46659000	0	64324000	0	19298000	0	0	26128000	51312000	35572000	0	49077000	26618000	73241000	38924000	51406000	34877000	63506000	45094000	74365000	69767000	59659000	48821000	20784000	38277000	48485000	94327000	88562000	82417000	49557000	44396000	35794000	33468000	46914000	60510000	50849000
"A0A060HSJ6"	22588000	29471000	35839000	20717000	34725000	24965000	22266000	25382000	27322000	31507000	31477000	52631000	24828000	29513000	32536000	37638000	33496000	30269000	24641000	21886000	23922000	33835000	22142000	21347000	18798000	25865000	26110000	26051000	18246000	32687000	26608000	21423000	12523000	20007000	28493000	21285000	22378000	23355000	0	26691000	25599000	17250000	13932000	18954000
"A0A060HSK4"	69804000	122380000	198140000	75886000	105500000	137220000	105650000	104510000	61527000	90421000	83141000	96982000	93954000	97219000	96740000	143780000	74764000	113770000	128120000	71095000	103860000	57446000	73620000	62140000	92175000	55595000	69537000	71885000	64260000	45007000	70391000	110680000	66483000	39840000	33467000	38142000	36679000	45642000	40649000	74106000	91496000	76818000	54725000	63500000
"A0A060HSK7"	0	2794400	0	0	7351800	6111600	0	0	0	0	0	0	0	0	0	0	0	0	3448200	0	7708300	0	0	0	6559300	0	0	9106800	2764900	0	0	3318000	0	3113000	0	0	0	0	0	0	2585900	3459000	4027700	0
"A0A060HSL0"	48659000	55842000	43753000	31503000	60529000	75786000	57540000	71244000	53893000	981210000	1326900000	929110000	1.024e+09	1073800000	1216600000	1200400000	1235500000	1186800000	1252600000	898880000	879550000	1015600000	883900000	936110000	361260000	413710000	372410000	419250000	391180000	1226900000	1171600000	1041100000	1092700000	1030400000	1159800000	955290000	1043600000	1174200000	1063700000	788850000	942300000	789570000	875280000	875790000
"A0A060HSL5"	109660000	128990000	134590000	157350000	143380000	80519000	123650000	170100000	120460000	0	65401000	150940000	0	55298000	0	0	0	116990000	0	111360000	186050000	116580000	139180000	110640000	229900000	124600000	108150000	154450000	147650000	823080000	807260000	643340000	634460000	509930000	883700000	897950000	707060000	1.192e+09	2161500000	991180000	976650000	655620000	806050000	1375700000
"A0A060HSL6"	40517000	36494000	71536000	56457000	44994000	53910000	53745000	51894000	46345000	13929000	47014000	36869000	20554000	25809000	21790000	39889000	50847000	48971000	33344000	49342000	54688000	43641000	45647000	40978000	51397000	48483000	49902000	51549000	38898000	46989000	38608000	41279000	38934000	53927000	42484000	54936000	56628000	46727000	77538000	45449000	45477000	41778000	56014000	46692000
"A0A060HSM3"	0	0	0	6378900	0	7046600	0	0	0	0	0	6763700	10099000	9434700	12955000	9207100	0	7969500	11280000	0	5595800	0	0	0	0	0	7631300	7662300	8594900	10508000	11656000	14860000	8865800	11499000	11177000	10645000	9907700	9587400	8367800	10012000	8668100	8203000	9457800	9685900
"A0A060HSM6"	33173000	32981000	17530000	33794000	32453000	25415000	28614000	30851000	28967000	26538000	44688000	19969000	27641000	17929000	45167000	28815000	35238000	26333000	35382000	40681000	32229000	50321000	29894000	41831000	31273000	39323000	34928000	60090000	38026000	33631000	37704000	28847000	26267000	37045000	44445000	35050000	43418000	30896000	28982000	37591000	30217000	30073000	27903000	24774000
"A0A060HSN4"	13073000	20019000	17239000	18358000	15188000	16727000	15391000	12537000	12030000	0	12865000	0	13224000	0	13290000	17417000	13915000	16493000	17136000	12044000	13703000	13212000	22829000	17159000	11801000	18646000	10521000	12833000	16442000	15397000	22389000	21932000	40166000	29205000	18564000	0	0	10371000	0	17122000	21721000	22629000	20556000	20319000
"A0A060HSP5"	0	0	0	0	0	0	0	0	0	0	0	0	0	0	0	0	0	0	0	0	0	0	0	0	0	0	0	0	0	0	0	0	0	0	0	0	0	0	0	0	4447000	0	0	0
"A0A060HSR2"	0	5645400	15699000	0	9944100	15707000	14846000	16596000	11024000	8393400	0	9893100	0	0	0	4933600	12381000	6030400	4892100	0	7265300	8527600	7739200	0	9084900	9784500	19594000	9169100	8923500	9813600	8100500	7396500	7263300	9249700	11106000	10129000	12631000	8817700	12230000	12689000	11328000	9448200	11058000	9818100
"A0A060HSR7"	24911000	22687000	29041000	22343000	22901000	27306000	30514000	27474000	25428000	25421000	28512000	35092000	33640000	28713000	41991000	26969000	41634000	27862000	32503000	28476000	25406000	22744000	23672000	25460000	23798000	42202000	20673000	23602000	26623000	29840000	33731000	28676000	30644000	39860000	28402000	35673000	35831000	34810000	37389000	35969000	32952000	24957000	40717000	36843000
"A0A060HSS6"	139090000	130790000	115080000	116260000	130010000	110520000	106390000	127370000	107070000	102310000	129240000	158630000	123320000	121590000	102200000	148780000	99061000	130630000	106910000	100910000	98831000	84944000	128890000	111920000	119750000	78695000	91947000	79601000	94173000	161590000	152760000	203020000	181880000	147540000	141800000	98553000	111610000	114870000	120350000	123790000	87011000	127490000	94840000	99435000
"A0A060HSU3"	8358500	11247000	8821800	5699800	7882200	10311000	9058500	10701000	9045400	0	9081200	0	9404200	0	10879000	8323300	0	11378000	10490000	7467600	8112800	8501400	7535200	7571600	9234400	0	7298400	8931500	9225500	12973000	12506000	19305000	13205000	14223000	9506900	9006800	6603800	11718000	7269000	8482300	12230000	12130000	9022900	9293700
"A0A060HSU5"	11015000	0	6296600	9541300	9644900	0	6932000	0	0	0	11490000	20607000	18571000	18626000	16941000	13388000	0	11313000	8958900	11386000	8042500	0	8802700	8802700	8686800	5994500	10934000	9940200	7640600	11109000	13494000	13452000	12449000	13349000	11050000	0	9547800	9109800	8707800	0	7283900	0	0	0
"A0A060HSU8"	3699100000	3518900000	4371400000	4216800000	4257300000	3659800000	4156600000	4778500000	4267900000	2577100000	4789500000	3.6e+09	2801800000	2916700000	3251100000	4263500000	4641100000	4080800000	3.492e+09	4.307e+09	4249400000	4134900000	4491500000	3961900000	3972300000	4187700000	4771600000	4.347e+09	3868800000	4076400000	3642800000	3.249e+09	3127400000	3313800000	4.395e+09	4053200000	4729600000	4572600000	4.904e+09	4898200000	4307100000	4.217e+09	4208800000	4042600000
"A0A060HSV6"	24785000	16017000	27435000	17654000	18527000	18051000	0	18255000	17935000	29590000	0	0	0	0	22595000	25129000	17343000	25835000	21141000	20100000	17465000	14375000	21796000	17327000	30684000	13517000	16268000	10609000	16502000	23308000	25660000	26714000	29034000	24342000	20761000	19470000	19042000	24938000	15973000	20512000	15130000	18859000	15919000	18639000
"A0A060HSW4"	15613000	11964000	11119000	18954000	14105000	14258000	14044000	12861000	16470000	0	17231000	16764000	0	0	15879000	12916000	19845000	14203000	14912000	21732000	18810000	21435000	20659000	24233000	18047000	25112000	20391000	16616000	18056000	20933000	21590000	16782000	25341000	19850000	25361000	23198000	26084000	26182000	33417000	21183000	21367000	15566000	22960000	26947000
"A0A060HSX3"	40988000	22949000	26569000	0	23031000	0	14869000	0	0	46315000	26148000	0	34841000	41397000	0	0	0	14445000	0	24880000	35521000	23817000	16898000	26566000	0	22996000	0	22470000	0	22361000	0	16959000	0	0	25435000	0	0	17082000	0	0	0	16197000	0	0
"A0A060HSY3"	365790000	355210000	367410000	423900000	313300000	344140000	368820000	288980000	419330000	20862000	350070000	282540000	42628000	24349000	98401000	318910000	384900000	388120000	336500000	378040000	403690000	342880000	403570000	427820000	404780000	408370000	408960000	319560000	372990000	342330000	318870000	342980000	398920000	333850000	363930000	365650000	436930000	432470000	550880000	323720000	377740000	380520000	360330000	412780000
"A0A060HSZ1"	0	0	0	0	0	3806800	0	0	0	0	0	0	0	0	6507700	0	0	0	3989300	0	0	0	3643000	0	0	0	0	0	0	0	0	3670000	5015100	0	0	0	0	0	0	0	3010000	0	0	0
"A0A060HSZ7"	27943000	18287000	30053000	18808000	17880000	22563000	19253000	18962000	19540000	0	13290000	29443000	0	0	11200000	14978000	0	23246000	16970000	20688000	21731000	13647000	20782000	19321000	24687000	22333000	19086000	16346000	15779000	17888000	17663000	19574000	22511000	19858000	22777000	28592000	22346000	28218000	34968000	18429000	18433000	21321000	22196000	23043000
"A0A060HT02"	0	4012400	0	4828600	0	0	4644300	0	4106000	3608900	0	6009500	0	0	5626200	4197800	6191300	4669000	3925900	4127400	0	0	3853800	4578900	0	5460900	4143200	4086500	4117700	5480100	5269000	5139400	0	5603500	4965200	0	5850900	4298700	0	0	4852600	4010800	6287400	5330300
"A0A060HT08"	10729000	11580000	15865000	11572000	10192000	12195000	14357000	8310200	10219000	20924000	9560400	11726000	14474000	16552000	20183000	13222000	17786000	11264000	14284000	10696000	13616000	9639400	9112600	0	9034100	13436000	11167000	9343200	10378000	11492000	12878000	12973000	11976000	13806000	9826200	12533000	9559200	10588000	15259000	9387800	11656000	8871900	11641000	11497000
"A0A060HT17"	6916600	6679600	0	7302800	0	3704600	0	0	5266600	0	0	0	0	0	0	5345400	0	6844000	0	0	4539300	8169000	7193400	6500400	0	0	6819400	0	0	0	0	6530100	0	5299300	0	0	0	4747500	0	0	0	5252500	0	0
"A0A060HT23"	0	0	12262000	0	6304500	0	0	0	0	14307000	0	0	0	0	6265900	0	0	0	0	0	0	0	0	0	0	0	0	0	0	6131400	0	13229000	0	0	0	0	0	0	0	6621500	0	0	0	0
"A0A060HT28"	0	0	0	0	0	0	0	0	7935100	0	0	0	0	0	0	0	0	0	0	9647500	0	8553800	7935600	8726500	0	0	7134900	0	9596400	18785000	0	8012600	16556000	19926000	13087000	10880000	13041000	0	0	0	0	8494500	0	7673800
"A0A060HT32"	0	8438500	0	7889100	0	9376600	0	0	0	0	0	0	0	0	0	9457400	0	6497500	8889100	0	7871000	0	0	0	0	0	0	6918100	0	6622300	0	6793800	0	8211000	0	0	6261300	6142700	0	0	0	5458100	6782300	7042100
"A0A060HT36"	14467000	14991000	0	12915000	12271000	16588000	13123000	0	16208000	11299000	17715000	15237000	13534000	0	18462000	12185000	16894000	15837000	15936000	11597000	10644000	16645000	16098000	15167000	10328000	19586000	13297000	13374000	17067000	16349000	18703000	16487000	13647000	16747000	16810000	15899000	14638000	13431000	19541000	12446000	19477000	10681000	16042000	13289000
"A0A060HT42"	20636000	26650000	18407000	15290000	24318000	29372000	23794000	21266000	21379000	0	0	0	0	0	0	0	17795000	0	0	23803000	21561000	22313000	20858000	29136000	16063000	30481000	23491000	23131000	24736000	6709600	0	0	0	14480000	6664100	0	11238000	10605000	0	29051000	45077000	26479000	30005000	33731000
"A0A060HT50"	93064000	69311000	112660000	85291000	76551000	76739000	98394000	75055000	68756000	33488000	52742000	43023000	21103000	0	36126000	50861000	53515000	51727000	52823000	70338000	82022000	62652000	74238000	57573000	72802000	69117000	80960000	74684000	59045000	57383000	36495000	34761000	33030000	50127000	47161000	56443000	66299000	52639000	66252000	64096000	56045000	69429000	62462000	60745000
"A0A060HT52"	61651000	48119000	62348000	50114000	37342000	63001000	52301000	44554000	48522000	72517000	37543000	93144000	59941000	54160000	76247000	55716000	61256000	59282000	57069000	58648000	56042000	53018000	48101000	64888000	61785000	55062000	52098000	54590000	46500000	50879000	56516000	64165000	72049000	60672000	52610000	62439000	59383000	61290000	83389000	52050000	52810000	50404000	52313000	51873000
"A0A060HT70"	0	0	0	0	0	0	0	0	0	0	0	0	0	0	0	0	0	3275400	0	0	0	0	0	0	0	0	0	0	0	0	0	0	0	0	0	0	0	3558800	0	0	3515900	3124700	0	0
"A0A060HT90"	17876000	11713000	0	12125000	17018000	12887000	20570000	13090000	21652000	0	14848000	25470000	0	0	0	21147000	17948000	17960000	18118000	14295000	11323000	16025000	23597000	16040000	17401000	13806000	23357000	14453000	17268000	55303000	41403000	44858000	46606000	49045000	39296000	39680000	37737000	31748000	37912000	25555000	22844000	28927000	26546000	25447000
"A0A060HT92"	491900000	502180000	775670000	622340000	666610000	574220000	552170000	658320000	573670000	602670000	716650000	822270000	500110000	630950000	603800000	586780000	681260000	603450000	461160000	519250000	549270000	591850000	572570000	612830000	634630000	551590000	639850000	634760000	490930000	502230000	469780000	522030000	457700000	454770000	586350000	524120000	675120000	506350000	665060000	499100000	558030000	505030000	445320000	441030000
"A0A060HT99"	25011000	0	15965000	12359000	15825000	13764000	13461000	0	0	0	0	0	0	0	0	0	0	0	0	17412000	12271000	0	10003000	0	0	0	0	12215000	0	0	0	0	0	0	0	0	0	0	0	0	0	8885900	0	0
"A0A060HTA0"	45644000	41799000	40761000	41193000	39964000	39758000	49065000	37825000	46176000	77760000	45941000	35624000	47286000	69412000	49351000	38158000	46848000	36835000	50315000	45185000	42110000	49009000	39950000	42880000	44050000	51052000	44237000	51484000	49131000	31190000	30767000	22254000	24403000	30603000	37177000	40944000	36978000	29908000	39241000	42519000	35124000	29932000	39394000	40415000
"A0A060HTA8"	0	0	0	0	0	0	0	0	12738000	0	0	0	0	0	0	0	0	0	0	0	0	0	0	0	0	0	0	0	0	0	0	0	0	0	0	0	12135000	0	0	0	0	0	0	0
"A0A060HTC3"	102330000	91608000	148970000	124490000	97429000	108390000	110500000	108430000	102810000	129720000	104750000	147210000	126870000	141240000	119820000	103440000	99174000	126640000	96991000	95736000	110530000	88472000	115140000	93465000	100810000	108110000	115300000	90562000	91739000	120130000	103080000	134470000	119890000	117450000	99574000	130790000	141680000	141850000	171750000	103130000	92010000	109130000	117700000	108310000
"A0A060HTD4"	33883000	38749000	57214000	33904000	39357000	47981000	31196000	30939000	38179000	54006000	34859000	55712000	67019000	42912000	61469000	33298000	39640000	36660000	39554000	41592000	35757000	48677000	37789000	39002000	38494000	37205000	34863000	42805000	34539000	50135000	54203000	57606000	50394000	56023000	40953000	42492000	43409000	39607000	53487000	38055000	42637000	37607000	42336000	36336000
"A0A060HTD9"	0	0	0	0	0	0	0	0	0	0	0	0	0	0	0	0	0	0	0	0	0	0	3551500	0	0	0	0	0	0	0	0	0	0	0	0	0	0	0	0	0	0	0	0	0
"A0A060HTE5"	4755500000	2865200000	3221200000	4049300000	3519500000	3244100000	4294900000	4571200000	4412900000	355380000	719890000	548760000	544580000	357760000	478270000	958620000	811370000	828400000	971850000	3372100000	2526300000	3217300000	3394500000	3.16e+09	4030300000	4398500000	3750200000	3864700000	3453100000	68885000	65863000	89404000	72706000	98380000	1113800000	1.154e+09	871450000	1.296e+09	1608400000	2815300000	2108700000	2.404e+09	3937100000	2.819e+09
"A0A060HTE7"	0	0	0	0	0	0	0	0	0	0	0	0	0	0	0	0	0	0	0	0	0	0	0	0	0	0	0	0	0	0	0	0	0	0	0	0	0	0	0	0	0	0	0	1885200
"A0A060HTI6"	0	0	0	0	0	0	0	5593300	0	0	0	0	0	0	0	0	0	0	0	0	0	0	5872900	4396600	0	0	0	6557900	8078900	0	0	0	0	0	0	0	0	0	0	7745300	0	0	6273900	10946000
"A0A060HTJ2"	64860000	61419000	62383000	68050000	62899000	71193000	66633000	71806000	70793000	10289000	57119000	44420000	51600000	11275000	48071000	51991000	58648000	57390000	57360000	58263000	55234000	78821000	78056000	69481000	60978000	66330000	68531000	72631000	72164000	57027000	56343000	56493000	46601000	56163000	69672000	59785000	68371000	72699000	39096000	71063000	70314000	76125000	79888000	65906000
"A0A060HTJ5"	9150100	8414600	12445000	11402000	9120300	8802700	9571900	0	8413900	9140400	6561300	14362000	0	0	9873800	8474100	0	10232000	8344200	9812000	11141000	7321000	6990600	9954000	8221200	8305700	8349300	9726500	8166900	6516700	7940700	8188300	0	8716300	7511800	7520100	7555000	0	0	6871100	7649600	8498800	6359600	8760400
"A0A060HTJ9"	551890000	505680000	984490000	690480000	762330000	641220000	572140000	674780000	566890000	296430000	497590000	400200000	259810000	292350000	236230000	414860000	498070000	462320000	360050000	571760000	558890000	650860000	593700000	695520000	665110000	598800000	532350000	521230000	544070000	350360000	303490000	340310000	347010000	341970000	365040000	391350000	493260000	447210000	477710000	6.23e+08	515910000	555100000	524180000	528210000
"A0A060HTK4"	13204000	0	0	9050600	11437000	8507700	8703000	8761400	9719500	20562000	0	0	18545000	17793000	12519000	8201200	0	8761600	9960100	12328000	9893200	12661000	9902200	10798000	8260500	0	12257000	18055000	11817000	0	0	5618000	0	0	8975500	0	7051000	0	0	0	8937700	9679300	0	0
"A0A060HTK6"	115150000	105340000	142640000	128120000	125780000	116270000	115810000	113850000	100600000	99682000	113750000	129100000	124590000	116850000	121480000	132250000	108070000	139960000	108660000	112970000	108190000	123550000	133240000	113200000	113040000	96444000	122150000	119930000	97933000	111510000	98325000	124070000	105620000	93674000	118980000	97476000	108600000	102620000	119660000	107190000	100170000	99505000	101440000	98294000
"A0A060HTL2"	12117000	13906000	0	12380000	15734000	8661400	13176000	12869000	14026000	0	15731000	0	0	0	0	10080000	13428000	10575000	13814000	12988000	10442000	1.6e+07	13572000	16594000	11917000	13062000	12444000	18639000	16589000	19782000	18019000	13751000	15115000	19129000	19324000	13040000	21142000	11335000	0	14380000	12941000	12338000	16267000	15053000
"A0A060HTL3"	19198000	14103000	19229000	14824000	18721000	0	17859000	20284000	16703000	0	0	25236000	0	0	0	23234000	16798000	17595000	17261000	18520000	17287000	14506000	16300000	19253000	25162000	22188000	9411000	10750000	16284000	20467000	18280000	16921000	26594000	25895000	21664000	20331000	18736000	17368000	21766000	24419000	17383000	18360000	19587000	27967000
"A0A060HTL7"	5268600	6272100	10832000	7333400	6040500	7564600	9563600	5801400	6702800	0	7802700	13031000	0	0	8271000	10644000	9005200	11616000	11920000	7443800	10332000	4865600	7670600	6698300	6405300	7588800	7811300	6228800	6789500	15690000	14527000	14300000	14882000	16331000	9387300	13002000	10970000	12519000	17252000	9399900	8394500	8867400	9822300	8329600
"A0A060HTL8"	551630000	563730000	458750000	629300000	734250000	615140000	557900000	838040000	586810000	195340000	668010000	335300000	316510000	359510000	400510000	465540000	509460000	480510000	535650000	622300000	493120000	705450000	573670000	660140000	647060000	632620000	634580000	834140000	695400000	596410000	529700000	416140000	513560000	518240000	599120000	593190000	719240000	492720000	458040000	625050000	478480000	644570000	660720000	557520000
"A0A060HTN0"	10602000	0	0	0	8872600	0	0	11469000	0	0	0	0	0	0	0	9536500	0	9524800	9669200	11949000	0	0	9911600	9584500	11015000	0	0	8427200	10826000	0	14117000	0	15632000	14146000	12935000	12480000	11216000	13502000	0	13183000	10420000	0	8982300	10134000
"A0A060HTN5"	39093000	32990000	40185000	43063000	38223000	38802000	39480000	38646000	32965000	38552000	38189000	50276000	42355000	58180000	39985000	36643000	26574000	44784000	33113000	30013000	29950000	31615000	36968000	37909000	42145000	31445000	29924000	37906000	37821000	44637000	43165000	40649000	43012000	36422000	50510000	39690000	51756000	40205000	40641000	38343000	28204000	29595000	40930000	43076000
"A0A060HTQ2"	0	0	0	0	0	0	0	0	0	0	0	0	0	0	0	0	0	0	2724700	0	0	0	2341000	0	0	0	0	0	0	0	3914400	0	4160900	0	0	5031300	0	0	0	0	3038600	0	3462400	0
"A0A060HTQ7"	0	0	0	7112000	0	0	0	0	0	0	0	0	0	0	0	0	0	0	0	0	0	0	0	0	0	0	0	0	0	0	0	0	0	0	0	0	0	0	0	0	0	0	0	0
"A0A060HTR3"	17695000	13977000	8387300	13876000	22202000	13353000	15174000	13603000	16475000	0	14552000	11062000	14398000	0	12725000	11896000	14671000	12386000	11719000	16252000	14101000	19584000	17429000	20230000	18374000	14719000	18759000	20422000	18670000	17097000	11620000	9502700	11354000	11895000	15885000	16086000	17043000	12008000	10670000	17272000	15480000	16945000	16009000	15131000
"A0A060HTS4"	88230000	83995000	32064000	74999000	101930000	57247000	69315000	63590000	72067000	88843000	70130000	71501000	107600000	0	73939000	79826000	0	96109000	90653000	61805000	55993000	77309000	91754000	76704000	77282000	0	58532000	92656000	88700000	97035000	90918000	96020000	107800000	77498000	108800000	71901000	56403000	62445000	0	70695000	61382000	64174000	78398000	67487000
"A0A060HTS9"	435770000	337800000	405630000	431940000	409560000	362600000	413750000	353870000	426150000	379450000	526500000	477490000	457980000	431400000	601670000	370250000	494400000	422020000	478270000	446290000	436950000	479520000	432730000	482820000	428650000	486120000	468340000	459410000	517720000	392670000	368930000	329160000	390040000	446030000	438850000	499640000	493500000	402730000	446930000	399700000	362630000	405670000	483040000	409670000
"A0A060HTT1"	0	52233000	48582000	35170000	52827000	54554000	51796000	63144000	31675000	0	84844000	0	0	0	0	40130000	78334000	48353000	53060000	31067000	26205000	45376000	25877000	37714000	38231000	42571000	48609000	0	42144000	83535000	40656000	0	48480000	75344000	35248000	45459000	63785000	38870000	33667000	33968000	30453000	23276000	36084000	31540000
"A0A060HTT7"	0	0	0	0	0	0	0	0	0	0	0	0	0	0	0	0	0	0	0	0	0	0	0	0	0	0	0	0	0	0	0	3370300	4171300	0	1670600	0	0	0	0	0	0	0	0	0
"A0A060HTU7"	11397000	11205000	19084000	20501000	1.2e+07	15869000	18806000	14848000	17557000	0	12883000	0	0	0	11544000	13146000	14123000	15514000	11055000	15318000	12909000	16308000	16865000	11361000	11421000	16336000	17510000	17409000	17750000	13860000	10562000	16425000	0	14867000	14729000	16549000	20081000	20299000	22032000	18498000	20248000	20912000	24340000	21414000
"A0A060HTV1"	86972000	76435000	148090000	94970000	84918000	83284000	86260000	72532000	69563000	103070000	82055000	128530000	88900000	92099000	117420000	95660000	86313000	97358000	97468000	83804000	91448000	65666000	71421000	84595000	81838000	76511000	85410000	84727000	67226000	86396000	86048000	84715000	85463000	87058000	77464000	85061000	87020000	78786000	87226000	67407000	57956000	58438000	69130000	58599000
"A0A060HTV4"	174820000	119090000	67651000	200520000	164610000	63314000	64655000	50049000	117120000	85733000	118180000	132960000	79891000	0	0	247840000	0	178990000	228510000	162740000	178880000	133360000	150850000	143780000	121030000	69444000	93011000	0	77125000	224660000	230700000	226610000	168930000	208580000	177390000	168080000	128860000	76800000	108720000	71349000	55190000	93655000	0	0
"A0A060HTW1"	0	0	0	0	0	0	0	0	0	0	0	0	0	0	0	0	0	0	0	0	0	0	0	0	0	0	0	0	0	0	0	0	0	0	0	0	0	0	20742000	0	0	0	0	0
"A0A060HTW6"	0	0	0	0	0	0	0	0	0	23571000	0	0	10997000	8995100	0	0	0	0	0	0	0	0	0	0	0	0	0	0	0	9039800	12368000	23846000	16273000	10128000	4128200	0	0	0	0	0	0	0	0	0
"A0A060HTX1"	264060000	274370000	295060000	300340000	297260000	264930000	236180000	274710000	248220000	81515000	308660000	271220000	224470000	199500000	2.26e+08	269200000	266900000	317700000	277920000	238120000	256850000	281370000	254170000	259710000	258750000	240460000	260420000	285190000	277130000	264310000	265080000	246950000	296480000	248810000	269300000	232530000	286400000	239610000	264730000	244900000	220420000	228080000	278610000	267650000
"A0A060HTX4"	0	0	0	0	0	0	0	0	0	0	0	0	0	0	0	0	0	0	0	0	0	0	0	0	0	0	0	0	0	0	0	0	0	0	0	0	0	0	0	0	0	0	0	105460000
"A0A060HTX6"	376490000	366540000	291460000	306390000	358170000	336620000	340720000	432140000	374430000	176100000	399840000	2.41e+08	230010000	257840000	260140000	307330000	476900000	389340000	358380000	314990000	287300000	444270000	408490000	433360000	316970000	355360000	317480000	416950000	404830000	395160000	332370000	283520000	317930000	334490000	454070000	390960000	382630000	333430000	432520000	454900000	428630000	348140000	487040000	465020000
"A0A060HTY0"	1015700000	1056600000	1356100000	984080000	1115900000	1068800000	1111200000	1293700000	1059900000	925390000	1126700000	1253100000	1149200000	1001500000	1224600000	1040900000	1050700000	1126300000	1058100000	977420000	955540000	1037100000	1008600000	1043200000	1035800000	1050600000	1049400000	1076900000	985580000	1029200000	1.1e+09	1081500000	890300000	922060000	1.091e+09	1037600000	1.051e+09	1033100000	1107600000	1079800000	988110000	946020000	997800000	956620000
"A0A060HTY4"	13269000	12902000	14353000	11568000	13549000	12890000	12509000	12326000	12733000	0	10824000	18966000	0	0	11386000	12533000	10768000	12972000	15914000	11997000	13779000	0	11414000	10898000	12993000	10854000	0	10719000	9118600	14239000	11150000	0	0	11542000	13699000	16861000	12484000	17939000	20145000	15461000	10670000	0	0	14366000
"A0A060HTZ0"	0	12559000	10129000	13295000	14463000	0	14652000	16412000	13843000	58126000	18322000	12186000	41362000	46549000	29813000	24943000	16132000	17802000	22733000	17575000	17307000	18642000	16596000	13860000	14006000	14729000	16158000	19811000	18822000	20236000	0	0	16732000	16698000	18731000	18317000	15472000	13159000	18688000	14521000	12843000	13907000	15351000	13428000
"A0A060HTZ4"	0	0	0	0	0	0	0	0	0	0	0	0	0	0	5028100	0	0	4988200	0	0	0	0	0	0	0	0	0	0	0	0	6388000	7058000	7201200	0	0	0	0	6515600	0	0	0	0	0	0
"A0A060HTZ7"	34344000	22190000	48351000	27303000	31482000	18250000	32289000	35892000	25430000	0	0	0	0	0	0	0	16403000	0	0	26132000	24332000	23960000	22487000	24896000	36023000	31498000	24147000	19407000	18306000	12411000	0	0	0	8295400	24280000	22715000	25121000	27965000	32291000	38207000	18895000	20385000	14960000	33272000
"A0A060HU17"	152960000	169700000	150430000	134980000	146490000	174600000	135170000	160440000	146130000	344280000	317840000	371960000	329030000	360920000	396400000	299690000	329500000	291450000	353150000	199720000	184450000	192890000	170340000	212190000	151030000	184290000	141650000	143650000	177170000	482820000	566860000	533870000	552380000	530940000	255680000	248520000	262430000	256390000	2.79e+08	186550000	210070000	183610000	200380000	202750000
"A0A060HU21"	902120000	832810000	776670000	664050000	665800000	794350000	616360000	621610000	679840000	677870000	630090000	596220000	650270000	647680000	690840000	539900000	756020000	634690000	722950000	695690000	725230000	626940000	655350000	782470000	638630000	739540000	892830000	573230000	646830000	534280000	591690000	575150000	591310000	730330000	508510000	652850000	652520000	695960000	1120600000	803410000	893760000	771870000	783970000	804820000
"A0A060HU22"	38777000	26339000	23379000	37169000	37663000	24010000	34031000	33111000	33246000	16054000	36873000	20843000	20892000	0	0	25586000	29893000	31757000	32753000	39552000	32700000	41158000	39366000	39524000	35438000	30029000	40345000	47532000	42376000	28373000	21633000	0	21940000	34670000	31141000	33580000	43492000	23535000	22697000	35003000	30407000	36896000	37108000	34743000
"A0A060HU26"	31339000	33343000	28387000	28594000	28256000	34365000	25605000	34061000	32828000	15283000	39523000	32161000	40317000	0	46226000	31189000	30902000	34208000	35487000	30724000	30530000	32631000	27780000	33134000	29865000	30703000	29050000	35980000	31311000	38798000	37817000	34168000	36230000	40004000	38666000	40625000	35945000	37047000	38302000	27755000	31484000	30371000	32502000	32397000
"A0A060HU30"	0	0	0	0	0	0	0	0	0	0	0	0	0	0	0	0	0	0	0	0	0	0	0	0	0	0	0	0	0	0	0	0	0	6746500	0	0	0	0	0	0	0	0	0	0
"A0A060HU31"	6690900	7271100	0	0	0	6319300	4915300	0	8924000	0	0	0	13327000	0	8850800	0	7271400	0	8836800	6578700	7947700	7568600	0	6731600	0	0	6455300	0	7851800	8133500	9331000	11651000	10070000	10550000	6267900	7205200	6264400	8147200	0	6870300	7063500	7613900	7419500	0
"A0A060HU34"	78686000	91501000	185180000	82510000	147580000	123190000	118280000	133500000	114500000	90169000	87333000	156320000	94280000	124250000	96747000	86145000	141350000	99842000	64792000	105730000	56524000	72993000	117470000	82795000	97276000	107530000	156040000	115310000	107090000	28459000	49457000	72059000	52691000	22238000	103970000	74381000	106760000	76295000	92148000	122240000	93328000	132440000	104860000	96544000
"A0A060HU40"	0	0	0	0	0	0	0	0	0	0	0	0	0	0	0	0	0	0	0	0	0	0	0	0	0	0	0	0	0	0	0	2407300	0	0	0	0	0	2155400	0	0	2607700	0	0	0
"A0A060HU45"	341110000	263340000	260910000	288010000	288760000	267270000	235070000	238510000	240150000	487120000	294990000	421160000	327950000	324050000	427300000	349510000	281580000	269700000	294920000	379510000	326290000	255160000	296410000	303800000	377980000	236270000	273800000	296450000	252450000	367860000	399760000	380870000	369890000	465830000	302160000	247560000	287980000	302260000	279850000	290240000	249150000	267950000	218110000	232460000
"A0A060HU55"	791090000	586080000	421560000	625440000	727160000	545650000	637280000	727890000	587290000	1042700000	789200000	739930000	943730000	776210000	544310000	700210000	441430000	7.66e+08	812090000	531240000	497740000	633440000	756540000	607520000	738910000	479400000	652190000	735170000	817810000	713760000	582070000	537890000	625800000	556640000	773940000	673370000	681860000	592900000	290430000	494930000	382470000	560450000	488650000	508690000
"A0A060HU69"	206360000	168840000	152640000	172470000	175610000	166370000	149880000	172640000	161430000	161100000	211430000	175660000	190410000	170970000	203980000	181310000	174370000	159030000	173130000	203510000	160790000	209470000	169900000	189870000	168670000	170120000	176620000	204510000	174630000	211630000	214440000	199030000	180640000	200210000	207540000	178270000	193570000	162160000	203630000	179570000	170240000	164170000	156810000	171780000
"A0A060HU73"	28224000	25731000	44762000	23543000	37094000	47073000	43994000	54232000	35115000	0	21126000	0	0	0	0	0	24937000	13406000	0	19930000	21973000	22316000	34338000	24163000	36777000	26584000	39277000	29418000	25007000	10202000	0	7921800	7678600	0	11479000	16110000	23339000	16319000	16741000	37287000	29220000	33252000	30259000	28038000
"A0A060HU74"	185820000	194160000	222930000	197200000	272670000	215760000	213850000	243130000	178700000	110840000	210850000	89979000	144010000	137560000	143460000	172060000	132340000	185390000	166110000	202210000	181660000	191140000	188880000	187380000	201150000	156930000	212400000	222590000	200660000	102190000	82574000	83496000	78698000	109870000	132490000	122060000	145250000	115560000	157290000	164420000	152610000	197350000	145550000	125500000
"A0A060HU81"	341010000	340090000	558080000	380710000	372270000	326130000	337340000	370520000	351090000	295280000	340090000	477320000	360430000	345640000	441350000	360100000	356530000	341850000	358420000	323640000	366540000	354570000	308650000	347730000	346970000	380360000	325660000	370860000	354990000	295390000	327410000	282880000	256220000	254570000	314210000	333650000	363040000	312690000	379740000	335350000	299260000	304110000	366780000	322400000
"A0A060HU99"	27335000	34230000	20458000	26133000	15254000	34617000	11119000	10108000	16119000	0	0	0	0	0	0	15477000	6647100	12594000	14407000	17572000	23694000	18471000	19854000	19527000	13555000	12255000	15308000	8063100	8909800	0	0	0	0	6294000	0	0	0	7925400	0	0	14853000	8210600	0	16543000
"A0A060HUA2"	16594000	0	23998000	18315000	0	15675000	17800000	0	14426000	18911000	22349000	27957000	0	21347000	20767000	0	23499000	20720000	16953000	0	16967000	0	18609000	15556000	15432000	16496000	0	17046000	14054000	35565000	23175000	22822000	0	0	21814000	0	21353000	16401000	0	14288000	0	13667000	18990000	14993000
"A0A060HUA5"	16182000	13545000	0	13917000	0	0	0	0	14815000	0	0	30421000	0	0	0	0	0	19659000	16178000	14828000	12925000	15242000	14740000	19709000	17405000	18415000	15726000	16656000	17094000	18506000	0	0	0	16623000	19191000	16120000	19087000	20266000	0	16104000	0	16307000	14731000	17028000
"A0A060HUA7"	5622900	0	0	0	0	0	0	0	6339900	0	0	0	0	0	0	0	0	0	0	0	0	8417000	6816300	0	0	0	5582100	12602000	9444700	0	0	0	0	0	6885100	0	0	0	0	0	0	9581900	0	0
"A0A060HUB3"	0	0	0	0	0	4955200	0	0	0	0	0	6999000	0	0	5501300	0	0	7260300	0	6942800	0	0	0	5947200	5874400	0	0	6282900	0	0	0	7766300	8825000	7412000	6659100	0	4742200	0	0	0	0	5563200	0	5899400
"A0A060HUB9"	108480000	112950000	127020000	111180000	142120000	115540000	123770000	139260000	93140000	83470000	100560000	47237000	64154000	75809000	87539000	70516000	127120000	66092000	72958000	107190000	106070000	102190000	90073000	113110000	116070000	95434000	114170000	143970000	106540000	63602000	51491000	39700000	45700000	51602000	55098000	45948000	68781000	47690000	51206000	105270000	88176000	76563000	80466000	79437000
"A0A060HUC6"	1446800000	1518100000	1656800000	1344800000	1442400000	1526900000	1.52e+09	1751300000	1631900000	2907500000	2859800000	3718600000	3367700000	3754800000	3511700000	3.229e+09	2804200000	3089800000	3193400000	1562700000	1.651e+09	1754500000	1656300000	1676800000	1525500000	1739700000	1507700000	1516900000	1337400000	2773600000	3069300000	3478800000	2872100000	2454700000	3100500000	2931900000	3278600000	3460300000	3732500000	1745600000	1816400000	1839400000	1.73e+09	1753300000
"A0A060HUC8"	10060000	9549400	0	9197500	11783000	10621000	7980300	8066700	9224900	0	6722200	0	0	0	10576000	14674000	0	0	7077500	11052000	9033000	8424200	9262400	7679500	8715200	6268100	14035000	7414300	0	9457300	0	8281800	0	0	0	0	6759800	7092100	0	10050000	11344000	9797500	8795400	7465200
"A0A060HUD3"	746730000	499230000	744990000	969570000	727470000	521540000	774310000	742220000	1106200000	10588000	156430000	0	0	21077000	17104000	51034000	193460000	102860000	64174000	799760000	814400000	705990000	1057800000	937270000	1033500000	963140000	860320000	792340000	844980000	72888000	45638000	76823000	72870000	112630000	92233000	152540000	222750000	232980000	218700000	1002900000	968240000	1186200000	929860000	1.132e+09
"A0A060HUD7"	198770000	223010000	286330000	2.39e+08	237310000	209040000	189500000	184240000	164820000	293050000	170760000	297910000	231310000	250030000	252170000	233580000	163090000	192180000	171410000	176110000	199720000	139530000	171120000	161230000	203640000	148520000	164130000	179430000	142250000	182440000	189200000	215050000	200590000	163590000	124980000	126670000	124860000	127880000	136020000	149740000	141680000	144570000	110800000	122390000
"A0A060HUD8"	0	0	0	0	0	0	0	0	0	17274000	0	0	0	0	0	0	0	0	0	0	0	0	0	0	0	0	0	0	0	0	0	0	0	0	0	0	0	0	0	0	0	0	0	0
"A0A060HUE4"	11722000	9725600	8948800	9694800	9379300	10941000	10807000	9162200	9603200	15405000	15670000	14475000	12759000	15890000	17579000	11387000	16799000	12607000	12473000	11977000	12981000	10496000	9609100	12956000	11619000	12967000	11833000	10686000	9991300	14137000	15929000	14895000	14309000	16662000	12704000	13009000	14646000	13545000	15098000	10921000	11322000	11613000	10646000	10689000
"A0A060HUE9"	131600000	112860000	108250000	138800000	130600000	106200000	129010000	118660000	128380000	135340000	180810000	169910000	151790000	146490000	192350000	168690000	195200000	152090000	148660000	149700000	135340000	142540000	131030000	146660000	115470000	132390000	119430000	142010000	122770000	184090000	190830000	170500000	195930000	187750000	195980000	172670000	181630000	154950000	159900000	134570000	123620000	112130000	143960000	114630000
"A0A060HUF6"	0	0	0	0	0	0	0	0	4679500	0	0	0	0	0	0	0	0	0	0	0	0	0	5710600	0	0	0	0	0	0	0	0	0	0	0	7086800	6907400	0	5530000	0	0	0	5208500	6268700	0
"A0A060HUF9"	139670000	117870000	183940000	163010000	130680000	121160000	132470000	117490000	146030000	148440000	136190000	219790000	158210000	157700000	173740000	141940000	145980000	192910000	141630000	111520000	146950000	116110000	144250000	133080000	152790000	142230000	161230000	144990000	131460000	141460000	122300000	107760000	137120000	134240000	111650000	143910000	157060000	133770000	163690000	118200000	98982000	92326000	108960000	106610000
"A0A060HUG7"	43216000	28189000	41506000	33208000	26949000	30834000	39965000	38583000	38357000	148520000	13064000	95035000	85286000	121650000	92585000	35081000	30925000	37633000	35648000	40458000	42358000	38218000	41634000	42525000	40750000	42362000	36306000	44095000	43500000	33966000	32344000	31627000	39238000	35349000	51227000	60349000	49082000	52557000	50376000	38226000	34938000	36288000	48934000	40933000
"A0A060HUK2"	0	0	0	0	0	0	0	0	0	0	0	0	0	0	0	0	0	0	0	0	0	0	2326600	0	0	0	0	0	0	0	0	0	0	0	0	0	0	0	0	0	0	3119100	0	0
"A0A060HUK8"	522870000	520040000	367970000	508820000	577900000	464360000	469390000	477740000	434410000	293840000	514220000	325980000	410600000	323710000	437080000	475390000	420580000	400220000	439530000	524510000	449560000	531180000	440990000	5.11e+08	4.35e+08	457290000	478030000	570520000	441230000	550580000	5.33e+08	447050000	366570000	523170000	533770000	422840000	439390000	364250000	395300000	508360000	437850000	434620000	331550000	419320000
"A0A060HUL3"	117450000	136020000	129580000	106830000	117200000	158300000	132640000	135570000	125090000	142840000	190890000	218180000	195470000	180700000	283030000	141920000	195970000	132280000	154780000	120090000	129820000	133440000	109460000	127640000	113680000	144250000	131420000	123760000	113570000	150300000	236870000	256790000	172150000	165140000	140270000	122340000	1.29e+08	128090000	140860000	132480000	127720000	111930000	122810000	132770000
"A0A060HUL4"	39921000	29944000	27556000	27772000	25782000	26758000	23132000	20394000	29173000	40146000	40917000	47948000	44886000	0	39237000	42095000	28633000	39255000	45073000	30730000	31124000	20255000	30386000	32492000	35030000	26321000	24837000	24291000	27182000	36773000	41116000	49338000	56273000	50407000	39952000	34489000	25205000	46031000	34597000	36396000	32781000	33454000	26396000	35738000
"A0A060HUM0"	549140000	466590000	587830000	410110000	607570000	422700000	452450000	613050000	522350000	787580000	844940000	852590000	1009600000	869210000	518060000	852550000	747640000	818790000	1023800000	694140000	523090000	698160000	670880000	712420000	579980000	653640000	496630000	435580000	514070000	182600000	224010000	139780000	203720000	147990000	358980000	297910000	623430000	213260000	319390000	489580000	197050000	373280000	329540000	2.67e+08
"A0A060HUM7"	46702000	63910000	42894000	23660000	39117000	43598000	51621000	51231000	49119000	203090000	122540000	129450000	211490000	223380000	178590000	108300000	90097000	111390000	132680000	44089000	49581000	46910000	52544000	49423000	51269000	53768000	28400000	44440000	51110000	129160000	187620000	208710000	149470000	123160000	105510000	86526000	90005000	101850000	88371000	59689000	65126000	61962000	58862000	58141000
"A0A060HUM8"	17727000	18751000	20050000	17370000	18431000	16280000	16985000	21959000	16174000	0	12734000	19868000	0	11536000	0	12560000	0	15362000	11707000	0	12619000	14593000	16509000	14064000	18776000	0	14324000	14456000	11259000	12454000	13064000	14857000	14560000	10353000	13448000	0	9464300	14847000	19753000	17418000	14185000	12541000	14209000	16356000
"A0A060HUN3"	0	0	0	0	0	0	0	0	0	0	0	0	0	0	0	0	0	0	0	0	0	0	0	0	0	0	0	0	0	0	0	0	0	0	0	0	0	0	0	0	0	3690900	0	0
"A0A060HUN4"	393360000	423180000	447280000	303620000	347870000	355620000	388190000	374710000	340500000	1.041e+09	377760000	497900000	687660000	862870000	586520000	400470000	474850000	388500000	538960000	398170000	398270000	359790000	356370000	434230000	351930000	396780000	380240000	358190000	354100000	382790000	407930000	353710000	370940000	400020000	428250000	482720000	390660000	411790000	484960000	413780000	386200000	360260000	400890000	447160000
"A0A060HUR8"	55764000	33879000	29161000	48324000	47956000	57851000	58147000	51690000	90325000	0	0	0	0	0	0	0	35717000	0	0	67015000	46989000	111070000	71355000	84281000	56631000	99270000	81780000	76660000	83085000	0	0	0	0	0	0	15548000	31931000	0	6820200	100410000	98446000	78761000	120890000	90897000
"A0A060HUS2"	6726100	7477300	9592500	8827600	6826300	8319000	8958200	9148400	6679000	0	0	0	0	0	0	0	0	0	0	7975900	9227500	7325300	6647200	5476100	6790900	0	9311600	6767100	8727800	0	0	0	0	5677000	0	6873600	5277400	6881400	6367800	6108700	8182000	6511100	7880700	6800500
"A0A060HUS6"	7242100	0	0	0	0	7654100	0	0	0	10369000	0	0	11299000	14148000	9557800	0	5679000	0	5212100	7013200	0	5910700	0	6792500	6288400	6555100	0	0	0	6160100	7778100	6793100	5754600	0	8013200	5717300	7169400	0	9107900	6007700	7565300	5117000	6767200	6535700
"A0A060HUT4"	0	0	0	0	0	0	0	0	0	0	0	0	0	0	0	0	0	0	0	0	0	0	1260400	0	0	0	0	0	0	0	0	0	0	0	0	0	0	0	0	0	0	0	0	0
"A0A060HUU0"	10371000	9528500	4418500	9429300	9937500	9421800	8412100	0	10650000	0	9572000	0	9971400	0	10388000	11026000	7345000	0	9985300	10471000	8626800	10533000	0	7369600	8633700	7172500	10966000	11412000	9477100	12662000	10372000	11559000	10836000	10483000	12321000	8081800	9996300	8727000	0	9927300	10944000	10012000	11388000	7979000
"A0A060HUU7"	0	0	0	0	0	0	0	0	0	0	0	0	0	0	0	0	0	0	0	0	0	0	0	0	0	0	0	0	0	0	0	0	0	0	0	0	0	0	0	0	1702600	0	0	0
"A0A060HUV1"	9496400	7632200	7662200	8725500	7539000	0	6744500	4782900	6218600	13951000	0	11053000	0	0	14030000	8415000	10417000	7289500	10982000	0	11079000	0	5472400	8032400	6904400	0	8174300	6564900	7411200	0	10060000	9266700	0	7936500	0	0	6337700	5350400	0	6511400	0	4886500	0	5391500
"A0A060HUV4"	99824000	88706000	51128000	87264000	80431000	61971000	91449000	81487000	103920000	84772000	103970000	81300000	82221000	102650000	82867000	85760000	81169000	96284000	86099000	86900000	74852000	95326000	104850000	101180000	85331000	91327000	86051000	98374000	114970000	88397000	63403000	61499000	64199000	68485000	125910000	96744000	97030000	96060000	80015000	99969000	80251000	93030000	92290000	96913000
"A0A060HUV7"	445590000	469830000	664850000	482580000	432180000	388140000	465150000	468830000	512630000	499320000	382600000	742140000	487570000	529300000	451270000	457200000	478420000	564280000	424160000	403740000	408740000	429430000	511670000	427400000	463440000	407390000	415340000	380350000	419690000	449360000	410720000	502510000	439930000	391050000	482860000	404210000	489460000	487220000	475680000	404060000	427990000	455030000	461530000	490830000
"A0A060HUW1"	7494200	9333400	12129000	10717000	0	10518000	0	8962800	7497200	0	0	12425000	0	0	0	11876000	11810000	9674700	7724300	8163700	10013000	7142400	8351100	5924400	9151300	0	7187900	5575100	8604400	0	10198000	10459000	0	7958700	7984300	0	8391900	6545100	0	6102700	0	8184400	7036900	0
"A0A060HUX3"	0	0	0	0	0	0	0	0	0	95874000	0	36868000	44932000	55784000	48046000	31680000	0	27030000	0	0	0	0	0	0	0	0	0	0	0	20806000	0	0	0	0	0	0	0	0	31879000	0	0	0	0	0
"A0A060HUX4"	74819000	67916000	57171000	66229000	58217000	66146000	62600000	62314000	73338000	91349000	82928000	81301000	92642000	77458000	82284000	81558000	77203000	80962000	91661000	65136000	77490000	75704000	69072000	71261000	65719000	72518000	72295000	70819000	76177000	81416000	87350000	72235000	102540000	99730000	66127000	89565000	82212000	76749000	77104000	74600000	69980000	68993000	85434000	89920000
"A0A060HUY1"	244850000	292750000	38664000	164400000	190460000	198490000	197660000	142360000	212770000	38036000	141910000	254820000	237820000	29724000	176290000	201180000	210910000	184150000	250360000	194030000	206910000	182560000	1.94e+08	238130000	198670000	228230000	152720000	186650000	204900000	244480000	297850000	178990000	268930000	253030000	217250000	178500000	163670000	174370000	2e+08	287590000	260370000	188090000	210500000	248780000
"A0A060HUY2"	15680000	15412000	12605000	12337000	13829000	19106000	14095000	11607000	14001000	12858000	18695000	15746000	14665000	18924000	18901000	16606000	14072000	11798000	15325000	16478000	13981000	11804000	10843000	14769000	17088000	13386000	0	14678000	12347000	17283000	20168000	16788000	19731000	21620000	15033000	0	11917000	12079000	13525000	16793000	16393000	13610000	12345000	15433000
"A0A060HUY8"	95520000	91025000	93190000	90237000	92884000	78694000	95345000	92388000	85822000	101100000	110760000	112320000	97737000	105500000	113710000	99046000	93387000	103050000	99334000	88403000	83403000	81500000	94299000	99366000	91494000	94998000	78341000	86181000	88274000	100830000	100730000	94405000	106190000	8.1e+07	91239000	85820000	89347000	77321000	88621000	99926000	85931000	82064000	92587000	93204000
"A0A060HUZ2"	55161000	46674000	93706000	41954000	88206000	87308000	150180000	151990000	97770000	0	151030000	52057000	0	0	0	62307000	156320000	99359000	94130000	57645000	0	61998000	67500000	71779000	107380000	114140000	189080000	59957000	82929000	130140000	48559000	0	82648000	142300000	53256000	187120000	94695000	43708000	96349000	63401000	34959000	67310000	99451000	82348000
"A0A060HUZ7"	85962000	86619000	55141000	72054000	78487000	97731000	68891000	71370000	73349000	66480000	95545000	75416000	75141000	68324000	101420000	82765000	95774000	74485000	89615000	72354000	78089000	81566000	67173000	82108000	70878000	84925000	72762000	82907000	81004000	99673000	97670000	93057000	98355000	118300000	79528000	77116000	70742000	75620000	47544000	75825000	83078000	70194000	82826000	69479000
"A0A060HV05"	14650000	15509000	23386000	18763000	16550000	23123000	17017000	19431000	18713000	0	22735000	15053000	0	17156000	24614000	17202000	30145000	18174000	19440000	18379000	21501000	19191000	16572000	20662000	13014000	22306000	22190000	24026000	17895000	24772000	23917000	16430000	22143000	25390000	20245000	21301000	28534000	19199000	25348000	16744000	18447000	19758000	20979000	17462000
"A0A060HV10"	0	0	0	0	0	0	0	0	0	0	0	0	0	0	0	0	0	0	0	0	0	0	0	0	0	0	0	0	0	0	0	0	0	0	0	0	0	0	0	0	936230	0	0	0
"A0A060HV21"	0	0	0	0	0	0	0	0	0	0	0	7623500	0	0	0	0	0	5010900	0	0	0	0	0	0	0	0	0	0	0	0	0	0	0	0	0	0	0	0	0	0	0	0	0	0
"A0A060HV30"	196980000	150120000	97027000	183230000	192830000	127780000	168580000	158320000	184660000	71825000	110900000	66147000	85347000	69453000	75527000	81982000	116050000	115760000	89275000	166740000	173800000	157110000	194160000	151700000	152610000	145220000	190060000	184800000	172280000	116840000	108090000	116720000	118640000	101500000	117250000	95966000	134180000	119980000	94628000	181230000	161730000	194390000	185800000	176060000
"A0A060HV40"	0	0	0	0	0	0	0	0	0	0	0	0	0	0	0	0	0	0	0	0	2291400	0	0	0	0	0	0	2049300	0	0	0	0	0	0	0	0	0	0	0	0	0	0	0	0
"A0A060HV45"	133920000	101640000	162230000	137530000	135770000	98550000	134580000	134840000	109340000	118300000	165380000	166250000	97959000	109840000	80359000	105110000	117020000	135840000	95794000	101610000	119070000	94698000	112750000	126360000	143230000	116740000	104420000	100930000	91954000	126010000	108770000	111730000	86931000	86276000	122070000	114060000	151830000	129510000	193870000	138880000	95727000	127720000	69937000	126440000
"A0A060HV52"	0	0	0	0	0	0	0	0	0	0	0	0	0	0	0	0	0	0	0	0	0	0	0	0	0	0	0	0	1268400	0	0	0	0	0	0	0	0	0	0	0	0	0	0	0
"A0A060HV53"	35032000	57781000	76741000	60121000	60147000	51290000	54025000	68386000	45133000	81649000	71099000	83286000	76551000	102430000	86089000	78257000	83810000	86216000	74518000	50787000	56508000	51269000	46584000	54689000	57161000	53195000	49514000	51385000	52824000	77955000	84533000	72232000	93568000	65052000	49607000	47619000	63020000	0	71209000	46456000	40912000	44196000	39567000	50264000
"A0A060HV57"	0	0	0	0	0	0	0	0	0	0	0	0	0	0	0	0	0	0	0	0	0	0	0	0	0	0	0	0	0	3441300	0	0	0	2231800	0	0	3238200	3170200	0	0	0	2378700	0	0
"A0A060HV58"	0	0	0	0	0	0	0	0	0	0	0	0	0	0	0	0	0	0	0	0	4073900	2097700	2010700	0	0	0	0	0	0	0	0	0	0	0	0	0	0	0	0	0	0	0	0	0
"A0A060HV73"	0	0	0	0	0	0	0	6561100	0	0	0	0	0	0	0	0	0	0	0	0	0	0	0	0	0	0	6096200	0	0	0	0	0	0	0	0	0	0	0	0	0	0	0	0	0
"A0A060HVA8"	0	0	0	0	0	0	0	0	0	299040000	0	0	208270000	0	0	0	0	0	0	0	0	0	0	0	0	0	0	0	0	0	0	0	0	0	0	0	0	0	0	0	0	0	0	0
"A0A060HVC9"	38857000	45715000	84646000	54229000	45760000	39755000	43698000	50514000	40815000	32181000	31924000	61719000	33494000	34440000	34366000	33121000	33422000	58880000	34984000	33814000	41689000	30264000	48910000	36103000	49017000	38304000	37669000	36773000	41846000	34244000	34368000	42142000	38747000	27855000	32708000	34203000	53214000	44062000	54236000	40721000	36529000	51312000	40217000	45786000
"A0A060HVE3"	1064600000	847930000	1058100000	1101600000	1120400000	744410000	649830000	787850000	852780000	1509500000	1191600000	1753600000	1.458e+09	1487100000	1158200000	1262400000	1127600000	1423700000	1331900000	980400000	1331200000	1.044e+09	986590000	1118200000	1.27e+09	932540000	961070000	8.78e+08	980870000	1261400000	1303700000	1051900000	1388200000	1204100000	1064100000	1192700000	1312700000	1173300000	1289500000	1006800000	777550000	958970000	847050000	1023700000
"A0A060HVE8"	65758000	63850000	85430000	74184000	66875000	58137000	73172000	79939000	76051000	69441000	91962000	110530000	71491000	74316000	88670000	88711000	113170000	85222000	76286000	71296000	78176000	68967000	73482000	78478000	70003000	95730000	74963000	78674000	71072000	101980000	114970000	107780000	93054000	87526000	81882000	85197000	95133000	92249000	94567000	80354000	82327000	83501000	85401000	84770000
"A0A060HVF9"	184720000	198290000	140630000	171560000	176780000	166730000	142940000	167680000	178900000	161090000	209660000	200940000	230940000	185630000	269120000	219840000	207360000	187440000	189610000	193380000	179090000	170770000	178990000	195840000	146590000	184250000	172730000	180300000	169740000	199750000	181140000	189850000	204220000	217840000	222670000	216330000	206370000	217110000	206980000	1.82e+08	206720000	190460000	193630000	193660000
"A0A060HVG4"	537470000	418650000	338800000	471540000	426020000	340010000	577360000	466340000	529160000	1032600000	563020000	428760000	652590000	930420000	394340000	388420000	2.9e+08	549800000	486670000	471960000	446630000	476460000	622960000	473510000	569580000	496800000	648360000	534800000	632370000	501690000	324660000	264390000	346780000	424500000	551780000	551120000	478400000	481800000	436320000	441880000	334760000	470760000	498150000	461520000
"A0A060HVG9"	0	0	0	0	0	0	0	0	0	0	0	0	0	0	0	0	0	0	0	0	0	0	4395300	0	0	0	0	0	0	0	0	0	0	0	0	0	0	0	0	0	0	0	0	0
"A0A060HVH8"	0	0	0	0	0	0	9458100	0	0	0	11239000	9029800	0	0	0	0	10995000	8897900	11175000	0	0	11261000	0	11426000	0	11681000	0	9540500	11788000	13935000	17715000	15855000	16659000	14599000	11932000	13057000	14647000	9560800	14915000	12838000	10058000	7813800	11210000	11917000
"A0A060HVI3"	0	0	0	0	0	3482900	0	0	0	0	0	0	0	0	0	0	0	0	0	0	0	0	0	0	0	0	0	0	0	0	0	0	0	0	0	0	0	0	0	0	0	0	0	0
"A0A060HVI9"	11572000	15147000	5045300	12617000	14381000	8862600	8852300	10815000	9455800	27328000	23155000	14679000	27535000	32163000	33015000	20598000	16201000	23338000	27732000	17692000	13997000	22523000	11925000	17271000	12780000	0	11689000	17847000	15520000	31679000	28321000	19101000	21681000	29016000	23327000	21888000	22305000	13320000	8209700	9751000	10332000	13148000	11265000	12134000
"A0A060HVJ5"	9086700	14074000	36936000	20934000	19007000	16195000	18742000	14120000	18228000	0	9933600	0	0	0	0	0	10613000	7479600	7470300	12639000	11878000	10437000	8163200	0	10457000	9457500	19896000	15280000	6841400	11553000	9206700	8713800	0	10580000	0	7547100	8868000	7646700	7421500	0	11436000	10150000	11925000	10976000
"A0A060HVK9"	10391000	0	0	0	0	0	0	0	0	33036000	0	10282000	19147000	20269000	17841000	0	0	13349000	0	0	0	0	0	0	9911200	0	0	10453000	0	11600000	0	0	0	0	0	18802000	0	0	0	0	0	0	0	0
"A0A060HVM6"	32248000	27450000	41154000	30294000	24573000	32745000	30152000	30301000	35036000	0	15264000	0	0	0	0	9744400	27739000	21648000	9857600	34935000	29393000	31180000	36611000	34012000	31253000	40464000	36230000	33726000	37389000	14151000	0	0	11400000	17781000	20632000	21509000	31081000	23935000	29284000	33267000	36764000	37844000	35360000	35070000
"A0A060HVN1"	9603900	0	14554000	14001000	8508500	11474000	13590000	7799200	9556000	13435000	0	25020000	9357600	0	0	9990500	0	11815000	9081000	9264600	11388000	4245100	5809500	7004700	13393000	0	10790000	6382100	6776300	0	5298700	9168000	7430000	6270700	5262500	8493100	7326500	8950400	0	0	6346300	11057000	9183100	0
"A0A060HVN7"	2072500000	1373300000	2171100000	1862400000	1558800000	1486700000	1850300000	1616600000	1.712e+09	1.0968e+10	1581300000	4486900000	4012200000	6170500000	1894900000	2134300000	1678400000	2229500000	1840700000	1830900000	2200800000	1465700000	1981400000	1648800000	2690400000	1580500000	1624100000	1383700000	1615800000	1537700000	1623800000	1759700000	1841600000	1650700000	1476500000	1869400000	1817400000	1979600000	1790500000	1683100000	1211900000	1929900000	1370900000	1553300000
"A0A060HVQ3"	256030000	210380000	235300000	277880000	371980000	242600000	226920000	275560000	285680000	169070000	555110000	214660000	301680000	188950000	255120000	440940000	403330000	382550000	441140000	422010000	322340000	422170000	380770000	423260000	257870000	335380000	329170000	303730000	306430000	77310000	100280000	68377000	100500000	99656000	179810000	102650000	287940000	99511000	118500000	231270000	150770000	262360000	187920000	120150000
"A0A060HVQ6"	82466000	72785000	77455000	83065000	76103000	75630000	78901000	71522000	83163000	59503000	109550000	103080000	58179000	60512000	100980000	107110000	116240000	118460000	110390000	99571000	72317000	84274000	83726000	84521000	78522000	86555000	83475000	75522000	73867000	111800000	111350000	122080000	116010000	111100000	116630000	104050000	121040000	104540000	137510000	90765000	92428000	85319000	88160000	78658000
"A0A060HVT4"	19707000	28559000	23686000	27618000	20543000	22289000	18851000	17977000	1.8e+07	78545000	43609000	77240000	99227000	84265000	83633000	51785000	36585000	52769000	48207000	21089000	23193000	16977000	22862000	16426000	22474000	18192000	17544000	15065000	17223000	207670000	215270000	288050000	261050000	172860000	67872000	61937000	60185000	61435000	61914000	29858000	37672000	43329000	42067000	35102000
"A0A060HVU0"	26701000	38226000	46235000	32907000	33723000	34354000	33130000	31449000	35954000	0	46159000	26043000	0	0	25080000	27029000	60237000	30992000	33954000	37556000	40845000	28610000	31607000	33784000	30710000	37971000	31079000	35180000	31862000	27696000	27293000	18714000	28674000	27825000	24950000	20606000	33738000	24046000	34310000	38721000	35772000	24031000	36611000	41603000
"A0A060HVV3"	0	0	0	0	0	0	0	0	0	0	0	0	0	0	0	0	0	0	0	0	0	0	0	0	0	0	4209600	0	0	0	0	0	0	0	0	0	0	0	0	0	0	0	0	0
"A0A060HVW9"	110820000	136950000	167790000	131120000	111030000	133050000	70534000	106420000	109600000	220700000	98693000	409720000	225410000	248980000	145090000	141020000	90428000	167370000	88245000	72770000	108800000	59107000	106160000	102710000	130240000	74254000	81604000	50887000	64394000	117630000	159510000	215740000	201150000	141690000	104690000	161970000	93289000	196430000	230090000	82628000	81832000	114240000	63406000	108200000
"A0A060HVX6"	4.142e+09	4850500000	3698800000	3.074e+09	4136600000	4337300000	3901200000	4848700000	3892600000	2.601e+09	3964800000	3305600000	3251700000	2899900000	4172900000	3.72e+09	3.821e+09	3524600000	4622700000	3831100000	3794200000	4007500000	3372800000	4237400000	4141400000	4185700000	3627900000	3869200000	3900400000	2723300000	3354400000	2677400000	2.857e+09	3098400000	2.708e+09	2744900000	2686700000	2886800000	2716100000	3696800000	4150300000	3284100000	3578100000	3535600000
"A0A060HVY1"	231870000	204280000	280820000	220800000	227510000	224390000	221390000	264880000	204260000	128870000	197510000	242940000	142130000	113690000	170150000	183050000	234880000	174790000	171310000	213530000	213480000	178640000	183510000	198390000	222260000	217580000	230850000	205680000	187420000	153760000	137730000	140290000	136510000	143120000	193140000	180160000	211310000	190620000	225770000	217890000	182050000	2.01e+08	200150000	221220000
"A0A060HVY7"	19470000	18653000	9734400	21178000	29343000	15054000	17618000	26452000	23823000	0	15866000	6112900	0	0	14817000	13768000	0	16714000	16889000	19815000	16394000	27851000	29109000	15801000	20419000	15809000	20762000	30301000	28331000	19722000	16030000	9580500	14249000	16992000	23014000	22097000	26614000	17052000	0	20520000	16986000	28702000	25869000	19628000
"A0A060HW00"	191830000	109190000	66074000	172250000	84822000	73787000	54426000	38870000	96218000	189350000	201880000	535630000	274950000	221700000	410420000	316390000	153560000	263210000	233740000	164600000	162160000	136190000	143890000	156400000	87408000	105860000	86615000	132480000	114130000	533700000	725860000	921980000	722420000	547120000	645960000	251980000	253320000	306210000	473740000	149030000	127650000	144260000	148550000	117100000
"A0A060HW07"	24126000	20997000	42048000	22097000	24481000	23683000	20440000	24429000	18716000	101340000	22844000	74977000	57544000	76191000	30836000	25865000	0	32869000	29792000	20387000	25803000	21324000	19905000	22149000	31343000	20068000	21360000	13564000	22917000	18878000	23355000	24521000	29621000	18943000	15182000	25976000	20134000	26753000	26591000	15118000	17403000	23954000	19980000	17793000
"A0A060HW13"	137120000	136620000	161460000	121200000	125190000	125480000	117240000	107390000	117640000	126570000	113430000	126320000	107060000	94553000	111900000	118050000	118430000	118070000	120070000	122480000	121890000	102020000	120760000	121170000	125730000	114660000	117110000	112060000	106890000	131270000	115010000	104210000	124200000	137770000	92420000	96104000	104060000	110420000	122700000	114690000	116060000	98018000	97901000	114680000
"A0A060HW21"	1615300000	1480300000	981980000	1412300000	1554700000	1235600000	1212400000	1244600000	1337400000	1.463e+09	1322200000	1167500000	1564500000	1559600000	1563800000	1242800000	937280000	1256200000	1.26e+09	1268300000	1330700000	1607900000	1362200000	1423200000	1456300000	1.194e+09	1274800000	1318100000	1533700000	1447300000	1290700000	1149700000	1412600000	1069300000	1424400000	1445300000	1239800000	1192500000	887220000	1334700000	1070500000	1180400000	1373400000	1201100000
"A0A060HW33"	1707200000	1249200000	1218700000	1865900000	1.277e+09	904160000	1136400000	982590000	1703200000	28079000	290690000	46495000	29315000	39305000	30598000	208920000	292800000	243230000	228590000	1642100000	1695600000	1690500000	1998100000	1664900000	1648900000	1517900000	1377400000	1572200000	1.681e+09	167230000	125460000	87955000	155520000	189880000	3.54e+08	382320000	516180000	553980000	468950000	2052800000	1652800000	2058200000	1633800000	2009700000
"A0A060HW73"	313530000	70297000	36677000	119870000	37455000	14047000	11913000	0	35529000	7699800	33885000	0	0	0	0	41521000	11161000	73436000	59383000	95807000	136200000	56380000	46425000	88660000	56475000	30932000	21523000	35206000	30924000	28582000	22426000	15830000	20455000	16034000	67437000	59377000	48829000	73241000	70301000	23666000	13837000	18115000	8086100	13302000
"A0A060HW80"	151630000	183640000	233610000	145780000	194840000	166690000	142060000	176900000	133440000	0	134110000	45834000	16431000	16334000	27291000	66710000	128210000	68862000	80700000	181920000	149460000	213260000	129640000	156920000	148600000	153040000	136710000	178980000	152660000	109860000	60292000	32243000	49409000	94871000	94458000	127310000	126160000	82856000	112160000	129850000	132240000	165810000	150190000	138700000
"A0A060HW94"	18316000	26150000	31100000	21087000	24190000	32207000	34011000	27513000	23270000	29109000	36745000	22265000	50467000	32807000	44144000	26229000	46735000	59466000	54140000	28340000	33778000	34261000	37875000	30229000	29457000	33535000	17558000	29232000	27124000	21734000	45937000	54319000	68448000	50104000	40365000	27345000	29152000	22955000	30259000	24158000	37218000	31458000	28582000	32674000
"A0A060HWA1"	18806000	23431000	35061000	21736000	24978000	24339000	17309000	18113000	17347000	48837000	36538000	47350000	63768000	59023000	54148000	44809000	27770000	46082000	42086000	28376000	25672000	24628000	27113000	23375000	22442000	18687000	29602000	22110000	26604000	45266000	48750000	53440000	43419000	39461000	29987000	29895000	28649000	21595000	23153000	19474000	20164000	21465000	22492000	21652000
