""	"PC1"	"PC2"	"PC3"	"PC4"	"PC5"	"PC6"	"PC7"	"PC8"	"PC9"	"PC10"	"PC11"	"PC12"	"PC13"	"PC14"	"PC15"	"PC16"	"PC17"	"PC18"	"PC19"	"PC20"	"PC21"	"PC22"	"PC23"	"PC24"	"PC25"	"PC26"	"PC27"	"PC28"	"PC29"	"PC30"	"PC31"	"PC32"	"PC33"	"PC34"	"PC35"	"PC36"	"PC37"	"PC38"	"PC39"
"A0A060HBM5"	0.00785068673597424	0.0490353552973925	0.0377078703850803	0.0285766127527477	0.0010227681107853	0.00599830681086955	0.00738126695103085	0.022875154890906	-0.0189577930426975	0.0225496353884023	-0.00162227206597301	-0.0045791125493966	0.0506011088683241	-0.0304348861027907	-0.022613054676028	-0.0379589761256466	0.00647060027806355	-0.0277175571172665	0.031891555496352	-0.01751488295719	0.0155474413343614	-0.0459530278043077	0.0264038527858056	-0.0542435613226112	-0.0686109497475967	-0.00378602986031713	-0.02876170158573	-0.0319782529205632	0.0312190604952701	0.0772016447091071	0.0250267733866348	-0.000372487284453997	-0.0111268352927205	-0.0418805727117738	-0.00519305087897141	-0.00516394324302658	0.0459516740167659	0.000525658666680815	0.200879402235864
"A0A060HBN0"	0.0419015524040045	0.00393743643306119	0.00161385290768404	-0.0145156908720352	0.0058882096333178	0.00129076599183495	0.0301276036031766	-0.0425097597610953	-0.0241624997283437	-0.043298725598256	-0.00508167465516126	0.0106634276124842	-0.0153010681590656	0.0452343086647636	0.0206911012888801	0.0209951945169532	-0.00129103214633638	-0.0153576619358153	0.0132803528000012	-0.00160741440262482	0.0156148808232094	0.00552790698787309	-0.0158232668863326	-0.0193337993274083	-0.0525410008892234	-0.0560213900710372	-0.0257161759237711	0.00707766405706098	-0.0141294870584192	0.042086843197694	-0.0109177162193001	-0.00344483689572667	-0.0259352744638489	-0.0158474833163358	-0.0182628323160578	-0.0165808852492064	0.0068307444192646	-0.0178016608509824	-0.0723324019210755
"A0A060HBN5"	0.0350043386513317	-0.0141893106713263	0.00705840548312641	0.0449117041270913	-0.00218803569188179	0.0069044864773023	-0.0443408939856657	-0.0158188876922594	-0.0241481154049873	-0.0226131343660928	0.0270859558443494	0.0401832492235867	0.0333357084734584	0.0589255838811271	0.00381331376574165	-0.014892411564275	-0.0380678776830547	0.0400118802253872	-0.00921155342445439	-0.00693697911180578	-0.0113438246064019	0.00208252197118738	-0.00367742583794127	-0.0224304194706662	0.00719940104498488	0.0264447326753316	-0.024029851532478	0.00877107021170059	0.0384922339918405	-0.00806346848514169	-0.00534564308277408	0.00701652874740687	-0.0317446582139764	0.0186852546628908	0.00952977108521104	-0.0195231847748926	-0.0216680965587841	-0.00800711976834504	-0.0892330285460837
"A0A060HBP6"	-0.0255448208160917	0.013429714209085	0.0281903367984699	0.000440103312995754	-0.00380395221562901	0.0511413149790154	0.0251595826117881	-0.0740374015509945	-0.00508092380137168	0.0538673322558208	-0.0246768029989736	0.0299815372123384	-0.00379462467547778	-0.0142165012554375	-0.0155260589542371	0.0405610514116674	0.0074360123794149	0.0272226989813569	-0.0455814985936974	0.0351000141687067	0.0475069717405629	-0.00619871811446552	-0.00269862536369129	-0.00927393908701727	-0.0434726171960613	-0.0230272752976535	0.0560505739521655	-0.00330969882160485	-0.0118745788996598	-0.0223237198926949	-0.00759841114155229	0.00240633011635326	-0.00027233277325723	0.0391671018453965	-0.0274670862754587	0.016280196141142	0.0509726343796979	0.0116267235824581	-0.0689146816956007
"A0A060HBQ2"	0.00305449282322872	0.0635703077979508	-0.0172280472950849	0.00267945610939742	-0.0153785228479847	0.0144312236982985	-0.0452570610230609	-0.0396848569931583	-0.0417245389953616	-0.0199959830908755	-0.00438694843781437	-0.00360225448025513	-0.0049917241857252	0.0129958779772933	-0.0231522487184478	-0.0193870932248208	-0.0211460050749429	-0.0162144130085438	0.029182582679897	-0.0279046208637844	-0.0175635913135137	0.00397842939110676	-0.0309729984973297	-0.00222202994404525	0.0338339368003136	-0.026388108695117	0.0301706705281882	0.0543241154703378	-0.00444917617370373	-0.0166514454895823	0.0179671188825004	-0.0306358014986201	0.036790843635574	-0.00295734211243876	-0.0148499300783282	-0.00798913011725909	-0.00943050052962396	0.00134041871398395	0.0271528501309986
"A0A060HBQ7"	-0.0393569577382681	0.0262730914005564	-0.0100988411206895	-0.0163634580101954	0.0177119491483375	0.00336810707596306	-0.0312555198331362	0.0286318348899267	0.0112474561831918	0.0216393820741601	-0.0240833201344825	-0.0146429699685175	-0.0383757671498516	0.0165662813603378	-0.0326913426553841	-0.0223980163670151	0.0381584403852284	0.0399927090118755	-0.0238774089161689	-0.00275911169287394	-0.0141729190471912	0.0197861356288813	-0.0173904061296452	0.0246177837062556	-0.0342590333106145	-0.00369517977839599	0.0174374007083554	-0.0371883469036393	0.00392523333161072	0.00253960434656597	-0.00606888858632157	0.0035105815069123	0.0220951799780159	0.0233236061384624	0.0319371349987923	0.0175488989264529	-0.00256322272824022	-0.0303284134669987	0.0153873788032023
"A0A060HBR3"	0.0166832830124076	0.0123977823753214	-0.0342494862931341	0.0765034321427788	-0.0115814245928871	0.0297405065453762	0.023987701736618	-0.0300660516312842	-0.0120627834480676	0.0115635753932165	0.0213966351218622	-0.015815053404379	0.0194926443294568	-0.00175280579861728	-0.0355570156894811	-0.0210321086683124	0.0198878389675123	0.00459041567178216	-0.0451306181774495	0.00611632243240152	-0.020510548922448	0.0374992731847873	0.00591751419621102	-0.0287221417208534	0.00712554785750175	0.00130988502832892	0.0455297983472578	0.0257988165441858	0.024991134733957	0.0199547346042253	0.0268168437473931	-0.0185765840856408	0.016081397536757	-0.0125339101742655	-0.0188930861433841	-0.00805385367928042	-0.022832821233304	0.0576918693080909	0.0102938215185875
"A0A060HBR9"	0.0227582529905148	0.0429920729548728	-0.0253611900608313	0.0121038701562169	0.0129294217921674	-0.0277034897910115	-0.0182396174857951	0.0388932906932853	0.00343022604160599	0.00648430632507495	0.0335138778382542	0.0156926449597746	0.0127427990658591	0.0635963340885127	-0.028519967668785	0.00137498089912521	0.00343125925333008	-0.00877382223697824	-0.0308356430566832	0.00137699694174563	0.0417418319449626	0.0127136491408489	-0.0580368253476327	-0.0478043675966007	-0.0618875935226376	0.0632530941085429	0.0245526825854945	0.00190936690143488	0.0146900010495345	0.0241788605763623	-0.0176747202804969	-0.000597564887010191	-0.0128766420026643	0.0115714132364557	-0.0183724976973201	-0.000243623220206557	0.0174088513992368	0.0480516426197915	0.0808403122302629
"A0A060HBS4"	0.0129755921417256	-0.0346054696103621	-0.00202088794490127	-0.0440610296224976	-0.0100293660688566	0.0304586284613713	0.0233716297570971	0.00662409954504935	-0.00651513014835161	-0.0283708997079731	0.0325502344873697	0.00102763812630891	-0.00582091245920744	0.0180466800108805	0.0355803635457276	0.0309221756878248	-0.101469706733011	-0.0208424045377437	-0.0117313433384055	-0.0416911271023744	0.00602963138224238	0.0258829781318471	0.041595628791465	0.0409681178169525	-0.00286995893535722	-0.0503871653851227	0.0382623189584747	0.0471340017695743	0.0230549872282963	0.00457091058513953	-0.0170775898295205	-0.0407553208458088	-0.0743901962324306	0.0812629167814278	-0.0103109415203397	0.0312306731723396	0.0047826564278664	-0.0237405974767386	0.120080476990309
"A0A060HBT0"	0.0314427379488115	-0.00269160271757996	0.0423864285676588	0.0124890096103432	0.0134169021707083	0.00436776534818197	-0.0357209962576314	0.00651044995085436	-0.00494449974211578	-0.046753163167885	0.0101402556349327	0.0383569314357882	-0.00128170193245534	0.00472500869969951	-0.00911364883147581	-0.0263623479196208	-0.0189411781397986	-0.0625949245425858	0.0106039353945058	0.0227514613098954	-0.0291870420551672	0.011781747528156	-0.0174093093060174	-0.0215449341543267	0.0644463237189386	0.0179223454649237	0.0331905374545484	-0.0408123897501646	0.0725992332749579	-0.0423063549675157	0.0270935706930639	-0.0649520421156178	0.0224479968556495	0.0123299146383053	0.0149526398752467	0.0226122056249497	-0.00925079074718831	-0.017425973221347	-0.112393138507867
"A0A060HBU1"	-0.0201584565005643	0.0326141859838545	0.0730650046612791	-0.0171241228467405	0.0469897952108736	0.00133380705286585	-0.0159596414251059	-0.0132791292105003	-0.00894040615607214	-0.000376753659785428	0.00992780165233746	0.00127919010479331	0.00530011301827163	0.00374063055436937	-0.00322581512330335	0.0133431073762671	-0.0183746272481528	0.00382344605941183	0.00462822382222498	-0.0122741307676307	-0.00553963877905781	0.00397981239257554	0.00131256255411167	0.015921234307338	-0.00849822396166676	-0.00410764463315149	-0.010125694905361	-0.000240356334379322	-0.021388822774325	0.00856176863877992	-0.0113065186647785	-0.0108314144880652	0.0122129294195099	-0.00874718707370485	-0.00252536338189487	0.00334504679648625	0.0028627493449264	-0.0225385808688825	-0.0559680766569673
"A0A060HBV1"	0.00889769877663259	-0.040228540338082	-0.0284376226453388	-0.0461504318319725	0.0231661228044641	-0.0482496622290114	-0.019938842557657	-0.00429302930721631	-0.0298928457523168	-0.0414027986306051	-0.0169385543156306	0.0106342665616618	-0.0459591405502042	-0.00790985020234437	-0.00105250270110115	0.00890021102948146	-0.0113014608832458	0.0405322774554054	-0.0172129095974046	0.0286005700635094	-0.0677614866588258	0.011555239957001	0.0384194200881786	0.0228696062311843	-0.0198020052125178	-0.015602098205554	0.0316171450270886	0.00886082575994659	0.0370088357545685	-0.00518840980245606	0.0113219760705541	0.000500684707327188	-0.0634651276994278	0.0166951594513103	0.0327737981218541	0.0140381212838783	0.0217144931290798	0.00890991536643808	-0.0769901253794939
"A0A060HBV5"	0.0327401733548318	0.0456610697675035	-0.00125302927170605	0.00864849673325809	0.0310612093347968	0.03030594212347	-0.0479995958943355	-0.00770472391918511	0.0163089687467437	-0.00951896166259944	-0.013505181065054	-0.0140146623890944	-0.0237971666638807	-9.0926682624677e-05	0.0240845698673166	0.0036801258667843	0.0135857233859746	-0.0292430074416862	0.000633137228784133	-0.00841707983509269	-0.00161457073909064	-0.0132604905565839	0.0135531693237485	0.0105054809576641	-0.0292638087627573	0.0115192223581251	0.031489467256869	-0.0299798509247436	0.00381410788208167	0.00439368777727475	-0.00392530330451872	-0.00768790355724883	-0.00396041108808864	0.0273662356393144	-0.00755684473020452	-0.0256043944386108	0.00981587838170487	0.00416689560278613	0.12530418513524
"A0A060HBX4"	0.0123208474215736	-0.0273515203534007	-0.0347393824078751	0.0107829219682521	-0.0346062748923762	-0.0199232585105854	0.0615612833783286	0.00964144624726531	0.00633083870098063	-0.0182095729272919	0.0298545542531324	0.0045287367310536	0.0500962167969561	-0.00608258732334207	0.0101287060466006	-0.0296193263631679	-0.0639315523236847	0.0212754848074771	-0.0275872732898583	0.0102426280642032	0.0154836869758546	0.00775205123350452	-0.0197813673534463	-0.00984286440819069	0.02141491699943	-0.0505032447989988	0.0067821261082516	-0.0830711222600019	-0.00552275216742226	-0.0103562217642159	-0.0776098833331997	0.0632441821306246	0.0497033811672488	-0.0556395671803848	-0.0604383394989499	-0.0237781106307805	-0.0171848200641617	-0.00785061916619953	0.0058822664315035
"A0A060HC10"	0.00521815178907828	0.0266822162652605	0.00629680721303734	0.0223072113019496	-0.0248229513506446	0.0119827085263926	0.0495008652810891	0.027856424385498	0.0547434026062209	-0.0117602462253606	0.0340135061245372	0.0344674107858086	-0.0106152158970795	0.0166583879814893	0.00400478341526282	0.0083063809467768	-0.000159121721812647	0.0601628257717959	0.0480845725424753	0.0143905946298868	-0.00236968282625419	-0.0621963728806328	0.0269907780011314	-0.0309064261306835	0.115185960893151	0.0631458111973515	-0.0151021104836176	0.0079149172332246	0.0062865243331562	-0.0299202484017161	-0.00674548157024167	-0.0450796687882228	-0.0883071200058764	0.0674104722359604	0.0595525183482501	-0.0300204777094673	0.0391069287332451	0.00142697985407317	0.104762892213324
"A0A060HC34"	0.0163650851598798	0.0136970758557156	-0.0411104352872787	-0.0323766967323502	0.0105488414540548	-0.0426939793089798	-0.0228280437314699	0.0289807876461711	2.72243517655761e-05	-0.00872813505000032	-0.0576510341331058	-0.0448332655793406	-0.0239381286715623	-0.0165155405499758	-0.0187726602345463	0.00195797813618416	0.0686990522823296	0.0112228762394867	-0.0409173156913601	0.0262475542786785	-0.0322462101930075	0.0224881523835508	-0.0474098348699917	0.0716525630056292	-0.0437852094723365	0.043148654651884	0.0255580499979723	0.00283293022548543	0.0256769966848827	0.0367828967722808	-0.00314023118126862	-0.0194465588553363	-0.000913278122186077	-0.0463464327974272	0.0240833868437551	-0.0482438074834626	-0.0285900142834377	0.0606267794092719	0.0370657453525478
"A0A060HC45"	-0.0254280330036114	0.00659338573775013	0.00707689273253332	0.00590898973507405	-0.0265528533507709	-0.0177528807634543	-0.0646681849849473	0.0392480386616784	-0.0713162237485764	0.0133520117252574	-0.0264164872059042	-0.0314572403098547	-0.0217677424531172	-0.0306117546920821	0.0167125242795467	-0.0477371140913749	0.00902969404633509	0.0250523783826705	-0.0454972009152919	0.00742696640531148	-0.0123998134390034	0.0298817546911547	0.000184395584535401	0.044646829196676	-0.033885375396199	-0.0104196046167991	-0.0475828619394166	0.0193676251460645	0.0194718850718804	-0.0638363766018543	0.00403882535111069	-0.0085851699917484	-0.0458861659077758	0.0355270122846627	-0.0236338234324653	0.0277474805865134	0.0207805707565498	0.0614952826033494	-0.0213483961003949
"A0A060HC98"	-0.0317655650663897	-0.0298765237525986	-0.00153837270832653	0.0419220255204671	0.0228112446460457	-0.0523262623607145	-0.0152641483583788	-0.0324515944193989	0.00595142435335244	0.00422403127161829	-0.00508944348609484	0.00793342679087475	0.00435473860542669	-0.0115821885345726	0.000673049409830735	0.000259813745830069	0.0210862535511589	-0.0162182054841423	-0.0181486544982211	0.00677719337267259	0.0119838196603298	-0.0523240421862493	0.00514382103587308	0.0186018506081178	0.0102557406010198	-0.00561522354711882	-0.0282824759438261	-0.0022576929479461	0.0299491248428942	0.0286618077128683	-0.00912544950447887	0.0220427883650767	0.0251477699266694	0.0332097479511983	0.0661120799111923	-0.0371594952314597	0.0326453434660583	0.0310162683205916	-0.0906763574401809
"A0A060HCG6"	-0.037919453105991	-0.0159098062623862	-0.00892387107058159	0.0584957454286155	0.0344671958220324	-0.0137631811704249	-0.00966807632896172	-0.0135950291924933	-0.0216742995337335	-0.0127676292067442	-0.00848818860974869	-0.00632598283017051	-0.00302712091817834	0.0152198212717721	-0.0216679715657838	-0.00180285159322064	-0.00759006201581594	0.00986507216572736	0.0139060529680232	-0.00124744423079943	0.00448494549338619	0.0181985655942666	0.0136107389560492	0.0215433202223578	0.0113860747962497	0.0137099636268293	0.0130113139749814	-0.0179899751837807	-0.0155461882232983	0.0109593736735891	-0.000403628868742714	0.00783884127350596	-0.0297971610064885	-0.020475742734968	0.0132804669374661	-0.0065261018583071	-0.0090719983906508	-0.0128360364190729	-0.0450407558352896
"A0A060HCK2"	0.0334551185028315	0.00698430795081741	-0.0478023394715145	-0.00419537206005852	0.0101939053026039	-0.00730305058230236	-0.00461185770302055	-0.0660953127030568	0.000532651474052958	-0.0141003737141313	0.00177132004856384	0.0288848383819545	0.0341307972561163	-0.0248691620865133	0.0374287953095649	0.056009706389122	0.0109977892649627	-0.00959434134034727	-0.0390602814309828	-0.00142916186466841	-0.00730010943292963	0.00258624875758183	-0.00141916494994939	0.0242877191277639	-0.0372697235597098	0.00652721985153476	0.0302292961887414	0.0166402285261319	-0.00637376576776501	-0.000772395224686114	-0.0228569372192954	0.000556646714452661	-0.0253865633810729	0.0406458445728081	-0.0274890172878527	0.00687704699852188	0.0097164538035902	0.00392240167648122	-0.129292643688369
"A0A060HCK4"	-0.0497047345403154	0.00953992917615214	0.0152293244821124	0.00112213027537207	-0.00355156438740843	-0.0111951422437335	-0.0136361168851759	-0.0131246664851538	0.00472080241534088	-0.0017293920781833	0.00475813204127047	-0.025676473685445	0.0136436882312106	-0.0101755894113171	-0.00132339588207992	-0.0106534259936529	-0.010218869768801	-0.00544073280725009	0.000107503693261838	0.0113956433468028	0.0248567579277103	0.00608815407750716	0.00263453825238003	0.0055271930632458	0.0125286356874556	-0.00989609557031125	-0.0180287055351473	0.0162672342345362	0.0141828372840064	0.00674395176475981	0.01796762180031	-0.00359342423273559	-0.0245413271963964	-0.019235195155216	-0.0156423722146823	0.00877617126330639	0.000716304117082671	0.00209104816526324	-0.0357058811728024
"A0A060HCL0"	0.0457179186457554	0.0187669951306987	-0.037408261363339	-0.000664773071093398	-0.000315345866178379	0.00393187842638979	-0.0226721208377274	-0.00484751492618169	0.0208455477467897	-0.000713317374438233	-0.00656801357647193	-0.0115164986777243	-0.00206114666804702	-0.00589152802313187	0.00344627824145249	-0.0237698885376263	-0.00522148906744513	0.0170859105308944	-0.00120538129515364	-0.0108966959632695	-0.0169933461943784	0.00202591843561339	0.0149852697677229	0.00163920421726419	0.0171554446387313	-0.000269027812710896	0.00351725226014833	-0.0172562611909112	-0.0033392038261674	0.00367360642753488	-0.0149052701923955	-0.00722562262137334	-0.00403905360572826	-0.0058278488274093	-0.0166684160136465	0.00390378034014545	-0.00308240518857428	0.00543587938751468	0.0912378407034001
"A0A060HCP5"	0.0400740415719629	-0.00809416865434873	0.0524704135265602	0.00447519045025509	0.0327550098153541	0.00377628025758306	-0.0221474673045356	-0.00218259995328137	-0.0171434840888976	-0.00914940878011746	0.0187395416285512	-0.00183140706816052	0.00462224558521278	0.00944460383531476	0.0252229157066434	0.00962391548038698	-0.00703371760347209	-0.020943353842169	0.000704238782875015	-0.0018289351774123	-0.0219536790523602	-0.0187776059209429	-0.00549140264251061	-0.00768316643510509	-0.00441632648543644	-0.00157497940942275	0.00736078934851903	-0.00211465053999124	-0.0111848617000061	-0.018492565396135	-0.0111661612711266	-0.0146315257259529	-0.00254020027673087	-0.00654913478489225	-0.0309864455170674	0.0294855622566333	0.00635041013110852	-0.0028628689697199	-0.0136724584777535
"A0A060HCQ3"	-0.0153746280284481	-0.000622682441447358	-0.000814927667623327	0.0502372354422608	0.0330673439565321	-0.0139783934607729	-0.0178964205795961	0.00518875705699252	-0.0480708554592133	-0.0327357931128211	0.00757761137693182	0.0351322704696399	0.0116728994974396	-0.00219043602439775	0.0424195150303151	-0.0568063733710272	0.0205336912511718	0.0361753401995542	-0.0696083371783366	-0.0149068979771784	-0.0556806008884464	-0.0328701194987156	0.0790248279598294	-0.00487425447454426	-0.0340461831145719	0.0717014844875199	0.00237924507291502	0.00036643468191765	-0.0719215083068265	-0.00220984120450709	-0.0536343714061714	-0.0117594565080582	-0.0089115949889965	-0.0346185853171855	0.0423220430893929	-0.0413655439581528	0.000600578697462917	0.0213539027573687	-0.0246010466091824
"A0A060HCR5"	0.0327043861635921	-0.0269347784767431	-0.0205754715789869	-0.00196171784776237	-0.036222428901201	-0.0128126988568713	-0.0455008141540633	-0.0195998792437961	0.0345447287094802	0.00726217394043724	0.0176669143805035	0.0397342130659284	0.0439239997224746	0.0208516466851007	0.0318730673433301	0.011134893996274	0.0401509353180261	-0.00890310628547178	0.00535180324395278	0.00835331055573855	-0.0308185623533901	-0.0352272096889521	-0.0288142271532198	0.014501823805926	0.0087573412093377	-0.0115705264718333	0.0122335070237142	-0.0616338063253766	-0.00700821524922272	-0.00571960731356451	-0.00209963092816787	0.00511175021974962	0.0425242506895828	0.0156716046027979	-0.0211073249945076	-0.0298815943430008	-0.00511859307373623	-0.0203123745104833	0.051823077550702
"A0A060HCS0"	-0.0424554214899256	-0.0212205556641802	-0.00155528694181441	-0.029181983111289	0.0176061468479403	0.0187734641744123	-0.0319379419375291	0.0109635879289723	-0.0086338202689259	-0.0224344058446543	-0.0253849948093975	-0.00161762595240903	-0.0184064672852072	-0.0112174987241381	-0.0214333423707438	0.0264983902785013	-0.0124258034446741	0.000797316993991575	0.0133621004536743	-0.01848016475185	-0.00796497624737841	-0.00988031595563795	0.00567473646289702	0.0174116630171266	-0.0250313702928248	0.0420332264685401	-0.00561068602469331	-0.0279637392298551	0.0374209609152511	0.0163627777892192	-0.00311817070885078	0.0218379877441814	-0.0223520217594505	0.0084520461782684	-0.00644922522645061	0.0218899904096859	-0.00133036537154253	-0.011458872445421	0.0853954024613717
"A0A060HCS4"	-0.00197313960895287	0.0318947576995994	-0.0622730484003568	0.0227505648432923	-0.0366933165167943	-0.00766845790801222	-0.0322330494402893	-0.00400309545233964	0.0646787517627005	-0.058034457492795	0.0157289105324117	0.00400546848961997	0.0226321924628801	-0.0105465427958184	-0.0158578404911226	-0.0103386745985757	-0.00784312272430715	-0.000298844378234564	0.0259876420401147	-0.00219157582257857	-0.00341752854849802	-0.0340667961486708	-0.0484016428514681	0.0198953245553944	-0.0150684847223135	-0.0187223376122623	-0.00791506085485386	-0.0150069245263483	0.0112070452872355	0.0172422650143258	0.024254944644964	-0.00478211705522494	0.0103716313180482	0.0170389570254538	-0.0265058286949255	-0.0374661404357802	-0.00828262499084451	-0.00996308321429458	0.000285216731002175
"A0A060HCS9"	0.0252627399657215	0.00235000641265939	0.0357862188615945	0.00643459376960369	0.0140717980719487	0.00723803118332604	-0.0354444644623758	0.0294436749896696	0.0277291790491305	-0.093712628711816	-0.0429275617464394	0.0509091167070565	-0.022643696597482	-0.00498954561496917	-0.03638314977716	-0.0376009453448869	0.00481141920972542	-0.0497558943107548	-0.0197460923178189	0.00634941222838235	0.0573326427893437	0.0215540043910477	0.00669595953455828	-0.0072032771955353	0.046660580447218	-0.0279356187199532	0.00279262344568888	0.00760627898881658	0.0217876528884065	0.0144809424740709	-0.0111968250071029	0.00871561697386518	0.0221394264398528	-0.015896825353463	-0.00653177643743842	0.0115020207698719	0.011127189411223	-0.0121621779581164	0.110851783965844
"A0A060HCT3"	0.00696455588764618	-0.0146800036924171	0.00272738741654925	-0.0477654775279521	0.0224082744345768	0.0252124290810191	-0.0137599634149646	-0.0178510752445789	-0.0703462986738728	0.00450705902981117	-0.0372637873566196	-0.014750877107711	-0.0182757027410451	-0.0515354149044906	-0.0747168436106295	-0.0524999912262822	0.0313300719974236	0.0631176920465085	-0.0568762832860981	-0.00602561939217382	0.0448462007833938	0.0489175608908871	0.00497300264745725	-0.0173514095261807	0.0280554356360413	0.0418148147287157	0.0322686967981274	0.0215504681819135	-0.0357458718104962	0.0249536062796496	0.0534254825832705	0.0188986955600805	0.0206704796921653	0.0112581237320069	0.0407312496526244	0.0284029725992316	-0.0267060729481947	-0.0410911692295473	-0.056504889385241
"A0A060HCU3"	0.0449440981416444	-0.0031183026256901	0.0350918439093533	0.0032068677571425	0.020182661205036	0.00336909251508145	-0.0095911595090141	-0.0171603699037364	0.00394931472235807	-0.0242047397134457	-0.0166610741938603	-0.0156811765039895	0.0135916185179103	-0.0102857853463761	-0.0167774661340751	0.00840221033384634	-0.00952096779964356	0.00100580730989676	-0.0295266292500976	-0.0253631410560369	-0.0157845453646379	-0.0279714803645604	-0.0184900134926907	-0.015910225512994	-0.00627116136213383	0.0166600737874657	-0.0187177205310735	-0.0306908801163456	-0.00876639359155085	0.01663774205564	0.00538282560294291	-0.0113520707958111	-0.00632285484032139	-0.00822968949554291	0.0417793224193741	-0.0200716589098141	0.0011103201780878	0.0150824967187733	-0.0251703187225112
"A0A060HCV6"	-0.038108042467972	-0.00547435102344915	-0.0399495074064903	-0.0168030167886964	-0.00825154276080898	0.00549627200048774	-0.0338111738741611	0.0226303885881845	0.0165429801557365	0.00905507014825521	0.0174715308793017	-0.00428220163161454	0.0182624170523774	-0.0577679497124905	-0.0159429394609029	-0.044994051606442	-0.00616438057995432	-0.0139879093725687	-0.0244116276623499	-0.00729948755279966	-0.0397779363541875	0.00509130117883781	0.0256108408273258	-0.0141532503038116	0.0327993745119939	-0.0108056292957699	-0.0226012147691789	0.0332862081711033	-0.0201982607857624	0.0018632637447856	0.0259661504161006	0.00238237194893477	-0.0196571135094695	0.0365258218507148	0.00106191831809265	0.0268706245750454	0.0314044316137715	-0.0216839988151654	0.018389066379647
"A0A060HCX3"	0.0261998294391474	0.0174834695916916	0.0212133377436302	-0.0533215072720565	0.0332345120570543	-0.0301818503799291	0.0129335522370151	-0.00806420634279178	-0.0336073277705438	0.0305336400955433	0.0625440126063614	-0.0187017021493093	0.0121640125336996	-0.0313639767148139	-0.0154630761046043	-0.0148986219784317	0.00101891847481645	-0.0142809425851865	0.0406481522109822	-0.035044007593223	-0.013166076139292	-0.0239656612673801	-0.00549131838568351	-0.0279701690664792	-0.0138972213852484	0.0421421808987313	-0.0349858354638951	0.00781373621179871	0.0212634713587646	0.0362185308882891	0.0185755530436673	-0.0133706727890766	0.00744758364944467	0.037599869733693	-0.0287107919586712	-0.0194448374743444	0.00613850390382463	0.00394823557729065	-0.116127465355542
"A0A060HCZ7"	0.0321049682965472	0.0184544593932554	0.0120814730559769	0.0156134780068007	0.0434435391387165	0.0398807153735573	0.0230984105700485	-0.00431954909750937	0.0415983025197482	-0.0489150071481322	-0.0423585669677016	0.00591532459584292	0.037973505297527	0.0169411667092875	0.00872702150688492	-0.00847935433979979	-0.0264707035769436	-0.0504419970309328	-0.0157363444523667	0.0465332414107172	0.0324032384116463	0.0193726093602967	-0.0252859045228496	0.0107299303610137	-0.0372390683341169	0.0024378275815023	-0.00840929972872536	0.0226327060271721	-2.55618728736269e-05	0.019374146437244	-0.0115145526740671	-0.0117140608151121	-0.00781879154827537	0.0151626835891599	-0.00858679974162638	-0.00664599494245074	0.0139658472561867	0.00207064123051359	0.00976261084715721
"A0A060HD01"	0.0238162564761036	0.00377130907699165	0.00447481921734386	0.0200561367487819	0.0118301671784585	0.0549172207232565	0.0627284920508905	-0.0595159018720282	0.0100409895912788	0.0312101275091528	0.0136792265015045	-0.0220181043884502	0.0173146662895492	-0.0430477919077489	0.0342311567516752	0.0419348692265827	0.0482513449550434	0.0186857377702116	-0.0097234598213557	-0.0478518102342673	-0.0185545154180054	-0.0396025298514221	-0.00445130701321996	0.0118161295896082	-0.0298184134101447	0.0101049364187952	-0.00269359164409825	-0.00844072953401574	-0.02031415500547	0.0333993266810129	0.0069683180121018	-0.0586717079927054	-0.0242385765705821	0.00424555733973132	-0.0341449882489172	-0.0479799630866566	-0.048290582205284	0.0166042403128419	0.0556755502410987
"A0A060HD21"	-0.0366177315227321	0.00858098138887064	-0.0227337148128424	-0.0197766866954928	0.0532056036702023	-0.00364326358490369	-0.00718416780998596	-0.00152229169108925	-0.0267122657024245	0.04074155849663	-0.00603802064367273	0.00191067359524175	-0.0012415612033608	0.0147317176041962	0.0224188387212417	-0.0350816269496501	-0.0327468943205321	0.0298160475263313	-0.00337163186719521	0.0213522618062679	0.0164145882776879	-0.0152192054605779	-0.0198079523040667	-0.0104752159090279	-0.00359324433210859	-0.0213090941931241	0.0604896138431496	-0.0318112419013847	-0.00931292794348472	0.017775805452425	0.0117986626123825	-0.0358462330703269	-0.0315557169766416	0.0181115114955871	0.0378344110448989	0.0109015333276319	0.0167383142978564	0.020644285249281	-0.106776304110843
"A0A060HD38"	0.0438203049775355	-0.00736799748908665	0.00808062537071643	-0.0197131435353239	-0.00478229654739378	-0.021872643883494	0.00980733400594654	0.0202595113352275	-0.00285546676786796	0.000139828154286741	-0.0395892966527917	-0.00798907710171779	-0.00523076645458889	0.00305846407047509	-0.00246573317644076	-0.0150919056768406	-0.0144663789806898	0.0636803454138305	-0.0228828409823126	-0.0257508635612004	0.0306723982297265	0.0111665598229849	0.0250611858115673	0.0571797344752796	0.0282915163951441	-0.00814036377127745	-0.0253492130378229	-0.00309680931309931	0.00496703610505583	0.0193470619479885	-0.000784895534633614	-0.0281034935399748	0.0103440876452043	-0.0392796134100601	-0.000909921123064373	0.0200698896562637	0.0160184260396777	0.00126367531524799	0.0311049892717059
"A0A060HD49"	-0.0350835589049644	-0.0325827481490646	0.0164400210316216	-0.000849667628652002	0.0219957994903011	0.0173498833855223	0.00100327826295368	0.00148590700325068	-0.0181810693094648	-0.0170390810207462	0.0514583034274253	-0.00167696959454005	-0.00639502096453843	0.0186483813616563	0.00693545232223195	-0.0277413389447957	-0.0168753554713446	0.0185456007593113	0.0357844748476334	0.028215417702991	-0.010507662077456	0.0484692858999838	-0.0179029407766854	-0.0445137853212703	0.068491918021532	0.0381435055548307	-0.033647630326224	0.0461591036498741	-0.0200538718030393	-0.0138136112822438	0.0256145736655374	0.0189551608309655	-0.0131751314262458	0.0289302644391227	0.0178813741680677	0.0123140655163634	-0.0171285607229893	-0.0284479274411868	-0.0721869103155368
"A0A060HD60"	-0.00843456752354841	0.026420904932852	-0.0194474650760885	-0.0330431643988523	-0.0734032468716837	-0.0449949917495691	-0.00989202856100276	0.0287900044536961	0.00676562686316017	-0.0137733289530245	-0.00559585839074106	-0.0207129312941837	-0.00887273130025988	-0.0312052934012151	-0.016368814017716	-0.00853156769209029	0.0405654252036013	-0.0331149071962611	-0.0156293878558109	-0.048558510909777	-0.0193560248282638	-0.0320122378458269	-0.0594458051516451	0.0136428871084502	0.00187169205898153	0.00241104942916604	0.00746839737833296	0.0427036341374489	-0.0252004254941428	0.0499486914875014	-0.016239760064405	-0.0189801800146899	0.0125243959155008	-0.0481537426768282	-0.00768851717894608	0.0375178254179121	0.0379642741962113	0.0219943626987815	0.0397074268243711
"A0A060HD71"	0.0306340832839772	-0.0356735706015412	0.0291478936998189	-0.0217155771937779	0.0259465286270306	-0.0120561710088892	0.0274538789055123	0.0196280939474974	0.0179690875207629	0.00986264576245672	-0.0106248627354899	0.00913475304908727	0.00318305095399555	-0.0245836979005277	0.0112603493967009	-0.0419788407186175	0.00207295816335616	0.0300279749154562	-0.0116060257345251	-0.024977942372437	0.0401044418850681	0.0054334295438062	-0.0543031010250096	0.0316132587049931	0.0376323466239456	0.0270786286120336	-0.0580890540768327	0.0181297923948181	0.0180477116580809	-0.0404590010038356	0.039088318466243	-0.0216353425894826	0.018807610738781	-0.0240921828888849	0.00436929989868737	0.0206455261330261	0.0306466525329337	-0.00026588025004115	-0.0159121351690636
"A0A060HD85"	-0.0408578318110974	0.0261425603930839	0.00830073545153288	-0.0455489826319875	0.00692513540104893	0.0169107491953005	0.0167286943694202	0.00726396066466729	-0.0117083335337375	0.00644675381509264	-0.00201328339642615	0.0231910219458815	0.0202106535240439	0.0305287599125737	0.0076883173002188	0.0036724142899171	-0.008347835843074	-0.00681062748780822	0.0219811555150455	0.00990124030049544	-0.00826741292009124	0.0172950672329502	0.016542229441664	-0.00247553472048094	0.0225909536832662	0.0201531764567543	0.0244794111348444	0.0162972843174357	-0.0104522996719178	0.0116195096349772	0.00192556768649805	0.00282598927547661	0.0146378265562384	0.00383719017572567	0.0247604908254461	-0.0167495273810006	-0.034882465220771	0.0174790008880057	-0.0187490084045473
"A0A060HD91"	-0.0335938171657753	0.0225063593884225	0.00256238923329588	0.015726281413602	0.0330813653122903	0.0478468367465319	-0.0141532172755135	-0.0144882293260149	-0.028201155759498	0.015745340838007	0.0277475126168916	0.0263703935046864	0.0117244446058194	0.0262101524712273	-0.0577616103243989	-0.0595443748883708	-0.010780895236918	0.0322452429140004	-0.0165789546565478	-0.00159965114641575	-0.0222572083418609	-0.00688626846091589	0.00424145358115193	0.0135671837300927	-0.00381446500636506	-0.0402834719588396	0.00669788897125365	-0.000264568754048883	0.00117382163877559	0.0184353830272174	0.00354874634744946	0.00720966640548321	-0.0328958127172729	-0.02307887126963	-0.0310855060249349	0.039006467210585	0.0480822907704415	0.0407531296009822	0.0096222703997345
"A0A060HD96"	-0.0368561907585329	0.0115253294381696	0.009230662585954	0.0169047520107374	0.00949653977517805	0.0737568838947953	0.00292543890195061	-0.0111364286245572	0.0134973190688335	-0.000815141448919454	0.00148795104788841	0.00555219425968774	-0.0184793188679415	0.0544100747513329	0.00715539590964438	-0.0261971043117426	-0.0158963869165701	-0.0232082681766125	0.016113719142911	-0.0420215558456086	-0.00852312384975758	0.0201728824568643	0.0389168168268425	-0.0111081055129315	0.0096944858859995	-0.00467907765686145	0.00740952529614074	0.0038373508544158	-0.0514306838395623	-0.0232206057639829	0.0185803783601312	0.0207968794648116	0.0239053083514405	-0.0183599159037198	0.0178104505704137	0.031807778062805	-0.00225069175598594	0.00859463600097926	0.0143316771001035
"A0A060HDA2"	0.0191952716074081	-0.0105495462568644	0.0324621836667966	-0.0363375383409319	-0.00587386274736096	-0.00529524214610062	0.0396233826687877	-0.0344762128239944	0.0432429062453475	-0.0201975262891197	-0.0479815080619486	-0.0075010937616213	-0.00809431002059686	0.0398742492778212	-0.0079204169228169	0.0411986631369452	0.0233735434080159	-0.0153940185698923	0.0258152148589146	-0.0311342864312263	-0.0649913905756036	-0.0494920113447696	-0.000225305176619907	-0.0622108596250267	0.022622694184528	-0.0489164989268879	0.0173279271325187	-0.0536940495048276	-0.01995789076156	-0.0477122976186386	0.0353874535845952	-0.0447393125647416	0.0188559337835894	-0.0326324756675844	-0.0247387158261268	0.0618574964457463	0.0737796244945003	0.00473972159360486	-0.0141443863313254
"A0A060HDA8"	-0.0239159420369346	-0.00323215944489839	-0.026535675669124	0.0369704158310194	0.0564894884205701	-0.0315713770031434	0.015854920161371	0.0511810717703028	-0.00317029429963281	-0.00212271441544222	0.0231912771389527	0.00728009662328362	-0.0144201075933748	0.00248832943941742	0.00989418748033756	0.0073155685906253	0.0553362932772955	0.0358887848781097	-0.00738089196129363	0.0034177805772864	-0.0303831583763573	0.0753093109013318	-0.0176044886900806	-0.0153472045183874	0.0322172219661808	-0.00726051480450882	-0.00390868465369247	0.0213744799154149	0.0356883456903196	0.000847077003645945	-0.0386794591999854	-0.0210573148931678	-0.057140020870421	-0.0160349837792744	-0.0431907731468047	0.00325304037467917	-0.0273397898224534	-0.00974268116234612	0.00528737172823135
"A0A060HDB2"	-0.044855312002414	0.0327081299385497	0.0153625628424236	-0.00410423693783003	0.0100985933725201	-0.00928198063952776	-0.00065334574190419	-0.00391041268628276	-0.0221190573659304	-0.00281467614026913	-0.00430850799189992	0.0159626755630094	0.00706793000111196	-0.00382129993310048	0.0019075602663091	0.0050814860200784	-0.0154733814106945	0.0156008397423901	-0.00149041493974616	0.0124943480896583	-0.0181030049949309	-0.00209980970656082	0.0158156958354051	0.0223934316734933	0.0152287088427025	0.00985563248539723	-0.031846057294172	-0.0150820388076632	-0.00309927848068305	0.00710238232041704	-0.0246534353941212	-0.0123827198663322	0.0127232514149298	0.00517151920433174	0.0209630418119342	-0.0424471949736839	-0.0047536097004397	0.0105739447259139	-0.00386031033664023
"A0A060HDC1"	-0.0387783436728261	0.0400382584530212	0.00359188054558187	0.0201722483921453	-0.00771737761075596	0.0267691070877897	-0.0171354078397194	0.000649727788457868	0.00794021345739816	-0.0327049537756549	-0.00811751480572524	-0.027832503678166	-0.022073507208773	0.00363718636084576	-0.0309941397475948	-0.00496457848034509	0.0220500256852913	-0.0218304519747627	0.0264691171399008	-0.0151914306301418	0.035035371549984	0.0203965634339922	-0.0099779538744909	-0.0217527914842702	-0.0126711376348182	-0.00284489143978015	0.012665046827101	0.013869942828388	0.0129091968863406	-0.0053309923137509	0.00742056174989931	0.00363518513410319	-0.00735833405290906	0.0069873683273789	0.00832812979487437	-0.000310414363058393	-0.0125678062041486	0.00647962202058697	-0.0281228148602196
"A0A060HDE7"	0.0273754331273659	0.0507653490576364	0.01329604583513	-0.0174406402325877	0.0213951611811307	-0.00637595687754138	-0.00905957863722428	-0.0148549784924938	-0.00292896843928125	0.0173895945222259	-0.0144699498537672	0.0130148377840809	0.00326932314163763	-0.00545042521246412	-0.0111629983745408	0.00782619973745199	-0.0171991419312658	0.0050910887206794	-0.0421937259795195	-3.91014656241567e-05	-0.0301880110185552	-0.0192944220734952	-0.0404689868079686	-0.0226880840119218	0.0136930611270243	0.0274856107660298	0.0181665857636118	-0.00391941896857106	-0.0231404631182918	-0.0492290117571359	0.0224208611885768	0.0492343837412216	-0.0330710784458816	-0.00876866093885586	-0.0164659307884309	-0.0620741431764381	0.0911723302925311	0.0310354633699406	-0.00196139099150853
"A0A060HDG7"	0.00610798128205604	-0.0246943983341038	0.0130064604371955	-0.0178041389792647	0.0292951130546576	0.0360445795227538	0.0223246422227949	0.0195677852019006	-0.0329844042891462	-0.0246178653693037	-0.0664256554777451	-0.0327912775239345	-0.0113527864595913	-0.0241427787065025	0.0432609930799011	0.0799722207988398	0.0570445301843927	0.00481455126427804	0.021545166517955	0.00680854970606805	-0.0464830624595112	-0.025151119252956	0.0365997355270251	-0.07096400841152	0.0282623134421936	0.0740833241037324	0.0188314536867288	-0.0526595264841885	-0.034997233673138	0.012601891376886	-0.035470954414188	0.0375046787366316	0.0639000033632291	-0.0515172365326435	-0.0174889878693693	-0.0027750892432304	0.0247670572495512	0.0364989107819411	0.0116617138853141
"A0A060HDI1"	0.0177803040610549	0.0267935833564998	0.018441474053073	-0.0168631204732286	0.0159744174145337	-0.0477788788248572	0.0145656238371224	-0.0385123433743086	-0.0241280242854477	0.0252001060530996	-0.0378576412206956	0.0620171212741744	-0.0571276303799241	0.0453474085854725	-0.0349398507753296	-0.0248433202502534	0.011542207200146	0.012405402978448	-0.00269881133846193	-0.0787067101887809	0.00819866003432616	-0.00830244990008932	0.0134110440630163	0.00165694374740362	0.00346359932794488	0.0198285255764238	-0.0654137109228795	0.00634581910133959	-0.0176746353702496	-0.00407492107334883	-0.0216244512345289	-0.0323706735036291	0.0316599183375815	0.0355717352758146	-0.0841600818671394	0.015911358813607	0.0565614162579432	0.0268571545077406	0.0104646315443719
"A0A060HDM7"	0.0413452566120281	0.0231679407900239	0.0309194254208331	-0.0106455153552623	0.0229284351580221	-0.00644330007776724	-0.0278368659300768	0.0338949052888544	0.000315138759785399	-0.00131083832295611	-0.0144753006815134	0.00278358935909059	-0.000968279881724819	-0.0147513893018236	-0.00870727332911496	-0.0138660833662937	-0.0129408195283629	-0.000496690911226982	-0.0395117436971236	-0.011896195911465	0.01565207921771	0.0325511428440098	-0.0113538903279245	0.0103200023195507	0.0296358209885972	-0.0273590741898745	0.00855938785655344	0.00698666599647748	0.0313762906684189	0.0300737903112805	-0.010704346553907	-0.00403374649376204	0.015936446342253	-0.0130362990262804	-0.00328258869613169	0.00400558522013805	0.031258151766959	0.00558618551016641	0.00952383782351723
"A0A060HDN5"	-0.01436980246328	0.0145277101057414	0.0164730572035437	0.0197557697721008	-0.0166752998775934	0.0210942698213425	0.00552747307877732	0.0722073079970045	-0.0195522469932174	0.0115240682540103	0.00327555445548955	0.00910382313613049	-0.0302227809801558	-0.0337431861916898	0.0694847084895671	-0.0184454164377992	-0.0499100024862953	0.00579811538224306	0.00416162976544048	0.0819247803540235	-0.0241140297295541	-0.0487437997859404	-0.00188782491574657	-0.0139373495161276	-0.00045669149063649	0.02355354135116	0.0588218560448394	0.0231262704489861	0.0155283626423532	0.043387692311362	0.0783679957340264	0.0998392514235229	-0.0393201695554219	-0.0773989896545228	0.00383695092837836	0.0189102729953383	0.0387666366565223	0.049306555834782	-0.0005663712993184
"A0A060HDP0"	0.00735542611842136	0.0297377037406145	-0.0217260574850118	-0.0202250968006104	0.0226799247337537	-0.00191382818463817	0.0453306096083142	-0.0333532220529807	0.0279142851006477	0.0233745233911714	0.0235890584556659	0.0310262678842043	-0.0573432330575721	0.00893223159081558	0.0732721809028931	0.00528565626959143	0.0666439752036202	-0.0320635385332142	-0.0283896886467708	-0.0282209352386028	0.00284795354962945	0.106052648451158	0.0414283525530165	-0.0134885675607406	0.00834028530300223	0.00628192688093211	0.0417198476290418	-0.0508602380289929	0.0242167609459177	0.0227039964593419	-0.003982435086948	0.0528073575494501	-0.0336802295862364	0.00198716265838913	0.0346764979638869	0.0304061261799482	-0.0054575580668698	-0.0352212191270897	0.00243206063951869
"A0A060HDR3"	0.0126560850978729	-0.0565577014480484	-0.0191725609187752	-0.022738500923704	-0.0110029133035749	0.0192531471027048	-0.00820247734618371	-0.0584197916467554	0.0183719758892743	0.0240405594434993	-0.0389729827034588	0.00402177605098771	0.0593937011189022	-0.0101417000046442	-0.00131929861907904	-0.0270713217772857	-0.00408342018546286	-0.00730001464867761	0.010795302683005	-0.0152987617036681	-0.0267015613174654	0.053713130617214	0.0247837086819154	0.00997353974431651	0.0114270929169733	-0.00760352046194148	0.0225325323755671	0.0416890005391408	0.00449870229192657	0.00564579101842112	0.0307203823559511	0.00778970123973345	0.0190312351829488	-0.0276150234680855	0.0167410589224973	-0.0122441809798	-0.00450995547390772	0.0147950932434254	0.0352600456058172
"A0A060HDU3"	-0.0302722793688826	-0.0154821243883457	-0.00600490245785393	0.0311680204238612	-0.020510157456632	-0.0178216179636231	-0.0812581770061172	-0.0112140457090429	-0.0299441809943053	0.00753478247901578	-0.000901405775767597	-0.0304311491051557	0.01469530534514	-0.0318877769722099	-0.0300265065282311	-0.02218372492683	-0.0126646400676536	0.0331601779606178	0.0230079799555731	-0.0221356637582417	-0.0526159469037555	0.00328040585336872	0.0415343193681971	0.02898716760929	-0.0293084727945351	-0.00283421482318755	-0.0123502988786299	-0.00844252036229849	0.0265934654307968	0.0113285594110582	-0.0176269074818839	-0.0232171421095787	0.038910643215417	-0.0345195183261993	0.00621450825810785	-0.0279179075396808	0.0201266657391576	0.00714732986059525	-0.0184729914856769
"A0A060HDV8"	0.0251667404119729	0.002184993704135	0.0218181553300292	-0.0130110476476577	0.0195413118747547	-0.0102390760262559	-0.00588785444790601	-0.0600802991156586	-0.00275226153043972	-0.0654867829593798	0.011970941800726	-0.0275143669744543	0.0417923524245308	-0.0128991529992878	-0.0397457424392894	-0.0113506004830789	-0.0279399092011252	0.050459873245856	-0.0140390021161461	-0.031204003244156	-0.027367149379309	-0.0622517880438467	-0.0651882249655566	0.0290976654806281	0.0202029448100109	-0.0462671181576723	-0.026239233115704	0.0327357352512645	-0.0140194688261929	-0.00242497155395991	0.0427061414227599	-0.0258981619094002	-0.0838486030532472	-0.00675060900416432	0.000599501309625889	-0.0607452901506921	0.0350854542079834	-0.0374649134738184	0.0119931415172845
"A0A060HDW4"	-0.0186652622658907	-0.00511752403652688	0.0234795833197598	-0.0172332826051832	0.0113259930176894	0.0157661473477533	0.032110149108049	0.0165427788639429	0.0517565660263954	0.0485908730272214	0.0173925440096282	-0.0141587581216437	-0.101953445300803	-0.0175749222853474	0.0210664928746135	-0.0616915740313701	-0.0445865032141319	-0.0330595064063831	-0.0285160164252124	0.0176824542593333	-0.0315620952393765	0.0226762887625205	0.0219756822417638	0.0313656992175793	0.00779701855536158	-0.0322131894913542	-0.0741896455528482	-0.0370476640915109	0.0358193625409232	0.0212372415276284	0.0269079267433476	0.0345409596762951	-0.0264140786070229	9.79434009410141e-05	0.0599983125848574	0.00573611073958927	-0.0489310075230728	0.048007337542841	-0.0117758118209951
"A0A060HDX2"	0.0180427024886775	0.0211006872314349	-0.0895234252079859	-0.0180283661004294	-0.0100411225115123	-0.00931312877051907	0.00827805474169846	-0.012251888091099	0.00716238625404761	0.0102274584715557	0.00470580778899307	0.00478704834400595	-0.00394121387509018	0.018898643936062	-0.00872360880773741	-0.0283053793150579	0.00716353244535749	0.0138132445132363	-0.0184254601038426	0.00258784297248819	-0.00642100376789037	-0.00923191702939585	0.00868062318217518	0.0013389087406618	0.0132097609960637	-0.000870749649664743	-0.000554674040874545	0.00869545348436286	-0.00819464551883679	-0.00400297215614046	-0.0120236913723011	-0.0126279778765875	-0.00253121826051289	-0.0102794118918996	-0.0103434376107659	0.00806707453844382	0.0120425504900731	0.0224696718836555	-0.0156177855491572
"A0A060HDX8"	0.0347726273493577	-0.00863927414056038	0.00272356077897119	0.0270856852279747	-0.0340849453884288	-0.021377360256114	-0.0334496602738227	-0.0190812727649088	0.0151839341103295	0.0202527390612059	-0.0328565101810973	-0.0234032379047189	-0.0199663134973118	0.0389168393744646	0.0178737176475902	-0.0382695672179294	-0.036265666820702	-0.00454407126442649	0.012943392681746	0.0410750510912262	0.00439807851416531	-0.026561797188886	0.0419798368402815	-0.0235654514143002	-0.0424569483556928	-0.012701523472109	-0.0126547299287594	-0.019183350243651	0.00335077417628903	-0.000930424465641715	0.0318875337403249	0.0785916261190333	-0.00754704871706663	0.0619568495212685	0.00838297247308661	0.00509567258045508	0.042171953156424	-0.0194250629767978	0.0125945309486554
"A0A060HDY7"	0.0282710514556968	-0.0435774517527382	-0.0461473886991927	0.00140357943163279	-0.0121410081630238	0.00402784702237958	0.00426423424535897	-0.00851306196496145	-0.0107353255338051	-0.0020966763522471	-0.0313963391764478	-0.00515002365809982	-0.00428989617892676	0.0137774939010258	-0.00210281414406845	0.00976554671177789	-0.00383532891636913	0.00872132969714893	-0.0339428698067865	0.0342715326816659	-0.0182983338408277	0.0318854045600592	0.0332709992626856	0.0133368458348363	0.00251043179492205	0.0614462641136846	-0.0306713109762856	0.0337421613990161	0.0137042285058247	-0.0440116834092307	0.0100912036627008	-0.0287629068218882	-0.0107428211794755	0.0416066505872148	0.0438099575935822	0.0158558431456607	-0.00158194627423941	0.0306960125063962	0.0240927196288787
"A0A060HE21"	-0.0295002654655277	-0.0380341578060954	-0.0136119308155836	-0.00418951057390721	-0.0230620881960299	0.00614247783437345	0.0356684584348034	-0.0407516551292847	0.0228159924860293	0.046487788152427	-0.0340208042161724	-0.0023062725957756	-0.0125834589593761	0.0234555774662047	0.044920836008634	0.0231094944049087	0.0343226506859529	0.0328332369938231	-0.0296481862465198	-0.0252501659572552	0.0259064230666676	0.0515411372565253	0.0281318040368865	-0.00433306125941648	-0.00126007170553918	0.00571519377082358	0.0225260365282236	-0.00368113966687783	-0.0405944232639899	0.0230684979537826	-0.00571659861906769	0.0378177374705189	-0.0276539978699418	0.00371382159338241	-0.00525870815838324	0.00432472949756833	-0.00109958379190477	-0.0195658914440387	-0.00345028376081848
"A0A060HE32"	-0.0414060419011128	0.00485804398349917	-0.00979637135021548	-0.019237830514673	0.0156385032405674	-0.00243798023467327	-0.0417092034687302	-0.0363671639160659	-0.00741281455457797	0.0347530901535475	-0.023105443944329	-0.0311683516280139	-0.0280706111763109	0.00991272541405208	-0.0181924990929757	0.0201940610879823	-0.0241543971981743	0.0336940286284462	-0.0235028208280263	-0.00986832177979623	0.0201391296157132	0.00446418291860208	-0.0243268319739614	-0.0040594766005378	-0.0232270472607371	-0.00642077166535011	0.0431867683690878	-0.000807304900088256	0.000811800059117055	0.0204600102644785	0.0282151067184133	-0.0100013930191603	0.0239009763900183	0.00653045161322779	-0.0461538350703594	6.36143299284493e-05	-0.0238027500877137	0.033043858971392	0.0139584619284733
"A0A060HE54"	-0.00594597866654242	0.0215987276526332	0.0286228301615881	-0.00304796128124771	-0.0444352935824967	-0.0101612341688237	0.0300709779186924	0.0221802078889629	0.0218716950089794	0.0333667228746661	-0.0609665415969401	0.0155422777063266	-0.0335511368951712	0.00889664888151791	0.0368610539484247	-0.0732645287076213	-0.0723316049806185	-0.00693057095277133	0.0581102742940563	0.00574073005039549	-0.03291333275334	0.0199978390851045	-0.0326619088898756	0.0839930990336501	-0.0338275407648413	0.0556117950595624	-0.0446551349381525	0.00823707687950592	-0.0491151363735113	0.00181360526181055	-0.0135329466361752	-0.0222298534192227	0.0395055274420916	0.0180555911268337	-0.0184416808554032	0.0297593224154441	-0.0240552492114317	-0.0388419719501135	0.00427018542973816
"A0A060HE65"	-0.0209247645661932	-0.016477217607852	0.0096483903371037	0.0199860360116988	0.0363595004255601	-0.0671878030577872	-0.00284185864316508	-0.0589275033051102	0.0488026553790921	0.00515161213938857	-0.0128751215868249	0.0290389054903906	-0.0149003657509033	-0.0246526584466081	-0.0710165125831742	0.0048570307383116	0.00703818303766397	0.0304306026154839	0.0182874999967922	0.00140509364855412	-0.0407524509797436	0.00638430209230174	-0.0238682587931053	-0.0195938258696773	-0.0218625868092597	-0.0490562007027738	0.0053513222889325	0.0220614739475745	0.0166801172556432	-0.0127528248098727	-0.0229427372094429	-0.0206431215456451	-0.0112026372357074	0.000654878471605813	0.0379176981866278	-0.00394934210424378	-0.0117125336790784	0.0833187663144672	-0.000900319903081786
"A0A060HE79"	-0.0146346757575333	0.0328326419230739	0.0030031347810746	-8.06097513526306e-05	-0.0469333895444757	0.0248826221645001	0.0513117476734233	-0.0224531054992055	0.00956118002967924	-0.0124153659020586	-0.00482812244952091	0.00087797580832056	-0.0368607730589016	-0.00927568740135891	0.0541523702203917	0.0252755747977416	0.00568401393146753	0.0177084270648345	0.0260094266399786	-0.012715490919969	-0.039205624002744	0.0218055400456785	0.0173454019115377	-0.0324630682351086	0.123476266415565	0.0277619471764914	0.00565392699351047	0.00729357133358957	-0.0580783827530677	0.00163380735167863	-0.0162246691199768	0.0354916641554506	-0.0375454002990383	-0.0422636690696734	0.0217258016989493	-0.0644930543776113	0.04322280792849	-0.0375929675601688	-0.00255299226246093
"A0A060HE87"	-0.0299608250671516	0.00408458546002088	-0.00774909725377388	0.00866447398073094	0.000592351521608689	-0.0066222483368471	-0.0345260989568926	-0.0111785808940495	0.0303474818998388	0.0792347107507043	-0.0407003936798691	-0.0142191141191934	-0.0359809268666167	-0.0487557820743956	0.00931750026693549	-0.0617766626201854	-0.020469227284512	-0.0421192458916508	-0.0423876292334461	0.0305345959672597	0.0120042650260042	-0.00478426635824453	-0.0465807794681657	0.0292309227300941	0.00832009540799321	-0.0224761748873737	-0.0375823499151004	-0.00569942268702441	-0.0109124043616914	-0.0427203444288418	0.0205426548503838	0.0418268476214655	-0.0668278684915219	-0.00224380438049682	-0.0133454374235118	0.0311131158097309	-0.00634987761330128	0.054645294488101	-0.0116652618832368
"A0A060HE89"	0.0131881656341229	-0.00208064911166445	-0.0142622142800673	0.0234009785415424	0.0220410140280715	-0.0747701978775788	0.0232134546786394	-0.0126884618421838	-0.0319103532752167	0.0420194886265141	-0.0244056442812759	0.0242799653822477	0.0454189618458213	0.0163603777406782	-0.0133661625653266	0.0190375796061195	0.0482862950127141	0.0582242104684507	0.047219428500528	-0.0424103934820562	-0.0934839988712919	0.0249611258289771	0.0205499204551888	0.0065018174047681	0.0781849820647645	-0.00996776336567223	-0.0199198289363746	0.0028803403692915	0.0399809451116905	-0.0303675702972909	0.0233196543986681	-0.00253518751318057	-0.0434972447835862	-0.0312218143541785	-0.00698391260917691	0.0014042542942863	0.0289988204884904	0.0114964614889436	0.00928492657111815
"A0A060HE93"	0.0196725911539148	0.0414206227222292	-0.0528734785390162	0.0374435469817037	-0.00324046272797114	0.0112557758547947	-0.0148840540727779	-0.0212239710914924	-0.0197762028323225	-0.012070099640403	0.0207859205191162	-0.0227432110741044	0.00116228966695807	0.0519126780777258	0.0211635293799677	0.0272829739664293	0.046845447044724	0.0179537396454269	0.0168974416916108	-0.0201736469285354	0.0173705855908169	0.0262687773561084	-0.0139236489951468	0.0157922193704243	0.0232391391381089	-0.0193521735851674	0.0388187000607382	-0.00607269923273006	-0.00162284056903003	-0.00884132053768696	-0.00469338390376144	0.00714903716413468	0.0145092708170481	0.000606831165010014	-0.0331483185468731	0.00711691204856931	-0.00814038416838006	0.0141406517294849	0.0152374058312273
"A0A060HEA4"	0.0107992982147557	-0.018760265578851	-0.00487946000494577	0.0582378495300154	0.0342741406853074	-0.0109508547284077	0.0361242543725379	0.0187712982497721	0.0233458258665468	-0.00109678953709422	-0.00106393827610752	0.00497388045132608	-0.0495205608135761	0.000261663744926299	0.00915815316043342	-0.0168793081237029	0.0627678463808037	0.0514861609579048	0.0111419189573114	-0.0231777012242363	-0.0579478080008455	0.0638888776227595	-0.0293189737331439	-0.0250246529028388	0.000492090330403122	-0.0484187370470443	0.0454924492448851	0.00749809958085611	0.017623860065112	0.0338934248174835	-0.00645978203250129	0.00190557842712943	0.0609836093211928	0.0762861586297818	0.0724200001218904	-0.0164806841723887	0.0381175241827082	0.027286407974699	-0.00340437236085255
"A0A060HEB5"	0.03932297802138	-0.00827879861127754	-0.020639745787469	-0.034752237300442	-0.00133418422202467	0.0168804081274802	-0.0117284968459706	0.0117201144276547	0.0363577107990794	-0.0128291175894267	-0.0305501168417594	0.0173586725696561	0.00312753148904844	0.00800010456511468	-0.0437776520529573	0.0268036641681761	-0.0102747884114364	-0.00761927184604603	-0.000675252110692543	0.0118443536394137	0.0375927842458991	0.035936083357409	0.000226405937664763	0.00151556578030144	0.0114359492009383	-0.0211119415340795	0.00718705612198481	-0.0582011489135881	-0.0594282425182638	-0.0286657601544114	0.00311781797639765	0.0245029282636396	-0.0365510638296232	0.0362451030234438	-0.00116344955308474	0.00495146489472252	0.0180203369539475	-0.0383374115471073	0.0392940360668964
"A0A060HEC0"	-0.00221525053364747	-0.0408212637414635	-0.0265544085570769	0.00848156373756601	-0.0229598585660958	0.0348999439370009	-0.00853841845170565	0.0406498293250658	0.0500710578438677	-0.0401999633987422	-0.0397196464955198	0.00379244765514021	-0.00123289287655248	0.0127432702372893	-0.000751010235241889	0.0371321669635728	-0.0673069755527612	-0.0317715541644305	-0.0215258493283638	0.0101163973098677	0.0166694627778002	-0.00698511155352793	0.0266188234056997	-0.0101749667120064	-0.0218814874080343	-0.0451998774673138	-0.0287083951770612	0.0614768961209846	0.0322254764786958	0.0185542204788635	-0.0366928440877776	-0.0141927314125522	0.0428673259814769	0.091510298504376	-0.0413722400866351	-0.0702673454306154	0.0180772659177384	0.0482846910701428	-0.0212739695368287
"A0A060HED0"	-0.042217501193525	-0.0259527578718875	0.00613859906313952	-0.00704551677493076	0.0294024710137622	0.0117388463410449	0.0070538723092843	-0.00236938717141	-0.0190479388850946	-0.0197212900803482	-0.0103645454826999	-0.0447139783859682	-0.00142243365569663	-0.00954511387011969	-0.0182318558270477	-0.0052425643047213	0.0260312413765111	0.0148426211048526	0.0257482864195239	0.00438422066676253	0.0292047973470834	0.00425869019853917	-0.0323387723148796	-0.0113992756489597	0.0133565523590141	0.006504858967431	0.0140937420203866	0.00527431833688669	0.035746994588917	-0.0440338028246742	-0.0189573927816446	0.0131227437614924	-0.0283646209608586	-0.00243489011204573	0.0215660968282218	-0.00509583021431414	0.0250243175011882	0.0420930768675123	0.0171075987660909
"A0A060HED3"	-0.0299332218820157	0.0516274192991411	-0.0247876626945788	0.0150229468074864	-0.00974316411484308	0.0413774581575945	-0.0401385941270682	-0.00425332842253384	0.00161135283312823	0.00159471800323777	-0.00772831302167146	-0.00657976532866189	0.0124370837305099	-0.01517484476357	-0.0299588642449166	0.00623389016947188	-0.0149605490499238	0.00627772578055693	0.0110579059085115	0.00471165721070623	-0.00408312694441048	-5.42849713936932e-05	-0.00190648614560513	0.00479027603747779	0.00422666478571526	-0.028267147539519	0.0178138378511245	0.0312825409756975	0.0120051511880948	0.00860498366413442	0.0136705450433249	0.00113925186191075	0.0144383200329483	-0.0112913100113756	-0.0123322367450912	-0.0116238540849548	0.00547038097027751	-0.00361458758492936	-0.0158028254304925
"A0A060HED8"	-0.0435881047885748	0.0154272379299978	0.0187698190632077	0.0226099904057431	-0.0332157143415766	0.0198745561528823	-0.0260339572601486	-0.0145870901909924	-0.0107157713044477	-0.0172109683164315	-0.018267827485394	-0.00436799656831811	-0.00353221552494325	0.00163727955407588	0.0142949361801547	0.0254377741180183	0.0064599847046909	-0.0106656886525317	0.000898541363753282	-0.0154540611154438	0.0036529975089183	-0.0143442753671794	-0.0164880527367956	-0.0135636352542299	-0.0302561539267453	-0.00903982298181791	0.0358506386286915	0.0010212161817717	0.000230722531459359	0.0135769288248756	0.012074575468258	-0.00848026296760675	-0.0188220415768934	0.00696958243394368	-0.0303382642672463	-0.00803579911973206	-0.0179391602024973	-0.00191447723596936	-0.0054905327413872
"A0A060HEE4"	0.00394209207767986	-0.0222508917320565	-0.0342397469915171	0.0325525330184038	-0.0108103405830842	-0.0630635780722157	0.0371941929479182	-0.00353263556200623	0.0122073067552671	0.00189941080645333	0.00377454330521933	0.0504640947334897	0.0617224712850011	-0.0109104222347126	-0.00381535309916357	0.0118181516281552	-0.083318389366026	-0.00784482017064091	-0.0209032051261724	-0.0273666626470177	-0.0164856376871281	-0.00518645009766288	0.000669017676686608	0.00463184874859995	0.0337589435544574	-0.0707149877547927	0.0339069013901661	-0.0120385521288119	-0.0141566524762811	-0.00724773338398518	-0.0959929433667169	0.0563012606755513	0.00266104108650938	-0.01223884594062	-0.0423133188684633	-0.00956081806738979	-0.00730409496628738	-0.0141379246653708	0.00284793964041087
"A0A060HEE9"	-0.040130818575291	0.0157870922362757	0.0160136608705743	0.00330447456064101	0.00872743200732067	-0.0038010636223418	-0.0302207685600367	0.0205808106695463	0.00969404049322582	-0.0445605457078853	-0.00254918477246085	0.0347212182518457	-0.0119122140791309	0.014916001423745	-0.0224624888205166	-0.0262177718253055	0.00752244474906151	-0.0395759564500748	-0.00408515371656844	0.00941779012041561	0.0362858008048388	-0.0180893347551526	0.0103397160683071	0.0253154459149778	0.0199976178165523	-0.0527144358311087	0.0313332086690026	-0.0716729394509231	-0.0163567557103551	0.0339873074970275	0.00250701305776855	-0.00302909458899251	0.0168322146693086	-0.034380064487977	-0.0486297161848763	-0.00522070409011145	0.00735719773586595	-0.0067393365178536	-0.00585583364028118
"A0A060HEF8"	-0.0409841006775946	-0.00156693306521603	0.000513542109187371	-0.0367753233922578	0.0354037482207251	-0.00811266321490373	-0.0132785490675794	-0.00706172232847928	0.0327050786542227	-0.00285882701789435	0.0089001331079648	-0.00171561274634276	0.0353184005261982	0.0181432021724896	0.0126359266726553	0.0175748084762811	0.0147127373729686	-0.00861942787951098	0.0554302927722571	0.0142723217860887	0.0079858839890983	-0.000107076172252136	-0.0229103529782645	-0.0247696434453138	0.0302121538496789	0.00257098249705923	-0.0187646721815052	0.0295128181382713	0.0357322979643373	0.0012231433534597	-0.00459400814883952	-0.0189649295571274	-0.0501794609319156	0.0117536579449003	0.0122006356987683	-0.00508434006906894	-0.00787870992100504	-0.000512063974857291	0.0180781830254562
"A0A060HEG8"	-0.0207536753089215	0.0136253820108121	0.00699194769447047	-0.0173122025256539	0.0123203217739598	-0.0346924769516714	0.024317123242036	-0.0174377562400551	-0.0124896537426977	0.0624503164037254	0.057689971377278	0.010916444389074	0.0130018142610301	0.0351043432532774	-0.0430450521825677	-0.0220313361154269	-0.00901993831328056	0.0459630911516945	-0.0208719208004988	-0.0319661104620693	-0.0585153293015111	0.0318303123114178	-0.0332495497723137	0.0246934548009381	0.0392465297883433	-0.0327651007753006	-0.0226533668708721	0.0408860495490339	0.0984878643969357	-0.00592514227619414	0.0675849769001655	0.0183055932367039	-0.071341068679865	-0.0205679254747011	-0.046925111261856	0.0047421120557518	-0.0771352574427686	-0.0281712671918827	-0.0195733377268297
"A0A060HEH3"	0.0194981525356464	0.0169638550673644	-0.00780632409242301	0.0160359312177584	-0.0319003487913973	0.0371804070827021	0.00424449508430834	0.0160151224855879	-0.010869578225031	-0.00189844026725217	0.0460930185318178	0.00129591725454714	0.0131054346106045	-0.00989436227451059	0.0227624646161032	-0.0618089958272399	0.0789380720491963	0.0799771979739227	0.0142296955192188	0.0579329547282861	0.0226560757114946	0.00472243946927863	0.0197228411688154	-0.0340507319936038	-0.0352386151053771	0.0107954605582242	0.0025070352449738	0.0172711569506297	0.00992454324043708	0.0479458292484441	0.0228815799444737	-0.0198560739882069	0.0466535887726603	0.0103483029930916	-0.0865882139227785	-0.00302399246555491	0.106203432002109	-0.0883141365323331	-0.0191950586083227
"A0A060HEH8"	-0.0422715422867348	0.0185089833692942	-0.01221250885964	0.0122454012767504	0.00399321839687951	0.00330042121747274	-0.0038243822200948	0.0393690338764134	-0.0175962527399157	0.000638596111703772	0.0479169539364029	0.0145735266039333	-0.0167919456986308	-0.0144818357567683	0.00352188006189069	0.0105079524664563	0.00599351462555794	0.0189354934854	-0.00383303018082241	0.0374582392708648	0.0212005622406451	0.0544811259946601	-0.0267127058201728	0.00455155436317738	-0.00757920428767431	-0.0307826223136993	0.00353057301550496	0.0102834471450982	-0.00707177250700703	-0.00173601442612185	0.0585085609767945	-0.0112378384302099	-0.0311819745251197	0.0011296392989207	0.0229687364931243	-0.0437027371183161	0.0179489928540803	0.0156613830502727	0.0157336749055412
"A0A060HEI4"	0.0304893132588073	-0.0217828069495031	0.0281440377067418	0.0336308808992875	-0.0182863272976926	0.0348344096604518	-0.0195980675822017	-0.0537986421275033	0.0271930249440387	-0.00603946087881269	0.0396551815226696	0.0102062539361044	0.00682543846916677	0.0574996958585848	0.0163383921082643	0.00399807720161315	-0.0313472944237704	0.00478205958245782	0.0554817882319949	-0.0187129276912577	0.0279586727963723	0.01441319782085	0.00561853970314736	0.0114794874824329	-0.00718153170996859	0.00729158930851666	0.00273370575729278	0.0256733565737359	-0.0124851574347024	0.0174985717187828	-0.038692608654457	0.0251459430959165	0.0292628224354236	-0.00965471221563291	-0.0113987550480981	0.00293432856996101	-0.00823741558620317	0.00433893020091871	-0.0364662513171791
"A0A060HEJ4"	0.03441484621168	0.0230125157505392	0.000608227992224373	-0.0374420595774065	0.045220750683362	0.00140083338549311	-0.0421767268624138	-0.000322091778813008	-0.0232718607971146	-0.00687280049260882	0.0115187615340757	0.014862841264604	0.0310136876521915	0.0225129421317223	-0.0336626919535315	0.00385913998022174	-0.0116001628294176	-0.0169379385069242	-0.0103433704645898	-0.00798589700926411	-0.00599167501977841	-0.0251345484515884	-0.0012403630290304	0.0308984676568797	-0.0296225899209761	0.0491516139801913	0.0101857081165696	-0.0178571633036586	0.0201877051435566	0.0243956156325124	0.0142081179206951	0.0108177622961331	0.0175187876697935	0.0203587970423264	-0.0528177637480697	0.0147062452410061	0.00406092143866866	0.0079602566875792	0.0198014874848303
"A0A060HEM0"	0.0211691504181083	-0.00285347043677165	0.0659980154030894	-0.0347948228472764	0.0235192833568378	0.0193278935436821	-0.00910005202356457	-0.00475784951593182	0.037127095321689	-0.00295758731691717	-0.0128377164503109	0.00118166433990547	-0.0141402187764186	0.0205287013656199	-0.0360645927608936	0.0120697033729374	0.0119162335122895	0.0217661044582701	0.0469479007794101	-0.0114042773538936	-0.0371695422910258	0.0265223715900318	0.0104701279651905	0.0106907192547448	-0.0280363244740564	0.0237286822147006	-0.0172015685928539	0.00532257906999069	0.0251038324530545	-0.0260956762486302	0.00364701975010207	0.00737890178638964	0.0590647170185911	-0.0884011582956073	-0.0204365604416765	-0.0195579484361973	0.029685749328222	0.0290709669494171	0.0068962837439585
"A0A060HEN9"	-0.0400973538403255	0.0219485048427536	-0.00193136147368529	0.000273637364264248	0.0197607764909993	0.00054956623464948	-0.0181151890416531	-0.0150105616604455	-0.00371562063547208	0.0298223428478235	0.00976871327940892	0.00893534739048593	0.00350002150752868	-0.016905165332675	0.0231191734678157	0.0313288677922948	-0.00429031108935056	0.012376024938821	-0.029782972226144	0.0300615151177763	-0.0656567494766977	0.00488387617645843	-0.00583915166383871	0.0066109514341096	-0.0379539243330225	-0.0253480852171347	0.0363936498521239	-0.0482760483472266	-0.0239163938373057	-0.00348245851104947	-0.0123011612915848	-0.0646982821795665	0.0701138807620516	-0.0198758197898138	-0.0340322279941656	0.0160098069737973	-0.0063979470167693	-0.00419490085280117	-0.0120674163230189
"A0A060HER6"	0.0261053363280061	0.00376695200779549	0.00973267485678147	-0.0124054685046272	0.0618375738730828	-0.0215134279943102	-0.0168728981633932	-0.0389211025231366	0.0229427051616966	0.00777192129241333	0.0217104257273662	-0.0109920497422214	-0.0193543018247058	0.0115183472657108	0.0535821482171527	0.027956567383529	-0.0286678408803927	-0.0376064705790081	0.0036206242314426	0.0054312075024387	0.0493419437757443	-0.0188752864783522	-0.0472290570784848	0.00935947469333083	-0.0267198559167429	-0.0341866850497674	-0.0643190214195133	0.0100412136150426	0.0260546666407304	0.0310497266263051	-0.0238873783511129	-0.0336594092275107	-0.0922301174964579	-0.026779285194469	0.0153744127147455	0.0215131351761362	0.00309377698048281	-0.0566822407857161	-0.0504704539533585
"A0A060HEV5"	0.0216837458727733	0.0260064430638047	0.000141653625356626	-0.00212364818592858	0.0346843948497043	0.0241158814043859	0.0154669254409203	-0.00820549280802322	0.0505547477075505	-0.0504262134306708	0.0104997904746746	0.0835081223941676	-0.0376589115823643	0.0507937974452694	-0.0184750271359901	0.00311448651906478	0.0125836938014567	-0.0472196844576417	-0.0584194385394605	0.0319018468367411	0.0706695528411529	-0.0139142905011613	-0.019217610257649	0.0184388654901642	0.00674910235910862	0.0129569029865157	0.00611608160023005	-0.00969135089925803	-0.0187002846207684	0.0142855797936547	0.035140430431804	0.0253970446271723	0.00712048502853926	0.0215718422434991	0.000965801534346266	0.0374375677424835	-0.0593327561542347	-0.0170090201565839	-0.000869303762172128
"A0A060HEX2"	-0.0459218142382289	0.00971845230696888	-0.0228898539760884	0.00415114284890213	-0.0134038568957279	-0.0213187913820316	-0.0121383260503598	-0.0333910991033641	0.00753493054546386	0.00929359319491404	-0.0139103077890329	0.0123330146150857	-0.0296174490811808	0.0186617171893237	-3.46436868499251e-05	0.00759589453873549	-0.0180098373713912	-0.00899176899872991	0.0217088254575093	-0.00626712412701214	-0.00200270549552791	-0.0147654521438192	0.00770050626295795	-0.000698631132934651	0.010127139348818	0.0013555346272048	-0.0074251091663163	-0.0333504570453917	-0.0234951287861058	-0.0224971858711169	-0.0127882315831832	0.0447119517801778	0.0298978364233046	-0.00232132195173624	0.00572433824275498	-0.0160380015572848	0.000677267949342678	-0.00240066331559177	0.00163409457911409
"A0A060HEX9"	0.0199097867309448	0.0268891919257621	-0.050891375239037	0.0100730683667149	-0.0354511295294897	-0.0270332134609136	-0.0290823993710296	0.00742878138979992	-0.00656791394902085	-0.0141601700891066	-0.0104581870861083	-0.000347469252161944	0.042950354430296	0.0240542508965767	0.00694256574465532	-0.0118762048521893	-0.0751596731203831	0.036226847941358	-0.0390082408086778	-0.0457948866760366	-0.0337406906176526	-0.0193761570955035	0.0570055760044497	0.0111335207697052	0.00472333134401956	0.0056597051327024	-0.00634547437538262	0.0364078701041632	0.024694415519803	0.0255144196158633	0.0163305973427849	-0.0276176310662829	0.0352061333284053	0.0139793129193647	0.0381173743627923	0.0401858304764356	0.0313885482029175	0.0178498576984505	-0.0134296441041958
"A0A060HEY4"	-0.00566819822190929	-0.0287707807746368	-0.00831068664685965	0.0142186065607148	0.012130657950405	0.0278589799513545	-0.0631440978708141	-0.0115877705585391	0.109996288221331	-0.00303520105784588	-0.00917223699511231	-0.0639108145314562	0.0222792743534279	-0.0294846941894093	0.040770635870702	-0.0226007051695839	0.0382665386523216	-0.00639326419549558	0.0382175639197195	-0.0177337621682245	0.00899579727313221	-0.024921162524886	-0.0340324934442854	-0.0030370499512056	-0.0355230800360025	0.0107471284002198	0.0142475741986539	0.000812954877254169	-0.0289236469406153	0.0112997237979552	-0.015830050388794	0.0227520408455169	-0.0114587345889428	0.0162460709930525	-0.00322488138248638	-0.0779576332555826	-0.0042122019364968	-0.00111216942697459	-0.00039230811424211
"A0A060HEY8"	-0.0227963684359655	0.0204091803435918	-0.0135377858733429	0.0399025315625155	0.0546719061390623	-0.059164963023051	-0.00847928677822806	-0.00686440323530684	-0.0122829214960645	0.00381059666372327	0.00475856644083924	-0.0291206961059997	0.0261410931697614	0.0199950221324386	-0.0391645914571881	-0.00986279893803931	0.0196038636954224	-0.0249778423002439	0.0128051902330449	-0.0233391430121811	0.0319763704163441	0.0254391528251424	-0.0132250104587023	0.0136357225590517	-0.0275428725819508	-0.0295440808964342	0.00498517415225655	0.023112035223484	-0.00918542520447073	-0.0646649461435859	-0.0193614021424852	-0.0446500341785287	-0.0107668712017393	-0.0567270596483115	-0.00584328351802374	0.0177142118620044	-0.0330138319252838	-0.0289696866114002	0.0141298150144426
"A0A060HEY9"	0.0410917631789768	0.035797594937723	-0.0131358841871598	0.00164848138624582	-0.00604442204696147	0.010161546595642	-0.0111989315260186	-0.0262308324709345	-0.00582546351699775	-0.00668563445276762	0.00864366331285846	-0.00628003154168677	-0.0213121295463835	-0.00431279586046667	0.0201485852207178	0.00222677967227787	-0.00105779406665363	0.0107596883672222	-0.000387494343061469	-0.0324201691909427	-0.0139376030171637	-0.00345975985328755	-0.0455506159342894	0.00576232190305539	0.034623594205115	0.0191498760629262	0.0315867371176226	0.0279795893017742	-0.0418114976224789	0.0439065770493048	-0.00855175289562607	-0.0102639339076186	0.00591560152750658	-0.0184971757040325	-0.0234961378568078	0.00518763617333352	-0.0332634958791874	0.00926708799354314	0.0262355659357689
"A0A060HEZ5"	-0.0387006044022896	0.0148132068551047	-0.00296919184641231	0.0174924420425707	-0.000600147607597491	0.0279737472098409	0.0672865750479201	-0.0390754336597761	0.00196513844061538	0.00601150408988167	0.00414181317267382	0.0180153422640391	-0.0270145673885151	-0.0133671566723739	-0.0180275479593014	0.0330178046342487	-0.003693829279528	-0.00557271124049724	-0.0311428800873071	0.00547271623322165	0.0365196962010316	-0.0129451230326679	-0.0310938430315448	0.0256248325187206	-0.00377225620431919	-0.021496450507312	-0.00231794484276659	-0.00719024886263477	0.0275892064882566	-0.0279412506650843	0.012054958663756	-0.0010356306797484	-0.000580030946147307	0.0171211697022593	0.0357292294019686	-0.00638730323506604	0.0228671926175953	0.00939638452538254	0.0191898603621369
"A0A060HEZ9"	-0.00191796934011034	0.0664973951729112	0.000644669582718144	0.0108143705246779	-0.0105425637209223	0.00687578804902671	-0.0563054116523915	-0.0303608645382398	-0.00756213782733901	-0.0132983262746451	-0.0070860559704968	-0.0265437964598477	0.0159594866800784	0.028160894283129	0.0184690462228224	-0.0120177292278662	-0.00860619705986715	-0.00653523036852806	0.00700412269651929	0.0203862061566749	-0.0369110531690553	-0.0165504074392954	0.0266126472997089	-0.0103039490583579	0.028982141770003	-0.0146184316316544	0.0532891830082227	-0.0312872272425375	0.0200846857474875	0.0161744974622239	-0.0110746632274488	-0.00567611488484192	-0.00334845733217385	-0.0264080868599625	0.00593297269857989	-0.01102048580947	-0.0159884240694574	0.047123340179682	-0.071350871521065
"A0A060HF06"	-0.0261597296852295	-0.0128437224096603	0.0234830388535705	-0.0147049609867752	0.00639733991544675	0.0294898876083307	0.0335344701357568	0.0123679386041573	-0.00302657588480573	-0.0388494818095994	-0.0149432293216852	0.0126366021115831	-0.0220121158841886	-0.0285091877894171	-0.0543193146115682	0.0127128202758792	0.0123220163632066	0.0399954476694946	0.0499069505762418	-0.0262391765195655	-0.0520710558292528	-0.0110972046496048	0.0158488285764881	-0.0436826571794622	-0.0698928978343296	0.0344022633957117	0.0587056148412236	-0.021780572999689	-0.000852319318673926	-0.0770319681451557	-0.0107251583333163	0.03496433879212	0.0346831303140204	0.0815861116762677	-0.0449163765053064	0.0472470534335894	0.0165093913060158	-0.0684306871982268	0.00677805411026239
"A0A060HF07"	0.0167742469643483	0.0283255576550872	-0.0396370411104656	-0.0150111714874594	-4.41866998904116e-05	0.0457007222183742	-0.0654073524735498	0.0158967247156227	-0.0480450273301167	-0.0108038081455769	0.0348173892829568	-0.0602229574221636	0.00124944966206286	0.0269211873114538	-0.0594929432203072	0.0123805955906095	0.00845007274920575	0.00632995593659123	-0.0299835657259202	-0.00893913908319756	-0.00233309946230582	-0.0420838646018216	0.0248727373559628	-0.00190832559150755	-0.0173286497810321	-0.0240179605812626	0.0224881922711277	-0.00608587294631829	0.0115928524361312	-0.0370427929615207	0.0115749845826931	0.00731713269594435	0.00787541356268577	0.0411316966186876	0.0106152668763494	-0.000776480315926863	0.0246137408101299	0.0204103492968039	-0.0173326287720748
"A0A060HF10"	-0.00445281063152247	0.00353355008251573	0.0409367298944185	0.00590722505364916	-0.00190703409795998	0.0762057618156819	0.017075320303682	0.0254365197249745	-0.0218231832496599	0.0352347387770098	-0.0304639793959296	0.00679151526800047	0.00981179689758277	0.000291924252245123	0.0213150602939425	0.00416930961075535	0.0489787006922565	-0.0435393391426151	0.0253299139629856	0.00987700592555551	0.0626457593080291	0.0104372703878636	-0.0438040076882964	-0.0104019766985671	0.10584176877677	0.0672218481705059	0.0455097984282015	0.0671042794302961	-0.00768797774171428	0.00577071664787407	0.0238049178123051	-0.0278013770733324	-0.0090209491052684	0.0251326806556314	-0.0307674351985382	-0.0545673880583654	-0.0330517906948163	-0.0369748631123238	-0.00798032148777265
"A0A060HF15"	0.0142957802474852	-0.00459710338532019	0.0628027940281331	-0.0115440185253123	0.013638888926151	0.00133789402226966	0.00290958194068513	0.0104333379609167	0.0449681456575825	0.0116796237127062	0.0145673499122483	-0.0476895278031228	0.0317761963196434	0.00439161380439642	-0.0128426718227971	-0.00788507748906441	-0.0290505156278757	0.0731987123802057	0.0396228590310065	0.00890379034727835	0.0171029693696723	0.053892743371957	-0.0302108965688693	0.065114892823873	-0.0132419481876341	0.0224365220408025	0.0614429061599146	0.00959515876776952	-0.0429835273005816	0.0052945837433829	0.0833963239028754	0.0371604119289942	-0.0597705566256336	-0.000675939860458565	-0.0248004509050037	0.0312128736386739	0.00426325448142036	0.0195090310046411	-0.0508763367848001
"A0A060HF22"	0.000559293145571562	0.0162035969524268	0.0232446706300379	-0.0558639755767762	-0.0547800201472524	-0.0208789208033077	-0.0293351255758692	0.0353138679772557	-0.0112958288350758	-0.00548409599118505	0.00158650244124751	-0.0247891383238821	-0.00397741896628624	-0.0274922771896179	-0.0110364995693957	-0.0483880948764928	-0.0464167310825673	0.0229668463965293	-0.00153967834159734	-0.0842738262575151	0.0373061962079886	-0.026158620672801	0.0093367414535158	-0.0351933837481818	0.0450041866628971	0.0245321222040276	0.0591546947930024	0.02417947996151	0.025816779720979	0.0281655947315816	-0.0433223116703186	-0.0400070124336618	0.000610579078721038	-0.00300713894656275	0.021443710220342	-0.0144284558029223	0.00582385120763222	-0.0176747032098619	0.0520597610063814
"A0A060HF26"	0.0299884053145148	0.0207916427302597	0.059268513872929	-0.000215807443662223	-0.0127198636859495	0.00165102030210948	-0.0126539247598572	0.00901324708685877	-0.00146741923809816	-0.00236551571929274	-0.0314906101854091	-0.0229108408661687	0.00391617697060802	-0.0153907346552868	0.0132946957224447	-0.0108140767471123	-0.0108356895236827	-0.0112235229887573	0.0148894151362832	0.0266260072563581	0.0147326774767881	-0.00338662580142927	-0.00224984283820048	0.0393215752356689	0.00228014304088777	-0.0334288395615683	-0.0243699364850523	0.0232734311003117	-0.0347590093723506	-0.0103017847587101	-0.0391289129036613	-0.00984598760119785	-0.0370352733155094	-0.0834597331047809	0.0388646208171983	0.0706194561355498	-0.0102532065829555	-0.0631914437074431	-0.00310230632127322
"A0A060HF29"	0.0140289761561044	0.027286694044808	-0.00301567000938801	-0.0705341082109446	2.88846759159133e-05	-0.0432330710960794	0.00158805226557446	-0.0412413702283028	0.0313864942390576	0.0397725490443461	0.00877198147547539	-0.0326215870347856	-0.00823948826771623	-0.00915238753126169	0.00666600720665046	-0.0471224465729536	0.0494673645205222	-0.00763932873355676	-0.0420874774600205	0.00765594863699618	0.0184239068301525	-0.0148012977235745	-0.00708594250009254	-0.0463771174947673	-0.00345939593244539	0.000779281145073424	-0.00948405685990378	-0.016219872278355	0.0389185939782383	0.015380947798685	-0.00745564451057505	-0.0100267138887807	0.0260843725186796	-0.01568755884066	0.0377497888063597	-0.02790741137601	-0.00960053765774798	0.0305691441989956	0.0269791692893185
"A0A060HF44"	-0.00202804462192452	0.00703240690008401	0.0297041446274445	-0.0306050426948279	-0.00787555122256894	0.0116620355026718	0.0305692800548043	-0.0513866892149305	0.0449112518423956	0.0438610596863046	0.0266178610195987	-0.0495321203115901	-0.0299233490580816	-0.0328678115087669	0.0256884262126952	0.030594642738104	0.00721524947446149	-0.0422412767244173	-0.0530080906254998	-0.0146940693715743	0.0241157747276674	0.0402774296703962	0.0933228012754594	0.0558757006443016	0.0263066047051012	0.0340692500559383	-0.0140061828908326	-0.000216986764766658	-0.0512880300077804	-0.0149329377839397	0.0507569689241619	0.0461413852569018	-0.0583091931004246	-0.042645928438604	-0.0793860108053707	0.00302035609644082	0.00486890936533118	-0.0747753765001778	-0.0076925424546614
"A0A060HF56"	-0.0162800063170882	0.0255782111903131	0.0133265541765876	0.00876415536089595	0.00769007707696135	-0.0370416781617727	0.049812621901557	0.0184839942042651	0.0496458816030412	0.0254217275271066	-0.00782165010132016	0.0186551787512657	-0.062781050049902	0.0191338867900241	0.0625501703915438	-0.0400901476195063	-0.00420877331528697	-0.014328234441098	-0.0114078105452844	-0.0282470253937384	-0.0584027928981615	0.0527831090751303	-0.0134229650206477	-0.0507670785571	-0.0261655628164011	-0.0235948967308468	0.0410769079457641	0.000579007073775846	-0.0609489842853003	0.00943679371112796	0.0880340442725977	0.0259014724747564	0.00392865799573756	0.0159611341571254	0.0329242973039171	-0.0121755606418004	0.0547313985071613	-0.0562061233987108	0.00713313948629223
"A0A060HF58"	0.00661996960508403	-0.0510830620053084	0.00479450691821085	0.00173431020621683	0.0515443829311028	0.0608341836986433	-0.0170508048768232	-0.0488040397733915	0.0162080880654293	-0.0177670732985528	-0.00202998815378842	0.0103266354912472	-0.0157454438196817	-0.00861853339908892	-0.0123058447377221	0.0046078457530298	-0.0571929775142986	0.0219651323189142	-0.00730635685300536	-0.000679324905514002	-0.0188634502776949	-0.00952260061419492	0.0252309477039398	0.0164922956731295	-0.00919114501266546	0.0191110795754964	-0.00895880863228133	-0.00108167711538957	0.00453801691565865	-0.042841127154745	0.00897245117768754	0.024563163753579	0.00312293122561027	-0.0514881850585407	0.0287302550495456	0.0161453325271007	-0.00200177443375236	-0.0253481228305635	-0.0255333522602528
"A0A060HF64"	0.020556801834237	-0.0340979159584805	0.00367067956982945	0.0384408529577628	0.0283749602946159	-0.011602459600131	0.00340199740131766	0.00423107764245615	-0.0663177648881587	0.0410273026183135	0.0600342498305768	-0.0219347009929585	0.0228363722210993	-0.0125909872198065	0.0644906512807379	0.00592712557238953	0.0273071641818474	-0.0227103856535419	0.00332523683905202	0.0133214892526542	-0.0198071474694106	-0.0530325954639536	-0.00645479433738413	-0.000494722177888355	0.00763972807804411	0.00546584706034635	0.0211174661903602	0.0138858994308159	0.0510788355838692	-0.0556134457114328	-0.0119447606463689	-0.0273460046411754	0.00675877207005416	0.0107971487101347	-0.0285971155032124	0.0290394773803994	0.00633341475278636	0.0179143466766266	-0.0127850878307937
"A0A060HF76"	-0.0212270633330441	0.0231210056277592	0.0399494572070241	0.00194615101112491	-0.0348321206496306	-0.03730488198194	0.016302250669132	-0.0191401236151466	0.0253114846220737	-0.00666523185134831	-0.0571336658291003	-0.0438000006049765	-0.00712631328301344	0.0170540160995546	-0.0315434619074749	-0.00312639290416568	-0.0231363005501854	0.0384200071699466	-0.0267471932961709	0.0336611020363303	-0.0180950225308782	0.0152318479063625	-0.010913876221529	-0.0693115920717289	-0.0534854445374035	0.0268801304095642	-0.0108366609741261	-0.0213644571758611	0.0100244360701582	-0.0562988227996335	-0.0019308065045678	-0.0239725284641444	-0.0451765240619676	-0.0206758983725993	-0.037263805777287	-0.0329653727442964	-0.0806353758584798	0.0141450158426409	0.00213519854081017
"A0A060HF91"	-0.0363539209027226	-0.0140334050824169	0.0523808085733605	0.0254464800940311	0.00850255255241635	-0.0241845076481947	-0.0121633961360814	-0.0364924254843696	0.00897300181208571	-0.00374113519691761	-0.0126514596604299	0.00991877639591536	-0.00278971580017128	-0.0253776910930844	-0.00472242180057486	-0.0188015387744395	0.00455435961835102	0.0272940902464633	-0.04276920495319	0.00646527931964069	-0.0252368449533713	-0.0114914776585509	-0.00761423841107857	-0.00164078664724777	-0.0191772879830178	0.00284054579351176	-0.0233501855398208	0.0128505328183063	-0.0147885569636023	0.00775622296966601	-0.00251201677942278	0.00939828145247541	0.0212413515425004	0.0182775111775639	0.00916373794214934	0.00328628793152367	-0.00393260271668053	0.055951876818508	0.0248980599770763
"A0A060HFB3"	0.0339893986803027	-0.0452138954918499	0.0246446246645594	0.00884181094755987	0.0197596997339549	-0.00961539988959936	0.0110236267953286	-0.0283362716931788	-0.0203814814952801	-0.0104437108375249	0.0102175907463892	0.0133653064072839	-0.0278225916687437	0.0298394324533856	-0.0195886595158417	-0.00984520403393354	-0.0178991011983636	-0.0177694965138664	0.0128835460228212	0.0112768145817528	0.00248316195776725	0.0269055431643761	-0.0159473704265786	-0.047080540801869	0.0187834173020777	0.00314693723196655	0.00839132702315965	0.0329214020970004	0.0169708833842952	-0.0110696420190991	-0.0315946580122419	-0.00992104174055111	0.0241640755479538	-0.0376039333697992	0.00777525024277398	0.00371518021856694	0.00809755826968415	0.00827454506286066	-0.0464807762602687
"A0A060HFC6"	-0.0265648592109677	0.0400771307504289	0.00647543537907582	0.00982044692871401	0.0580111159597269	0.0248828083601225	0.000374196217610198	-0.00355125981727934	0.0157644641037149	-0.0236113144488197	-0.0023102983308405	0.0202591153269596	0.0202111163886267	0.0613377920219507	-0.0180964841536139	0.00437361275069112	-0.0250553294434151	-0.0213940690826312	-0.0110460580896533	0.0108338950435307	-0.00169509597449333	0.00292150192292148	-0.0057307211366786	0.0352403885524133	-0.0504795966725945	-0.0324010962682161	-0.0340797917786544	0.0293441896744537	-0.00325981805816367	-0.0102813388359458	0.010044903619208	-0.0273183598536583	0.0167513913398785	-0.0422178961166854	-0.0281837181383091	0.0227361095906372	0.0188213257807822	0.00199807948719336	0.00338423507651761
"A0A060HFD4"	-0.0150721633100649	-0.0441388549476442	0.0613784776372307	0.015179557888667	-0.0291027964205976	-0.0126242968664361	0.00296949661324674	-0.0217582816765018	0.000227998949409782	0.0368366610596022	-0.0364730070030342	-0.0122714242798388	-0.00766148247252295	0.0148011821653939	0.0328615238259135	0.021587168367533	0.0409061281400418	0.00634102875494385	-0.00845136261674082	0.020494895002141	0.00607196707160819	0.016975939340363	0.0150988771645024	0.0076255783832293	0.0235172552424229	-0.0262184020672694	0.0232889041901482	0.00173652639031716	-0.0144806880051619	-0.00557377245583722	-0.0182396734533013	-0.00588363476344928	-0.0399407714504599	-0.0258489973191218	2.36119532660439e-05	0.00465202606899399	0.0250726317760896	-0.0153072410409773	0.00948774555911541
"A0A060HFD6"	0.00309065229834062	0.00120919861191756	0.0618793312118662	0.0109919500012518	0.0369092387048152	-0.00950590739588514	0.00216318496118615	-0.0493772127360086	0.0148153627382383	-0.0508641076210813	0.0252036454554488	-0.00528700536016497	0.0140999796986405	0.0115426994389869	-0.0281289816217268	-0.0481967276846981	0.0812889371893037	-0.0105650318390808	0.0283779786945348	0.0259444542718202	0.0209923731796761	0.0264747391129848	-0.020483323172926	-0.000939275353041093	-0.00760812834423868	0.103239939357826	-0.00462148161625473	-0.0323212520222321	0.00123176804338141	-0.00711745623472955	-0.0149399735938922	-0.0119221501109671	0.00991561896085239	0.0275004042398885	0.0294028472462454	0.0173556859910615	0.057145315486555	0.00476219790674571	-0.0482803628028156
"A0A060HFE0"	-0.0444700061133937	0.034716713576643	0.0123640100625202	-0.00752600843962842	0.00853490587244811	0.0138382421968875	0.00185087228729553	0.00233046960788752	0.00186030680067066	-0.0162291496618164	0.0065235138028521	-0.00948670384770372	0.0107887706064314	-0.0202767878752695	-0.00393847120116141	0.0124392056462501	-0.0214167036463823	0.0135983493489785	-0.0161413364459876	-0.0169209708517144	-0.0150872635471745	0.0144385550423513	-0.0249089962061909	-0.00735069862820355	0.00632692686629413	-0.0068986452133791	0.00172478893325456	0.0131788968128814	-0.0104789703307305	-0.000963034881306504	-0.0150685273857465	-0.0269634411968301	0.0131064877796986	-0.0157283308215172	-0.0278775710665972	0.0218904122358335	-0.0133471335656495	-0.00175995800535559	-0.00313858217969333
"A0A060HFE5"	-0.0152164457655579	0.00193497095176346	-0.00929655783411128	0.0387533467080312	0.0191921335958558	-0.02636410801246	-0.0339547101523754	0.0472627893048017	-0.0297065987422147	-0.00516353298471519	0.0240964506173353	0.00975022199027312	0.0386321921773689	0.00258781539760109	0.0116083925442776	0.0492418667144005	-0.00331712054828067	0.00386920967383401	0.0356279621792898	0.0325270406589959	0.03414098637252	0.0974739999928795	0.0211332261104548	0.00987163019320522	-0.000985375560476588	-0.0130187177812837	-0.0517207792930365	-0.0648934416332764	-0.0561522894999486	0.0832364270918266	0.102412450263071	-0.0252321919374916	0.055426948574288	-0.0206616797692962	0.0326067668029521	0.0376001343119663	0.00238586886615619	0.0332860668023241	0.00590786122097809
"A0A060HFE9"	0.0221092307449894	0.00251830068740931	0.0241003737756665	0.0114185462133953	0.0273617019246084	0.0403384660855059	-0.0398953176066555	0.012157164730169	0.0925963371162301	-0.0096974965215871	-0.0300058887518934	-0.0313819878416509	0.0681790762095976	-0.0710657675917765	0.0376796359572542	0.0122200746514217	0.00209314324685771	0.00630438272428074	0.00213539959409201	-0.0343734679411231	0.00802164561232976	0.00716576233073682	-0.010052859683465	0.00238550750341308	-0.0396699424183937	0.00257835109442034	-0.00571153990340266	0.00821983630867833	-0.0192733164185144	0.0193910788210086	-0.025698965438821	0.0267395073262498	0.0175439270243559	-0.00450580457918558	-0.0151734545032835	-0.0250165584004339	-0.0157764778428223	0.000943544438441742	-0.01143370131985
"A0A060HFG1"	0.0465791192475886	-0.0226052158248236	-0.0190773440712771	0.0165624373476791	0.00400509748889707	0.00195200162999367	-0.0203686256789297	0.00659433699673693	0.00335115110318836	-0.0265449236611081	0.00372012565568175	0.00628590097455227	-0.00252281815988911	-0.0104471734252504	-0.0117208948943822	-0.00911342458087049	0.0169205029595945	0.0166037311446226	0.00782778424033958	-0.000854484036000551	0.00325948679099163	0.000443666673066871	-0.0208823590147064	-0.0188526414265332	-0.0192954170188522	-0.016718634114057	0.00419642823533295	0.00624211076858633	-0.0181654730110261	0.0102796519423155	-0.00662314239535227	-0.0109304477075579	0.0146977728578639	-0.0269403510895075	-0.0209162035493599	-0.0186200516143259	-0.00562907393543808	0.0112962284045222	-0.0175230042785764
"A0A060HFH4"	0.0231648679102278	0.0281386198158718	-0.00855077161558122	-0.0280995884233883	0.037893371949834	0.0563028626335164	-0.0558091700754218	0.00190956729752178	-0.0306543755209121	0.0471954795874819	-0.0399558681529121	0.0280729862441704	-0.0046018629103537	-0.00837304986024339	-0.0377697180574134	0.0123291779443925	0.012191050108621	-0.00234515099469263	-0.00478810275751774	-0.0268570923982991	-0.00562306838867508	-0.0161063152256882	-0.0250301568490554	0.00545121497160828	0.0356945417857973	0.0168780635621687	-0.00883517627233975	-0.00539234086910356	-0.00312347389792704	0.0150834805263185	-0.0151370200272832	0.0019930891990789	-0.00554856671776282	0.0371266870837002	0.0189924456178067	-0.0443333728646899	-0.0372305361216551	0.0368138151253591	-0.0124189134761147
"A0A060HFH9"	0.0248721845997258	-0.037067926886357	0.044548702633074	0.00972130021583306	0.0457845633684232	0.0307145246696768	0.012648295265246	0.0364138235701907	-0.0174020753411574	0.00913897864243112	0.00337929827900066	-0.0140478971431899	0.019975061436763	-0.0248381731650998	0.0116808743831499	0.0327878754769216	0.0305801501812964	-0.00308850070319019	0.0282723236524498	0.0349103801245889	0.0226764435390653	0.0158142510141158	-0.00984910150676774	0.00861234337949027	-0.0174943676036723	-0.0138262641625094	-0.00882591281649654	0.0517001282943611	-0.0256244674065885	-0.00557445294456609	0.0160045358386495	-0.0116792427381178	0.0160427614792308	0.00679723661803279	0.00356082690993556	-0.0112173849641187	0.0187539346513115	0.0143901137801108	-0.0178984260062302
"A0A060HFI7"	0.00617025206841062	-0.0519072949983841	-0.0159880510959682	0.000870308616618577	0.0260919848371078	0.00840975999818512	0.0228991667290654	-0.0289103794338787	0.010803099871041	-0.0381492787505187	0.0119926535126825	-0.021582153313648	-0.056398739838616	0.0483826423116223	-0.00705603596683037	0.0126487618963872	0.0136030914534158	0.0220593362712522	-0.062067769916002	-0.00397135650024371	-0.0186906064005234	-0.0227718626565728	0.0227235528682717	0.0268393284497659	-0.043536908464804	-0.0157667683539338	-0.0258126157958429	0.0650388562218246	-0.0838536811689719	0.020479847925961	-0.0383695093113134	0.0341771920665902	0.018904944453366	-0.00702768333910728	0.00940697703307435	0.0361849201339801	-0.00547219402781176	0.0605132990799765	-0.00310348722565868
"A0A060HFI8"	0.0244173456032066	0.0233140305909388	-0.0260612414451727	0.0437311185597681	0.0418389954500866	0.0559446361059253	0.0398289227780445	-0.0158109676663868	0.0335814015021115	-0.012508990797113	-0.0251723272057531	-0.000594277179289285	0.00643971314116729	0.00384757996416447	0.0032774952243332	0.0382265751108764	-0.0203986238883479	0.0272665640340557	0.0146607612174315	0.0125978840939352	-0.0247881524346698	0.0340010014028318	0.00131972815936197	0.00616078642576611	-0.00126003327123652	0.0304371982121185	0.0136674474030025	0.0398934367611942	0.0275026802854426	-0.0140462361103243	-0.00493623402334179	0.00526414727585893	0.0022518872499405	0.018347210538737	-0.00942988346306162	-0.0129748865525641	-0.0280462993347425	-0.0104261614815915	-0.0210179534066767
"A0A060HFJ9"	0.01901204961383	-0.042738570959763	-0.00529464596659827	-0.0475423539247682	0.0469444014893954	-0.0254514892211963	-0.0107610304867991	0.00778766324471163	0.000488704907143253	0.0180589284899933	0.00443445538397736	0.00328873028988587	0.0492090640714015	0.0306800436502104	-0.021175043041549	0.0054520110445557	-0.0435617041076325	-0.0355136769994219	-0.0376845759874734	-0.00927036944044698	-0.00594693582332502	-0.034905050120815	0.00779199750390216	0.00213450524106112	0.02877732223795	0.00804199295675302	-0.0310649105965638	-0.0120809283379791	-0.0155742925640809	-0.0191188079595799	0.00733348329228389	0.0420211565008454	0.0129490213657771	0.028949754283648	0.0110674847713678	0.0441027240005068	-0.00733175040061137	-0.0175468050037361	0.00330281576057238
"A0A060HFL4"	-0.00629688295919379	0.00611273961116282	-0.0552288109693175	0.0604640816568435	0.0172799727223965	0.0104154726513733	-0.0177019639933727	0.0236906084749207	0.0187830600459755	-0.00213091161320481	0.00784453866237859	0.00116387152088765	-0.00305076872682178	0.0216011783856523	0.00644469465993171	-0.0322736711740051	0.0509476736021595	-0.0327946976723924	0.0333234025560666	-0.0195328402485393	-0.0160471302822579	0.0202744396271728	-0.0228666785436381	-0.044123254528752	0.0326353127751155	-0.0201631056416353	-0.0759616396253697	0.014325078324534	-0.00743713860793467	0.0544342284710346	0.0273785049613722	0.0333380261264462	-0.0614526443553533	-0.0363838459231859	-0.0162426826559469	-0.0206235662476867	-0.0684326369604784	0.0214805178821012	0.0254940245921092
"A0A060HFL5"	-0.00362233004235988	0.0222785999396347	-0.0213240186534376	0.0149732317420672	0.0323488477004379	0.0481154021490597	0.0644448416019114	-0.0529725911065976	0.0022737532771847	-0.0181520127413813	0.0219158944978608	0.0560014316365629	-0.00298825859054313	0.0571961503291033	-0.000377358253435787	0.0108012713006972	0.0361649502858433	-0.0707191590581048	-0.00371684343415269	-0.0318242449697683	0.0179222481275677	-0.00375934014221448	-0.0252241293466955	0.0425201478724184	-0.0341530868362635	-0.00721653358881007	0.0475778471032313	-0.0112346385758471	-0.0167995715347001	-0.0386379258146742	-0.0108514969631743	-0.0372754948795218	-0.0740006384799945	0.0153663024571584	0.0296541178462676	-0.0505283848553367	0.00994552811856744	-0.00489993351025567	-0.0123859225604024
"A0A060HFM0"	-0.0300571711696278	0.00253668304746367	-0.0440845332594523	-0.00643534376136864	-0.00185690982480805	-0.0197231776647253	0.0429428090386773	-0.0153206426298874	-0.0509670248009041	0.0389473094578262	0.0306903283157078	0.0144485859329266	-0.0302560024380445	0.0393104992227365	0.0409163530119155	0.00851870754782908	0.00124967601248234	0.0329577071382016	-0.00767311262551128	-0.0552163918787572	0.0159782488768909	-0.00425948644350442	-0.0234049084533171	0.00798473158638707	0.00952577308913282	0.0341837163523895	-0.0331494335381946	-0.0456629450413587	0.0328787045387154	0.00818581135539143	0.0281998326017147	-0.0275290386505096	-0.0107455061508713	0.0505803221229155	-0.0127195921405033	0.0288758014894383	0.0287853568919419	-0.0270507778360617	0.00966455909634057
"A0A060HFM6"	0.0351322201100559	0.0245351369569291	0.0654335237230562	0.00627515275541033	-0.0142246343587503	-0.00513749446013827	-0.0111658659421251	-0.0059426358089835	0.0128377006260563	0.0153687073442906	-0.0240508238971294	-0.0060890633193956	0.0254124406898774	-0.00429195761234279	0.00917424221656426	0.00479964358164176	-0.0107529492365524	-0.0129127200007386	0.000909104824786088	-0.00868037459046969	-0.0129620640115292	-0.00486630120017307	-0.00773704199280084	-0.00901913724124679	-0.000399005813595004	0.0133601978289979	0.00326589049386905	0.0120591079410718	0.00552436603091239	0.00124141270273685	-0.00384257371927406	-0.00854249365079283	-0.000994053429824097	1.13984605727246e-05	-0.0133403074070938	0.000271127935630811	-0.0156766026598738	-0.0142704197294458	0.00669155447561077
"A0A060HFN5"	-0.0168233315342644	0.0503933221903223	0.0267776822057665	-0.0236276436561674	-0.0344564507130633	0.0520263496416433	-0.026858146191765	-0.00180642469581815	0.00701539872178784	-0.0130068929947493	-0.0117134507452188	-0.0212165320645253	0.0360469784773331	-0.000896981219997172	-0.00165766733929572	0.0389404199317109	0.00282246297455614	0.0128660518469253	-0.0384355462220106	0.00885732942831116	-0.0125553207030951	-0.0240685558227216	-0.00706419672437147	-0.0461455974272712	-0.00363294103068342	-0.028752955356037	-0.0242418299565534	0.011330382561217	0.0240597588652971	0.0150052979845739	-0.0303440701428354	0.0185648146068945	0.0141720856426427	0.0327359548147795	0.0165232789425922	0.0041257801909256	0.0283560639647269	0.0170116488813585	0.0133654495730727
"A0A060HFN9"	0.0329953179011848	-0.0100965195726694	0.0469586596774807	0.00177062958840513	0.0119914260335356	-0.0151969505677387	0.00144414535368673	-0.00427896188195054	-0.0896671580149137	0.0102959608022761	0.0235532654668803	0.0179478122264073	-0.0398530658016958	0.0403072737478912	-0.024674696923995	0.0209585798043435	0.000187780587605119	-0.025919956049646	0.0192657765703959	0.0307950542506079	-0.0282370102325402	-0.00437654636896384	-0.0113763428498489	-0.0105385000330457	0.00607782603851783	-0.00639595772854038	-0.00274433102187526	0.000780530296135476	0.002841008411401	-0.00246233260310905	0.00830059240671155	-0.0230857917423732	-0.00319292329940673	-0.000432523170596368	-0.000620906118292976	0.0113066031787193	0.00811214451966541	-0.00231889302484369	0.00756553682424423
"A0A060HFP3"	0.04755857542314	-0.00800737797443338	0.023721102977791	-0.00358032587316066	0.00381986533825995	0.0121407131609893	-0.012323120923454	-0.0104950126426461	0.000176704629318325	-0.000734179700108183	-0.00115141912163081	0.0230701036326028	0.00621529486719779	-0.0050179551500336	0.0125446389071738	0.0203940444833338	0.00454893662530636	0.0233360451605456	-0.038581432948133	0.0200399559251335	-0.0229604769758263	0.0251975214526636	0.0180658203806098	0.0123771159890748	0.00548097911898527	-0.0129359149097222	-0.0298216107768626	-0.0284168373003363	0.00185713637083302	-0.0158519654004892	0.00905659439445134	0.0154823374217216	0.00572811981949474	0.00509704093413281	-0.0108219155990037	0.0228640680048721	0.015125704817889	0.0164645129818099	0.0454248427834797
"A0A060HFP4"	0.0200831857917961	-0.00842188535010607	-0.00925658578018273	0.0134598599934269	-0.0618697389091366	-0.0382873519541434	-0.00798259160167733	-0.0127786828124774	-0.0298353966916416	-0.0351426798918181	-0.0199754841014182	-0.0169949628172611	-0.0270704452883445	0.0314407404620675	0.00716342783667367	0.00725081104864503	0.0484043499435154	-0.0652044158368847	-0.0363821823796223	0.0394223202390779	-0.0682972250310402	0.0331097636467007	-0.0306697782475391	0.0615546799712163	0.033872003610495	-0.0135602057926791	0.0430383882895033	0.0404865078372072	0.0224135304704508	0.0364453271843569	-0.0210654620536694	-0.0248843488437909	0.0506730720364593	0.0267298561170545	0.0086929628060333	0.0224837534835646	0.0422227624234011	-0.00885316520597762	-0.0336953143961862
"A0A060HFP5"	-0.0441326980059354	0.00221587219452262	-0.0150965108359799	0.026682265805775	0.00906249458158238	0.00445532132030957	0.0203638506171483	0.0116945991150989	-0.0088419797150627	-0.0150943835525439	-0.00918078731829137	-0.0110392441048798	-0.00324018197232515	0.0191966266893265	-0.0190084164102617	-0.027712000940121	0.00135270689112488	-0.00630164651055111	0.0480601094739183	-0.0296421812059736	-0.00691208722289422	-0.0084217854736981	0.00798917600091743	-0.0552040643569639	0.00758225811529554	0.0014317909522218	0.0284251825642121	0.0325330076303516	0.0121917022191618	0.030683523765543	0.0275447476986468	0.0417620996078423	-0.0194691949867838	0.0226701623982089	-0.00139754282220032	0.0121497903625826	-0.0252663126673698	0.0364960304040228	0.00983025943826408
"A0A060HFP8"	-0.0388881742207746	0.0149465541921333	-0.0128619325387537	-0.034858593824371	-0.00625152833118944	0.030774213995054	-0.0352677812573909	-0.0237994655156045	-0.039142694733358	0.0130797523090155	-0.00813769584138356	-0.00736932357395732	0.0303809856543806	0.0145831735035601	-0.0173869344877708	-0.0346571663126311	0.0146852237351593	0.00757715243829415	0.00887330022526451	0.0250092976064286	0.0358239251988385	-0.0249443053156788	-0.0370455299327604	-0.0254097351808901	0.0221409364071438	0.0347392974909811	0.0191502355718955	-0.00998599776076272	0.0217181941394057	0.0149493809047582	-0.0197107465347111	0.00488035215580658	-0.00086520335604497	0.014662200414354	0.00439603836133395	0.0228238302542219	0.0116036781764876	0.0059718459340975	0.0522997636520578
"A0A060HFQ1"	-0.0305666805299397	0.0223637678449214	0.00682954743845323	0.0511074674141349	0.0153264567568507	0.0308054354429621	-0.00111260245552361	0.0128110393030512	-0.025558533254653	-0.00983334949319594	0.0433605234220251	-0.0162463322406307	0.0165294271739517	0.0392912059534539	-0.0374583063082557	0.000811414185754827	0.011407531683314	-0.000283517548884125	0.00569201948939705	0.00392630175289339	0.00589853230706052	-0.014335361265592	0.079663404522174	0.0286553132425216	0.00731477375535164	-0.0390781545956893	-0.0298935855668777	0.0227494610807094	-0.00922485749905942	-0.0554685156408586	0.0483853540588496	0.0268939734663134	0.0128711366324001	-0.0086160635311792	0.00697845845637071	-0.0183519056099081	0.00195572648518279	-0.00274250610932549	0.0348744740459624
"A0A060HFQ8"	0.00483756356626642	0.0527433788106574	0.0276336645819566	0.0346936435487177	-0.0328201172823191	-0.0532570525205716	0.0228607421378884	-0.0147581506190439	0.0141475733667313	-0.0102471108123865	0.0189754760498997	-0.00210247834429115	0.0120295017106282	0.0063495613912365	0.00413511194754681	-0.0155164302663515	-0.0102466209630178	0.0520664163533731	-0.00262113029496818	-0.0271603514094246	-0.0095851298331556	-0.0280487172335496	-0.0126904992899452	0.000913154505984801	0.0432204187667643	-0.038126585924241	0.055910778311665	-0.0195143702375794	0.00877844761040705	-0.0318452600980522	0.0262472663138376	-0.00140370442490302	-0.000411368727197613	0.00156146630360405	-0.0116959141333718	0.0370714572094614	-0.0111183807707261	0.00870025651301689	-0.0040074045339873
"A0A060HFR0"	-0.0146896705358041	-0.0465675408689561	0.0114707980174436	-0.0190361681411649	-0.00249589459088571	-0.0474794843020498	-0.0147159770221687	-0.0572293508432033	-0.00244643342058111	-0.00827781318151781	0.0249442770410439	0.00143301213981221	-0.0495708448564601	0.0464724947622959	-0.0149473693634662	0.0102024140275598	-0.0070564444648321	0.0200435919031693	-0.0640579264760787	0.0398873460549637	0.00535998694633322	0.0104206272184628	0.02891457399168	-0.0274615545513564	-0.0297581464306901	-0.0568300936046861	-0.0549950914650516	-0.00738668139571013	-0.0356550800384688	-0.00135753831814187	0.0289246087827168	-0.003279232529407	0.00372557050685132	-0.00110155730184488	0.0108486517166335	0.0179932200178584	0.0446012244087687	0.0306712639810783	-0.0376850642429386
"A0A060HFR3"	0.0374908551368943	-0.0334091927479753	-0.0122119795714476	-0.00473668219891841	0.037699923716199	-0.00904643983421252	-0.00721351200490207	-0.0170690697948315	-0.017073825953272	0.0068221740641429	-0.0515598174409291	0.0072481328573931	0.0110425586515865	0.0157254380736634	-0.0174530079601504	-0.0199870317728134	0.00824420604356854	0.0387491349001207	-0.0285533703837178	0.0134872298616185	-0.00719619355266737	-0.0180191512430825	-0.0379268209366048	0.0342868238934064	-0.0241022553436871	-0.000753721621951071	0.0193063784948848	0.0215257102584935	-0.0419940486323186	0.000927352794847378	0.00870903027507972	-0.000188635623882942	-0.0112652863429881	0.0275526368199853	0.00851166834839586	0.0240461258710164	0.00245237014568164	-0.000246588102453144	0.0018202600716328
"A0A060HFR5"	0.0314009732253772	-0.00719241878431013	0.0458043068437809	0.00524125343158938	0.014024641732622	-0.0107078794952694	-0.0152249563796187	0.0113679730733405	-0.0288868132704596	0.0306900680659575	0.0231476977687074	0.0168037192606859	-0.00676382005829981	0.00817671955584813	0.00902979393790232	0.00936795129519609	-0.0203181662581525	0.069242457664154	0.0255854888746558	-0.0692247002586218	0.0333057635090863	-0.0304937957571197	0.00880959178384051	0.00245018505766451	0.0404591202890031	0.0323205076583304	0.0331465252299575	-0.0432179618303722	0.0558126186353979	-0.0431632558831959	0.0485112105591196	-0.055651409762412	-0.00521485934319252	-0.00394895938514904	0.0241277586444666	0.0200301204290222	-0.00451877037557512	0.0122347785956024	0.00146652918240241
"A0A060HFS1"	-0.013216748102271	0.0184797235001158	0.037648295333872	0.0279608049681817	-0.0658005579653433	-0.000450636730172904	-0.0307914850035134	-0.0344094697495586	-0.0101781049973295	0.0152638077516741	-0.0263303124877384	-0.0167832190305733	-0.0137770377528235	-0.00878019956148149	0.0324716520558946	0.0128527372457392	-0.0400141787002534	-0.0105961339429605	-0.00373407872149283	0.0299279880090782	0.0516170065783542	0.00683331427851593	-0.000521291423370442	0.0474650141350414	0.0222720962710735	0.0548526405471767	-0.00518589404780409	0.0746456635084631	-0.0123443159081494	0.0270889956167604	0.0117236714652601	-0.0523775828546883	-0.0547590276523039	-0.0143799719178516	-0.0240757855652453	-0.0343062426372147	0.00720918032936179	0.0445289451186647	0.0178169123894696
"A0A060HFS3"	-0.0313386208505148	0.0389560364108182	0.0351050812407322	-0.0141043865148892	0.037519332818819	0.00433111675723565	-0.0045569795427184	0.0311405986282586	0.025899601741834	-0.00118508948398434	-0.00263234957798999	0.0203386639380683	0.00659502205301946	-0.0161276752159528	-0.0311301103639135	0.032522776622452	0.00551334249363708	-0.00943764466733839	0.0103595535324572	0.00131487477286204	0.0198519212551843	0.0192663655322305	0.0162010801865767	-0.00956226547265599	-0.000892935098077458	-0.0256571155516541	-0.0427830793828714	-0.020017569465775	-0.0382131618525936	0.00478628208037444	-0.000832155110670492	0.0103973856594747	0.0238766720274932	0.0378148496177564	-0.0298824201015095	-0.0240891820764798	0.0421791276104626	-0.00739805406952324	0.0142437991000206
"A0A060HFS4"	0.0196825824268818	0.0288929686363035	-0.0331200743312634	-0.0207190616369514	0.0451155479418862	-0.0582660362117543	0.0570531594298665	-0.00417376858501477	-0.015836450597684	-0.00128826551652583	0.0394703289552458	-0.0160166530342991	0.021455900010002	-0.013846755441579	0.0220840500530164	-0.034277867186088	0.00974986802901082	-0.0376429865312898	-0.0141018124306166	0.0260888297055034	-0.0328243974314378	0.0377298322642223	-0.0100553364432551	0.0144224841770647	-0.00532888888456964	0.00163563325427881	0.00410570786995608	0.000515818740570894	0.0260562029137045	0.0404708201060474	-0.016037008694185	0.0195154744490724	-0.00916725470622397	-0.00664713624212834	-0.00589404928156056	-0.0166653649038254	-0.00245151073558266	0.00749776240253957	0.00873865982751208
"A0A060HFS7"	-0.0164205079271278	-0.00143378381222675	-0.00693585377286324	0.0449472709076362	0.0283975248260821	-0.0336493473697596	-0.00704258183049627	0.0202905175710786	-0.0268781363263813	-0.0119124402381226	-0.00109425461372609	0.0463840629949452	0.035300733896135	-0.0414090019957602	0.0244613567582508	0.0320751799626942	0.0244906887072189	0.0023874973122333	0.0668805281018443	0.0405877577546971	-0.0030396173784523	-0.0271947671099183	0.0944379986545186	-0.0143830653972308	0.0077885856381794	0.0166897498030284	-0.0021949464971085	-0.0253021883346746	-0.0380509572337315	0.0771844444167444	0.0167835693789711	-0.00570603149491068	0.0428443669396198	0.0141147662761878	-0.0172632894188542	0.126347116838722	0.0123998046048347	0.0643170453547203	-0.0035625622853218
"A0A060HFS8"	0.00188772344364705	0.0484651005197989	-0.00914088259726902	0.0321678487359649	0.0680641042762271	0.0110864013290001	0.0195803596425494	0.0100729488004249	-0.0163709959827798	0.00554698491242776	-0.0217557058310007	-0.0389061253657946	-0.0287781832554985	-0.0278512914388055	-0.0330811809793246	0.0139171680704762	-0.00226818725041377	0.0129332895928288	-0.0146407101040025	0.00178287122320122	-0.00513672438281689	0.0456412449180882	-0.0326062406529955	-0.00608910766861741	0.00763218355935682	-0.0201855567948681	-0.0184137354623169	-0.0142363353063109	-0.00411952825193168	0.0443037394464196	0.0172325466441169	0.0192172352480555	0.0467108390811638	-0.000316448556066975	-0.00114546977322146	0.0436521903338685	-0.0172003202335119	0.0525077771634848	-0.00174922096705728
"A0A060HFS9"	-0.00630445339648609	0.0268957366404021	0.0218819420383109	0.00233218374931955	-0.0409527620346881	0.0167109513394118	0.0281807029977281	0.0298934866247156	-0.00283318700175268	-0.00189027704299169	-0.0389485443902864	-0.0101967412547114	0.00727518390603447	0.0474757801506648	-0.0239108464507781	-0.00577755218787408	-0.045142997722778	0.0234658139897979	0.0334504768160327	-0.0216369230932018	-0.0565893419687001	0.0094021467326319	0.0207006968882842	-0.0419502274549035	-0.0421089143850274	0.00997317438791547	0.0983852410619873	0.0270628484516491	0.0337548598995219	0.0310148242738452	0.0313338988992003	0.0855782855747549	0.0993053639167192	0.0873256388410101	0.0224769142872337	-0.0710543233032133	-0.0380565319269432	0.0335085914354531	-0.00576240678813054
"A0A060HFT3"	0.0139790798841027	0.0141573463028554	-0.0179415724936653	0.062880581635709	-0.0139751504595142	-0.059976680688491	0.00555096500027023	0.0443596075325355	0.00763963650162268	0.00494761202307533	0.0248110317720555	-0.0314252866292684	-0.0477775217213326	-0.0160374604768719	-0.000403421635149694	0.0344912811278002	0.00266726294532623	0.042956230751844	-0.0192897380637094	0.0496060884076658	-0.0189673484346157	-0.0345867094466859	0.005403242501894	-0.0511853205484989	-0.0260951902965167	0.0256042985149847	-0.0076246667966021	0.0349336611996891	0.0270239268282467	0.00603609907463494	-0.0367754642699535	-0.0331087372124056	0.0183535259356046	0.0331415078091352	-0.0475755215167832	-0.0252332693134839	0.0111859638600615	0.00383056196379439	0.0169275486522885
"A0A060HFT4"	0.0367650156908296	-0.0277862556784439	0.0230425050740856	-0.0208229438249614	0.00672179687947755	0.013275336379675	-0.0380539150104563	-0.017094969200669	-0.00324425698142549	0.016385871114735	-0.0468462117974997	0.0230993766535205	-0.012310365888404	-0.0264117406460632	0.00404323460162371	0.00780498270482844	-0.00435244567433154	-0.0158285341264142	-0.033418408879348	0.0248328113495734	0.00975486566266599	-0.0488487410425016	-0.0232250459134486	0.00479649751660423	0.00442604342364619	-0.00147953465959709	0.0429114767040647	-0.0209493348918238	-0.0426837686468023	0.045303473653473	-0.00287232600475094	-0.0143828153850321	0.00202789598892047	0.0165780646610973	-0.0392195508093573	-0.0370979928212048	0.00398082593639767	0.0156391292658012	0.0285584874378225
"A0A060HFT7"	0.0209994660201502	0.0141943698716547	-0.0327890034185834	0.00344235654775874	0.0230208587936522	-0.0100493757033136	-0.0298153733637068	0.0350723484465681	0.0234234861096192	0.024293278918217	0.0644704112184381	-0.0327791786379274	-0.0760267651447204	-0.0400433344495244	-0.0258346030646224	0.0502007051851531	-0.00515469658557643	-0.0439777529786122	-0.0246114224502953	-0.00714325178411652	0.00840397785908877	0.0733289236790918	-0.0238064612090277	-0.0462700745172343	-0.00545361874212048	0.0530456680783039	-0.0240735765189542	-0.0351456670382254	0.00209648695272954	0.0379219489673647	-0.00611573721742064	-0.0235054493529243	0.0119406466109683	0.0218287612414035	0.0361109805204588	-0.0042133863995239	0.00547004581801029	-0.0558042230035341	0.0339954478058851
"A0A060HFU0"	0.0216156971015609	-0.0299138823242002	-0.0141269913880029	0.0249499870262125	-0.0262706612325287	-0.00348386716634694	0.0346039628827436	0.0340561626761504	0.0174613089996016	-0.00722005401846955	-0.00766932876963436	-0.0104811605439037	-0.0605834936407909	-0.0311965518102022	0.0746228320452868	0.0197199823447931	0.0465776315364439	-0.000500580469672254	-0.0142552389034538	-0.0208881586185416	-0.0152195107189569	0.0613384494411294	-0.0569905961681151	-0.0168959624926817	0.0252706283279573	-0.0184475396001863	-0.0338634791638129	0.0319712999693702	-0.0435255977282306	-0.0203728561489159	0.0269840628493166	-0.0592695472898267	0.0365811078426589	0.0184513722508862	-0.0354838036082009	-0.0223699942446715	0.060995610803211	-0.0115985473136255	-0.00404043512375208
"A0A060HFU1"	0.0406541700011117	-0.00561880270434514	0.045869182562192	0.0157028394254731	0.0295459715153028	-0.0150230049138826	0.0170050392603273	-0.0182446619144162	0.0111032925075625	-0.0156017218817725	0.00466774555299457	-0.00460901316554003	0.0317280135598383	-0.00250596012789722	0.0247154926271745	7.65909123567078e-05	0.0161311373238134	-0.0205637196425336	-0.0208030209637018	0.014999404575408	0.0157467407455917	-0.011972269334783	0.0100010730132046	0.00334441937655154	-0.0110318939347639	0.0354907174882578	-0.0157411793583442	-0.0159975098739973	-0.0137389760602885	-0.021789094987476	-0.00532208233417699	0.0022627205988621	-0.00107287823225235	-0.0136711491474847	-0.00231086912527201	0.0257016917524732	0.0197902063489407	-0.00292314252102467	-0.00590483592684928
"A0A060HFU5"	-0.032024293523719	0.00460884478077174	-0.0293119521798702	-0.0524681111240398	0.0101295243404237	0.0302621384269819	-0.00346735289166379	-0.0384580427616624	-0.0223140471446619	0.0299591090305974	-0.0173586358956126	0.0330013676496891	-0.00312279975924923	0.0156093235896397	-0.0112232071822049	-0.0145006011050303	-0.0352503479365124	-0.0474972918132583	0.0204538643896896	-0.0149845275746147	-0.00269629281229692	-0.0222726715723924	-0.0293936998746366	0.00349775074354463	0.030116242140347	-0.0107837385842853	0.0217697835974216	-0.00219446274756646	0.0201234091205623	0.0471716323994708	-0.00364887930712909	-0.0187041112756629	0.0249529245901164	-0.0232298861561415	-0.0116052427794477	-0.0470686096399191	-0.0271588406145769	0.0256400208534545	0.0139544608228083
"A0A060HFU6"	0.0319277930688861	-0.0251055596809447	0.0135451046469634	-0.0483690504198114	0.00166309814861681	-0.00967860069733112	0.0205213680027042	0.00620406483403775	0.0126478516953846	-0.0368701720454306	-0.0166749047742425	0.0125352611384113	-0.0383077157875591	-0.00931836849607264	0.0466229961695686	0.004153158657414	-0.0353583842794855	0.0129754525866916	-0.0509581117099244	-0.0022429560654353	-0.0354565369684	-0.0629269924518156	0.0136096450724428	-0.0289880247167989	0.0231291194701077	-0.0296422571198269	-0.000312006879520937	0.0229325704481113	0.0184414721611151	-0.0277678806186597	0.0191456138655208	0.0201208613356345	-0.0241780101123436	-0.00354402195042713	0.0131507149851376	-0.0243504733341412	-0.0184353688725357	-0.0330479458955691	0.0165201707417041
"A0A060HFV0"	-0.0414940598501838	-0.0323990212473358	0.0116762516460506	-0.0300910415440788	-0.0218547424726034	-0.0133828481820199	0.00999961834209952	0.00924689928469051	0.0345288464818792	0.00499819011732421	-0.0226669712978206	0.00134807877979713	0.00358979273064215	0.00749534872452814	-0.0240398749729028	0.00275015557532565	0.0183235747551497	-0.00801922385285643	-0.000473008551417256	0.008745523974173	0.0224490359855486	0.00474713029799491	-0.00654839146723898	-0.00742766854270028	0.00637723944254543	-0.00317989858215997	0.0157655600022476	0.0140688119390868	-0.0161239245455107	-0.0221710660195871	0.0247510507215364	-0.00708560634310614	-0.016457160090553	-0.000805480274588434	-0.0246423270254981	-0.0101187768678479	-0.00409145149168236	-0.000150859180933854	0.0260980253171869
"A0A060HFV1"	-0.0163409526990337	-0.0115527244763703	-0.0708473218269154	0.0227905131527973	5.19801871257385e-05	-0.00815681682770859	-0.0569209607201872	0.00223653231949842	0.0395627021664916	0.019285020170357	0.00477153726575721	0.0243169156769145	-0.0289650402180661	-0.000319815529518382	0.0471688837226054	0.0283933763416646	0.00615366710512643	-0.00855902542512121	0.028807222038202	0.00149036112136867	0.0372720562576462	-0.0305654601704208	-0.0249401307619142	-0.0367210865329926	-0.000461261668469259	0.0377473757683996	-0.0308219612478525	-0.0090983553993304	-0.000374802923092807	0.00477945059544746	-0.00412338122377381	0.00669983789945005	0.0168459899453264	-0.000755500144433397	0.012834563382871	-0.0489445678774171	-0.0347109095526453	-0.000946730713326088	-0.00909458416494103
"A0A060HFV2"	0.0387157528043938	0.0270103319973067	-0.0168219353738012	-0.0273063428410319	0.0147752161289159	0.000747503023695497	-0.0388957235671659	-0.00974377072010348	-0.0143381965373661	-0.022892719812284	0.00765338358197686	-0.0293884529499235	0.018962101159713	-0.0185082205824913	-0.0333404495740863	-0.0203282219872933	0.0148928013981203	0.0331173283228672	-0.0250673328282234	0.0249295479439436	-0.00650143798113352	-0.0277674279739655	0.0144068832552687	0.00585464108237256	-0.0116409115019983	0.0371521697936977	-0.0376925600844652	0.023646028085786	-0.0330007994279481	-0.000190463338034171	0.00556100102349432	-0.00334047019981274	-0.00423209532777991	-0.00583551317237033	-0.0255023612284256	-0.0282952328593054	-0.0255801927684903	0.00448255327366473	0.0170537548753137
"A0A060HFV3"	-0.023014337632754	0.0145938524472044	-0.0287304152226192	-0.0410675818847985	-0.0191048228060905	0.0245623720712623	0.0206313262389047	-0.0169398270831995	-0.0490337951179952	-0.0429204239276333	-0.0300010308265242	-0.0438008098850559	0.00369000404553262	-0.0211796012742696	-0.00543721264465961	-0.010345263510305	0.063352377729247	0.0194461174460654	0.0514304546662405	-0.0338932254149403	-0.00476889095453362	0.0171775983501937	0.00782993169580822	-0.0376199004269065	0.0636697205588851	0.0687649468230759	0.00441373163231332	-0.00365630570397475	-0.0388115779958527	-0.0221786904709399	0.0462973599507374	0.0249159018845806	0.00912492327325777	-0.000376457362584846	0.0301887282860172	-0.0150089567841408	-0.0379955660272511	-0.0121364055269093	-0.0105216972237508
"A0A060HFV5"	0.0226821886097894	-0.0116035054758807	0.0382621885446421	0.0187230437793351	-0.03470568277705	0.0061359397458178	-0.0071998982419004	-0.0310025135305043	0.042244095237501	-0.015337730617711	0.0399864413383067	-0.00222907057595058	-5.30322600288118e-05	-0.0033886775695708	0.00840577497031446	0.0544837096066687	-0.03935349323142	-0.00375721859553688	0.0322010259707481	-0.0195694122380794	0.0841354467342816	0.0246406688138528	-0.0499801952681143	0.000574219937997279	0.00163908165603239	0.0609634079879941	-0.0320903798616181	-0.0381489320164256	-0.0407723016047198	-0.0694593858923187	-0.0398726326839301	0.0519112998510277	-0.0242389028426799	-0.0170712409722801	0.0136390272973178	0.043419009455879	-0.0361915627368997	-0.0233331713581838	0.07941781168592
"A0A060HFV9"	-0.010330986818496	0.000188184072514681	-0.0371465262180196	-0.0354636960814287	-0.00642101125587743	0.0543667062752148	-0.0166681948171362	-0.0252395937056086	0.065435549837011	-0.0282965335234251	-0.0185229196699523	0.0257403810744416	0.0108707093808108	-0.0630049203075339	0.0158182310800031	-0.0335150253314616	-0.000588292697566541	-0.051396051609211	-0.0666826528402471	0.00384047019873045	0.00329633225999475	0.0333250628388427	0.00176105940791608	0.0344255253463234	0.0432617585522622	0.0296721368536693	-0.0383471172289856	-0.0066308124394169	0.00296688032294307	-0.0379304505134033	0.0143999940586075	-0.0213307041012379	-0.0555528378434422	-0.0121754364187666	-0.051531817483709	0.0433485253408038	0.0819877746120285	0.00965166363919318	0.0199639288636581
"A0A060HFW5"	0.00420438764342283	-0.034779459438272	-0.0388959941818684	0.0615341089084341	-0.030747822098317	-0.0200507249669742	0.00672151434140008	-0.0414159367076586	-0.0029555375791781	0.0272990082544599	0.00674066713532863	-0.0142823731097658	0.0112056505674933	-0.0103175678691244	0.00769129684496855	0.0146219163427971	-0.034635313992667	-6.26840723480529e-05	-0.0349702942480538	-0.018575389840596	0.0375423885951236	-0.00475037514359518	0.0403232823315993	-0.0188774873076344	0.0512250238975293	-0.00239632323272668	0.065288029187917	-0.0121907367618571	-0.018414971052567	0.016537288800843	-0.0244211852234531	0.00437465764897123	-0.0185575567708669	0.0457138054145643	-0.0325795093345535	-0.0109089962846815	-0.0251167234381629	-0.0287576228394859	-0.0128752175990924
"A0A060HFX3"	-0.0252326486169167	-0.0408417918566739	-0.0144001827069955	0.000414378000917071	-0.0268472802221555	-0.0002411228560889	-0.00164489452939158	-0.0744369667620227	0.0137139846775728	0.024271263628143	0.027907687947958	5.12547481058117e-06	-0.0146141114963265	-0.0127151878289835	0.0099989604407345	0.00373608898887855	-0.0229859718920433	-0.0186272377432369	0.0191408107064468	-0.00493620550446026	0.041976194730976	0.000889739308150739	0.00556274703310129	-0.0316147710143988	0.0339527982281151	0.01928199659036	0.0095403339635351	0.0559283249015278	-0.0312445226806406	-0.038224469082925	0.056255736504601	-0.00614217954045748	0.0240189862420455	-0.0451752146412297	0.0163679734883747	-0.0344563157854231	0.0648705829471409	0.0390991899892085	-0.0499710629880562
"A0A060HFY0"	0.0279360941255386	-0.00939367304815506	-0.0666546377141563	-0.0192030975360325	0.0341698149720652	-0.0174134708511722	0.0184587846493212	0.0140770709332439	-0.00712763721517726	0.0187549721015085	0.00133694482329799	0.00852547303559566	-0.0123287080753201	0.0239127165264092	-0.0215267592754187	0.0270161299044036	-0.0313883915454505	-0.00492108925103712	-0.0296592263911703	-0.0182261136186765	0.0302784031357015	0.0306619481838602	0.033628669408364	0.00400598197878449	0.00305857315488264	0.00552443613925854	0.00241724482272371	0.0489306710228403	-0.00568954470617638	-0.0072476689080993	-0.0437215849080931	-0.00421482470505007	-0.00605578601494768	-0.0297006770070874	0.00685871430911085	-0.00200040474803843	-0.000665066119376539	0.00354287671423421	-0.0308049326271377
"A0A060HFY1"	-0.0436862613724954	0.0120873342617424	-0.0122264626259806	0.0279268706307658	0.00547739490205596	0.0113313657224049	0.0248597205845047	-0.0137398228060714	0.0311117534176752	-0.00553345093737011	-0.0109767285555437	-0.0369048714068466	-0.0243789811822465	0.00963018263194593	-0.0192712524048276	-0.02761249219549	0.00819395839952758	0.021494667886554	-0.031712442685031	-0.0124979795876838	0.0257939842158305	0.00582900997941359	0.0411057734030529	0.0196534828225068	0.0134629916384872	0.0369602863502324	-0.00229048595215357	-0.0123310160183806	-0.0245774943262843	0.0100293285867764	0.00900627557068136	0.0079548537801488	0.00464667743581068	-0.00484149928866501	0.00138290285172546	-0.00879981710010877	-0.00910072344833663	0.0199052035966415	0.0233235190327967
"A0A060HFY2"	0.00954836679138983	0.00745058955751422	-0.0598148180902977	-0.0027919089984812	-0.000293023487943964	-0.0252870233301121	-0.0256247003676717	-0.0165973740384991	0.00799129721782861	0.0397829045617415	-0.0758882609292234	-0.0403529423776788	-0.0222942455021066	-0.0334009595756563	0.000913852218481299	0.0279235955735633	0.0762276795940462	-0.02970863360337	-0.0424102909099776	0.0102534709145856	0.00103976783046472	0.00929718721679211	0.00764097766058895	0.0707216414006354	0.0113078643238142	0.0081484075878742	0.0263877895020346	-0.0278364486129951	0.0621039637842331	-0.0242084352698427	-0.035361779730279	-0.0632387797593837	-0.0144438718252271	-0.0297493009032125	0.00545920878393168	0.0120211185748857	0.0188430639318897	-0.00828038702050905	0.000975212791474201
"A0A060HFY5"	0.00934179637403758	0.0523900074916715	-0.00603213109808374	0.00134557264176818	0.019756219285394	-0.0154209607479533	-0.0347783474026759	-0.0134417865090728	-0.0174271289854425	0.00489890970856509	0.00854971955893863	0.0502741110288343	-0.0145722256146626	0.0191768514220606	0.0165822881770581	-0.0714461420741598	-0.04602035172622	-0.00358076074775688	-0.072362002892762	0.0137510419294583	-0.0195065042241898	0.0597611262424977	-0.0210231719651238	0.0595999313626294	0.014532691412639	0.0487181187014881	-0.0568029551164973	-0.00431306438142222	0.0220125541318673	-0.0176085260731915	0.00486131299065771	-0.027201694691301	0.0174394872549803	-0.011806873202731	-0.0141883312912718	-0.0415351671773567	-0.00149833107761644	-0.0150340452374642	0.00870423809450747
"A0A060HFY7"	0.0164337372027114	-0.0168736595368094	-0.0294180311336327	-0.00529635188131743	-0.0487863291017825	-0.0548387069163061	-0.0377880621752174	0.0123538979549377	-0.0157197880510056	-0.0125268957449319	-0.00813791735413661	-0.0398148547184742	0.0175955014579585	-0.0673315265865651	-0.000708558707777229	-0.0384076960115714	-0.027204980896158	-0.00653070286931432	-0.0394380720380598	-0.0460565393004851	-0.0172997630901912	0.0198693944803526	-0.00504049496496328	-0.00338037740323057	-0.0048065934820197	0.0218989646262521	0.00470892827989343	-0.0780663975390065	0.0434740788561596	0.0473820084931635	-0.0101054761349319	0.048076815162781	-0.0276104624117771	-0.0259490183513794	-0.0546520059989356	-0.0346329906524244	0.0338889299427775	0.0418258289190408	-0.04866388485005
"A0A060HFZ1"	0.00555198352213883	-0.0374235912220643	0.0300169415535425	0.0608809973817686	0.0425431729997898	0.0299672598331635	-0.0109465253516698	-0.032362611710264	-0.00484312487404969	0.00483262730843608	0.012998938838103	-0.00492373245102539	0.0242614241283535	-0.0194761495914524	-0.0249502000398652	0.0406483897846828	-0.0166437447945063	0.00561390797882699	0.0224463481509681	-0.00803204395025709	-0.0604764339718341	0.0037602250830305	0.0301646639158669	0.0467238576149889	0.0190630212986827	0.0393767290018024	0.0369550569725172	-0.0173793567954447	0.0192065661637087	-0.000207210215891526	-0.0139067444896003	-0.0165474051868445	-0.0032952024885867	-0.0139703931024809	-0.00564930580804087	-0.00155027167309178	-0.00844207557802604	-0.018889066978504	-0.0262937663125956
"A0A060HFZ2"	0.0262771611457052	0.0162722051539484	0.0319472291265458	-0.0128518231674985	0.0134731410448448	-0.018659278253277	0.0480514368711039	0.0397388613051643	0.0389525810075681	-0.0148800336803239	-0.0158549280673255	-0.02613486244861	-0.00555855053804401	0.0400510972312501	0.00957350725812521	0.0430970734493016	0.0129112776866665	-0.0393672619437129	0.046301510526777	-0.0512171779701587	-0.0398486163792947	0.0278902650351336	-0.0533563586590037	3.62922693494121e-05	-0.0152973089513909	0.0585150154613833	0.0227981912974604	0.0204177623888753	0.0402322254896208	-0.0273591542380262	0.0199897157495109	0.0597031048262141	0.00232878513191014	-0.0189560442869107	-0.0232881330620401	0.021173407606129	-0.0433416232074135	0.0528202555420429	0.0031477845110668
"A0A060HFZ3"	-0.0196543084561756	0.0436140496056969	0.0174603443548622	-0.0218831003734054	-0.0461181280881668	0.0338153970305562	0.000633260882888063	0.036803742516322	-0.0240624138624318	-0.00702836995450444	0.00430837789799356	-0.0463644738044777	0.0208347690667239	0.00535816792646573	-0.0401540097459319	0.0457895116169864	-0.0758334190670742	0.00356520155684429	-0.0110036361202174	0.0205026196340839	0.0142299489995512	0.00888779609362568	0.00574206472280064	-0.00331538156617985	0.0148233019874595	0.0138626377576786	-0.0071711940426101	-0.0130419732449284	-0.0129453414570753	-0.0117136102712562	0.0171157049971893	-0.0209400031597659	-0.0274593566068373	0.00321683785885043	-0.0476010618504229	-0.00754363394348861	-0.000345866178642883	-0.00371552335212977	-0.00703242934745988
"A0A060HFZ8"	0.00860898787890402	0.000987972908317622	-0.0272574119354271	0.0101005455468661	0.00286520038005691	-0.0749481687868171	-0.0502044070842273	0.0287788437966918	0.0509458054651675	-0.00528685820940615	-0.00129948841451139	0.00816987033566126	0.00125709911155644	0.055240994255243	0.0891430456647181	-0.0572390013254625	0.00103737939764917	-0.0283795685477087	0.011930875773501	0.0244470758999133	0.0407973618419884	0.00340809606245952	0.0372382160760778	-0.044399444774935	0.05005451198477	0.0173373899909137	0.0225114884986995	0.0199752594874114	0.0149069049459847	0.000452646749239837	-0.0128211707177179	-0.0342747683064226	0.00303104066799601	-0.00627718204921316	0.0175804846899724	-0.0550486617425658	0.0237758370425148	0.0457847058326015	0.0215506036851184
"A0A060HG03"	-0.00573119204691062	-0.0121810629631926	-0.0287723214583333	0.0488566706620576	-0.0115536087849308	-0.0209612450620182	-0.0184083582090036	0.00851885917696905	-0.0317226983156731	-0.0495318786909188	0.0401623749955616	0.00612249190990159	0.034365761366879	0.00898581409508864	0.0364490733457924	0.00188146306509319	0.0321955560418002	0.0305667036559261	0.0679983945501688	-0.00434114580838033	0.018610853310527	0.0444829522802609	0.0465114065727439	-0.017663591716188	0.0285384668707731	0.0506598990031228	-0.0763368973956043	-0.010490601829817	-0.0921141151621661	-0.031204942340924	-0.000947069936077621	0.0706369104631937	0.0520487245828164	0.033261657659549	0.0104822813130652	0.0669503310696751	-0.0328704742163197	0.0450125861186368	0.00962986899818635
"A0A060HG05"	0.0188628759064526	-0.0467381966628927	0.0495187986540033	-0.028296367706167	-0.0251356709129687	0.0085432089615684	0.0221335228179374	-0.0189644933098069	0.00864154481807809	0.0232488209069258	0.0418841019747188	0.000213779469907324	0.0430741622315384	0.00230371825781306	-0.0126163180220185	-0.00694449019752395	-0.00760750668196591	-0.00954107389204371	-0.0341321272259355	0.0222237161880854	-0.0481442210789323	9.20524855093133e-05	-0.0161068863734515	0.00315539672122649	0.0252460441990387	-0.00327560096206071	-0.00472254856393761	0.0063899562527307	0.00950861599710237	-0.00311069674175134	0.0162254245412704	-0.000368000743550433	0.0425579771202689	-0.00937249911713607	3.21521803407975e-05	-0.000994566539438626	0.0241985896345793	-0.0118142207775355	0.00124836856483786
"A0A060HG10"	-0.0113696667922139	0.000827386976465376	0.00260071063351417	0.0425225254607356	0.0248225794410408	0.0384924850919943	0.00968544420997891	0.050938601740958	-0.0376945421799774	0.011076463775262	0.0487286589885328	-0.0203063541919404	0.00377327074063927	0.0270818888280996	0.0244801465360699	-0.10474914895463	0.0257788258048567	-0.0416924499215274	-0.0654284714825633	-0.0769163867440631	-0.00298799521598038	-0.017480903768249	0.0262580023700179	-0.0310702558837182	-0.0324629705495971	-0.0342737956323845	-0.0256302702979598	0.0136023089418276	-0.0430272505045338	-0.00826195899787584	-0.00798165628759176	-0.0492509725917112	0.00890916339933667	-0.0104063593493931	0.0048068462610102	0.0227354246732135	0.0462213646035985	0.0163416868394418	-0.00527088913950855
"A0A060HG14"	-0.0423283270488563	0.0221868123226174	-0.0193846141518619	0.00915945864031123	0.0160161770981544	-0.0261662612138728	0.000488751739524291	-0.0331161475156628	-0.00100839941990624	0.000743630474832597	-0.00887672351286957	0.0175717426721182	0.0128411744741553	0.0205292661356912	0.00982310687845557	0.0305180572408331	0.038164182740748	-0.013483011719541	-0.00776575981336163	-0.00946486881972348	-0.00250327075276166	-0.00863241770410643	-0.0250860065019057	-0.0288351607914833	0.0244141209282462	0.0313579070433153	-0.053898998053269	-0.0257135050904294	0.010798762645019	0.0141508950636279	-0.0170254829057459	-0.00355322878812645	0.0273194124491995	-0.00538360100160832	-0.0169158610004618	-0.028853607121614	0.00393846908865918	-0.0170641472985812	0.0132216610658457
"A0A060HG15"	0.0248515543150439	0.0324222502115882	-0.00310805265484092	0.0425293217911526	-0.0450941218623046	-0.048540249522936	-0.0364387819046731	0.0167023202451011	0.0117465691848135	0.0337557648571142	-0.02527469229222	0.0123449447799279	0.0132900207158939	0.0215415419366393	0.0162872654633998	0.0333494966018901	0.0165483033756023	-0.00989947134823863	-0.0165810439183343	-0.00803570582931847	-0.0107457530544164	-0.0581030672584647	0.0180703933734957	-0.0113593811851757	-0.00780553711381121	0.0081039751588164	0.0140914314693245	0.00745605606682747	-0.02082767870331	-0.00383819312051446	0.00621596035911618	0.0294119854107224	-0.0140836951738009	-0.023909008398779	0.0156178676400502	0.0295981979131742	0.0147830137379236	-0.00926196564770384	-0.0277616972417881
"A0A060HG21"	0.00719901438713406	0.031065329984158	-0.0282487248906313	-0.00835684699440642	0.0311545674890596	0.0236981716311366	0.0431488232630031	-0.0284224663073904	0.0463222053651957	0.00573520767019601	0.0487062753841888	0.0653030272211872	-0.0207679304097766	0.0655223012739735	0.0031135136568971	0.0330253165661344	0.00641237510641488	-0.016757736874649	-0.0496085251787887	0.0275067474012618	0.0460745589563122	-0.0478055258311663	-0.0256076619622234	0.0331096907028108	-0.034457676746088	0.0404177646843573	-0.00307614603712105	-0.0171632281660476	-0.0288862969237924	-0.00257879859549815	0.0570587921223636	0.01718403432168	-0.00610110092042811	0.0315435317604768	0.00840199015378647	0.0289488385703102	-0.0753289614210143	-0.00636794473916419	-0.00874049801567264
"A0A060HG24"	-0.0414998457163213	-0.0251471349740194	0.0397532433847375	-0.0182159349399514	0.000446914675285722	-0.00028515989615476	-0.00737826587689774	-0.0244173288750984	0.0200703919912495	-0.00403176243669474	0.0206689260651605	0.0152245654119849	-0.00432420744943333	0.00266266415762834	-0.00676471752787752	-0.00956972233004319	0.00134986162802299	0.00848681054120078	0.00265958448046669	-0.00464715617092748	-0.00776483945140725	0.0028637039928947	-0.0207465703919661	0.0151136464341184	0.000485688323140861	-0.0166284614761341	-0.0171619171680442	0.00455656283635724	0.000479435388707639	0.0288401857494857	0.00570002806010559	-0.0040081983948913	0.0364462591077488	0.0467188113434061	0.0234353123728276	-0.0149424421627232	0.0379099729548445	0.000588918893623143	-0.0034502086947284
"A0A060HG26"	-0.0279711648399068	-0.00699532948193253	0.0301803899468844	0.0241210739164923	-0.0338258770249928	0.00306409787119084	0.0255893543069189	-0.0607016223101429	-0.00423951024225313	0.0316102621225439	0.0525163503980051	0.0220927259459957	-0.00404695161613229	-0.0140809322040231	0.0321766519409752	-0.0361583215075689	-0.0238728723987859	-0.0250312363847436	-0.0556924984091094	-0.00772791616289431	0.0107957115342724	0.0238793782920474	-0.0426076022210417	0.0121589511519761	0.0130616109468987	-0.0064539731601151	-0.0473898454744561	0.0320879927278285	-0.000475913791035015	-0.0370639701723718	0.00748944480328274	0.0525182857099529	0.0564782909487911	-0.0200268482431454	-0.0289252829576107	-0.0124793707667963	0.0162420652696497	0.0351396355654032	0.0186573646716547
"A0A060HG29"	-0.0169900965327672	-0.0254286849713448	0.0310483259217132	-0.0346409160320517	-0.0223126926268906	-0.0402343152179292	-0.0684489858323655	0.0425191474821937	0.00142774841317377	-0.047248142220968	0.0536846208777706	-0.0235680640640056	-9.53267190176351e-05	-0.0207993947815464	0.0313719940672346	0.0323832616430089	-0.0110295975747352	0.0295483707760802	-0.00768955708339187	-0.0265614484501813	-0.0308474316344703	0.0163642739511213	0.0206189912399426	0.0260980563082865	-0.0160435379876432	-0.00104159551512987	-0.0331453618549514	0.0251992590447522	-0.0144321935958836	0.00905804009840654	-0.00462128909049366	0.0135181051840677	0.0161885520464799	0.00510449180144776	-0.00554204514695378	-0.00633260947301978	-0.0197840723053724	0.0271271980890066	-0.00420649125871344
"A0A060HG30"	0.0159607021185957	-0.00449525558066108	0.0339827773881143	-0.0135178877786846	0.0287009687744592	-0.0102756735723104	-0.00115426362821527	0.00574758671738209	0.0135697282548391	-0.0175776902642887	0.0765047956776126	0.0087051876831566	-0.0490964001385794	-0.0323844882611296	0.0744592010317553	-0.0258569524315144	0.0566386667054385	0.0137907287522757	-0.0109736780140743	0.0166447909413035	-0.0499921468444029	-0.0224070910673987	0.0729763427526828	-0.0313002749262117	-0.0844029186416897	-0.026847795561547	-0.0328519164118231	0.0503631102515759	0.0662387565751047	-0.0525542026719746	0.00424896603888198	0.0100445981961388	0.0161367386585623	0.00477009449852375	-0.0158717421383934	-0.0202467783953318	0.0400192272795569	-0.0255151960200484	-0.00403541634802656
"A0A060HG31"	-0.00279500288789424	0.0128576347834072	0.0492217196293473	-0.0200283047677142	-0.0190937425035797	0.024101877521459	-0.0291559150759603	-0.0295248790859593	-0.0716853146563371	-0.0323338669139966	0.0368435038120496	-0.0342612882633852	-0.0139567147061007	-0.0487624158902807	0.03819410186482	0.0435934960240678	0.0471571526489065	-0.0051878913506131	0.0579569995310828	-0.0094119025487086	0.0310889563210772	0.0467689058658618	0.012038004216537	0.032165023936335	0.0244276728495807	-0.0562404240964531	0.0449854381023932	-0.0260377434032214	-0.0306664920353673	0.00437622896380607	-0.0201533223919898	0.051189247828925	-0.0153572929406556	0.0134322256419048	0.0103332101454695	0.0033485799019512	0.0492745655060371	-0.0407567380829367	0.0125043390138505
"A0A060HG33"	-0.0311364279742906	0.0301284785222183	-0.013994112811285	-0.003034869659622	0.0415337323335459	-0.0173078791789889	0.0018804917428187	0.0611062643795918	-0.000754873185558887	0.00117522437564921	0.0152131318344846	0.0272812106527557	-0.0326313923495606	0.0036466916807913	-0.0223357097597505	0.0358927189132718	-0.0275735164102243	0.0220510391369634	0.00898589300064112	0.00333815218095721	-0.0489483603248628	0.0361709620290733	2.7137307077211e-05	-0.0130443753303737	-0.0220146555030185	0.0374870593801525	0.0141906997528946	0.0205851823168102	-0.0307846614062768	-0.0507013191824337	0.0119087575445919	-0.0113565634711937	0.0290415928054166	-0.0265861053388648	-0.0531140137197568	-0.00923792101324277	-0.0241067364557122	-0.0251029070852564	-0.00337558150340762
"A0A060HG35"	-0.0349192354002313	0.00483484428245947	-0.0111083429901721	-0.0422898904982695	0.0256898540840801	0.0119629305396618	-0.00714653985066272	0.011980704345648	-0.043437791605414	-0.00524156511009422	-0.0491743435774634	0.0430950694594858	-0.0107517755880353	0.0159848133424748	0.0763906355571289	-0.0247709836434697	-0.0160712939808926	0.0289443214141972	0.0200301201983233	-0.0230538436272969	-0.000159402354468491	-0.0190696341440286	0.00683882140210403	0.00173429573560371	0.0179476965796745	9.95374818781377e-05	-0.0242028481482472	-0.0320905163659195	0.0232790505863042	0.0199872242444142	-0.02691656288084	0.0153135483974014	0.00158337895582771	0.0181775828400964	-0.00980873135284857	0.00081508973888027	0.00526023667557255	-0.0232982767732626	0.0345613937796615
"A0A060HG36"	-0.0170732973555887	9.51360539441646e-05	0.0387697236359227	-0.0267391142967128	-0.0494079717687526	0.0126352884270303	0.0194949718306438	0.0137132859952753	0.0525949427324541	-0.00174084807494076	0.0279792847250377	0.00995297148687129	-0.0339022077208254	0.00568572880999212	-0.0410835381391309	0.0067056903322947	-0.0277194793851223	0.0456243349571248	-0.00610436539764031	-0.00476241224083083	-0.0713724748620693	0.0359991014680734	-0.00126799637498515	-0.0192650502072618	-0.0429492875503594	0.029727675905988	0.0599196663142021	0.0784465063949574	-0.010594118031783	-0.0101827045947644	0.0397084399784226	0.0154196320904314	0.0694683780221809	0.00803809054381777	-0.046696604617477	0.0173972577477836	0.0356881793883071	-0.0515135029064681	0.00415068999639177
"A0A060HG39"	-0.0134820369374779	0.0452909158726758	0.0157881069176319	-0.0199580722351007	-0.0834216865110908	-0.0178344548331104	-0.0049616671431171	-0.00555538746354475	0.0115795216927929	0.00704974175648538	0.0216937524763596	-0.0147539921886329	0.0016710456606175	0.00640337409464169	-0.000631155279004805	-0.00221975636464677	0.0131062263697938	0.0216206927694448	-0.00553956046727291	-0.019987350312318	-0.00868530897633972	-0.0239376714373163	0.0131495296167832	-0.0151062025531229	0.0183110052013371	-0.00539061280123457	0.00740336260226429	-0.00722885004136293	0.0121770558915321	0.00725613304150038	-0.0144932116890845	-0.00878104251892936	-0.0346180748047275	-0.0414422401664641	0.0449948498282926	0.000933834282235583	0.0106509819352732	0.0458038586890121	-0.0585079987001299
"A0A060HG41"	-0.0237195857170349	0.0299064416342397	0.0223066305817524	0.0104561243620888	-0.0112249195876238	-0.00919483349326987	0.0494006707877563	0.0211326393362881	0.00658709590542212	0.0223249053248395	-0.00184064903338497	0.00325016461908736	-0.0219516187318591	-0.0293414056741935	0.0315056495594299	0.0223196047410597	0.0663799954397962	-0.0442663156915559	-0.0260887778336277	-0.0138172009989573	0.00764637081821966	-0.0153846987492013	0.0286833498205311	-0.0585867929361468	0.00891920789824951	0.000170055138540689	0.00820208129808004	0.000208408629197429	0.0327147342640653	-0.0613955364441864	-0.0947131095773894	0.00776004029902359	-0.0335249321433866	0.0562972102372959	-0.0240305271857851	0.0996394712289302	-0.0387378073234691	0.0122767039937398	-0.00253010137846366
"A0A060HG43"	-0.0314448496184714	-0.00983994373965581	-0.0279535421553175	-0.0496667051500313	0.00405587792262768	-0.014933244367921	-0.0457459535668178	0.0612339829018086	-0.00141612734593593	0.0284546874131826	-0.00969751383661213	0.00427728717110974	0.0166047626544662	0.0215508020996471	-0.0172977906326369	-0.029003121239352	0.0477794513668931	0.0248326276925783	0.00750447786586133	-0.0029862202869835	-0.0092531848259041	-0.0196290307402494	-0.00307331502166557	-0.00542985390755303	0.0170703998171559	0.0109826145335438	0.0158338966172407	-0.00504216030264102	-0.015260214190803	0.0016829492756869	-0.0383973013175551	0.00383977882816444	-0.0260014805722574	0.0276138423239369	-0.0191822608056584	0.00530175751906381	0.0142455106283847	0.00700835044729106	-0.0243900620094405
"A0A060HG46"	0.0385668481657871	-0.0167341971314061	0.0469406921444955	-0.0116496369991023	-0.0139615108384195	-0.0173269296588358	-0.00275921256691038	-0.0222008409144817	-0.0129937050342477	0.0212341453997664	-0.00851630868141502	-0.0185728220436365	0.0118049495216407	-0.0186757927725098	0.00801495069748017	0.00801149189046888	-0.0195388888662338	0.0382782912095813	0.00355494799241781	0.0148192415673794	-0.0406922452058796	-0.0255048702614109	-0.0202412508977937	0.00737623107143502	-0.0227038176884413	-0.00563342809392107	0.0274297277239255	0.00167821042007209	0.0342663170768155	-0.00719119689814357	-0.0200941324075511	-0.0169389242375775	-0.0169588098262105	-0.0381863095447947	0.00238346665733313	0.0458497497162648	0.011831530385211	0.0321210620903011	-0.0149219405713575
"A0A060HG48"	-0.0446335305549454	-0.000193928514138097	0.000523451817113459	0.0145689488808264	0.0136245404121361	0.0269024635895637	0.0139062479895383	-0.0326215223015151	0.0256885111256342	-0.0312007868872361	-0.00563922352766838	0.0345187158809257	0.00456416231075044	0.00349297035528906	-0.00359732760366799	-0.0041687995518026	-0.00378770776468259	0.0225819119832534	0.0128532420758674	0.00603736623117919	-0.0149398564336668	-0.019399950785336	-0.0145597486220721	0.0111455028806311	-0.0220477861226969	0.036985001469523	-0.0304101900512606	0.0410380448502161	0.027431816215971	0.025327791305409	0.00282877540685503	0.0084768817842769	-0.0292166393799934	-0.0275261981316828	0.0208402253147651	0.0263723869740762	0.00205686133471851	-0.0291263901846319	0.0225026575553988
"A0A060HG53"	0.00895193684456836	0.0388495527873338	-0.0324810408536026	-0.0243776244821023	0.027521772448065	0.00442326899016046	0.048470442860813	-0.025622729772952	0.0417403663267604	0.00266717005386329	0.0522175053317522	0.0578251139784379	-0.0314940165120072	0.0431035388039054	0.0398245593332737	0.0264131782150104	0.039322755952498	-0.0412541663659384	-0.0153825320965882	-0.0115326978006196	0.0190548532325738	0.00924948541496597	0.0293448163528722	0.0214219092808835	-0.0504252159047538	0.0229145086757209	-0.0157287815413939	-0.0298622488590476	0.0316578163381542	-0.00691646748319175	0.0311643581223754	0.0299509732056821	-0.0215098959420776	-0.0143822098053606	0.031983528801234	-0.000982139947737239	-0.00678647375852554	-0.0113340754289466	0.00419039259028421
"A0A060HG54"	0.0468978421208763	0.0230777187619296	-0.0285708923848878	0.0083672680929972	-0.00894515835219507	-0.00882275911693065	0.00629412185117237	-0.00435632678479509	-0.0165754257418728	0.01744965564074	-0.00297579814570923	-0.0061463310046251	0.013547463067314	-0.0021541446587758	0.0154879450566866	0.00654166072512393	0.000299100188557713	0.0213390067507495	0.00966060444477285	-0.00177333557018618	-0.0118891184298449	-0.00500872759331506	0.00542346590773669	0.00727656206971675	0.006263221527007	0.00424745844157502	-0.00376487962540793	-0.00604249693519838	0.00829553076653453	-0.00135059153964559	0.00506306010723374	0.0152058019607231	-0.00546859038089338	-0.000356354011686685	0.0157388323966852	-0.00188985483480127	-0.000376833799171456	0.000129159150589528	0.00885584706744812
"A0A060HG58"	-0.0480386144966943	-0.0194491783543442	0.0131189645843893	0.00836190443172651	0.0272795384488106	-0.00474173654494582	-0.0156997460653926	0.00265147487746826	0.0122034346865823	-0.0092352412476866	0.000963156147901346	-0.0140740068571715	-0.0138887457867766	0.0109381383762541	-0.0103027481434166	-0.00520325886810232	-0.00127827262338191	-0.00839809452119206	0.00571043222414209	0.00196833927032943	0.00263952141231584	-0.00882621816989192	0.0008379897470747	0.000894390465559309	-0.000146199677045515	-0.00862230244730126	-0.0119908314151762	-0.0111016965152747	0.00255638736757002	0.00405231119470083	0.00807109690650638	0.00558455781848154	-0.00193645704505197	0.00980451008471562	0.0279154259380354	0.011557860514023	0.019338268334362	0.00648384781004227	0.026934121989565
"A0A060HG61"	0.00958643918110631	-0.037423524825988	-0.0451338204269013	0.0130639084008893	0.0172725358515452	0.00289564722334449	0.0241563364560901	0.0380937401712158	-0.00592339603778995	0.0425027001158486	0.00164395701665323	-0.075967071369422	0.0494298874145406	0.00414698023989646	0.0468240661718208	0.0336478481177345	-0.0138011433594444	-0.0377677031711917	-0.0641593532694893	-0.0443732228701545	-0.0414812766673271	-0.0272895414857324	-0.0117117084183218	0.0304068050421409	-0.0271992772400642	0.0288690145006449	0.015972445480559	-0.00461788892069518	-0.00190257148506212	0.00199590936954437	-0.0240635684100688	-0.00458773225652299	0.0229868728325415	-0.00282244008932205	-0.0116873956379925	0.0120404620898216	-0.0134401471678028	0.0241690844394952	0.0186634204436722
"A0A060HG65"	-0.0166915246754456	0.0383467938250051	-0.0147033991648219	0.0211185513769393	-0.0328468831990017	-0.027650456312822	-0.0890524278972717	-0.0138919830236454	-0.00271050578389291	-0.00129113186905147	-0.012174128510091	0.0330372943226069	-0.0321112016555085	-0.00233424402080917	0.0167916098609846	-0.0382390162194257	-0.0024567149133582	-0.0352403982313748	-0.0428601263699232	-0.0403371761807288	-0.00761883342623041	0.020800198772579	-0.0131227039097133	-0.0159272646081997	0.00282843720043417	-0.0034319026419198	0.015902188418688	-0.0165531882397297	0.00691524962522265	0.0284538837412534	0.0114121005478397	0.0191682798530181	0.00423027062242178	0.0413507483750979	-0.00160247394102873	-0.0425827963153678	-0.0288180255426361	0.0189649540290149	-0.0402132651663971
"A0A060HG71"	-0.0433654082102382	0.00366755364267553	0.00166964247910261	0.0223310712018442	0.00225938375830219	0.0562323588352026	-0.0156091550028618	-0.0242054869802896	-0.0188087994656958	0.0177327793649921	0.00481713593787861	0.00687757800332952	-0.00916155952442934	-0.0158022918934937	-0.00516301811575521	0.00213615298205783	-0.00215596561792466	0.0157658443057012	-0.0248931321293905	0.0157458635033727	-0.0121071315627097	0.0311669773551709	0.00158969636859659	0.010698861371489	0.0169428530381832	0.0285683424197226	0.0109383702890792	0.0218114771108524	0.0104780161015106	-0.0280848426889163	0.00680878330302662	0.0232990060152731	-0.0184594277712491	-0.00412220761692299	-0.0382341154414794	0.0242530683933955	0.0215635607669078	-0.00276494926456539	-0.0191716452227549
"A0A060HG74"	-0.0314435291478105	0.00947650216249464	-0.0232357174718566	-0.0404775237095729	-0.0354715107614471	-0.0226578134226899	0.00402416899937265	-0.0458190599788394	-0.0411189756967711	-0.0452125398857346	0.0191365892633372	-0.0135303748386743	0.00691209488560793	-0.0176102066048086	0.0192886183799023	-0.00202586133758181	0.00731142371604008	0.00350403746773443	0.0230282511402547	0.00239146576682879	-0.000949330820459875	0.0541583139892476	-0.00411680031411199	0.0623302136377592	0.0124828049147349	0.0123095044449326	0.0411955221256333	0.031153252392609	0.0166553462314118	-0.0337583200906034	-0.00459006448919664	0.0188834570516434	0.0377217677804125	-0.0105081437480928	0.00732702069515474	-0.003973056951062	-0.000183148792976209	0.0110736204934916	0.0662681759680512
"A0A060HG84"	0.0324515105235252	-0.0365502507330781	0.0147518303331856	-0.00752781100373494	0.05509583282006	-0.0278078168756512	-0.00149282209498081	0.000696712884591749	0.0119458802836644	0.000672795923049111	0.00564500177146393	-0.0226089064967668	0.0286238359091643	0.00904186695543334	0.0216551024331361	-0.0471024097082915	-0.00315338538680072	-0.00749508006740917	-0.0314123683108399	0.0116706908180125	0.0242776569566909	-0.0228687210220125	-0.0164037720503504	0.0125540631141003	0.00648636616888021	0.0343864871195597	0.0267752941264454	0.00164046144085818	-0.0203739029873209	0.0303174852882769	0.0111661077000586	0.00618533697649435	0.00884247911425504	0.00635468216349764	-0.0153785003690059	-0.0208338381651974	-0.0362117788527196	-0.0213829774506189	-0.0199065658604909
"A0A060HG90"	0.0304088438272443	0.0281867638228736	-0.0595817365581191	-0.00192458550350929	-0.00931947198575584	0.000737688795746657	0.0182923974948684	-0.007467979471762	-0.011610864045764	-0.0272644733570045	-0.0132446437890648	-0.0241604895176364	-0.0397539508172991	-0.0140385711272527	0.0481118909050932	-0.0159246779757303	-0.00150580868215252	0.0274607818435534	-0.0147520638135688	0.0322808159470177	0.0116116657660112	0.00291401209620019	0.0117894169231958	0.028663577429341	0.00179944528119105	-0.0113685265264997	-0.0280721957594519	0.0145556551030536	-0.00440492657968549	0.00860970226094293	0.00830392984329671	0.0243189327127317	0.0204305305330779	-0.0211026858384401	0.00780723932063714	0.0104198682958539	-0.0469903272521209	0.0172129125789568	-0.0021193175358202
"A0A060HG92"	-0.0184911185801484	-0.0599737541476221	-0.042040714442032	-0.00300751133197131	0.017811541406011	-0.00390009847102214	0.02703114099616	0.00107904024627259	0.00892752150054177	-0.0103125607444245	-0.0223567159989512	0.00496135259437999	-0.0090535183164697	-0.0213611573545866	0.0067004180111416	-0.0375234207331533	0.00545874920021267	0.0301416420683902	-0.0434978474900938	0.0291330129242386	-0.000919619364834175	-0.0108937250384835	-0.0291679619470007	0.0136052281426086	0.0046394795433481	0.00653003037031131	0.00184352440235098	0.0240345640659052	0.0124640725157352	-0.01119058784455	0.0150303515436302	0.00582372341188464	-0.012867670951759	0.0172539904211952	0.00496688695234793	0.0159931573952625	0.00599014163622474	-0.0115843073166325	0.00243146903580807
"A0A060HG95"	0.0144729016320891	0.0147055475239836	0.0419131967059367	-0.0555054541727231	-0.0310507969198762	0.0266125230788276	0.0297499939563585	-0.0136073604757714	0.0161358038470024	0.00330329708160274	-0.0261898305627966	0.00785986486745084	-0.0324530933861884	0.0177932462852611	0.0537393346698847	0.0585681914672087	-0.03463235026671	-0.0151089621404628	-0.0253231770069434	-0.0492303000081309	0.0212684667640304	0.0284787431394402	-0.00695753631826547	0.00442420808870462	0.00225132210519152	-0.0121835308397531	-0.00613118786553946	0.0392740769699637	0.00976369833398982	-0.019944636029868	0.0184036304564003	-0.0162679649133041	-0.013380820706344	-0.010265419793187	-0.0770297424541765	0.0311982083323772	0.0626137503424417	0.0129572800082111	0.00730195975689031
"A0A060HGA1"	0.0232262236973258	0.0277292967424028	0.0286180081321298	0.013304907850265	0.0315980933612784	-0.0567994314304933	0.043849476024073	0.0311598873191788	0.0253470329212442	-0.0267117231007181	0.0605358752186265	-0.033417348246071	0.0290676135355413	0.00137324372275696	-0.00841285823543202	0.0121781585247319	-0.0113263157260268	0.0284033115138973	-0.0472540751372707	0.035731117269573	-0.00463878746130767	-0.00346988174856891	-0.0401175453214437	-0.00381315311264428	0.0191298989851694	0.0191675579841685	-0.00393641783304756	0.0173941103166764	0.0100842236243937	0.0149916879282461	0.00991058970137136	0.00298812869941109	-0.00011235029982791	0.0140358403973421	-0.0449356501769655	-0.000857671091175104	-0.0208225867390926	-0.0235616638086671	-0.00340983280552586
"A0A060HGA2"	0.0319427959671759	-0.00298804862864911	0.0431791152735243	0.011354597807482	0.0134765549172975	0.00335584083939605	-0.0328478315524357	0.00619425415711793	-0.0137322886585948	-0.0527339869632763	0.00615167897100461	0.0398080811788527	-0.00929232440719664	0.00974870545971514	-0.0170371938094639	-0.0245983902471853	-0.0137000338209003	-0.0745565490011445	0.0075856709564094	0.0358163572056872	-0.0304267223425548	0.0158994630756295	-0.0181748142269345	-0.0221216292284795	0.0574435293269312	0.00795369718931153	0.0249374266560966	-0.0297808564320895	0.0598095512082929	-0.0310709013719939	0.0180535896750143	-0.0537790667854073	0.0222489467478903	0.010051449917477	0.00937785485421405	0.020529195614194	-0.00522096288590683	-0.0187781420936486	-0.00438758476002179
"A0A060HGA5"	-0.0207862819764625	0.042737408833237	0.00300555336753113	0.0198877898775167	-0.0229095206196649	0.00324612282822519	-0.0470285293448644	-0.0014030664982108	-0.000445256762593768	0.0448129171388357	0.00431811920494959	0.0740231315418722	-0.0213865947536157	0.00687999619808552	0.0149970463522265	0.0593435866930829	0.0455050497907081	-0.00103386163782509	-0.0203286947473014	0.00728521293088146	-0.00318527393988325	-0.0277202692963201	0.0155537385803001	0.00662996025910254	0.0340026162701965	0.00990172044526012	-0.0181000553281523	0.052616829668042	-0.0404437928972655	0.0147997375147744	0.0050722851025892	-0.028614738509221	0.060626664844595	-0.000589360160955291	0.0092051606281653	-0.0448375050652178	0.000252135335750818	-0.0337021156137399	0.00845470319745992
"A0A060HGA7"	0.0472141862612928	-0.0151336636247188	0.00152080019648088	0.0145248966047597	-0.00479359391268772	-0.00262536025633151	0.0244558897208654	-0.00469918774843725	0.00446426985711387	-0.0389282383966302	0.0230353749079611	0.0150460114304411	0.00595434295424182	-0.0121725853395705	-0.00964103810915831	-0.00569195081150244	-0.00872281697786132	-0.00202616615910719	-0.0197921889871869	-0.00518915322907716	-0.00389616496028039	-0.0251367532166074	-0.0339179273973323	0.0115056210177337	-0.00600583296269374	0.012224294783104	0.000186277241786477	-0.0238976081256173	-0.0126088679299716	0.0143189434425254	0.0248395245745107	0.00542550031807703	-0.00626745957226643	0.0167144533987648	-0.0200216936577587	0.0216951518246139	0.00513173227760098	0.0222653141404657	0.0205355733177773
"A0A060HGA8"	-0.0126372070644249	0.0467237487745765	0.018640845897221	0.00105588114399658	0.00355758700534648	-0.0112800950754327	-0.0117903486792629	0.0562020430781618	0.00414663234991872	-0.0379995043768455	0.0332096000800479	0.0162557801267049	-0.0198466708192195	0.0132877545374392	0.0600443081455588	0.0299856163236963	-0.0431646425135768	0.0759546431974889	-0.0573423829377374	-0.0494248378011806	0.042345641286359	0.0138291698121417	-0.0155377670119235	-0.0229900513811642	-0.00727241066509902	-0.0316645108003405	0.000934829870935642	0.0258116877746064	-0.00344352242653027	-0.0158882400368792	-0.00715178117409236	-0.0532269368657457	-0.0319842915439383	0.023526581852043	0.0297185522059097	0.0351708880294288	0.0289994575356937	0.00265659855701234	-0.0030913469445682
"A0A060HGB2"	-0.0334955916689072	-0.00947566744425553	0.0194452733626697	-0.0271458613378022	0.0229563546074381	-0.00286774842819911	0.0545411191178527	0.00152421462572875	-0.0130106229236815	0.0255916184167071	-0.0531056184436994	-0.0282075941821866	0.0193699981507916	-0.0200783176321845	0.0595183199756486	0.0551440151877132	0.00924602122351481	0.0227422466502405	-0.0101637967716902	-0.00684443869056818	0.0147276965250218	0.0628017992091286	0.0239366065997713	0.0306685389535369	0.000554620231446908	-0.00648403629145285	0.0183450852456118	0.0105501149708935	0.0151185191576197	-0.00313332796298577	-0.0194715627988363	-0.00254723205202023	-0.012189923660505	-0.00676795130193826	-0.0174343122683901	0.00721108859165091	0.0349588521925011	0.00211312648735306	-0.0109155777025702
"A0A060HGB8"	-0.0158805697862721	-0.00135146876743472	-0.0371687234372742	0.00745559575480423	0.0446107654088038	-0.018407855946735	0.0469271813214586	0.0133209365129442	0.0214210270473679	0.000634697642974492	0.017810396264235	0.00900427525923646	-0.0643730209668066	-0.0359352453584692	0.0202877217880583	0.0697693107535385	-0.0169109904329068	0.0384920234026585	0.0109431088978059	-0.068486475956133	-0.0101731417669546	-0.0200675580206289	-0.0663087139325836	-0.0310310635764097	-0.0321849704174407	0.0121333178233665	-0.00056500010128681	0.0129265468007956	-0.103676865676349	0.0367475909561296	0.00629033100959437	-0.0388344341951039	-0.0169276321934022	0.0172570860042973	-0.0194339563168997	0.0207716762915751	0.00183448772349722	-0.00863170417641392	-0.0108756747721159
"A0A060HGB9"	-0.0144492886251856	0.0153086049282418	0.0374259163230638	0.0292872674819458	0.0375022835836538	-0.0298260178294191	0.0161281781321808	0.0132367244937835	0.00631714382499733	-0.0330525855242599	-0.0151528442041239	0.067615684155336	-0.0611913788059012	-0.0086073000794574	0.00718181627824952	0.00280123996177817	0.0351002514691156	0.0236900558525544	-0.0162051636664374	-0.040491537788003	0.0137631796697575	0.0659333450703831	0.000251508998661521	-0.0354667704804206	0.000555644488420171	-0.0217621858704578	0.0030822154983988	-0.0262410113143669	0.02835136923511	0.0716277300586707	0.00469981954450686	0.0419259183829516	0.0627561510546923	0.0800403739849923	0.0540545762426784	-0.0263586140592035	0.0173468696897797	0.0395002419844913	-0.000308720134104601
"A0A060HGC8"	0.0237723929131403	0.000223252751903732	0.0361274052807899	0.00399838740494199	0.0145763301084983	-0.000720395587400158	-0.028898892984085	0.035723595260631	0.0372128010841095	-0.0242303029174728	-0.0260774297142374	0.0324630668333716	-0.00583374737827492	-0.0172234774144886	-0.00301641749972113	-0.0175055789393673	-0.00935014768065763	0.0807847146370697	-0.0024386668840581	-0.0988026647847115	0.112890167519288	-0.020151915919281	0.0297008069279681	0.0128436588144646	0.0481846857238639	0.0073619976486203	0.0240431915910053	-0.0219709718039573	0.0424366532130689	-0.0139156549566968	0.0273452363000995	-0.0110615855738891	0.00265153763429742	-0.0234405747287362	0.0144129998499479	0.0149029415789372	0.00472174301999505	0.0135867748439243	-0.0137165878916676
"A0A060HGD1"	-0.0490252867532362	0.00765139778528346	0.00566282939823231	-0.0231700741495434	-0.00332019666465431	0.0139742413645477	-0.0246222489039032	0.00216595424061264	-0.014696973954177	-0.0103867319256334	-0.0100111535980014	-0.0122942402151492	-0.0013392338865177	0.00333559132304603	0.00845247248391437	0.00568703076404691	0.0169391072408522	-0.00112687551259327	0.00243465050206683	0.00788751785255502	0.0213167765464263	0.00533941810057975	-0.00231968909591912	0.00752721938879199	-0.0106109542377261	0.0278477390662471	0.0131443394261995	-0.000398289518872802	-0.00342970237991105	-0.0182947255066262	0.00541466039097712	-0.0233599646871313	0.00721143526536051	-0.00438329055842455	-0.00111339864733857	-0.0107569093314153	-0.00879448431643957	0.0102600487916418	-0.0122711625962828
"A0A060HGD4"	0.0447915116539066	0.0204558048819664	0.036292842877091	-0.00652348608015703	0.0103923301530437	0.0198041204390035	0.00619334064001805	-0.0183070175770159	-0.0159780701719976	-0.00425037609009757	-0.0178188797910932	-0.0263769531109048	0.00700172239504456	-0.000318351281201916	-0.00832911815264415	-0.000719744442278363	-0.0088677792102046	0.00197961894515594	0.0086971573558895	0.0142642369264676	-0.0104342867241135	-0.0167650732504063	0.000201459593630587	0.00452246833205948	-0.00356904983714716	0.0140124129754354	-0.0119521243677269	-0.0173403254253378	-0.00694568153471316	-0.01181889571874	0.0215561518128556	0.00276719183139065	0.0172436347639279	0.0042149153142756	0.00404139929721079	0.00599586721121539	0.0133162432732705	-0.00888628158068855	0.00967214232569176
"A0A060HGE2"	0.0344953849918098	0.0049237017596309	0.0358107555557345	0.0147121621100865	0.049177599654951	0.0397138855619283	-0.0134048003356475	0.00510704550453835	-0.0221813368129189	0.00488163833567007	-0.00124689048333392	0.0104873616220438	-0.0189389640812963	-0.00437112364305758	0.0560214083320696	-0.00228310058793121	0.021904222344834	0.0347253645874109	-0.0287071488305834	0.0264405011349579	-0.01602072939129	-0.0236170769166634	0.00435830332302699	0.0078505164897024	0.0365763006601493	-0.00719475695646877	0.016081985883863	0.0244416038080044	-0.00717956157224783	-0.0226458206040113	-0.0215160129237267	0.0137348583740523	0.030218509603778	0.0159930457322064	-0.0276856676125018	0.0303179334166855	-0.0241388996854783	-0.00400819193541625	-0.00762082246252309
"A0A060HGE7"	-0.0219798924847663	-0.0241818425761661	0.00198219370503941	-0.000480519830313545	0.0348721875340662	-0.0128410032942234	0.0510833626396838	0.0608337617986198	0.0357719805139578	-0.0135881422096197	0.0183387007334016	0.033817523328436	0.0677537244117312	-0.00626370892607265	0.0212862312916002	0.0557117589184647	0.0199018724767771	0.0208564128831538	-0.00296006088098214	-0.0653997802973851	-9.72222771288451e-06	0.00681264464637415	0.0284058636378703	0.00427395927302512	-0.0445559861356924	-0.0142843964749547	0.0295103736226885	0.0263679272807965	0.0141985019323121	0.0476212825213589	-0.00211194839880429	0.0304051005477325	0.015781139381559	-0.00335162978449808	0.0419901897028399	-0.0179053758362337	-0.0616095972547469	-0.0147765047571863	-0.0127168079402252
"A0A060HGF0"	-0.0309007794977698	0.00925665245089425	0.0119911405183888	0.000922720931331287	-0.0453552155333732	-0.0466622227144932	-0.0135764005893246	0.00525211968119325	0.000200106915802461	0.00577722886570049	-0.0257871295949231	0.0131169174663674	0.00164120178323502	0.0252574352662578	0.0425721678814526	0.0329690614358446	-0.0737744572977953	-0.00209835762791819	-0.0557884892718081	-0.0486800233638702	-0.010215501142982	-0.024144364963386	0.0285214887224582	0.0357032872392345	-0.02365291486165	-0.00526109934501297	0.0176116284524099	-0.032791171577581	0.00733879254672918	-0.0266807829632456	0.0427405076503621	-0.035837515145252	0.0449579026534369	-0.00990856969460579	0.015361669802217	0.0384356801045839	0.0102296925199005	0.0617645332481211	0.062403407976469
"A0A060HGF1"	-0.013507142202736	-0.00635484545027458	0.00105172197906933	0.00710455033200162	-0.0677428848289932	-0.0193904007016357	0.0179359211219022	0.0639861117269036	0.0472873068563291	-0.00263291186084076	-0.00830176028609409	-0.029926804000599	-0.0267287398817793	0.00376526173792572	-0.0124217593700209	0.0541823065341955	0.0490502526929196	-0.00236786179968884	-0.0149473369519303	-0.0142543055762578	-0.0590462335129791	-0.0298208571246204	-0.0446909179861979	-0.0174858238728147	0.032691209951031	-0.029778113939257	-0.0349959810153025	-0.0456450743241832	-0.0280129693360828	0.0593464341550375	0.0307143552657562	-0.0588265349941002	-0.0319106510164773	0.0494517988809453	-0.0118504582251777	0.0370323000274757	-0.0019476269829433	0.03770527519448	-0.0122664741584385
"A0A060HGF4"	0.0190420227645328	0.0540848547905681	0.0125837809775411	-0.0103735902650062	0.0457690560601723	0.0283399109769856	-0.0446512334845955	-0.00812237568892652	-0.019733846719653	0.0265339802474785	0.0227007726039841	0.00993412861205291	-0.0340078190212371	-0.00339402810374207	-0.0237800895844703	0.0361031847323362	-0.0148537303267034	-0.0122337221115204	-0.016013370339835	-0.0134368647507444	0.00698904896733597	0.0124063794048212	0.0170901070188958	-0.0234848410512677	-0.00698305111441303	0.017960119627618	0.01383510905633	-0.00699180637460178	0.0330039772166357	0.00926716346365714	0.00339832700401086	0.0201757999184979	-0.00890059869420223	-0.0213163907423862	0.0021199804830261	-0.0413015295407727	0.00644970489406998	0.000313477478536034	-0.000309213514151587
"A0A060HGF8"	-0.00710966193729602	-0.00131360618534693	-0.00510530843035679	0.00939874968433558	0.0179922580513017	-0.0584047332479592	0.0153553626325165	0.0089478001764205	0.00424105266985043	0.0138442990390561	-0.0679500067288875	0.00916049057285531	0.0284023860511559	-0.0183560207858407	0.00209958892289924	0.049820133960625	0.0619383977132779	-0.0448953654221399	0.0196205704336118	-0.0409498588758378	-0.0134834365620954	-0.0308620504273886	-0.0777022802539915	-0.0554755337674738	0.0473704418820662	-0.0548383321216534	-0.0366963539743087	-0.00194772381043635	-0.0462765246716079	-0.0861576737345628	0.109622556025642	0.0307957496788338	0.0838540710165053	0.00704532418640443	0.00179715530264265	0.0458774086500908	0.0159831495391063	0.000672653822064971	0.000470509341002648
"A0A060HGF9"	0.0226987042048916	0.0169487499116676	0.00659690859550959	-0.016443711191383	0.0325009025782456	0.00523270491401676	0.0331905275575318	-0.0209602838012015	0.0152059484968662	0.0644967150996967	0.0134850598969016	-0.0150381622564987	-0.0228825936083676	-0.0166723032676547	0.0741514456741632	0.0483376187543212	0.0603523633404675	0.0314617609084513	-0.0019004620091164	-0.0630391314332261	0.0147653441279626	0.0629414436889033	0.0378507893460492	0.00210887661148898	-0.0590586688675798	-0.00405913827795282	0.00423002049511779	-0.0113212479518732	-0.0274643024572603	0.0456552794114317	-0.0239446368221469	0.0748545256800036	-0.0359426841355427	-0.0178685405563411	0.0124055318588498	-0.00453157695963607	0.00600200178838343	-0.00820522242485074	0.00434294564723592
"A0A060HGG2"	0.00918084665419804	0.039678560708254	-0.0735036531126536	-0.0216923579999183	0.0124312126969928	-0.00502629336367304	0.00268801403086786	0.0171516738132805	-0.0248060107749813	-0.0146202018228219	0.0204496636208402	-0.00970129150936516	0.0231163537777521	-0.000201505950042355	-0.0420984499503519	-0.0278415924701358	0.00144306826081162	0.00796126769864061	-0.0276597445663468	0.00387145014634693	-0.0041760854740865	-0.0340201910227404	-0.002373472979092	-0.0178159755080842	0.00839424808501323	0.00345339074923421	-0.0192194219492565	0.045218719676808	-0.00751513607622735	0.0144314604397521	0.0375908535494007	-0.00604065611593882	-0.0222166701401415	0.0164258633618631	0.0137801217428191	0.00968521957448873	-0.0526946477539612	0.0104587076750233	0.010489216453402
"A0A060HGG3"	-0.0281915073192102	0.00786410549314006	0.0162265301146405	0.0203380505249854	0.0497450174614102	-0.0461651306996482	0.00368624884639845	-0.0213288452454516	0.0276439401673965	-0.0209921134928762	0.0263158529112853	-0.0943614230392957	-0.0277973303429358	0.00865465364302444	0.0144397771474097	-0.0298151629049797	-0.00592540776930584	-0.04192604088005	-0.00683264556075588	0.0139561431634731	0.0202974567090829	-0.0368616129108665	0.0223985844740587	0.0148156228161277	0.0224975190902129	0.00771133094391071	0.00508790605062628	0.019497132991351	0.0037005977391005	0.0256368178720977	0.0252874940120469	-0.0127935001892078	-0.000738499868376706	-0.0376328557735627	-0.00618586421361218	0.0169116391829299	0.0274870212574127	-0.0068258255903468	0.004835242557923
"A0A060HGG4"	-0.0416254544322005	0.0141753585707359	-0.0131164719386536	-0.0121478231070661	0.0220005656652925	0.0363046113159294	-0.01944852430959	-0.0321862684487554	-0.03425671965491	-0.0247174140428915	-0.0312005477546503	0.0154848718826888	-0.0174552000636629	-0.00797818860915965	0.00929500680738095	0.0053280910687763	-0.0359392527862923	0.0243497062034108	-0.0186696724852846	-0.0135704894021227	-0.0148928404929336	-0.0164010450570133	-0.0369019735649087	-0.0134734549269663	0.0078168358294095	-0.020185658149127	0.0156977678663204	0.00863133231224291	0.0116071505528045	0.00377198314471704	-0.0055687368641527	0.0153782618641881	0.0333046174201579	0.00712776378481515	-0.0345250107259195	0.0237265741659707	-0.00521128298901205	-0.00040399198031292	0.0218585941103248
"A0A060HGH1"	-0.0484150534213678	-0.0242676501938052	0.0173710448311461	0.00172392699971438	-0.00444934542778966	-0.0118240241354011	-0.00121562137994862	0.00839134061100746	-0.00504331802200081	-0.00490282184800751	0.000325607373433046	-0.00773332880262827	-0.00226203933532467	0.00534106033751585	-0.0211717215953371	0.0057302719708952	-0.00157076893438222	-0.0214099117386343	0.0105896294431098	-0.00125791396267838	-0.000613040469496379	-0.0107827059228697	-0.00744336079694719	-0.00604258486807132	0.0140682602502899	0.0182395508058476	0.0119138024347647	0.00958556908745422	0.00226050133847344	-0.00540861010745318	0.00228604965271666	0.00314562212364823	0.00735104255830014	-0.006148959269228	-0.00170093735446639	-0.0135047496031067	-0.0122835760105507	0.0108596481796169	-0.00377049718123564
"A0A060HGH2"	-0.0280515307657873	-0.0056665724735338	0.0230214986677584	0.0208202399796559	0.000564758812640788	0.0412721749529694	0.0446588313800393	-0.038051178002505	-0.0207101698119518	-0.0661918974252749	-0.0522785111061836	0.0117016883007924	-0.0512522848108879	0.00668957713884194	0.00241048348845286	-0.0387873835558935	-0.0152207092081252	0.0463255457289781	-0.0491865944558147	-0.0275386967811822	-0.0121735377881046	0.0174443472531831	-0.0408367065796539	0.00813220501820423	-0.0198492936384798	-0.00539153820319764	0.00773499051489069	-0.0108047470041182	-0.00457877296070249	-0.0150572070324052	0.0323448664215472	0.0126751589628721	0.00872883432864913	0.0278632780577334	-0.0220206865514207	0.0180756235269761	-9.32651699013632e-05	-0.0442494271723935	-0.00502328763582485
"A0A060HGH5"	-0.0141670483998961	-0.0299825826708128	0.0488500917313628	0.0542516848830811	-0.000645637987335607	-0.000534627227754163	0.00372229477387436	-0.0315569863459891	0.00354921225985185	0.0343514051084414	-0.0513321624962337	-0.00988968869906532	0.0210850566039531	-0.00655529266900829	0.0413694460936873	0.0422823563391364	0.00812444063518898	0.0010629477566495	0.000675885810346686	0.0136544438832148	-0.0203024136272931	0.0673468955044829	0.00756931012598161	-0.000567097432762886	0.0347528526026843	-0.00198895740363692	0.0284700338359185	-0.0167716272780845	0.00813436838450604	0.00474957636568918	-0.0513158918567224	-0.00686409555886984	-0.0419894776934957	0.00996622734427653	-0.0366540269068512	0.0112393926093212	0.024827940101982	0.00220301831359023	0.0207027395921309
"A0A060HGH8"	-0.0421902276170356	0.0245897329710267	0.00870059020981397	-0.00859322429267718	0.0228942693033067	0.0163819072988306	-0.0205107110471291	-0.0189575112284163	-0.019053123914097	-0.0429503759856517	0.00957243705218558	0.0101884817004464	0.0175970453161275	-0.0261030948477825	0.033686212871373	-0.0159247178746577	0.00167841632383369	0.0216751693140985	0.0264186890625127	-0.0211528062703803	-0.0187510976252009	-0.00547586107212627	-0.0124554695841462	-0.0142495713514663	0.00171998381556642	-0.010968148491779	0.0327436494817264	0.0298568114670332	0.00236166826140664	-0.0126844099321753	-0.0232852831236241	-0.0137975546428349	0.0180865079367176	-0.0378520819975166	-0.0110280423225157	0.000910180374137182	-0.00339117393612063	0.00452157898442962	0.0311361961249504
"A0A060HGI1"	-0.0218518206350097	-0.00112838671749625	-0.0505570604062139	-0.039686728677339	0.0547047617837585	-0.0140400888608111	-0.0233024403217231	-0.0309799925991246	-0.0141127348747377	-0.0110081626616052	-0.0139389358601929	-0.0145665568853962	-0.0111339102270926	0.0178741660291138	-0.0030076447379652	0.0463815875654867	-0.00692166771687766	0.000420636173158488	0.00106475130252397	0.011553423948312	0.0103366267876225	6.03642502941008e-05	-0.00226140282855927	0.0477143053270058	0.0196855497997626	-0.00208976750867478	-0.0592136804178376	-0.0164174091351231	0.0388615146848043	0.00665450756361228	0.0240897059897846	-0.05611380267387	-0.00349838651207174	-0.0388984632908623	-0.0136875377264451	0.0395252264725687	-0.0127824011409024	-0.0312372194679253	0.0201486893708069
"A0A060HGI5"	-0.0393418365662664	0.0152746578574402	0.000209174597527842	-0.000739016554923152	0.0186434573409797	0.0607755003598495	0.0202175526050809	-0.0388700509708463	-0.0332952037829334	-0.0122372285110376	0.0118953516151826	0.0033142508202574	0.0132391540637643	-0.00553723198458932	-0.0106615146112649	0.0225213951874547	-0.0118151468555052	0.000971163896541582	-0.0438646651904053	-0.00872960248730733	-0.02224427562867	0.0282926546568435	-0.0325086735950687	0.0243636373626595	0.0221852181702355	-0.0211335529217145	0.00432701789861648	0.00609595710256649	-0.00562042570577951	0.00201040119181246	0.0251360835515514	0.00684712195189735	0.0138936400787568	0.00716457651965351	-0.0170725569477789	0.0295704546435169	-0.00364093195636568	0.0343769685712296	-0.0369081935971149
"A0A060HGI6"	-0.0243852712153828	0.0443787009545319	0.0175789176508788	-0.0110492085531979	0.0145495822108922	0.0589248246557794	0.0219967177967222	-0.00959156117321972	0.00939890795865198	-0.0383443209575336	0.00292536387940041	0.0227223819884593	-0.02735999028482	-0.0272008575945125	-0.0133370962288988	0.0203704293130372	-0.0416461956790379	-0.0150537992166031	-0.0245842920559893	-0.00969828980515252	-0.0439268104795816	0.0510686788236697	-0.024119888161528	0.0211826551548846	0.00479836852878428	-0.0551565452608452	0.0158482359189116	0.0242439125027383	-0.000387540312520799	-0.0221562161628398	-0.00837427074640485	0.00966752195740787	-0.0163327333985846	0.0151769274551956	-0.0202067256879818	0.0212237104820141	0.0151488573006584	-0.0104694161394434	-0.0192561711620755
"A0A060HGJ4"	0.0317672456333701	-0.00247317306057008	0.0429792457965364	0.0119880975726893	0.0137438201005302	0.00437019140554644	-0.035593239509711	0.00816438744019607	-0.00522129626889461	-0.0526684259141926	0.00547646499570905	0.0404051845177952	-0.0050726111592054	0.00555189259661413	-0.0134501052389651	-0.0271745532065579	-0.0161615298179925	-0.0662987036584249	0.00782310463150314	0.0257318814567679	-0.024017898274445	0.0138641121976617	-0.0162702444255671	-0.0211215525379579	0.0624848661124303	0.0122313655751533	0.0293729976275141	-0.0350913632243812	0.066838748944437	-0.0359677828020194	0.022378123473502	-0.0578877982855433	0.0228117073595237	0.00994140671628853	0.0121600833926032	0.0216866206325151	-0.00686009249784376	-0.0177797816093587	-0.00154597581926593
"A0A060HGK0"	0.0266981279387381	0.00698851582025828	-0.0319617763857911	-0.00163280418213027	-0.00784867087222117	0.00980997642157701	-0.015856135256572	-0.0134550971826757	-0.0338589630590274	-0.0291627157193554	0.054056360792225	0.00406251977977024	-0.00367563509023826	0.0450428422483466	-0.0419058480019906	-0.0331563564019676	-0.0432849726704539	-0.0121053950903703	0.06715146365968	0.04780488969312	-0.0643424135080154	-0.0304637263840045	-0.0317278984179238	-0.0421754083743262	0.0784696006021748	-0.00186626193616181	-0.0804960420602561	0.0277095126738207	-0.0160499074776074	-0.0465838815624706	-0.0151365304504091	0.0209159130631219	-0.00280770803441413	0.000510233642306991	-0.0318666288691696	-0.0031799002111993	-0.00587719919700625	-0.00570646794679759	-0.00160042488439734
"A0A060HGK4"	0.0165785763397025	-0.0107642121669191	0.0136835453816982	0.0387673668940756	-0.0272923022660968	-0.0228155517267539	0.0157387855109245	0.0563015505543983	0.0199913180233907	0.00671309415248574	-0.00119067938728257	-0.033982255538815	-0.049460309179144	-0.039980134925505	0.0692957649948474	-0.0233705229759961	0.021291541501319	-0.00214009007961716	0.0872101557237873	0.0374903540868386	0.00560642784357412	0.020848017671482	-0.00807066266599411	0.0268802779137439	0.00868835619645103	-0.0913135261615952	-0.0315046184043564	0.0302117366111408	-0.0290244729515278	-0.0422760761156005	-0.0262404767566197	-0.0723750224065602	0.0231893111715739	0.00619451286958852	0.00447692354795256	0.0209789183751594	0.010144079968756	0.00260014842355013	0.00332627912471383
"A0A060HGL0"	0.0404145458469312	0.00941866729356369	0.0189584300012947	-0.00165781148782937	0.022328667190243	0.0421116888028591	0.0348876554242268	-0.0312233591394354	-0.0189323004475115	-0.00673842944247959	-0.00159576530166459	-0.018222219363056	-0.000362602473523398	-0.0602470403535722	0.00841545536746741	-0.00807290409519552	-0.039432604471777	0.0143079751551558	0.03339952578775	-0.00848223040743751	-0.00130052490149706	0.0153142546236062	0.00371909891564614	-0.0128114533658522	-0.0170943497666669	0.000297432256385077	0.00372936812598506	0.0475022147476404	0.0135537029384608	-0.0124454723761865	0.00620723162293233	-0.00711828778813649	0.0145716365361835	0.00968768373390213	0.00245755901209901	0.0164062801105077	0.0123616100106003	0.0114709728048355	-0.0337711306627452
"A0A060HGL8"	0.0144605158508047	-0.0419930341626955	0.0637612104193892	0.0218387457163553	-0.00399811503628655	-0.0164352850413252	-0.0287892066385612	-0.00741093356494456	0.0195554824052053	0.00993947399130518	0.0177990078963212	-0.0371829501442688	0.0235624936258886	-3.5231181045715e-05	-0.0154223534598411	-0.0293635927753912	0.0214197681868225	0.0239457358686387	-0.00184971022313498	0.0538311473650336	0.0423232257897757	0.0149695816075951	0.0103875476037953	-0.0209338748308296	0.027081748407105	-0.00719798661824686	0.014123178622068	-0.00707715485906721	-0.0358538034413966	0.0138269015963813	-0.0357995680764204	-0.00988058236652463	-0.0145198021878963	0.0199635249886778	0.0130163460029251	0.00567525601994549	0.00060095433234195	-0.00337934241244301	-0.042664878782946
"A0A060HGM0"	-0.0438008315236519	-0.0216424104229836	0.00728280816847765	0.0370950921080421	-0.000711762204850187	-0.00751445309759208	-0.00310264143889049	-0.00467419673543421	-0.00745258486546482	0.0228938212585524	-0.0122134393518689	-0.0179342297449998	0.0283332334718892	0.0211515708069727	-0.00202530222215825	0.00831407348572196	0.0235779001951041	0.0330807588289669	-0.00386168855241397	0.00990169351065657	0.026171942574838	0.0138667645653035	0.00434858383474994	0.0128781320460581	0.0158014614970895	-0.00818806012121586	-0.00114154415958738	0.0042027731901128	-0.0294891681520664	0.0187006893199862	-0.0332152678468208	0.00171458023437671	-0.00963854274013787	0.0141838640975591	-0.023370716733293	-0.00597015666743957	-0.00961400949523433	-0.0116297427257987	0.0118459669309532
"A0A060HGM2"	0.0303822878963787	0.023223682279571	0.0140096466517869	-0.0212796211895646	-0.00100026262872766	-0.00062091885614755	0.02779322841187	-0.0328523832279935	0.0494903074401684	-0.0180958379230246	-0.0382518312776255	0.032401185119006	-0.00824028033520048	0.00937644297851916	-0.0304529818335803	0.0279055773385797	-0.00758225347982437	0.0142463757703009	0.036224020389405	0.0259700202211995	-0.00741288142644848	-0.046937926290488	0.0291842095451663	-0.0529731551899242	0.0201200877688688	0.0494877297157706	0.038723181606988	-0.0651575686714219	-0.0522318212268249	0.0639235251486041	0.00920028416078627	-0.0149761696261659	-0.0404156856715178	-0.0187800706448238	0.00633481347672858	0.0504570455057683	0.0272241963615904	0.019317045953334	-0.0135154273208751
"A0A060HGM5"	0.00700213183213416	-0.00613711071849813	0.0274182293222279	0.0205839631674757	0.073992847283544	-0.0158674524740684	-0.0100943641885819	-0.0378301428226744	0.0397263783897336	0.00642078125299879	-0.0318020095556927	0.0391216981177169	-0.0352822007753723	-0.0346560989545493	-0.0176648403737196	0.0336894482948774	0.00866671762575462	0.0763029973397749	0.0164968459575321	0.0663236298551926	-0.0453347314644027	-0.00600340393224117	-0.0189317060994125	-0.0175330760429329	0.050136875921869	-0.0630960031891347	0.00903409013315492	-0.00882075154963847	-0.0145940072411832	0.0115903916515715	0.0032828637449469	0.00114591201384006	-0.000606949963019124	0.00862421029875343	0.0267620508862452	0.0118213996958333	0.000548747959386631	0.0521039302766144	0.00719845850167516
"A0A060HGM9"	-0.042183862425717	-0.0177423210244629	0.0348072938085463	-0.0232774348199714	-0.0148469383709802	0.00638367693315693	-0.0283968863667177	0.00830780950019879	0.0182215458807117	0.00147658309636183	-0.0130669058741293	0.0149032622594497	0.019196619088744	0.0183051061558617	0.0114553601639496	0.0121198606647689	0.0280758368309809	-0.00360952989167018	-0.00859479995136805	-0.0111550869087603	-0.0155244274614244	0.0172683222439447	0.00546100064616552	0.0204468030068888	0.00554624927950598	-4.64468703266481e-05	0.0360262516466625	0.0189618800114155	-0.0161346181724386	-0.0175565330310812	0.0173994358046613	-0.00807912115866775	0.00709728835225366	-1.60664545588955e-05	-0.0251231435609258	-0.0149960085799597	0.0416493181735888	-0.0247189807451837	0.00378216268033617
"A0A060HGN1"	0.00296411887260333	-0.0212859429718031	-0.0122565528155989	-0.0435219311661558	-0.014305525481415	0.0281353520205888	0.0189900401829776	-0.0429989117805933	0.051844808469923	-0.0190340342251324	-0.0023713767039402	-0.00836541677792844	0.0237478578985226	0.00416979271869616	-0.0217086338640412	-0.0295995948927138	0.0562793426658249	-0.0437122891535757	-0.0425128215549849	-0.0366006033352467	-0.0505261170188872	-0.0785682757248157	0.0695058256399703	-0.00973633359823354	-0.0270926578699285	0.0258160805631626	-0.0211780207450227	0.00579203306626247	-0.0478408001941996	-0.0690819206485085	-0.0713258473333736	-0.0274506252142432	-0.00678180776990437	0.0237864346232432	-0.00741155564822038	0.101778644071809	-0.0272894586779543	0.0138468974513021	0.0106702377751283
"A0A060HGN6"	0.0385187646641975	-0.0426197545514377	0.000585751744315953	0.00338218526833348	0.0125572406656325	-0.00469724607979119	-0.0291481750521522	-0.0256628426576095	0.00515030207547557	0.00769725665462952	-0.0382503682878113	0.00848480129321378	0.0194420691585376	0.0157536922993403	0.00795924031625355	-0.0235376388951849	0.00212739242910098	-0.015864380201057	0.0260618101581194	-0.0104060384198027	0.00354578120462003	0.0170493643733809	-0.018192961502248	-0.00707576709432202	-0.0231004263749532	-0.00469253179451271	-0.000999860591037083	-0.0299358477470835	0.0227745139151797	0.00562073301166705	0.00650542325326755	0.00563697945256602	-0.015167008308792	0.0343578579411219	-0.0334589835941485	-0.0162665753042501	0.026380978161203	0.0112506170088021	-0.0118857306510558
"A0A060HGP1"	0.0447419364875128	-0.0342322069365898	-0.000377990047796136	-0.000569410655753409	-0.0178107419755708	0.00598650357175326	-0.012448575549946	-0.0154385831380886	0.017143864166343	-0.00380366722205757	-0.0126169436176061	-0.012302171328319	0.01022563332966	0.0205388242223886	-0.00518356368347724	0.0045093262542937	0.0112326006224052	0.00607679072365154	0.00251793995961338	-0.0122910308384309	-0.00601442506882584	-0.00583045440154598	-0.0261191938190576	-0.0123076895045632	-0.00868487580242957	0.0294718225706607	0.0149319166647639	0.0170337786387729	0.000579975913068103	0.0190656831846212	-0.0164851772724638	-0.00670159160065171	-0.00185475122230911	-0.0192668714159957	-0.00449286907726779	-0.00115421975973888	0.0133900022789221	-0.0276869983188523	-9.20341346533123e-06
"A0A060HGP2"	0.00551259165268611	0.0314476482296136	0.00644231042287658	0.051780789218645	-0.0373398895095494	0.0422700924232011	-0.0660313588809883	-0.0496346442857889	-0.0205574970886685	-0.0391817215885739	0.0160565972694004	0.0155716277385305	-0.0162959143517661	-0.0123046280980175	0.000683177410538298	0.0195318284137718	-0.049374901750943	-0.00242597374533057	-0.0103804842519603	0.00178983504454311	-0.0130195462804862	-0.0194296618586809	0.0268729123468831	-0.0232203352242234	0.0264734082619292	0.0246951497820727	0.00183859607319228	0.00537745050617727	0.0330381317243353	0.0206693965969812	0.000638836196943124	-0.0174172651576566	-0.00431387774862927	-0.0274034435209379	-0.017039150978581	-0.043483774699675	0.0392410965249002	0.00827638000878179	0.00190676586693799
"A0A060HGP6"	0.0456524683454555	-0.00315094059204338	0.00332427280585084	0.0129186877303177	0.0317174225750217	0.0205912920211641	0.0234141649331782	-0.00106486834742507	0.0404991188979878	-0.0304037854744771	0.00300148506766348	-0.00846690547979164	0.0156403782514004	-0.0142950454337418	0.00340333662834599	0.00796069522030698	0.00151998889503375	-0.0112695339826821	-0.0179950609930789	0.0335014894859429	-0.00513157469194222	0.0201046155092133	-0.0178147969423604	0.0140146347559828	-0.00962180635619594	-0.0125828557597143	-9.81901678635282e-05	0.0234207546264001	-0.00537848396048882	0.0133059978461328	-0.00921536012183773	0.0074162406468143	0.00432212588362242	0.01223903665723	-0.0166506531522045	-0.012083451256613	-0.0121159157659507	-0.00528590722046318	-0.0167742423367765
"A0A060HGP9"	-0.0321119023527091	0.0488534499817793	-0.0107214768394885	0.0107620029050443	0.0298350073866338	0.00692147413337924	0.0124279882538263	0.0146972709326914	-0.0477017016869604	0.00560731723208159	-0.00726378404352462	0.0166114545843169	-0.00128368654446036	-0.0220413714895027	-0.00115045961552316	0.0178450462927992	-0.0170899763839736	-0.0118727316004798	-0.0126037736949618	-0.00715147561581638	-0.0103734092270872	0.00457438757931749	0.00735017010894125	0.034987355662356	0.0261499445955095	0.0247838569367992	-0.0317850793714836	-0.0407121825666781	0.00349906302842712	-0.00133170323402513	-0.021063772662381	0.0222384591700385	0.00012704219117686	-0.0168180308002884	0.0330687141234406	0.0172780232222576	-0.025239188347053	0.0315509641459176	0.00226424694205362
"A0A060HGQ0"	-0.00816615985177842	0.00404264050126713	-0.00060437424898747	0.027183189783511	0.0214894126013304	-0.0254089443722104	0.0305648768143803	-0.0128340174905989	0.00830479679263516	0.0521888919611082	-0.0471660857843634	0.0338696190443524	0.0175525178881106	-0.0564391150857485	-0.0797029364602721	-0.00914634276469276	0.0836982445278607	-0.0271673258788124	0.0751214261619336	0.00623725954275372	0.0268664391755145	-0.0559237770219943	-0.0690437739389755	-0.0365198873627247	0.0209713410261117	-0.0254425020169528	0.0279766102767152	-0.0158573675685397	0.0377706559482552	-0.0537521490085818	-0.0103936828324588	0.0209681572022519	-0.00780920662355093	0.0208557373292262	-0.0449411391575356	-0.0317808714759047	0.0530316014391555	-0.0748525466192317	0.00245380180267012
"A0A060HGQ1"	0.00137282872413412	0.037543052161395	0.0465971924918135	0.00309847893247267	-0.0291514850142329	0.030727205947009	0.0338416909933688	0.00600544899582674	0.0241680288739591	-0.08844906770906	0.00912802479904044	-0.0201388463321888	0.0100357904531884	-0.0198670042078205	-0.0313487946486829	-0.0241028252222384	0.000500736438582987	-0.0081157780196529	0.00869769077512732	0.0264234577262854	-0.00510719006358618	0.0275258557763905	-0.00223073188019826	-0.019602318602895	0.0256689764804524	0.0249068793015206	0.0199413544062478	0.0483897193416518	-0.0465761417813468	0.0330811882940095	-0.0207984789355773	0.0129180106644554	-0.0107205655702443	-0.0377961379109787	0.017841485726103	0.0502483864669765	0.0297052371597785	0.068382359946877	-0.02812230062158
"A0A060HGQ4"	-0.0417569836378966	-0.0395080718250198	0.0175794866975459	-0.00214284814338843	0.0088017082944147	-0.0161804451203421	-0.00198263444995454	-0.00569182188746182	0.0121156007949392	0.00841216625465408	0.0204491921960932	0.0229908702798547	0.00932012339705184	-0.019593412152931	-0.0129510057628127	0.020415781089306	0.00306851498496288	-0.0185280724818776	-0.0197318831044329	0.00654679515827531	-0.0131542956604488	-0.00742763107135728	0.0160136544018361	0.00948034548214702	0.0350973788256039	0.0160000232188293	-0.0121697005517005	0.0198599650322524	0.00303915382099324	0.0169372036737411	0.0105772014265411	0.00659177259923498	0.0118361691715383	-0.00358218341453597	-0.00414200570021649	-0.00364328914977513	0.0277506657710277	-0.00559064449538896	-0.0069786696785373
"A0A060HGR4"	-0.0207993634915696	-0.00314853670533859	0.0595214247044859	0.0171324228437455	-0.013280788265687	0.00666430645784824	-0.0325884714607928	-0.0127563692537439	0.0244810703758023	0.0289705067786808	-0.0612087408515569	-0.0278852321308997	-0.0470524033578874	0.0277222676279688	0.013573247131176	0.0470831232539986	0.0494042277598175	-0.0149196108184231	0.00666722369345428	0.00802803833082899	-0.0299344887965513	0.0341150752105172	0.0259960355960714	-0.00134364455674744	0.0268207481307848	0.00580091543429636	0.0294404891822635	0.0352967319234	0.0405138700171972	0.0191434950722804	0.00692458676508083	-0.0473243877632262	-0.0271978173925745	0.049017836667177	0.0417765435099332	0.0217962917496033	0.0257162353392193	-0.00788416829226841	0.0336634398731845
"A0A060HGR8"	-0.00660693995592199	-0.00332158114134908	-0.00989597170434676	0.019277074486515	0.0200678586776697	-0.07691068664649	-0.0263455117968482	-0.00552551056443309	0.00488932919535575	-0.00757656694547213	-0.0407950763733307	0.0468500141620065	0.0269160877331609	0.0175479589382708	0.0328270699777927	0.0714360683682896	-0.0614651180631929	-0.0283480996354442	-0.0511455293088793	-0.0714101518304874	-0.0704744198871456	0.000603504547452099	0.0100194154603053	0.00320549031879595	0.0299061956270806	-0.037654769888223	0.00534430296043128	0.0674803046623132	-0.0737504873833092	-0.022893315685528	0.0160242310657469	0.00851396716981765	-0.0170897147553389	0.0171816345088644	0.054669849808265	0.00407702407095327	-0.00984400560183758	0.0171321897955729	-0.00223837521946211
"A0A060HGS3"	0.00950091775592778	-0.0133424232348619	0.0707797925532965	0.0226874373290997	0.00290824458909426	-0.00174860839171194	-0.0272995517067904	-0.026512966108083	-0.02140053572828	-0.00216487819775858	0.0117938332149902	-0.0320271545242565	0.0023396207921029	0.0323628206863822	-0.0020663707629882	-0.0554928756044724	-0.0232501057637366	0.0409355893630801	-0.048916869579942	-0.0541553025965157	-0.014089623761731	0.0339257131027809	-0.0076039926937702	-0.0502547082100442	0.00259990745243236	0.0471832882574523	0.0208117381416752	0.017260683396353	-0.0458575934313866	-0.0215261292949606	0.0217716487858471	-0.00373751995317877	-0.0189320509260173	-0.0282372572584755	0.0215250462408297	-0.0762537931565623	-0.0154957437462739	-0.0438952670430566	0.0805438504558087
"A0A060HGS4"	-0.0117980704648724	0.0673550183224261	0.00394996985321211	-0.0321995741505665	0.0211117218897251	0.00875361007705561	-0.0187922647678638	0.0145840352095203	-0.0139986320710838	0.0180113335393259	-0.0102223572928654	-0.00575415160749059	0.00657934062428326	0.00287302140869961	0.00221965392930193	-0.00308869937710308	-0.029003437730388	0.0267272262564939	0.0134729512030023	0.0334469133646398	-0.00311115079983829	0.0361563921037701	-0.00344659318274695	0.0110940049569429	0.0357208395019228	-0.046989172713692	-0.0225922688235152	-0.00710559346158719	0.0168223055705204	-0.0183626343644168	-0.0225561892243812	-0.00892550172290522	-0.00219666668153665	-0.0147855750945218	-0.0115180117902413	-0.0149979799733306	0.0273003049366658	0.011282824447496	0.00712008313936981
"A0A060HGS7"	-0.0366325641026915	0.0118074526848213	-0.00185887299475852	-0.041225988709624	0.0210324218866958	0.0305264670127876	-0.0162143085703724	0.02028884224903	-0.00678391712241475	0.0393401942445849	0.0011482236390005	0.0245374485368065	0.0340337785641888	-0.00184192103113306	-0.0116464720199617	-0.0713636641644997	-0.00487169309764431	-0.0226188953235653	0.0245275410345197	0.0169595238118203	0.00553878616924011	-0.0476363218388273	0.0181820176219704	0.0100254909479281	0.000461419400975933	-0.00340084493316078	0.0220269877973905	-0.0112091740612592	-0.0178084747549961	-0.0375960147441101	-0.0161207119086528	0.012176629323372	-0.000978089839452033	-0.000642663139726474	-0.0141559699037344	-0.0148083334936286	-0.0423638112609797	0.023272194320577	0.0476929465112138
"A0A060HGS9"	0.0150219731428095	0.0351534679662617	-0.0413223311921684	-0.0603691968343119	0.00991866009588475	-0.00847479069162679	-0.0310690865923217	-0.00881569424391565	-0.0253998773003438	-0.0309969305645993	-0.00554626199000337	-0.0436464834235628	0.0172854781734099	-0.0391574568409747	-0.0215085939791197	-0.0158897360666737	-0.0255963304568417	0.0143788655514916	0.0322529002230079	-0.0286996815067041	-0.0177198146206198	0.039026582018909	0.0332218699114731	-0.0228052117196573	0.00345497579387853	-0.0213812320350575	0.00969760350098562	-0.0236466937340967	0.00255605447638109	0.0193252907172174	-0.00551429492474103	0.00195605628355056	0.0230035148694699	-0.0254467099084183	0.0147247044097257	0.0038866265494727	-0.0172944189022669	-0.0206679594352599	0.0167419323245675
"A0A060HGT0"	-0.0329361930010743	-0.0025290212272003	-0.00363851182419356	-0.00706701182137736	0.0316756986509931	-0.0011317451123417	0.0707591172413261	0.00958904104171357	-0.0196585907949881	0.0225092223636501	-0.00242033393167798	-0.0179319342282957	-9.47402465065925e-05	-0.0230097449440513	-0.00409113924410288	0.0220534031776875	-0.0514504901879426	0.00473463973552239	0.00931008385321264	-0.0406451392731075	0.0296171135162873	-0.0326276544362765	-0.0633265730953661	-0.0662468748270223	0.00534023723375648	0.0111217218264054	-0.0121062599020528	-0.00614717354988131	0.0278759939854195	0.00202544187156653	-0.0276264087928623	-0.032026147820263	-0.000488350477400012	-0.0428068768446891	0.0265649782413694	0.0618439229305581	0.0582415048390328	-0.0129724738733706	-0.00704933617842401
"A0A060HGT2"	-0.0433542668500939	-0.0160868322499309	0.0337516339015771	0.00943531173656452	0.015976058278232	-0.0387784807444047	-0.0175623328674196	-0.0167357228416031	0.0077827562106201	-0.00300005036285215	0.0112638787417811	-0.0205346987091763	0.0144652097200103	0.0101479453249425	0.0174762925624861	0.000195776482088214	0.00144822794508709	-0.0214737154764544	-0.0132396928389172	0.014709325642851	0.0220890045785868	-0.0178893373418032	0.00722932410752923	0.0122409842168124	0.0165204658798173	0.00185450923775332	-0.0166810471384713	0.0172541563303138	-0.00208487640717479	0.0168285320398451	0.000260588792377873	-0.00485958125137236	0.00237560316613873	-0.00425808589949533	-0.0063430820445065	0.0311595400742821	0.0181687690246496	0.00033276980355724	0.00497960166902644
"A0A060HGU0"	-0.0322251427729818	0.0296197617492624	0.0131154443922372	0.0134136506797962	0.00313538267406262	0.0495882810851439	0.0410453281661623	-0.0312430291081961	-0.0292389594173762	-0.035413371734927	-0.0452817971812662	-0.0164905881262161	0.0208711427394637	0.00443684950520126	-0.0101475735152707	0.00305852284296708	0.0212351513760675	0.0186042593517528	-0.0288132141489595	0.0277312334682216	0.0113110481112657	-0.00996824574482743	-0.0340177207827147	-0.0379245975856296	-0.0272942755083459	0.0118315679595316	-0.0227915071410263	-0.0117012568992919	0.0320929736199544	-0.0204409532039174	-0.0208700294372295	0.0134165017822671	-0.00529635677863592	0.0502732527256802	0.00385073391881248	-0.013965863417009	0.0268630255759031	0.0277686120314967	0.0250659158614702
"A0A060HGU1"	-0.0128948754148862	0.0461891020920038	-0.0259355629947441	0.0155466415409642	-0.0414100128433484	-0.000719096860493853	0.0213095455457707	0.00438558151403472	0.0661623630087226	-0.0367580638340393	0.00364445377472278	0.00480692693418793	0.0276079607129848	-0.0512745308508305	0.00834116868603499	0.00932132187068439	-0.00189114904175265	0.0518424895510777	-0.0322931413410255	-0.0219841429176666	0.00450451082936465	0.010166059150588	-0.0215961473496786	0.00728204591528878	-0.00238208728693154	0.00338020615516215	0.0234012911340587	0.0708795165804986	0.000816806093918513	0.0257803590103086	0.00995930517200541	-0.0658837714900651	0.0279224510130966	-0.00594905276200175	-0.0382665246506359	-0.00613758731929588	-0.0053255524885545	-0.010251885887028	-0.018126009172608
"A0A060HGV2"	0.0254179618929968	-0.0471811439856484	-0.0146605207149939	-0.0202238437097846	0.0302390610348934	0.0204967684574437	-0.016631092224516	-0.0075935178463825	-0.0135705451523746	0.00469206124390705	-0.0652684341129911	-0.00989108287252535	0.0451649130198413	-0.00704683138920218	0.0334817622545739	-0.0292171046227309	-0.0122424599276161	0.00153004027388227	0.00743273685855543	0.0423188486760315	0.0102840036704401	-0.0426674985034641	0.0166496604229666	0.0106595550273302	-0.0192965116040086	0.0160887199657077	0.031769571531841	0.0160247785811384	0.0355100490453983	-0.0341446611693137	0.00394015869161648	0.0140061815771774	0.0183112757495745	-0.0231027874317378	0.00258380752607375	0.00214272138644958	0.0109170942946868	0.0196879308762882	-0.023839114959366
"A0A060HGV4"	0.00609026851787801	-0.00768596982925954	0.0502185391425632	-0.0146321425988686	0.0587620925710669	0.0493191578439581	-0.0061309158165345	-0.000127614786632746	0.0390715226014402	-0.0052144446350874	0.000331549487252853	0.0593185857442044	-0.0293430713352262	0.0139332433813429	-0.0100945697968401	0.0269545088869656	-0.0136262392371067	0.0177733932314673	0.00348447943877039	0.0113510536472334	-0.0574786066377097	-0.0537683492828976	-0.0252484359308256	-0.0124714445743546	0.0276184836036224	0.0031392864108306	0.0680449464292353	0.0413165076861503	0.0307347377798285	-0.00758293560479347	-0.0353199250556123	0.00718182492491796	0.0202935976484311	0.0193188036008915	-0.019302471796227	-0.0625922342686209	-0.0372199321557162	-0.0241514033846149	-0.0106446872166918
"A0A060HGW1"	0.0270387044255121	-0.00661215457510254	0.0179685296597526	0.0296840237915514	0.0487391257162566	-0.0584990343186381	-0.0358566145276334	-0.0261370189370861	-0.0544024629464072	0.0067559778355476	-0.0171581034388745	0.00344170269736326	0.0350088278229592	0.0551453364411312	0.0168623727601666	-0.00156158634129812	-0.00754372861104366	0.00998884572374128	-0.0166506867941031	0.00676232306447568	0.00424579957118213	-0.0304962452374431	0.0206275113299823	-0.00329835992923572	0.00981465076628933	0.000444878578746348	0.0140206651691333	0.0220033492103801	-0.0149248999573686	-0.0295594941488847	-0.018952005301252	0.0102459357835478	-0.0114109730308446	-0.0208419620238044	-0.000381007043984013	0.046825660341854	0.0201693910707054	0.0203659292886243	0.0314088578081271
"A0A060HGW6"	-0.0344647051949233	0.00687121876522198	-0.00772708100950387	-0.0172886016943958	0.0337226973545299	-0.00125814337716311	-0.0548201994013868	0.0306196345203704	0.016505856476024	0.0214371389445137	-0.0254266946700342	-0.023263630356955	0.0574574226511772	-0.00607286068851026	-0.0187193181726751	0.0158080131311553	0.0376317992515897	0.0177457112843359	-0.0227629477274238	-0.0464985297113167	-0.0112291145848605	-0.0255396838532458	-0.0224838132011792	0.053135996515829	0.00438688343564999	-0.00536982279860117	0.0291316948689161	-0.00613150187488724	-0.0102474325485671	0.0519646506762912	0.0153939887797844	0.0333248752748164	-0.0488890330037338	0.00689126089097187	-0.0314772262693513	0.000190644785391113	-0.00688775679134948	0.00105695784599164	0.0111419044583243
"A0A060HGW7"	0.00709628409939242	0.032794053201876	-0.0276086090652351	-0.0310751414467681	0.0122061037136567	-0.0132256226211852	0.0294427352180489	-0.00183345946262002	0.024869942591001	-0.0192520931213757	0.0502980684096367	0.0395949879875662	-0.00370461006875219	0.0234434570620462	0.0285703991771388	0.0220687370765543	0.0294050938773222	-0.0516118849232863	0.0403060677894434	-0.0325563669890657	-0.00684454986754276	-0.0157879576789018	0.0610202796677848	0.0259375329987346	-0.0876949618437395	0.00527606722350665	-0.0679144507299317	-0.00910278353072268	0.0841430841433076	-0.0321793332034716	0.0153483375988672	0.00767265737279137	-0.0156385329193545	-0.0685058879814527	0.0367343310418555	-0.0581561690227947	0.0685258188214867	0.00958798041269571	-0.00332432388583815
"A0A060HGX3"	0.023930882721148	-0.00519394098571324	0.0252180065816641	0.0129439407850194	0.0208582231491607	0.0275726958649649	-0.0207658121215835	-0.0232500061811329	0.0109310316195657	0.0474336404662295	0.0341512599577987	-0.0472370055840964	0.0662291706582669	-0.0348585498592485	0.0493849642887875	0.0359233378163573	-0.0126996752593514	-0.0361946707198553	0.0334263476811645	0.0266723073046735	-0.11166061853573	0.00259631357272744	-0.0414649624063993	-0.0157867989176386	-0.0413455851236189	0.0339455992648545	0.00758517948261906	-0.0210481900063356	0.00414952272377621	-0.0220576877082445	-0.000150604637045241	-0.0353537348369679	0.0113149845817102	0.0265232638125233	-0.00215610074408061	-0.0163584854730785	-0.0288033067637933	-0.00740071715537031	0.0114685408610789
"A0A060HGX9"	-0.005043572392103	0.00415232588291578	-0.0125238924486388	0.010835950528463	-0.0147557503401163	-0.064952956806199	-0.0347088673212143	-0.0454364902810032	0.0829639788761506	0.00756911357774728	0.0742759455077645	0.0049912873935191	-0.0122537214985938	-0.00570653276735503	0.00584256858877603	-0.00869063731054532	-0.0471405308064584	0.00995023272404552	-0.0160478964265637	0.028578397026419	-0.0858738315528737	0.0133078289762183	0.0692390109330378	-0.0532403646228495	0.0365314475622526	-0.0208972676105458	-0.029888660421716	0.0226589151953324	-0.00110893055950933	-0.00353261583161226	0.0203328906523655	-0.0346362182109955	0.0389844354242112	0.0281781117381593	-0.0100440533170077	-0.0325034532966602	0.0110508719340808	-0.0184286595401902	0.0238077323376074
"A0A060HGZ2"	0.0399426382573256	0.0178974200520052	0.00474456505258617	-0.0377431372434459	0.00834408217634572	-0.00253335561254083	0.032589256991881	0.0165823367115537	-0.00604735387537413	-0.00871706108933043	-0.0450803462007962	-0.0414807329519247	0.0337181285564021	0.00429979970008045	0.00862067224878347	-0.00737283359524193	-0.00356102650230038	0.00145142763747199	0.00726353377122583	-0.0166761541485446	-0.0330842605861603	0.00115634656531822	0.00916730214154377	0.0164178225799233	0.0187119515195798	-0.0249564940618473	-0.0300379996439052	-0.00598881928792365	0.0342304922872601	-0.0272974605781355	0.0247342101227989	-0.0432622084851702	0.00888779081137831	0.0251733230435441	0.024177012737554	-0.0100101556259875	-0.0150510525313593	-0.0137444005180316	0.0568933812739093
"A0A060HGZ6"	0.0198384190633648	0.0576155660686514	-0.00267544902084807	-0.0291500644852579	0.011195020481553	0.0240042716799626	0.00375381029632985	0.0203321472198088	0.0558214116581128	0.0191106407902285	-0.0114973053606612	0.00412667141500826	0.00272848063829318	0.00124572699287433	0.0108017764661679	-0.0214694463247551	-0.0344702883444501	0.0418207564559463	0.0126305778179012	-0.0247259080657389	-0.00467921456100259	-0.00436668814786123	0.0155723614152185	0.0292088026045602	-0.0192793789978409	0.0202243661642639	0.0270179986604011	0.0175517075611967	-0.0126795511552923	-0.00791192721469588	0.0131076242674863	0.0553981909695347	0.0453982212768033	-0.00112683893447561	0.00212543649680588	-0.00298361482266431	0.0175393757166231	0.0289055395505053	-0.0035969197705178
"A0A060HGZ8"	-0.0211814972300188	-0.00065253520510694	-0.031566970973358	-0.0369096580025362	0.0307905981791135	0.0169896626381764	-0.0486620752901599	-0.00617331061379962	-0.046508307690286	0.00631443210662879	-0.00836630044629112	-0.0217499388240006	0.0212517074703803	0.000861916317755916	0.00823513773367906	-0.0703235159223676	-0.0246372631051035	0.0335199648840438	0.0117323525603719	0.022265935187631	0.00165425008368563	0.00963219402273662	-0.0647453959093247	-0.0118444400390493	0.0865711014029751	-0.019960338947207	0.0749476540675502	0.00306381208614188	-0.0463261351945108	0.0214115488279054	-0.0440893536694606	-0.0209434270725473	0.0317849204561535	-0.00208494737849504	-0.0177942764343603	0.0324772150216608	0.00126281322838754	0.0292999261288749	0.00905326606116539
"A0A060HH08"	-0.0327235174136174	0.0187820102649563	-0.0172499647056244	0.0194084180194466	0.039912121910338	0.0056107165658285	-0.0247621407711449	0.0119523833486916	0.0231149182775914	-0.0485251715036101	0.0198560565059267	0.00856027426381765	0.0015990478384353	0.0658000486490843	-0.020861326721694	0.00720449036291494	-0.00343600067936205	0.0154552379970294	0.00205102568863392	0.0454782405697082	0.0241043106831721	-0.0102848862831063	0.0195976599921586	0.00393039734388296	0.027973958640341	0.00376094609899779	-0.00299743642472444	0.020929600516192	0.0526315056566511	-0.0576423421922877	0.0107321630094171	0.0185104072163273	-0.00497694888082676	-0.0159694076576917	-0.0211320064691371	-0.0572855536091287	0.0638486598890605	0.0413471251543426	-0.0494554668194818
"A0A060HH13"	-0.0204256842422727	-0.00398032125687319	-0.00861363245050285	-0.056437790801767	-0.000918038940667804	-0.0232090104707345	0.0193853182722526	0.0794452702578869	0.010148573676068	0.0288904078190382	-0.0292416736463613	0.0334048610911537	0.0585963090807373	0.0482743001085459	-0.00512426851906318	0.00666001971881937	-0.0104854307451426	-0.0202972645642392	-0.0531256682366589	-0.0064442867314851	-0.0549067027309527	-0.00782672223805787	-0.022285882138355	0.0123351231745246	0.00379035447481653	0.0111826739041455	0.0328689695559984	-0.000135790344715269	0.0201501428934432	-0.0163920221781629	-0.0286562060548223	0.0109659655674499	0.0395912752246307	0.0265912750296226	-0.0129722776322338	-0.0263881847221104	-0.0124802485105635	0.0346549499564197	-0.0115292571471399
"A0A060HH14"	0.0291894486654139	0.0130683520034412	0.0323395929773281	0.0187863940178189	0.0079458993960029	0.0274063547607018	0.0538438336463923	0.0420220625447614	-0.00431290486859775	0.0283183334771495	-0.00788466052468328	-0.000292718375844022	0.00144936675024058	0.0137661294813711	0.0426239275467559	-0.059534904421248	-0.0039015299318355	-0.0330458950731173	-0.0512725971433968	-0.0239373577111559	-0.00482982356580056	0.058727624281815	0.0150306498550816	-0.000801198319438997	-0.0480957763299426	0.0223856316006234	0.0638778619939371	0.00338789481444412	-0.0235622756601777	0.0156565629323296	0.00756275214542332	-0.00282109483319855	0.0282973496643118	0.0202505052907069	0.0331440528555465	0.0269352347910576	0.0183143961553409	0.0155187742038523	0.000153123389690413
"A0A060HH21"	-0.000617822560917567	0.000410070378825949	0.0109764193648808	0.066269560786532	0.0437595617395359	-0.00080175836680236	-0.0227167943279547	-0.0187996106804669	-0.0125259741962045	0.0540524263919699	0.0281650108594208	0.0135751908776546	0.063534263195072	-0.0124749791001893	-0.0129998002584978	-0.0445915818326066	0.00268509507124915	-0.0230764727637751	-0.0154792992649892	-0.0203859316826656	-0.0845682103584299	-0.00103921678727771	0.0367470573431447	-0.0133465412744013	-0.0545271845207595	0.0325251361800269	0.0108770708988892	0.0110460883188338	0.000723746434710847	0.0315176690119993	-0.0646070509039033	-0.050649757322562	-0.0201848891564566	-0.0233000961837476	-0.00412779693480363	-0.0198362163671834	-0.00103389728988212	-0.0032424748043841	0.00506623704935751
"A0A060HH27"	-0.0450050327723377	0.014180653089489	-0.00503037117456847	-0.0135515680311564	0.0014731021228733	0.0362934994148927	-0.00271564217942825	-0.0230171047517029	-0.0117668835576334	-0.0356278849235682	-0.00452304454447496	0.00933452723114004	-0.0368480669379138	-0.0125902119617023	0.00188149146183489	0.00308772800095362	0.00593628358947545	0.00892026744288723	0.0113089000114157	-0.0250508721675222	0.0240487239812301	0.00980453781109626	-0.0203602142861918	-0.0360546848449589	-0.0277383892400371	0.00568301037299865	0.00872339976972305	-0.00873853857283513	0.0124867942435462	-0.00663003113237603	0.00823998907948723	-0.024340940266281	0.0335856229056359	-0.0105641638358282	-0.0171753779976139	-0.0227966717869228	0.015011052489886	0.00508194932117116	-0.0384895391099111
"A0A060HH33"	0.010784310147514	0.042503049382212	-0.00384737510229172	0.0301851068650865	-0.0509719008347152	-0.0606779215429554	0.0257189335123614	-0.0436941445792663	0.0336667936517395	0.000192330296097937	-0.025880330188593	0.00650789525205181	0.00925977183342389	-0.0113599817842547	-0.0223015476808722	0.000338654513086066	0.00861655584259717	0.0274416839879268	-0.0239653565008558	0.00166875038490916	-0.0457002259189593	-0.0130511241788134	-0.00567863835757664	0.0116313824297182	0.0244117357669796	0.0114554857947957	-0.0067505598834984	0.0388474640997884	-0.0522954536602948	0.00921376201854082	0.015647305516816	-0.0235888971072703	-0.00683883909783723	-0.0219746193417277	-0.0208786893343056	-0.0413280946291433	0.0231453169244481	0.0103189607504072	-0.00778762171622624
"A0A060HH37"	-0.037325040688651	-0.0129949253343657	-0.0418119659936834	0.00103173738112556	-0.0210093248155069	0.0192370283244147	-0.00626675831343151	-0.0167508169667401	0.0222095363707974	-0.0436931096601259	-0.00389885177460974	-0.00447174636825766	0.0431237447611046	0.0052753835022313	0.0292363146699542	-0.0255582194923887	0.0101421098366546	-0.0234085848060208	-0.010501341576909	0.00143938095475783	0.0477063873724665	0.0102570505643075	-0.0174826525638091	-0.0374673111058315	0.040155033209829	0.0148613288265188	-0.032644878040571	0.0133104845006937	0.0141304720109629	0.0320457039447053	-0.0209221416107282	0.0122343751209694	-0.0282752463017166	0.0221187703646416	-0.00769434491915805	-0.0202536467353389	0.00433924332841777	-0.0171454271745818	-0.0446201091340181
"A0A060HH42"	-0.0156763907021439	-0.0137734669547055	-0.0236649561977354	-0.0378857744414833	0.0041859562677853	-0.0411851995433821	-0.0150387063996545	-0.0489197473404232	-0.0529811626173981	-0.0591938795217028	-0.00298963101914636	0.00649072123241827	0.00812578368637241	-0.00059117961970069	-0.0664204059503997	0.00915470470208955	-0.0187341573914342	-0.0724842420481062	0.0352441269052981	-0.0217014624538589	-0.027031815171813	0.0742223301571942	0.0318667876842944	-0.0199424577778687	-0.00502357414846142	-0.0316596245972236	-0.0103603908307437	-0.0551360933310431	0.00384294305721271	0.00341743914965698	-0.0374618361215547	0.00684771197630684	0.0161400060850811	0.0209963160274113	-0.0633886452334451	0.00723281814534347	0.0192045631177688	-0.0162436670764788	0.0257313742485905
"A0A060HH43"	0.0188548372990719	0.0220398701591603	-0.0895739431073987	-0.00967738768209073	-0.00790928238559001	0.00487623534523871	0.0263901966650304	-0.0123777128306535	0.0101090156535352	0.00977271350255655	0.0101377309521931	0.00045158380415478	-0.0126913322961987	0.000465168979394532	0.00117847957723611	-0.0135727685966492	0.0102327795155166	0.00907799291454499	-0.0113675815925793	0.00417434474581637	-0.00489810312506083	0.00368526013387198	0.00375816512628544	0.000384938115057132	0.00644560166528622	0.00105758279466007	0.013385937929136	0.00176172573754459	0.00437623642239164	-0.0143043493892021	-0.00879435593504582	0.00256144791386121	-0.0180355613994836	-0.00477367529823699	-0.00846497139978958	0.00200815616256005	0.019721459098345	0.0146977818746194	0.0326026843849744
"A0A060HH45"	0.0280752956726261	0.0253432461261865	-0.0639099059900536	-0.0137748844876267	-0.00888321654894532	-0.0102598289215757	-0.0354830667977667	-0.0271488021388101	0.0104192228890949	0.00457508535997925	-0.0039843913555715	-0.00816166397209377	-0.058023663015063	-0.0180629314004662	-0.00355982871930032	-0.00483902850941628	0.00271068599593128	-0.0313644222457476	0.00931954846913852	-0.0301952685377102	0.000339808208108636	-0.0125560933529567	0.000562734332189875	9.90881945119082e-05	-0.0268823141925264	0.00636643645799274	0.00137455583818193	-0.0414044386457176	0.0122110076431537	0.0152187194506368	0.0120546389463631	-0.0256146468869382	0.0174062715661934	0.0134275497755695	-0.0171245707590516	-0.00755654699084152	0.0045903034886621	0.00389065862074598	0.0100740438751588
"A0A060HH52"	-0.00503856951910679	0.0549799858356461	0.0185125451009478	-0.00131086012561983	0.006541263069293	0.0286151195987211	0.0386571595936693	-0.0460116077891732	-0.0204171855698999	-0.0273601960433475	0.0255382505878531	-0.0395271761082783	0.00276068171342847	0.00266948830307918	0.024300598374426	-0.0429388524503376	0.0487255113052591	-0.0128067629329459	-0.0124011229776307	0.031277809208137	-0.0419956687671375	-0.0242764931022139	-0.00269309201468336	-0.0266780482121426	-0.0240275001010148	0.00249825852387136	0.0123885638433519	0.0204893142783453	-0.0482904749563642	-0.0169519979198371	0.0165153405574976	-0.0415048733357891	0.0585143117560686	-0.0480767058206066	-0.0311161470797279	-0.0132337855284988	-0.0192215825362072	0.0457238881675111	-0.00547809594037985
"A0A060HH54"	0.0225269573422514	-0.0210763723031192	-0.0527917734782688	0.0419267253613302	-0.00236018113800675	-0.0185482792183204	-0.00376118649150263	0.0311390508298923	0.0478144235564394	-0.0349213365258919	-0.0199371616541052	-0.0454387387906169	-0.000495693019046346	-0.0167446113682737	0.00237292427139016	0.0271177812013675	-0.0206384404251392	0.00560040392840722	-0.00810385711476193	-0.0265405760176679	-0.00815032550492912	0.0206984103813825	-0.0219184904960252	-0.054167339147374	-0.0452005641554	-0.0288956162412899	0.011262501417292	-0.0244073908359981	0.0106317979172987	0.00235633210537094	-0.0212014878582941	0.00145578030333804	-0.0402058985687962	0.0246560021789057	-0.0348581855413015	0.0294279399892374	0.0143127460860029	0.0223444361526815	-0.0217199004636077
"A0A060HH56"	0.0114519645231014	0.00969469508012867	0.013954739761826	0.0329252490523218	0.0415160774771024	-0.059962057174143	-0.0503661695813383	-3.4738155309433e-06	-0.0447355729509394	-0.026238129530493	-0.0075115403918557	0.0741895971622974	0.0118978780685935	-0.0509880741258152	-0.00700920494451009	-0.0321365640359186	0.0317191106790745	-0.0619116525468999	0.00382895116540571	0.00493445834636275	-0.0390267988132385	0.0197040391088922	0.00867893658570931	-0.008909625577413	0.0374463877382258	0.00698901028062186	0.0210737342495438	0.0132824572167803	0.0639801801902933	-0.0363556478005521	-0.0124514220681567	0.0104155873057359	0.0431175579614161	0.00237443309508452	0.014143028067387	0.00277923758242729	-0.0105254194149883	-0.0282812611561298	0.0136711159804871
"A0A060HH57"	-0.0276547090445915	-0.0202817121666988	0.000296598064143754	-0.0213771926896373	0.0123914927991955	0.0060208723097976	-0.0227379178335315	-0.081066591854758	0.00948809703021207	-0.0532389203563476	0.0440310985193042	-0.0120435041799614	0.0262220252438874	-0.00946528139151828	-0.00323293229262325	0.00814469799597249	0.0449246866511454	0.0371537250015822	0.00541253127793132	0.035343788891549	0.0352745507558515	-0.00942378600541345	0.0705678827004914	-0.0127973094534181	-0.0250980138852094	-0.0231891733129331	0.00659326140689434	-0.00624031666848391	-0.0042689510188761	0.0133766393435283	-0.00330898337350934	-0.0304411444341762	-0.0306133724843153	0.0142402716142614	0.0262231781332971	0.0770629367220994	-0.0123880431060055	-0.0279655649860738	-0.0122954226985191
"A0A060HH59"	-0.0203645395751872	-0.0572144253434462	-0.00510205325768015	-0.00147403377095839	-0.0308551782227408	-0.00543414265842982	0.011831100916616	-0.00375749449670274	-0.0518322625397392	-0.0360279817408703	-0.00327383166772763	-0.00705473497484156	0.0190733665170429	-0.00265362054722891	0.0640417439778178	0.0424345576076664	-0.00778472538587587	0.0210000906848336	-0.00411696384398485	0.021813069260965	0.0106117420139695	-0.00978018851143824	-0.00408137728123309	-0.00281519881267015	0.022640476966696	0.014283750549854	0.00610734025169286	-0.00642144333548971	-0.00900502393120767	0.0540320100864463	0.0104375841862297	-0.0119886976230541	-0.00474292228917193	0.00241305725845952	-0.0389496853670191	0.00707510565765835	-0.0208941441357497	-0.00243356298542656	-0.0121392148366579
"A0A060HH61"	-0.0278262376845006	0.00760675440267531	0.000266643285272141	0.0286847065298297	0.0177678947244537	0.066035301661504	0.0329192118099756	-0.0271191505815207	0.00904717027327626	0.0667581349365105	0.0232777492581099	-0.0127017744090393	0.0308795329746011	-0.0199613222532425	0.0201584450636808	0.0087436184042404	0.0577966032901814	0.0127609528398517	0.0237361939264757	0.0380012683529984	0.00444055163479719	0.00883633461473653	-0.00387909882202725	0.030545326859119	0.0360444394278132	0.035232324083467	0.0401595013141683	-0.032456424333107	-0.00252329418397854	0.0201136223634065	-0.0156443976611255	-0.0108376754772155	0.0246210464317882	8.88589341054037e-05	-0.0486593057061676	0.0118069436471331	-0.0265306855239681	-0.0193876373911977	0.00481601530730683
"A0A060HH64"	-0.0323315424912732	0.00478490392739892	0.0180617281148182	0.0363511217693529	0.0463192521535524	0.0510346976159546	0.0245023964157726	0.0126489349796495	0.022771745549364	-0.00561795787448484	0.00536913989492789	0.0140288468032883	0.00470209765092484	0.0663228948147539	0.0203477471674833	-0.0270175572387047	0.00834500804697507	-0.0208001477611626	-0.00819804043159937	-0.0141951669635695	-0.0144031770600861	0.00655095704251867	-0.00556196107805852	0.0185944158655124	0.00363221746207662	-0.0394573311333445	-0.0179782876334611	-0.0172251391810251	-0.0320715782579348	-0.00515150260812017	0.0143516277605557	-0.0203884467671305	-0.0088541834306058	-0.0205773811680832	0.0177755137147299	0.033754639183576	0.0129352185956396	0.0228781774843745	0.0285857507311807
"A0A060HH67"	-0.0377447135453439	0.00956973684477782	-0.0118360560932324	-0.0634876992017377	-0.00165938893007437	0.0100241899604959	0.00674542764184782	0.0170261775596679	0.0240052410099904	-0.0318419049395793	0.0200627236158456	-0.00758436257199661	-0.00501979431706245	-0.00643119919052982	-0.0234060546754269	-0.00211528141204204	-0.0123322534359354	-0.00852069258732701	0.0107918116278376	-0.0136682861206236	-0.00317224793938296	0.0136288871459406	-0.0127990293929169	-0.0195526847234907	-0.0169123429426629	-0.00796997145295986	0.0139775712457563	0.0166400945138037	0.020205649013944	-0.0323407507242766	-0.0295026685004508	0.00464098784629654	0.0239783853414874	-0.00653364370854469	0.0216133127402377	-0.0335177643666323	-0.000830022608149797	-0.0139383108882745	0.0022960959390811
"A0A060HH68"	-0.0261137499464642	0.0128804155718515	-3.46091508734759e-05	-0.0460653176520638	-0.0306985220249661	-0.0114996688330191	0.0145308275899542	-0.0442652717442919	-0.0327622083644949	-0.0125307584755141	-0.0409364561289363	-0.0373550884253934	0.0340248137868657	0.0373170555892084	0.0479592339968183	-0.00807616478080848	0.022038318318091	0.00702037268291032	0.0144885348121342	-0.0333229911166796	0.0151067602887559	0.00626518560102974	0.0153033285854629	-0.0180386155490904	0.0196738428013206	-0.0691116505664793	-0.0703698350560267	-0.034154983251523	0.0224998361353658	0.0219572534650623	-7.81422284188011e-05	-0.0400058935487982	0.0336445318085606	-0.000564977902035134	0.0469815482349481	0.0250616579970962	-0.0256084332984746	-0.0430465248570267	-0.024527513188489
"A0A060HH70"	-0.0159027785868333	0.0261834614411078	0.044694216161823	-0.037044748547323	0.019033637926553	-0.0120770002784836	-0.0261022752667923	0.0205926179463355	-0.00551018873745588	-0.0347085640876947	0.0255357701564259	-0.00776561745238116	-0.0177140553061815	0.0125382057756457	-0.0168541695168589	-0.0329635626429592	0.0774312976877177	-0.0111734611161577	-0.0230947562018178	-0.0570340689681336	-0.0574916448489939	-0.00335775843776708	-0.00617286389784479	0.0716560544745781	0.0209635415275755	-0.0242542840774293	-0.00603731917233749	-0.0430171636946647	0.00247169058239782	0.038956389479627	0.0189309665141364	-0.00247469340075468	-0.0657742734814696	0.0281845827865715	-0.0480716521542233	0.0196378042375705	0.00199170625745702	0.0151770697017286	-0.0247099101850961
"A0A060HH72"	0.00837878528964716	0.0352695476844558	0.0186297010556901	0.0268269520357805	-0.00241848834824311	0.0829174504234322	-0.0290796857781409	-0.0153237600860018	0.0090951944663116	-0.038267350621255	-0.0660503051440241	-0.0258387017802591	0.00112591150207975	0.0370356063266597	-0.00187363569145923	0.0077866131164526	-0.037644172589646	0.0220946735806655	-0.00755731552078315	0.0486400737726648	-0.0213800631387868	-0.00788839197368643	0.0113575228026005	0.0447567469283816	-0.0190618947791474	-0.0212451625062532	-0.0415029656237258	-0.033365493757477	-0.00826745702358862	-0.0414000521307804	-0.0108902223823839	0.0148422303959165	-0.00211293208974993	-0.03150167670304	0.00822414676991926	-0.00907304397693684	0.020387186094086	0.0120133092625668	-0.0867319302004559
"A0A060HH76"	0.0372038579962769	-0.0126591290367471	0.00106994391936248	0.0403851095499876	-0.00229302909562149	-2.33366757313505e-05	-0.00764889419855034	-0.00737286138187335	0.0133591538595786	0.0617270982055737	-0.0465995201120702	-0.00193936933467304	-0.0458045226514276	0.0236408093418961	0.0206892101921089	-0.0186432502378055	-0.0336418817803911	-0.0108989444227356	-0.00247823456337202	0.0122701249453727	-0.00437619921740343	0.0424004334096768	-0.0201792473852606	0.00911450771971721	0.0213526108752627	-0.0204232119079311	-0.00599493741814714	0.00853155925287787	0.0141738913955388	0.0142422098130321	-0.0164682332524544	-0.029296191350051	0.0640211519042831	-0.015505102637641	-0.0307908749168517	-0.0153173702004052	-0.00497983614421058	0.00379631749734168	-0.0100356695420843
"A0A060HH77"	-0.046677947964855	0.0194815921931073	-0.0112287116825462	-0.0213590479713903	0.000190963695557648	0.0121131046258628	-0.0141363963988068	0.0316978204959565	-0.0180571907806078	0.0115844028686076	0.00623112210216539	-0.0157628778755828	-0.00723488577760809	-0.0144754883487146	-0.00662318260939449	-0.0118826802507043	0.0083214529679262	-0.00138357497634702	-0.0120507732435805	-0.0150834947249768	-0.00570658040924746	0.0102543833691421	-0.0100259446197875	-0.0152625621704368	0.0175420003529127	-0.00169056316690677	0.00471498235752119	0.0172641680559739	0.00473642773494276	-0.00573144005198309	-0.0311419827940686	-0.0310857907156301	0.0123351609328988	-0.00515288627733107	-0.0159644335240309	0.00143694177789512	-4.11391009827496e-05	0.0128519699235888	-0.0385612241942221
"A0A060HH82"	-0.0158677595015223	-0.00694035975519451	0.0248477214043385	-0.0286169977212788	-0.0658638342901288	-0.0393654538140656	-0.0197365902871883	-0.0426285320167551	-0.0195313959255699	0.0144224555586871	0.0601572839314034	-0.0134048773885486	0.0290259205219301	0.0396708651840852	0.0329048296928144	0.00358729898773716	-0.0356901762465438	-0.0121617892128811	-0.00981601826746713	-0.00995670255483221	0.0466757301527115	0.00832865259546329	0.0104561043013735	0.0420725347716993	0.0153179726110414	0.0298113940694264	0.0198222094473581	-0.0180440035016974	0.0217433308803313	-0.0354103214024011	-0.0211731356861926	0.0207848024817942	0.030983876873004	-0.00818755821319389	-0.0717409029234524	0.0131009424617712	-0.0454317507163985	0.00556426176298728	0.0389006108537282
"A0A060HH86"	0.0241459757166849	-0.0395380136070289	-0.0179421988343255	-0.0160342975332922	-0.0152702138859489	0.00411089917616647	-0.0586018140501757	-0.000691918846172088	0.0205796367144587	0.0333490954752166	-0.018017890835301	0.0030736969996384	0.0143061871366522	0.0214013551976487	0.03028961066386	-0.066955682478677	0.0134148223995807	0.0355321639657537	-0.00904545337207815	0.0517657221700826	-0.0283528196269589	0.0538396025026726	-0.0284109623292994	-0.0196913049654755	0.00277661384205125	-0.00418378533967357	-0.00113288545822409	-0.000845004034983486	0.0558110668257839	-0.0286116413412993	-0.0483824799384193	0.0133453980972016	0.01369606978018	0.0348734565850338	0.0203720154496937	0.0275074995982594	0.0220464682622728	-0.00336538823208573	0.00421882109715724
"A0A060HH87"	-0.000299773930838006	0.0424327236230473	-0.0005448580891655	-0.0231172773895044	-0.03438427887921	-0.010033752782317	-0.00807102328051452	0.0312788370315734	0.00633995630000846	0.0180842911396833	0.0248722963379931	-0.00836497770382037	0.0105755488990573	-0.00835863981622253	-0.0482500759120349	-0.0405643724665669	-0.0659234741819969	-0.0184365819364022	-0.00243693171587356	0.0319937704838577	-0.0130016636379066	-0.0511369207050312	-0.0328544892745852	0.0214701063953677	-0.046785786837464	0.0661825249941718	0.0562409648067288	0.0428036908556634	-0.036836367235046	-0.0351237791101386	0.0492424630962972	0.0889384275881197	-0.00180062826894605	-0.0466539736864812	0.00939018302181093	0.0378791976246309	0.0443076154723969	0.0856474869125595	0.00223994501685021
"A0A060HH91"	-0.00725166371597048	-0.010585358696699	0.00118248041372055	0.00420424523115314	0.00714650853694453	-0.0329749044967911	-0.0188110458665779	-0.00948245596574271	-0.0354582526772903	0.0152921883729843	-0.0126453340675313	-0.00932712325519371	-0.045592964491232	0.00109516887077254	-0.0227522213918507	0.0107876848427665	-0.0491105017112269	0.119626461281726	-0.050186439028071	-0.011908465215119	-0.0448516654607334	-0.00328902115228296	-0.0825650395776317	-0.0143191272348679	-0.0668593407849671	-0.0640601340031285	0.0146664299474679	-0.0489664869173776	0.0258574759250004	-0.00132982246425824	-0.0466271597789125	-0.102904029427766	0.0182187184457039	-0.0666115871289201	0.0882090149172171	-0.0401629044609494	-0.0338789799109293	-0.0724432065663034	0.0127161156352254
"A0A060HHA2"	-0.0394015500478709	-0.0444766224837061	0.0112253251315657	0.000574139959251843	0.0119139774954977	-0.0306020228362278	-0.00134842077279866	-0.00434371435222477	0.0238239024282483	0.00951137031225131	0.00236534188194892	0.00222161929460041	0.0181146638580383	0.0214666311445073	-0.00530399791523603	-0.0242634826470077	0.00870835131519991	-0.0166998026398274	-0.00653292715488455	0.0107871813738127	0.0105807198396004	-0.00864262979224102	0.00292387858906604	-0.00730643004364316	0.016014036421716	-0.0159610648747191	0.000799338862673473	-0.0084738572234601	0.000384660606585194	0.0228087598879342	-0.0145167421263399	0.0141903699796599	0.0161531319861901	0.00125826894313096	0.0261815405308338	-0.0309629523878308	0.0195596261062413	-0.000703095871018737	0.0119572699008599
"A0A060HHA4"	-0.015277116895482	-0.011561304529691	-0.00644120882182774	-0.0279516176799795	0.0269366232878295	-0.0381912942015784	-0.0255122027714845	-0.0193556396120788	0.0474273321438166	-0.00416959507490569	0.0152501843932234	0.0297664468420485	0.0327048741898068	0.095038751677894	0.0155468124337339	0.0461705770681659	-0.00702869351746768	-0.00197784342724988	0.0210481813296762	-0.0127468029275538	-0.0118838659022737	-0.0526099538519802	-0.0529272549950334	0.0122387260181628	0.0387578691091036	-0.0184797927473606	0.0326885307785402	0.10553267840903	-0.000312728513861741	0.0272882160830855	-0.0682267871862174	-0.0526710226811379	0.0364893160817915	-0.0157709997734375	0.00312555051915165	0.00319598687930469	0.0747668990925569	0.0171603991182173	-0.00289100015001685
"A0A060HHA7"	-0.00632752127985973	-0.0043420711711474	0.0637190998468222	-0.0290808602766097	-0.0554865282438939	0.047651057559682	-0.0170948722124967	0.0261748659167559	0.026482165230217	-0.00991872496321426	-0.0462821715683057	0.0571028998485331	-0.0149859633941876	-0.00115083453595901	-0.00731460980107335	-0.0187760924705435	-0.0185491723029503	0.00257921616519719	-0.00250474652860341	0.0207128451779524	0.00529283270870307	0.0132716030687714	0.0143259424230533	-9.42926350049426e-06	-0.0179263675266426	-0.0239380895058839	-0.0323669206040015	0.0015483500421519	-0.0193628862027817	0.0105053582181155	-0.0192127678581615	-0.001872619577659	-0.00375904549946007	0.0172304836326397	0.0332027570129528	0.0243313284813256	-0.006786990421491	0.0175586727216835	0.0228431160937692
"A0A060HHA9"	-0.0304224013443282	-0.0372353195707391	-0.0193870925916916	-0.0104500860458103	0.0307290681667395	0.0159359945713644	-0.0151725706714081	0.00622681920332375	-0.0479866875690105	-0.012380411788072	-0.0152675961548711	-0.00095401469729326	-0.00865795815253532	0.0110622190554494	-0.00813752358337143	0.0470215066610839	-0.0414673610114783	-0.0676975537549424	-0.0296492172599323	-0.0108783635644534	-0.0126137989921075	0.0382353353269624	0.0284583330032631	0.0469070178719646	-0.0117061646078875	0.0376047664878361	0.0453209494319842	-0.0244974006752344	0.00290879350234615	0.00116700483284725	-0.0110159954883207	-0.0160471031044235	-0.00418670385782539	-0.00975747503165694	0.0089693232777035	0.0216226408522788	-0.0252158527269788	0.0160597596439629	0.00696789361906425
"A0A060HHB2"	0.0309159729537207	-0.022556542622294	-0.0134222158259755	-0.0450045842434102	-0.00959607505790589	0.00520162226718591	-0.0153550578705739	-0.0145191263024768	-0.00732898540470984	-0.0360213825700779	0.0448554869655237	-0.00213293243158722	0.0188824204204231	0.0142873887160994	-0.00907416978121314	0.0295028761326096	0.0343338469826468	0.00414808250522908	0.0739341944829462	-0.0477390794952762	0.0424454068230362	0.0448072788245065	-0.017993912540715	0.0532145725183021	-0.0102890088898216	0.0435961348107287	0.0172734266810137	-0.0198416794213518	0.00326323852856732	-0.0301210332264552	-0.0275461275693149	0.00609381738400023	-0.0137524970169102	0.0192087382893407	0.0224877803204793	-0.0299739163527725	-0.00951173944528174	0.00155199591522802	-0.0506645475608071
"A0A060HHB4"	0.0439198486079182	0.00234883634682538	0.0479793329878262	0.00274421723847731	0.0266203597657757	0.0129476393846321	0.00167054023604581	-0.00589867686167104	-0.00757838239276285	-0.00611405320262974	-0.0016012687375618	0.00199117369526568	-0.00134005462181864	-0.00189893610784655	0.0141310060483254	0.0119461648431598	-0.00375161117039516	-0.0270769250444085	-0.00356027753974041	0.0027308209517632	0.000630458142860319	0.00278638372778561	0.00255566399688161	-0.000441592163991364	0.00626964206881611	0.0182937055061635	0.010566290615277	-0.0188571827106819	0.021215895915209	0.0135298354232737	0.00547622077839578	-0.0166262123710833	0.0112763659333802	0.0192653390639852	0.0145384011611824	0.00302691484214299	-0.0140921097653713	-0.00370230312424332	-0.0138633399549712
"A0A060HHB6"	-0.007417069477861	-0.0186915667038147	-0.0532268205070653	-0.0349609871540195	0.0316220151030925	-0.0271112467811654	-0.0245032383960975	-0.0134658892353449	-0.00708628568073622	-0.028429131879523	-0.0578149256863705	-0.0086432615384241	0.028853257902915	0.0601036862658072	0.0441141515421953	0.0178320977155293	0.0355376878531657	-0.00893582537431776	0.0285972874592569	-0.0115242552961416	0.0143848267275188	0.0326807655636297	-0.0175684964819133	0.013643969228461	0.00820657649492556	0.05676462125668	0.0634457529627119	0.0523327351124663	-0.0452474764721287	-0.0399939202496484	0.0334462622064306	0.0182137270681193	0.00202983053164283	0.0152726046826165	-0.0178367173371386	-7.6120425882167e-06	0.0221663837149442	-0.0090003456684257	-0.0191505237214634
"A0A060HHC2"	-0.0371516003495767	0.00987122574423744	0.0258327699700104	-0.0285490489096195	0.00508170692664445	-0.0024013752649975	0.0360209923412364	-0.0327059050273759	0.0240706577269655	-0.0248802941404583	0.0145958686309115	0.00238913242235571	-0.0166392592003078	0.0256432357116033	0.0392485420262503	0.0255878102688466	0.0333323022098876	-0.023583062053727	-0.00526341533162776	-0.0120848189027952	0.0136614878062319	0.0162831451900971	-0.00610329869318112	-0.0024605114624332	-0.0228910222983974	0.0209338197013512	-0.0335947570067497	-0.0294103749670818	-0.00680979925693688	-0.010553890853119	0.0736489666725278	0.00543941551158299	0.0535209208692522	-0.0116688733247103	-0.0115919967455213	0.05781894372211	-0.0294204728999126	0.036034172354748	-0.00453208116300821
"A0A060HHC5"	0.0331318719476029	0.0072660834748517	-0.0228489961398519	0.0282258809630492	-0.000339259953120201	-0.00481712519754848	-0.0100316106585348	-0.0126029233232365	0.0322600288989031	0.0527791821234823	0.00408359819182003	-0.0320541415697352	-0.027763030093151	-0.00827330335866788	0.00340491400191797	-0.00697977674743801	-0.0442515991650692	0.0044799062631474	-0.0514490831364886	0.0174178956923241	-0.0396710263354868	0.0074967895875046	-0.0637767404758088	-0.012473933822849	-0.0454525282910022	-0.0138358443509441	-0.0643411015683738	0.00870026418501105	0.0579676918564628	0.0230725867449922	0.0447114632818151	0.0419243145257931	0.0158413989217369	0.00317523039151494	-0.00469092047845023	0.0195149995770007	0.0163706948091208	-0.0791167958071034	0.012912155306218
"A0A060HHC6"	-0.0286031728352583	-0.00541120065417386	0.0121817604715973	0.0344726629911006	0.017593750381285	0.0827543784146567	-0.00210016135533624	0.0216229390473836	-0.0071825232171825	0.025992149509706	0.00836782349584542	-0.0326999767478134	0.0083958901452164	0.040676291029727	0.0047474624538453	-0.0374923427800651	0.029474733751635	0.00526644601845775	-0.0150292135867808	-0.0177784651310811	-0.0195025020778716	0.0188599978996036	0.00892068951158048	0.0205578626477753	0.0430864167277757	-0.0382026731349421	-0.0349088988869886	-0.0280843386975289	-0.0194117097011474	0.00511748649053397	0.0246709308087907	-0.0375369021888529	0.0205108408893291	-0.0385517173987436	-0.0408128079287425	-0.0158219561522668	-0.00697499483571159	0.00365647556756116	-0.00584716006762977
"A0A060HHD1"	0.0264910780446435	0.0349884670792107	0.0349140427916489	0.00521955675653239	0.0576053762792653	-0.0153290743207165	0.0146582703344616	0.00589959516540168	-0.00617831358752153	-0.0208799650690179	-0.00739234037532888	-0.0485832556085928	0.00319940429933704	-0.0110136987466801	0.00758129382352059	-0.0169397816578324	-0.0195579092780436	-0.0226745025302664	0.00704434521075214	0.0110740430253917	-0.0208951186750557	0.00365518235564861	-0.00965041837958108	0.053610908286087	0.0256027296310034	-0.00332769717200691	-0.0143012326541886	0.00578744707889649	0.0132604982489355	0.014419610082124	0.0215895866092997	0.0465053621765733	-0.0653705424308046	0.0345207332514828	0.0157877466798801	-0.00516506997606071	-0.0209225033598451	0.0230592193970652	0.0129018328957729
"A0A060HHD4"	0.0153059243538967	0.065773517940834	0.0123963133958552	0.00055191522171042	0.00723327911261855	0.00908665138771818	-0.0492602525046451	0.0039045079404952	0.0325039707114918	0.00603304554378998	-0.0256301703107843	0.0304124935862486	0.00654371159444103	0.00651114337707913	0.0271961396844226	-0.0219145662340093	0.00713258501626819	0.0051763039059597	0.0153191507848507	0.0340943806473798	0.0368426373770659	0.00337308450623757	0.000645039568330299	-0.0354624106556655	-0.0151886785335831	-0.0273183092013318	-0.00164857269039518	-0.00834324571251843	0.00490828890429675	-0.00163068400241136	-0.00322461658291472	-0.0204597472361996	0.00311867965511466	0.0136015647618266	-0.00118911091806842	-0.00643922372153625	-0.0103922723155839	0.0161659543313186	-0.00760555075276546
"A0A060HHD5"	-0.0248174122188176	0.0287380927370052	0.0377248082999094	0.0163981707843652	0.031410737416244	0.0103182415248779	-0.0642369859079409	-0.0104998174713413	-0.00192077612748369	-0.0070178167748766	0.0379642367235464	0.00404062814606083	-0.0312216145157276	0.0215099400496	0.00784822578648834	0.000275079256406489	0.0140701600483357	0.00335448429777592	0.0334834457724039	-0.0477800712162925	-0.0188992425567263	-0.0162315602907711	-0.0219551730078374	-0.00103977963016804	0.0170933111522606	-0.0144675353781407	-0.0311176186872714	-0.0178857707215879	-0.0149626401397348	-0.0144215830701911	-0.0017841353914331	0.0748249945907563	0.00422758432911813	-0.00612979176569747	-0.0700193741633358	0.0253562686641676	-0.0253978978170356	-0.0609824280652265	-0.0187037898841655
"A0A060HHD9"	0.0252070582687353	0.00242701177931558	0.0357138668627968	0.00653264378853068	0.0140971118284547	0.00739094075643372	-0.0358437670592621	0.0297107635536079	0.0290475947053288	-0.0935567598500766	-0.0429501666398977	0.0509346481035546	-0.021921496608209	-0.00565440851172959	-0.0357423296252816	-0.0379630576021463	0.00439344018347817	-0.0483700952517708	-0.0196643482333703	0.00472479774352502	0.0582415404308207	0.0211928450500028	0.00697985794855413	-0.0070420076587148	0.0474274210447774	-0.0271821709857229	0.00352386775353608	0.00670971909947878	0.0229266699328355	0.0136373728307899	-0.0104612534288414	0.00799575519324737	0.0222030459693864	-0.0158772334997493	-0.00606134480493145	0.011681506096926	0.0108361995766552	-0.0119893644154676	0.000805042076811769
"A0A060HHE0"	0.0042416459120949	-0.0479790987107908	0.0440696659356663	-0.032170780884637	-0.0207861061086498	0.0218377917091634	0.0126332993423146	-0.0377611374613407	-0.0308835622868505	0.0295637340750797	0.0241167902280116	0.0526552986240347	-0.0249166340364736	0.00638130525671522	0.00518981114186364	-0.0074108772859523	0.00128953226082921	-0.0365140030467016	0.0170512086661616	0.0536342182078347	-0.0381139798558948	0.022545550294055	0.000540365863901921	-0.0357630629628303	0.0115551969661151	-0.0164662530601612	0.0272801285686682	-0.0128746151875849	-0.00515927095806483	-0.029739111055036	0.0360714420285235	-0.0292948416657232	0.00477328354056484	0.0151040613855962	-0.00766582448418195	-0.0204190007995519	-0.0231974868599694	-0.0211670855886212	0.0294121330558563
"A0A060HHE1"	0.0255284872416516	0.0306682938570317	-0.0531666629338719	-0.0224309125005344	0.0160379208876009	0.0174312654276849	0.0127838436160717	0.0371427324239801	0.0287764314316083	0.0305826922833783	0.0280227806915853	-0.0216940659288196	-0.00334204486972363	-0.00957541769498805	0.00641339779304094	-0.00579679457378671	-0.00292851950241742	-0.0586266011347176	-0.00242230076890162	-0.0326105172997046	0.00418103969043653	-0.0344868094352003	0.0222590614817635	-0.0252497472457643	0.0502381530794819	-0.0412323228420204	-0.00700337985771047	-0.00684700551134184	0.0022161025214626	-0.0188249668046051	-0.0200351376576204	-0.0246991324017314	-0.024005342336515	-0.00205669829792111	0.00522280244584045	0.0368286898553539	0.0124485190361451	0.0159792050433737	-0.00662595098506095
"A0A060HHE4"	-0.0105154053394972	0.011979508891663	0.0434358827706586	-0.0420563188980029	0.0285940956318764	-0.00936900582744431	-0.0150690597999358	0.0371888046747363	-0.0165246117385707	-0.0334079358969455	0.0573333857094226	-0.00998804564204057	0.0190412416502243	-0.0302864787176512	0.00568186801218051	-0.01703325438707	0.0425328007585562	0.0224212546385473	0.054171855377782	-0.0060995310903088	-0.02560347696581	0.0463837343549234	-0.00721727910776277	-0.0238497970082324	0.0271439490637303	0.0444685890133612	-0.0720826591630652	0.0572028372932029	0.038357180638967	0.0106478802412436	-0.0271689233634753	0.00690649945964169	-0.0894022737984945	0.0173825645833229	0.0194150314756517	-0.0274555970488708	-0.06141135578368	0.0341419048141962	-0.0151303933617898
"A0A060HHE5"	-0.00615867596348704	-0.0338269707210542	0.00962034828207227	0.00202806076414734	0.0311413340414701	0.0199883882156749	-0.00741663399701296	-0.0248843583342803	-0.033410951261613	-0.00999695004859204	0.0350494293558891	-0.0137956158984951	0.054596363956693	0.00608713002075104	-0.0232692854186764	0.0202510859034458	0.0940067470740631	0.0591670100191517	-0.0217491549388932	-0.014638178565384	-0.0404986834007346	0.00641804025867307	-0.0491861908236286	-0.12287805222281	-0.0389932553352029	0.00207927220614011	-0.0425876724031448	-0.0232457247143667	0.00930103582363032	-0.0313052148671016	0.0341789020489908	0.0311650319340355	0.0177638302164956	-0.0073107698158005	-0.0303863974044118	-0.07247921190914	-0.0314808027929138	-0.00689206229722872	-0.0322983465908815
"A0A060HHE6"	0.0279278698775339	0.045105236184156	0.0103286963539115	-0.00686359686369734	-0.0211385650691904	-0.0267084770275342	-0.0212654529177554	0.010361053088246	-0.0162632695434091	0.0124860791526754	0.0331508653865206	-0.0176104178704425	0.0138181383621143	-0.00549923652694782	0.00752578864418612	0.00228885686837874	0.0328739651884315	0.0254434880380819	-0.0367587577483522	0.0150706714228146	0.024583986412438	0.0521444249101204	-0.00621759331610107	0.0379866622801684	-0.0391262454358293	0.0179495429399006	-0.0118980447154032	-0.0237595353687465	-0.0431885920020211	0.00447459406853987	0.00270016527455924	-0.0120286228281888	0.0434645897447793	0.100415638911309	0.0308095405526065	0.0354660756722012	-0.0187008861967842	0.0214398208451948	-0.0338179571448485
"A0A060HHE7"	0.0328851252115042	0.0209806586387605	-0.014341004069577	-0.0485281922958623	-0.0244789575320504	-0.0107645641088118	-0.00872211131428975	-0.021959231963173	-0.0192174631635992	0.0135116137794299	-0.00121612564234903	-0.0319956017089348	-0.0136999042279618	-0.0448946628558268	0.0279541416319351	-0.0092422466696796	-0.0248342024579798	0.0171997843191988	0.0120644125093057	0.00126913593952088	-0.030070542781625	0.0238563342311677	-0.0210692028381282	0.00433489137135688	-0.00314647315922937	-0.0136177406196311	-0.0313738309567514	-0.000460090564635703	-0.00479831148739678	0.0173048058437111	-0.0371066011030226	-0.0310235800023674	0.0520143612845627	0.0760825225528521	0.0268124403194808	-0.0383132034954138	-0.0554601716867327	-0.00249699746602333	-0.0303542501474017
"A0A060HHE8"	-0.00344614298298355	0.0412952612609734	-0.0230850240962864	0.0367409260763415	-0.0270079189017805	0.00131979941017987	0.0189493019796022	-0.011675565848011	-0.0248640359886768	0.0121079821053839	-0.0440666358499926	-0.000964763726257467	0.00835664709968682	-0.0484260562543014	-0.0300193171213862	0.0457174842512918	-0.0368004085992943	-0.0369268852191445	-0.0256402036574813	-0.060033308645653	-0.0170873770321972	0.0163089057979875	-0.0051242897246976	0.0601340625248326	0.0791006196975953	0.0601845413792333	-0.0283453502772523	-0.031343802288328	-0.00357159957336709	0.00141896273963703	0.0149624650609613	0.0392719326878322	0.00962259055917269	-0.0519209019718157	0.0498774033923597	-0.0553178168670929	-0.00151581184559998	-0.0029427577834719	0.00445699059303963
"A0A060HHF0"	0.00592553671153629	0.0181235887051762	0.0124417334881511	0.0501509748937691	0.0452598191419181	0.0786853803579992	0.0401676671142785	0.00774077088623178	-0.00270960652673118	0.026855279616211	0.0210457829525714	0.028166125223081	0.00858978817881294	0.0645266124654524	-0.030544318974773	-0.0114944892035239	0.0275894337055948	-0.0158505902941707	-0.00684300776531209	0.0070445229792181	0.0429941066038111	-0.00926536604382834	0.0294833896394758	0.017266905604066	0.0100406729137111	-0.0148026726841705	0.0151682272518359	-0.0191649392603182	0.00494205740473887	0.0361320867074129	-0.00662813352112774	-0.0264447679681464	-0.00783355437295239	0.00247349488180409	-0.0339726330191309	-0.0134792364994866	0.0261679216818227	0.00349387766378526	-0.00966762044590685
"A0A060HHF1"	-0.0369504689882955	0.0185732741663743	-0.0479919376688442	-0.00810548102450012	-0.0039000671082895	-0.000847237315450003	-0.0109683207039016	-0.0182726810583617	0.0608515019416578	0.000111645354835164	0.0157663054106879	-0.0182398450495434	0.0305332369629238	-0.0121438430930907	0.0162026059380177	-0.0258150582246177	-0.00584013313352707	0.00958461231954434	-0.0257557551986997	0.016781390213978	0.00772192933320046	-0.0121904143270093	-0.0169214410024988	0.0247148262430235	0.0459767115966033	0.000544801248264329	0.0196513080663394	-0.0108472919413488	0.0132503904582414	-0.0249203079680328	0.00837492650961459	-0.00950374451560557	-0.0013451910764494	-0.0218130211360172	0.016144945171837	0.0221616928982641	0.0111225148984171	-0.00946093461773296	-0.0137945446270401
"A0A060HHF2"	0.0320638002602276	-0.0429739214783231	0.00893331033862838	0.00339284910633088	0.00187401926841706	-0.0194465939800899	-0.00525719746896035	0.0121349828577779	0.00430355054796629	-0.0143356073048852	0.00619046357085951	-0.0129543136712971	0.0483528099638169	0.044535359728127	-0.0192228773140522	0.0203070593453184	0.00311427763161809	0.021919659493868	0.0245563211623238	-0.0113502703472141	0.0194736502025964	0.0180121450557243	0.0685450299023849	-0.00923817678052612	-0.00425574956455398	0.0354283161001582	-0.0257903867174513	0.00970118268902503	0.0319070757303924	-0.0254120376972897	0.00709176774530224	-0.0294689452428141	0.00853884339080378	-0.0710493188521008	-0.0455224836048331	0.0466760569435781	-0.0280783026406712	0.0301474376969569	0.0604070912632538
"A0A060HHF3"	0.0060178774383285	-0.0602430975338689	0.0257487642345528	-0.0269880510713567	0.0055491535310197	-0.0116257378056431	-0.032634573432855	-0.00781298681020455	-0.0151146266259045	0.00945538638289856	0.061993653898196	0.000598249809483012	-0.0363668819838996	-0.0114453024856216	0.000501637694537875	0.0239597584917129	0.0231030988781299	0.0376609597866976	-0.0272099268567879	-0.0496860374466513	0.00604106714431131	-0.00794182516961123	-0.0134200889200978	0.0426993693883632	0.0184204094843959	-0.00882891974228133	0.0181286643963217	-0.00569603491077176	0.0221940133873837	-0.0179415179159905	-0.0309160323542709	0.00354140847339071	0.0399474502682532	0.0199028725105279	-0.00550232995916549	0.0201388878355546	0.00152355790121521	-0.0172747918148054	0.0107468117061392
"A0A060HHF4"	-0.00978782592096377	0.0302236775365467	-0.0385928225443925	-0.0296038325575093	0.0189602356735352	-0.0468723497369205	0.0146480687017356	-0.0621752389821897	-0.0631574390228895	-0.0552221187082307	-0.0209895194418357	-0.0104910664629586	-0.0118166252985818	0.00199950373522821	0.00931682184097375	-0.0261129867020783	0.00388951427773791	-0.0108949524931311	0.0650322146103427	-0.0047464168161248	0.0218580211617577	0.00623458569225614	0.0198832133847022	0.0299847010027125	-0.0493331953675993	0.000216904816532466	-0.0306025902613466	-0.0362541986208858	0.00343507725725548	-0.00590935974644864	0.0260899262724065	0.00662661140977815	0.0221244047899918	0.00972796278223371	0.0099973621525212	-0.0106083384764537	-0.0164606813904465	0.00721473889990992	0.0214150322180556
"A0A060HHF6"	-0.0416859934744486	0.00973431865149718	-0.0141816729778838	-0.00439205461102278	0.000541379909732401	0.0235581631941736	-0.00774149757460476	0.000780230490192912	0.0111313519354348	0.00459865382038003	-0.00980851735667243	0.0169324455610395	-0.0101375978451545	0.0618399636495729	-0.00613679918041386	0.0439393773435589	0.0327909008402677	-0.022451590499544	-0.00279353164728713	0.0115602843924935	0.002209300549348	-0.0302154730018619	0.0380508657676198	0.0477208029188193	-0.0206580896446314	0.032925600035915	-0.0356177446843908	0.0233594019021279	0.0196045363443233	-0.0580108868360596	0.0270320756344012	-0.0237739845430661	-0.0300007545994084	-0.0124050999896832	0.0179744608795236	0.00168739579418767	0.0471616734911799	-0.00063166774012716	0.00568142418319837
"A0A060HHF7"	-0.0425324728780377	0.0116003743093912	-0.00325330074008002	0.0225558289322098	0.0364021626637308	-0.0482133386640071	0.0103479431197535	0.00497416040230445	-0.00894722590123227	-0.0036988316904628	-0.0145981765409639	-0.0267624904501581	0.00341637500559356	0.0049063026084433	0.0111640167056405	0.00709721036576566	-0.0172750950078099	-0.0249424410082348	0.0280872002666509	0.0121334443236905	0.0214113944441688	-0.0169920016522059	-0.00226830084735568	-0.00720023775208714	-0.00169606427003845	-0.00888643608818206	0.0182307789820474	0.00151098662641033	0.0223610924513331	0.0140662269862051	0.0036689263085095	-0.0113078559174455	-0.0112372376528814	0.000617291486157744	-0.00559868262249327	0.0185351943907196	-0.0172444351793966	0.0449648095554665	-0.00287875741428664
"A0A060HHG0"	0.00255895813088419	-0.0526929665727334	-0.0272640154506733	-0.0397492554928171	0.0191851986368428	0.0165952980007961	-0.0253157788878282	-0.000866124420466796	-0.00471849949815434	0.055405454468313	-0.0088101219199343	0.0361083442499724	-0.0116240363865914	0.0191192881194522	0.054953438018836	-0.0164435842088998	-0.00363101328947261	0.00602940011217286	-0.027632672285727	0.00958077035387354	0.0121469440526796	-0.00431986587169603	-0.0285741818266579	-0.0278401267689133	-0.0201988993344375	0.016305641359203	-0.0357218510518864	0.0330103345299337	0.0304875651338316	-0.0179386623392186	0.0474745084876766	-0.0406924511482463	-0.0324538828184397	0.0358374987710994	0.019646362883717	0.00304597477758152	0.0275030868530045	0.040627134990803	-0.0192753175397188
"A0A060HHG5"	0.00835797906432198	0.0469244735798995	0.0170635309017152	0.0351598228983443	-0.0107261378375592	-0.051860857349198	-0.0212103137759611	-0.00445614419711216	0.0201282836426888	0.0738854056800508	-0.0254695751119555	-0.0118006522591475	-0.0468634007512539	0.00774905011888543	0.0140309651677021	-0.0115487774115343	0.00349347396856949	-0.00646390431636728	0.0211669311949283	-0.0168028237388257	-0.0297657321102385	0.0304025947913503	-0.0360319131111365	0.0314144807711996	-0.0346468324187791	-0.028548545322939	-0.0205465526303646	-0.010497778852256	-0.013366020870875	0.0123158159571982	0.0509396199756427	0.040435255750158	0.0210586560144824	-0.0150704773508233	4.24382349366326e-05	0.0150546701999581	0.017719189282122	-0.0359084823481874	-0.0335522802244373
"A0A060HHH1"	0.00828215798736884	0.0557416597268253	0.0155531302995656	0.011117910909091	-0.0156891367984084	0.0114037559090541	-0.0264333081996455	-0.0383013898739807	0.0268749416935835	0.0243095804752294	0.0138560896109469	-0.00597822483922106	-0.0195671879935228	-0.0257993356078205	0.0578666239417824	-0.0177014855214105	-0.0355668162580629	-0.0276447361154091	-0.0332883968023109	-0.00666521859131138	0.031235382582589	0.0608161485974147	-0.00301981527622941	-0.0282023409990969	0.0299723580395887	0.0615431845659249	-0.013738005766174	-0.0289358793072186	0.0139034224339139	0.00800954581181655	-0.0460403286930713	0.0357683905234082	-0.0343061550079297	-0.00247973650947262	0.0255053701618039	-0.0319063282235543	0.0480915093935524	0.0351195368838397	-0.00229491113405615
"A0A060HHH5"	-0.0154597573778044	-0.0341270791137811	0.00997817259061226	-0.0356182643753517	0.0113306877607145	0.0339812472886725	-0.0398047209092395	0.0341843652662999	-0.0261337315011924	-0.00279734974114766	-0.0147798214296904	-0.0773568565494802	0.00370591924459771	-0.000964281600261274	-0.0451287109365233	-0.0126858941942838	-0.0493779279028714	0.00653667635193803	-0.00896667890447337	-0.0673395562341612	-0.0158392197229809	0.00893721967031441	-0.0556949553449312	-0.0110644134328178	-0.0148601463148269	0.0187728717336033	0.0229759262484575	-0.0306177842134841	0.00540508903346966	0.0205163978295302	-0.0490359358629305	-0.00635926535967016	0.00113214028286411	-0.00482589577754291	-0.0260926396419169	0.0996317050598998	0.0102658701530772	-0.0377095235898312	-0.0512666061198784
"A0A060HHH8"	0.0347026585252661	0.050735013777739	-0.00852081957079196	-0.0127571671057372	0.00924591940993477	-0.00456880275131483	-0.00171895533690468	0.0338307648956382	-0.000904238052628225	0.0262652608832965	-0.00611609190363513	0.00630638101206033	0.0226069933361166	0.0289097008419545	-0.0027837647192083	0.0140162602183374	0.0136359421430945	-0.00956575983939426	-0.0144704057237396	0.0237010954398442	-0.0105761807926264	-0.0129371837786271	0.0243674160192062	-0.0169796460401866	0.00913265825687597	0.0290185077926693	0.0345899740481046	-0.000517661287820986	0.00416736964473078	-0.0134232648645544	-0.00592295435740558	0.0364022830681697	-0.0147935937376739	-0.00676992974167379	0.0101896518298219	-0.000605870858838443	-0.000176387128591963	0.0282459062602223	-0.00164390752890512
"A0A060HHI3"	-0.0167124254066304	-0.0290433215273195	0.0445903164247689	-0.0177747593379558	-0.0151119596998187	-0.0167281637048948	-0.0105299964821441	-0.0326417996163034	0.00980561940202071	0.0916159276062767	0.0291458188986317	-0.000707227271229349	-0.0261634916432003	-0.0468745190665221	0.0343240943781913	0.009621186054377	-0.0376974889691584	-0.00725265345425972	-0.0240175697282355	-0.0174221198601548	0.0431713303173407	0.0246296606814164	0.0376687168632028	-0.0413813154993007	0.0161512449696839	-0.00876114309649238	0.0235951273868348	0.0129843487972633	-0.0414836111563157	-0.0270341215183331	0.0231536776773237	0.0236497075302751	-0.00682182446436711	0.0264708721285618	-0.0148538914536761	0.00822604991287996	-0.00727192043913599	0.0501199141531695	-0.0550575161403328
"A0A060HHJ0"	0.0190450294511441	0.0690273465391066	0.0209489488830172	-0.0158922889635405	0.0242615582078205	0.00926169989586317	-0.0057363790952667	-0.00838438027532783	-0.00416651551866705	0.0113018473368517	0.00475224909065145	-0.00762263761817892	0.00173109187419151	0.00981901376980723	-0.010125403751226	0.0328563108831269	-0.00973540439858434	0.00354123160139453	0.00519250858571899	-0.00301221655172655	0.0035929786446814	0.00303192876369773	-0.00511909518834673	-0.0250481702802301	0.0113658161904686	-0.0183515886458499	0.00110622946595451	0.00079600134416487	0.0153241998513289	0.00940013023827676	0.00849193460078257	0.00169635264814355	0.00240419433119375	0.0144465476276976	0.021496873485141	0.0167440822312367	0.0305841682372025	-0.00559959614152265	-0.00331710244009089
"A0A060HHJ1"	0.0417657495269978	0.0244271026708578	0.00558219126070873	-0.0341006193000669	-0.0260916332456449	0.0190698779609301	0.0208941531109385	0.000631805543818741	-0.0045669266022692	-0.000364146550447623	0.0244076664149767	0.0152137519022139	0.000815095822113349	-0.0143665725644366	0.0141293489399302	-0.0311579157114778	0.0133873985659923	-0.0214953690750464	0.0343757521857876	-0.0272418982533714	0.00158882859748291	0.00643152015519649	0.00971319686378907	-0.00346533024208109	-0.00309777154797532	-0.00869581929334621	0.0129928161726294	0.0107489258674975	0.0162380649799966	-0.0146821069972527	0.0100264396289548	-0.0140979015265604	-0.0232362629758542	0.0181259653127987	-0.0114882836439209	-0.0177756376650293	-0.0367021570594943	-0.0200673833348786	-0.0249949916537559
"A0A060HHJ3"	0.0108381192117806	0.0163541790675505	-0.0152213896180468	-0.0700187714283135	0.00482792715092463	-0.00664914120460033	0.0133724822030764	-0.0659338899413929	-0.017879946368211	-0.0245592201887705	0.00245153360207828	0.00393009591208061	0.00810038181318982	-0.036782167668238	-0.0084857731344051	-0.00787106461617093	-0.00794031199245471	-0.052884612481388	0.0106887554498735	-0.0727080034799604	0.0171941599639093	0.0315025001884998	0.0501092383401294	0.00427465232855638	-0.023461063434607	-0.00952035824407	-0.0220328967893771	0.0511730784673619	0.0423110912031112	0.0330105904301375	0.0469216743520892	-0.0216922722719841	0.0242860495731565	-0.0064853326172626	0.0637615966198905	-0.0399073381751673	0.0161782582367321	-0.0153952066519219	-0.0450897107056655
"A0A060HHJ7"	-0.0415561551522656	0.0247350228390221	0.00228962138515754	-0.0122196455379936	0.0147364350533806	0.00141304570573438	-0.0191163568360048	0.00787949459492238	-0.000987983460935572	0.0477675041352156	-0.00385046338592713	0.0351797393603591	0.0205630432771012	-0.0323062113586988	-0.0192521680420451	0.0430774127326672	0.0140849484710722	0.00837169366061452	-0.0112463989054303	0.0249525246859973	-0.00527058137958183	0.0418118173041186	0.00589805217232464	-0.00806480365433872	0.00236978866232953	0.0239022922656787	-0.0120842989477075	0.00423579577138802	0.0142894715666272	-0.0353023700148258	0.0326714509374004	0.02486671384692	-0.0152563082295879	-0.0384100703464429	-0.0121742748271758	0.00990608814401366	-0.0125263497170982	0.00428695382155228	0.0188951588903587
"A0A060HHK2"	-0.012466581373968	0.0446152984098797	0.0292511898396746	-0.0127372338546211	0.0419182323149387	-0.023844907246949	-0.0214209641310255	-0.00644717989697884	-0.00726637497952545	-0.0114205993365058	0.0477724670676606	0.0226855708945904	0.0161450969388911	0.0242283383399608	-0.000399113905932604	0.0246170153135429	-0.0384490033607987	0.00815663545991508	0.0616717050889801	-0.0467082333875998	-0.0292839578253762	0.0236637349822327	-0.0130023077377139	-0.0417891730191417	0.0367510064323173	0.0143095657328712	-0.0711868248252988	-0.00604799047672504	-0.00417154697222784	-0.052125248403356	0.00544101189132313	0.0575207104171841	-0.0263303126048964	-0.0171538931034593	-0.046942812015661	-0.00591959625520529	-0.00489934965984349	-0.0284906817120173	-0.00556255698803193
"A0A060HHK3"	-0.0442805413176171	0.0053823770360503	-0.0108827959383479	-0.0124270328797295	0.0265414783081772	0.0413649959577132	-0.0273440514101425	0.0247405487328315	-0.0230879516119752	0.00590485188688129	0.00328616391265357	0.00776455187843639	0.00597430285307299	-0.01113965594603	-0.00982599709530721	0.00328926791508589	-0.0118866122450023	0.0154373563336307	-0.0158015722271759	0.00684756056781651	-0.00935179155998946	0.0081608993377511	-0.0101785201428029	0.0177634492877589	0.0431856654555041	0.0218824889810367	-0.0220971481874826	0.00853325087795147	-0.0142052791761101	-0.0262204457016865	-0.00847462103247322	0.00884961289876881	0.00809449544834437	0.0214576601340815	0.0149055881318806	0.0300595506533589	0.000529013018379196	-0.0256324527309658	-0.0169072031587794
"A0A060HHK9"	0.00576940916624823	-0.0474400721374085	0.0391826723527343	-0.0525271064095153	0.00438043043888391	-0.0225669688411622	0.00105315989074193	0.00382516415194447	-0.0107007326824042	0.0584876104634254	0.0334537088073773	-0.00257495126665205	-0.00112427787672213	0.0584899312290672	0.0172478947562387	-0.00685359264694939	0.0195709390753678	0.0321744482081157	0.0028007086272474	0.0276542542133239	0.021329505627904	-0.0060617420958189	0.00114751043917521	0.00847621655254343	0.0185562778748325	-0.00872188528631852	-0.0135529305884385	-0.0218787655635307	-0.018220516687382	0.0173842499781274	0.0420749527529313	-0.00588941801552188	0.0118059474012857	-0.0033803734504551	0.00695638618459744	-0.0229301866516939	0.0130008916407992	-0.016089889627247	-0.0450902665386296
"A0A060HHL2"	0.0407593274208696	0.0171614645833688	-0.0261545262147197	0.006533838699452	-0.0145233094308139	0.00797360298282009	-0.0346675734734836	-0.0254276323676649	0.00392072774729666	0.0304029620131469	0.0099486791128731	0.000292737425373392	-0.0471795695540624	-0.00509073489302084	0.0269912354421864	0.00350812628233874	-0.0107090403976965	-0.0103577281397638	-0.0595356987482785	-0.0183458303609207	0.00659665942536933	0.0172767616422673	-0.000950737055906112	-0.00708491192917852	0.0127385330337712	-0.0196033743823653	-0.025832570440404	-0.0235829791089598	-0.00779260987580598	-0.0177991438108902	-0.00880160669289673	0.0335050668125836	-0.01984192786173	0.0108633154036851	-0.0352347392519455	0.0412765582189365	0.013249349618053	0.00577948023955112	0.0299870358491696
"A0A060HHL3"	-0.00711248477200906	0.0343402849418011	0.0308834020674672	0.00638258408632923	-0.0611274860039717	0.00469440086660636	0.0130316923413499	0.00948717676623328	0.00126492764625374	0.00187937716029187	-0.00941904719662051	-0.0511154922005746	0.0352080805282158	0.0174742841365046	-0.0155304347984466	0.00898872568066991	-0.0195685227085631	0.000903650268916218	-0.0142234609489913	0.041931961351338	-0.00106872299662278	-0.0242540680506213	0.0122278980663923	-0.00859470711404238	-0.00815669827893621	-0.0217216582164002	0.0898152568089257	0.0356449274437048	0.00204324997426225	-0.0324809989180237	0.0137112630413235	0.0727809089913131	-0.0435218892642018	-0.076375040609063	0.0929314600805208	0.0646557229926348	-0.0246276360510763	-0.0138708096216859	-0.000452672560569531
"A0A060HHL6"	0.0264901192920339	0.0264652546836415	0.00537548801566854	0.00101547107714686	-0.00778699932712324	-0.0440292948466638	0.0298663155553374	-0.00381057892732503	0.0197971374874191	0.000331860404631411	-0.0366924213416029	-0.0424247475550551	-0.000798229311498532	-0.0251537057936139	-0.011170064549424	0.0205547276448817	0.028933418376158	-0.0125755963720448	-0.0377288640068564	0.042750341307816	-0.0112166866293261	-0.0528648845012022	0.114496699935872	-0.013280193081933	0.0225766340492335	0.0343468083062463	-0.0229413851104891	-0.0140212798346573	-0.0362857943670168	-0.0607952807248534	-0.019609751105943	-0.0355473397398779	-0.0148465116252609	0.0838264466226583	-0.00693008202401066	0.00710982356016067	-0.0225858850832576	0.0265559229362502	-0.0111807491077085
"A0A060HHL9"	0.0228316045467756	0.0115545591776296	-0.0115774247826796	0.00744135813909926	0.0186113858857148	0.00691437680992293	-0.0214822107191507	-0.00455456785071905	-0.0244244640527747	0.0374788308206824	-0.0237014705619377	0.0424136966085668	0.0233021967359469	0.00402507137814268	-0.00471661383535705	-0.0624483087691522	-0.0611217684665264	0.00507612300553067	-0.0010228347164616	0.0400208923934464	0.0151016625403711	0.0417748154847147	0.0892968889938774	-0.0212577996608266	-0.0977594030403477	-0.0455753471096767	0.0106531511600155	-0.0645963242892755	-0.0231829644998822	-0.0276182491064127	0.0866800270980093	0.040727868202468	-0.0236840077847186	0.0159072756264504	-0.0370063341073876	-0.0292949706991208	0.045168305750934	-0.0700860230722779	0.000355021276585686
"A0A060HHM1"	-0.0205835493529315	0.00951823091166711	-0.0136780501053376	0.0676518994983718	0.0354264269268001	0.0598832417540622	-0.00867246751493342	-0.00445528131590119	-0.00794979017552364	0.0165925465487649	0.0250863100113394	-0.00130255422816939	-0.00348455269819604	-0.000849798393501364	-0.0382719523509488	-0.0334294516535273	-0.0246869168655299	-0.00668962710881888	0.0171654997409152	-0.0204381346306306	-0.0227427921498824	-0.00794077387919427	0.0389456303972387	0.0562264692067338	0.00736259812485125	-0.0310394298384885	-0.0379787532610347	0.022444175200007	0.0129654507662029	-0.0207724008249294	-0.00698719722372539	-0.0202472720339647	0.00306328266283037	0.00849774909577838	-0.022367689926206	0.040550475908888	-0.000437838552827011	-0.00887494947149732	0.0184595063115628
"A0A060HHM4"	0.0134543448056246	0.0318197205420947	0.00952968619618181	0.0211888318854701	0.00479985773967862	-0.0179685276931204	-0.0570922421141422	-0.0202296382934246	-0.0173182627449562	0.0171244175933362	-0.0254742024588981	0.0224545870944112	0.0181175665963075	0.0128645777354111	0.059254078270664	-0.0257885644133685	0.0398137686504221	0.00273003078406979	0.0183920824896546	-0.00150557557265139	0.0412466823222468	-0.0214043017010255	0.0319254061408995	0.0327555904361809	0.000678906752599883	0.0299937247989904	0.055999130355489	0.0782626116352959	-0.0666769216210082	0.0501325988897	0.118273227070111	-0.0282983171911166	-0.0184239570902063	0.00396873781115591	0.033016774256049	-0.0154943962929498	0.0839057398633085	-0.0150738876569684	0.000678742919154241
"A0A060HHM6"	-0.0382672834000116	-0.0133457253840761	0.0160762142807116	-0.0371358674213115	0.0289649990185925	-0.0121821543535611	0.00125825520508363	-0.0444486955892621	0.0106096760369992	0.00379123114545766	0.0215322719574171	-0.0264506732818632	0.0234973501048487	0.0247824107399136	0.0290391820884457	0.0203064539774287	0.00814600302698063	0.0112310222786913	0.0122278878248966	-0.0176608333035827	0.0212647005844474	-0.0220163014323097	-0.046859327707495	0.00713299215614748	0.0140919109562379	0.00678764599188751	-0.00667667478933886	0.000519036809211132	0.00204736752529189	0.0550081597519492	-0.00153332126280995	-0.0106693935287784	0.0221587684623273	0.0370676054513933	0.0147576113937997	-0.00658718601343371	-0.00815830713013582	-0.0510941343058438	-0.0251886305905912
"A0A060HHN2"	-0.00601158844301667	0.0543485077967763	0.029127318590217	-0.00166677057629089	-0.0555901800419226	-0.0250604303730843	0.0172882937219274	-0.0309201533027786	0.00233369366115453	-0.00321533673371624	-0.0411051333979542	-0.0330016812302925	0.0227397839928239	0.00855264801810226	0.043350228901125	-0.0133184940774136	-0.00738762167250694	-0.0121189280380656	0.0191012235532819	0.0134751244544146	0.00378149333286468	0.00305797873556593	-0.00564426550298576	-0.0249104800732017	-0.00607339409598324	-0.0170958001156379	0.0110956632301996	0.0430324167779438	0.0147822359480177	0.0110099930068649	-0.0228124690469687	-0.0352670534069526	-0.0264624132252064	-0.000164604515120596	-0.0180952968387662	-0.0249692212515775	-0.0345789903022261	0.034917165230358	-0.0374933655547756
"A0A060HHN6"	0.0319742082065365	-0.0147988984549026	0.00346267688111357	0.0413056625301151	0.0364701383034117	0.0534522106473529	-0.00538333267336093	-0.00779937814992096	0.0469784496872345	-0.0414606832262585	1.06709752635204e-05	0.0394557734284669	0.0341110108325256	0.0265937162686086	-0.00681235154653461	0.0120981454894727	-0.0162262769014823	0.00594164682526576	-0.00799235672805673	-0.00774149234579974	0.0138805904577567	-0.00202679493507195	-0.0353563445837527	-0.0173200157432786	0.0109987619347178	0.0162186276234856	-0.00998657181096314	0.00737868902508562	-0.0153003774352964	0.0397578150933727	0.017672175117833	0.0145536371537277	-0.0310034454576352	-0.012248687091779	-0.00281534507573543	-0.0148266599386457	-0.00270201848469928	-0.00219070325161408	0.0134110877413055
"A0A060HHN8"	-0.046989890884559	0.0146192328599554	0.0308748208752752	0.00605768008549976	-0.00160585932285854	0.00973762238452677	-0.0192240465360393	0.0120426318682184	0.00890521733355055	-0.0123538648036345	-0.00542215486645825	-0.00430813141923603	0.020152494997696	0.0174848330115668	0.025032420460652	0.0117807608884195	-0.00819538243647967	0.011297210092032	0.0111279739754031	0.0113420579968891	0.0189073830900874	-0.0103300698829876	-0.0152002976176637	-0.00703761492406861	-0.00685084947611159	-0.0115323161777891	0.00613453737543226	0.00912490373448523	-0.000613993301391983	-0.000458300387856583	-0.000105222593068091	-0.0128261408548528	-0.00061958154849329	-0.0121244664208834	-0.0272744429742073	-0.00396456541445299	-0.0139004644203281	-0.00402391481016985	-0.00412830620616314
"A0A060HHP2"	-0.0100869362649934	0.0319237567299364	-0.0075802328050816	-0.0618952420212674	0.0368377071889087	0.0143411869331177	-0.0301928816172813	-0.0237339822943638	-0.0237322418627631	-0.035544535156557	-0.0317032075449981	0.0489130915012703	-0.00974331511921584	-0.0386831979199986	0.00624195958977153	-0.0121336661674581	0.00250614039488239	-0.019977432620658	0.0387738309246815	-0.0204177234568824	-0.0360868493353244	0.0601160581315274	0.0285441086343001	0.0156962744379677	0.033529678732308	-0.020508611245132	-0.015857999616505	-0.0355869022268434	0.0049267298238401	0.0417421246291619	-0.0501760818014997	-0.0123092598938913	0.00973184467955187	-0.021414458419684	-0.0248344346095315	0.0115362414798864	-0.00111767743585517	-0.0322421812804657	0.0440407329887563
"A0A060HHP4"	0.0368951801047736	0.0323089358971393	-0.0219963834110827	-0.0192289667281867	0.027784744394085	-0.00357922714133945	-0.0178231146037807	-0.00459365127077842	0.00747461130314366	0.0186653869657822	0.0192986059903319	0.0105291434127602	-0.0259515390774956	-0.0170963937754621	-0.0265360853136317	-0.00740241667781851	0.0479551985641053	-0.000614913724961062	0.0296475064129103	-0.0304671631736483	-0.0171827093022181	-0.0421786607625615	-0.0129192762460905	0.0194176644659081	-0.000370018415298255	-0.0373524879123092	0.00523304095390993	-0.0450473656012735	0.000814565437455884	0.00432485481762795	-0.0166290452205981	0.0297696951193476	-0.00402388324172758	-0.00538304146347201	-0.0501667069636735	-0.00331655506398739	0.0244058788693583	-0.0164720553985631	-0.00675067689244583
"A0A060HHQ0"	0.0230252959763537	0.0208304815707892	0.00590319780008714	-0.0258264279371306	-0.0544551970099059	-0.0230253755850645	0.00654562904104882	-0.0107749440655005	0.0108720920404019	-0.0484228515639118	0.0410852306023193	-0.0593066727913534	-0.0129867698132082	-0.0135876486280984	0.0820413720489811	-0.0065439042081292	0.0105162465233637	-0.0195355475454785	0.0157384490954068	-0.0449091520961309	0.00816045381679713	0.00264901929941522	-0.00519634208308676	0.0113260821672074	-0.0015455090549015	-0.0103194523763617	0.00348960824308465	0.0349191565939397	0.0036033770980521	0.0491382134899773	-0.0044338119225542	0.00277322320480406	0.00686586890772464	-0.0684844029259481	0.0565968896284699	0.0258473547773321	0.0213009907012658	-0.0362123817208496	0.0691441770864888
"A0A060HHQ4"	-0.00829778155458167	-0.0471542721380131	-0.0427861775376261	0.0198425675444362	-0.0392526177570078	0.0158662938966444	-0.0407755712903864	0.0327153073889394	-0.00783109064901569	-0.0320970282252183	-0.00224716278047015	-0.0359972754870273	-0.0209834529800038	0.0250871445507324	-0.0128594525939719	-0.00905719890237585	0.00311021127488538	-0.00877348829449291	-0.0250942929520368	-0.0393079625146583	-0.0271088212740019	-0.000371788670728333	-0.0111640866505142	0.0296894392246952	-0.0116741997489632	-0.0517403510366091	-0.0435406044440587	-0.00685086668981728	-0.0209355689721059	-0.00452656644838896	-0.0391790111741962	0.0407461607213121	-0.0192836113645842	0.0418793253153544	0.014188041554089	0.0107522502912524	0.00907163210831601	0.000839062082959808	-0.00645124830338959
"A0A060HHQ7"	-0.0040877567563898	-0.0371261062580001	-0.0509698126611441	0.0282933728372029	-0.0118541692115609	-0.0390731418673873	-0.0204438935146588	0.0178353253497893	0.0145180461553164	0.00355512124539328	-0.0295451074938175	8.78637889762487e-05	-0.0154764755753972	-0.00383209788042319	-0.000136720442686313	0.0612447402693563	-0.0705317509642574	-0.0226150834173836	0.0242955187622623	-0.00600908186521691	0.0113742075518971	0.0401305585705076	0.009678442297108	-0.0136270702921565	-0.00977940269651656	-0.0529121694452061	-0.0242233666672668	0.0310956978307352	0.0118733858792866	-0.0131007063010717	0.0588603035044872	0.0310407557535487	-0.0462804845214764	0.0593154552721319	0.0333563543842753	0.054590683805959	-0.0210103708834924	-0.00949965097949522	0.00598280931079136
"A0A060HHR1"	0.0209139177510678	0.00976263131632441	-0.0207969260615519	-0.057957314015602	0.0221513753404214	-0.0523296802197618	-0.00654809794650156	0.055217034914717	-0.00964751570063245	-0.0141916748445533	-0.0203272115971656	0.00702228649971197	0.0425347438607013	-0.0146082720226178	0.0299172575484935	0.0133655397309536	-0.0231288311512685	-0.0120467646870697	-0.0542825237937009	-0.0151824433637135	-0.0264964273452904	-0.00773950237562166	-0.0265878035644626	-0.0295918921278697	-0.0356755113516647	-0.0320411200142439	-0.00840919725159872	0.0025256256724852	0.0212200764431498	-0.00450267409341266	0.0393409111844874	0.00548185406551756	0.0232932009870455	-0.0109747872233687	0.0123224698116163	0.0337636120074781	0.0614117012370278	-0.0514855073223131	-0.00209447783995923
"A0A060HHT4"	0.0151888698296465	-0.00015950742971861	-0.0189856483540879	-0.00718814124674413	0.00485718819408004	-0.0564981806049776	0.0373331016737419	0.0688480775998944	-0.00480446533412377	-0.0609169080740811	-0.0403994956712895	0.0332054190562202	0.055286120136229	-0.018106304988929	0.0285651063497822	0.0208479477102121	0.0242469806582771	0.000166264511805332	0.0403614097147511	-0.0322179068227495	-0.0262361867666341	0.00895676435176412	0.00864401732594551	-0.00721402804874685	0.0424464041525627	-0.00132006053051986	-0.0374194212124623	0.0362057459141899	0.0241038167738058	-0.023916362266248	0.0947261783154656	0.0562027002274539	0.0371566754413672	0.0227128046391332	0.0198542279719855	-0.00745589846186714	0.0356586154303946	0.0431974411093066	-0.0172442183177901
"A0A060HHT8"	0.0253741164061398	0.00108292133700051	0.0358425760705651	0.00471847212034659	0.0132582779783879	0.00464521498939288	-0.028179844742681	0.0244132569651591	0.00640860322879658	-0.0933379814158501	-0.0412947783715838	0.0489925890726439	-0.0331933024662178	0.00549371458570274	-0.0452576913683767	-0.0308500221307679	0.0111646649574331	-0.0698108522643033	-0.0204272468549215	0.0314121251859843	0.0414937355273994	0.0265242913955625	0.00208329531280163	-0.00949495167330399	0.0333483114286085	-0.0388129566474951	-0.00865685842521738	0.0213149330893826	0.00343292474297933	0.0271607265261839	-0.0222959712572971	0.0196446435989289	0.0204896738875431	-0.015726818491513	-0.0136489668840028	0.00836883983716751	0.0153180435171784	-0.0144852597482698	0.00207552451492188
"A0A060HHU9"	0.0190363009741365	0.0573923225590099	0.0313184146115559	0.0151113171773757	-0.000676039887819289	-0.013828792615212	-0.0141019840366636	-0.0110492752564203	0.0225429280392115	-0.0138420621035696	0.0304323852664867	-0.0213358871143297	0.0012190048358886	0.0312188935219009	-0.00418891697844758	-0.0349187941779625	0.0250560409277307	0.0329364422052024	-0.0363826224846092	-0.0175568880996995	-0.0182280131141876	0.0269508589033204	-0.0217927221853559	-0.00465521698486709	-0.0280042485201398	-0.00888081332347779	0.00546602585938472	-0.0473349982800811	-0.00690369353233391	-0.0333939684025868	0.0231276254430215	-0.0100002792043508	0.0130841756092617	-0.0169791308456569	0.0163995209487159	-0.0760824577760337	-0.0072765313997029	0.00396209520830678	0.00361564713302917
"A0A060HHV8"	0.0101389248452587	0.021275350673106	0.0310646808622791	-0.0300962059692316	-0.0271608606210232	-0.0518013898406451	-0.0169292181861864	0.0242149916221955	-0.0678598672468071	-0.0585329022023595	-0.00486718502170188	-0.0041254157406013	-0.0202451669439559	-0.0598763122793425	0.00956814053233771	-0.0237224793178008	-0.00343705472609028	0.00880286923360238	-0.0204920976073968	-0.00783042135681997	0.058479854603883	0.0165923048486117	0.0225247292190014	0.0517941954890414	-0.0106686517795912	0.0192781813024744	-0.0234432893589877	-0.00822283342319393	-0.000976444089546775	-0.0484382416353909	-0.0123436318707044	-0.0163791039359133	-0.0550205624524344	0.0728181269721196	-0.0255423331706736	0.0284696930122868	0.0464339982495311	-0.0178702551412201	-0.0226494991541787
"A0A060HHW1"	-0.0285075838570269	0.0228707851905554	0.0221789628168878	0.0578594734885988	0.00468907427640155	-0.0571549492559651	0.00649900769971672	-0.0187987347630254	-0.0166889694003795	0.0123041820782235	-0.0462567878418481	-0.0130400093029257	0.0421093071550564	0.00556635482005276	-0.0277569619740697	-0.0174145943002283	0.00254743123515067	-0.0179023253887826	-0.00388587163839538	-0.0163152563829177	0.00643447964207365	-0.00188078904280354	0.00117011597509723	-0.0106340117077415	-0.0221531049781217	0.0176105389755843	0.0110791542034829	0.015068276887523	-0.00163470061647447	-0.0235914074277759	-0.0142283220002092	-0.00136093604660675	-0.00241693097501421	-0.0026202277163054	-0.0324421600641764	0.0109297371446177	0.00152203633930282	0.00829729422508793	0.0139172376490046
"A0A060HI01"	0.0320666476494327	-0.0418705427913444	0.0344524134580811	0.00387528038092612	-0.00791953618233833	-0.0149231506932985	-0.0301588682337225	0.0221519548674823	-0.0244430326746825	0.00547608728338957	0.0176093874157401	-0.020059772912629	0.00463894421760717	-0.0355733592825905	-0.0183880434565178	-0.00118487659471956	-0.01665239088136	-0.0469730365419968	0.016891448759849	-0.0329701362767357	-0.011482450805123	-0.030815447505729	0.00902347633377874	-0.0158825726472344	-0.0432105415552364	0.029216035345358	-0.0085138022617301	0.00779508612440434	0.0281672205103833	0.0108700701035225	0.00628741300739842	0.0168536803807367	-0.0229062461476005	-0.0304495113468135	-0.00184645759427891	-0.0274065135755063	-0.0101534400776089	-0.00101152626050556	-0.0150549768193835
"A0A060HI05"	0.0359732062726854	2.28096616829366e-05	0.0320430014608698	-0.00610254552840009	-0.0413188690952168	0.0115838747310575	0.0294757922091042	0.0094237503431215	0.00414912964632749	0.0476457703486011	0.0235127576264028	-0.00133111953281912	-0.0487802212788937	-0.0216030183022074	-0.010343299436358	-0.00756578975745534	0.00368887543802179	0.00861361533917016	0.0377427130056175	-0.0104146749626686	-0.00368233874073859	-0.0439588614870579	0.0035664971719435	0.0421008051746699	0.0469127844997154	-0.0245207156469733	-0.0209255815244527	0.0302788540685219	-0.00775600167906177	-0.00522513455746465	0.00551124535274753	0.00662102259197466	0.0440856791792678	0.0178010625759206	0.0392945940923385	-0.0195673348178957	-0.0187618043454039	-0.00729431342600868	0.0219464980056521
"A0A060HI10"	-0.00913412316031904	-0.00935020308500981	0.000665400261399362	0.000320454348831879	0.0288650400858881	-0.0160492239531933	-0.0825872378920915	-0.00585998122591102	0.00685384665056395	0.0314970768238657	-0.0318231528928859	-0.0241797454736873	-0.0852403745908688	-0.0075531805110675	0.0170398409126778	0.0260088540625251	0.0068698958214654	-0.056729358276312	-0.0550083671144816	-0.0561815867283813	-0.0373303314221904	0.0463825903552147	-0.0192207089181383	0.00104570379854294	0.022445591575957	0.0461477755851792	0.0890186062171258	-0.0132345306287476	-0.0646610880314986	0.0478277009226554	0.0183254413958566	0.0105214810531596	-0.012633272580686	0.0194924201667866	0.000758288924369381	0.0392087489939392	-0.0113388703765719	0.0428770980046857	0.0291021420642084
"A0A060HI14"	-0.0227801991238583	-0.0137869314167191	0.00743936906895984	0.0246447961317812	0.0409238541385541	-0.0267114472347425	-0.0127710290066643	0.0128291082660169	-0.010306392409772	-0.0357864072241041	0.00560468768687678	0.0109768636779239	-0.0215255465653635	0.00178291714932247	0.00727346458600827	-0.0349577187693562	0.0354933423282726	0.0677369872674734	-0.0757258724378885	-0.00360818161889758	-0.0649742166726712	-0.0204456926261978	0.0169729958632135	-0.0707845351059062	-0.0744802470786625	0.0721790751641751	-0.00639094861310942	0.0107509363618005	-0.0165027452229963	-0.0555819167001599	-0.0396461811281512	-0.0160090227740274	-0.00693046440052255	-0.0412473318986748	-0.0241035726045357	-0.00385007236560908	-0.000609169920812882	-0.0660794083461992	0.00828550844541588
"A0A060HI25"	0.00934668096167101	-0.0496491952683937	0.032465442844438	-0.00324637535772593	0.0390720607733235	-0.0556024017422723	0.000215371535512964	0.0127370745279367	0.0491915477917009	-0.00481873620102819	-0.00657019652368243	0.011320255473342	-0.0188023486141187	0.0175734669603973	0.00726742681113621	-0.051298043100989	-0.0153244865011094	0.0307464720123041	-0.0308490695657477	0.00558973081344766	0.0542240575064344	-0.0094728905907673	-0.0270062285976845	-0.0189199270998359	-0.0130329377563231	-0.0235891698389417	0.0296191196997749	-0.0129007406329993	-0.00800930801731708	-0.0142870656178452	-0.0283790858464678	0.00312101355147912	-0.0275639964148012	0.00718508668716433	0.0118590673062223	-0.0284711895903699	0.0188210722221477	-0.0295209499279351	-0.0155754285692976
"A0A060HI34"	-0.0207521222851442	0.0121690672481936	0.00230746275112187	0.0557991661446398	0.014553674524735	-0.0514225585109159	-0.0277869261389352	0.00248337609085728	-0.0290874464284605	0.0475282483256148	-0.0277284429523977	0.0406332302018798	0.0326445260677226	-0.0301788518517283	0.00446380249076575	0.00469519260315427	7.64937550516461e-05	-0.0217300471863204	-0.0391864223194868	0.0096878511922725	0.0256774940222078	0.0353337114449707	-0.0616593486700562	0.0179955885135488	0.0111970587608794	-0.0102607647203275	-0.0627475345977501	0.0147297299831609	0.0345540744349981	0.000777618883214464	0.0551005228072366	0.0246978492566784	-0.0163692964795531	-0.0302598590209	-0.0489592713753836	-0.0271124112061769	0.0364968893553051	-0.0019100052848834	0.00288238273452434
"A0A060HI46"	0.0308166876584573	-0.0338017508708245	0.00993262668999212	-0.0229714855414183	0.029069335707557	-0.0246624963233324	-0.0548876351265298	0.0311272089959613	0.0110403545566183	0.0249438909970935	-0.0011583868972588	0.0158158497107816	0.0290990945494958	0.0442129094236526	-0.0103084697880346	0.019483501997561	-0.0416381713736623	0.0184982919733925	-0.029551230357337	0.00685649978101615	-0.0138181422431052	0.00747507963696384	0.0163368895132617	-0.010142266157884	-0.0541715115360038	0.0354868102455694	-0.00957619841616094	-0.0255480570580029	-0.0130181916085836	0.00623387294732605	0.0074815301617583	0.0201438412787916	-0.00708346236942664	-0.0158453876440123	0.00901257295946964	0.0178112757831818	0.0112568590306499	-0.00156710824363725	-0.0143189354601128
"A0A060HI51"	0.0437964428599517	0.00329896059134265	-0.00134059713514678	-0.0220086843051981	0.0197905490473313	-0.0179228735752931	0.0354658975051331	-0.00345873592975709	0.00520032543154364	-0.0197794882659523	-0.0222369539768611	0.0110232716161734	0.0207744602728711	0.00344116349654951	-0.0297690673339135	-0.0265652765420978	0.000752629025678789	0.038649420757177	-0.00672557462562904	0.0222383923371512	0.015229804973793	0.0140000260265826	-0.0388810738686239	0.0126911054310358	-0.0199208253048724	-0.00482494528563967	0.0219429608477771	0.0253807845827775	0.0278471284971604	0.00981049262243866	0.0338209882754373	-0.0283147895311531	-0.0232584417041248	0.00294718336802686	0.0113650989938609	0.0403139159938559	0.0281145308039825	0.00630439409573392	0.0323322645810488
"A0A060HI59"	-0.0293128740426538	-0.0179487375183725	0.0200771386832817	0.0648828434840185	0.00617863922532481	0.0231278285351242	0.000887014476882804	-0.0171964428241854	-0.0211053113255013	-0.00546010693899106	0.0263647867172412	-0.0172330141831278	0.0480507527659864	0.0175199859223996	-0.00736717038340949	-0.0235421958431637	0.0316011825387693	0.00205949876237537	-0.017635075923496	-0.0216374280299558	0.0471074766037051	-0.00438638189555884	0.0346375213424602	0.0141688752523263	-0.0346323467800845	0.00879564407532768	0.0211579057812163	-0.0039059695029166	0.0478442928364144	0.0428461552287652	-0.0220025004038783	0.00158864168114212	0.00983994993519423	0.0141710508409787	-0.00190070946341022	-0.0138614005017443	0.00814663497740408	0.00651398020704305	0.0215941492205588
"A0A060HI62"	0.0275362339738314	-0.025007909604033	-0.00765616811840667	0.0051399201845546	-0.0275769822824607	0.00214131244824156	0.055054856578126	-0.0006928032264837	0.0482708149233754	0.0307151707713794	-0.0385491915246576	0.0383511904926144	-0.0294690146922586	-0.000967928714622	-0.00150274826320887	-0.00704361757409226	0.0470259027441753	-0.0518766667418282	-0.00184710956897114	-0.00360318565619056	-0.00100513096224882	0.0571463830939381	0.00498592583284602	0.057615966453384	-0.0290415015411026	0.0540389151162232	0.0454139121509823	-0.0081322688335727	0.0224262318250599	-0.0131938857589285	0.0315143731048631	0.0228016132091151	-0.0369123786011531	-0.0369649521937153	0.0439235939960235	0.00724823569256056	-0.0232163702898408	0.0320707408837267	-0.0601051275229409
"A0A060HI65"	0.00945908898136301	0.034766558667232	-0.00244319757520683	-0.0263773821563728	-0.00303336263784498	-0.0373427937749741	0.0558933758470971	0.019889685862598	0.0370955882098914	-0.0123946285463813	0.00474388525312073	0.00969184576683159	-0.0427819690436614	0.0301319891769341	-0.0523775598837205	-0.025492578987713	0.0186022857514589	0.0371439603613578	0.0342942687759313	-0.0326786516722032	-0.0445060698398952	0.00095019706020333	-0.0618950843489971	0.0329514710076682	0.0500396672272343	0.0302212954668501	0.0406208672118705	0.0779431882739299	0.0181532527331492	0.0271368282042999	-0.052999030267181	0.0467840101429005	-0.0116126171935981	-0.0201457180221676	-0.00223065001683154	-0.0557106441111417	0.0659164529692539	0.0142894633322889	0.00404880763405619
"A0A060HI66"	0.00933696065995513	0.0690685931782753	0.0118300973825253	0.0206654674894105	0.0276347656710312	-0.00594911139700479	-0.0115626884268059	0.00562357535435139	-0.0248443922146439	0.0250884227497935	-0.0199758752951546	0.0276381119084337	0.0303418261547435	-0.0234995098717989	0.0149115023650814	-0.00613632756846591	-0.0162566188102201	0.0235614569498952	-0.00209369104098192	0.0286536562788138	-0.000970409006817236	-0.0142025557109031	-0.000882404917571149	0.0080062979626982	0.0246670383084327	-0.0117122651832482	0.00282159481276486	-0.00766411767184678	-0.0222577705590998	0.011603549420815	0.00987328517890473	0.0128385494983916	0.0159522306462807	0.0385951065029535	-0.00172335414354878	0.00664780124947302	0.00846006268497299	-0.0341889613543108	0.0116819300988291
"A0A060HI70"	0.0138227787228488	0.0105512232040625	-0.0586008011270043	-0.0409706046793706	0.0394818948922726	0.00482145475702869	-0.0209986491554498	0.0405627474511449	-0.00853458581274136	-0.00216136799766932	0.00165454411062153	0.0327558344160494	0.0250564065339149	0.0630147067236388	-0.00881112936483772	0.0472838473768608	-0.0292757383969897	-0.0571728415376969	0.00736573680852559	-0.0341972667348006	0.0221914721034187	-0.0303624843357158	-0.00242233286135365	0.0120573088024918	0.00354597463701615	0.0304030876112344	-0.0321064047544461	-0.00349437973343664	-0.0304791981175424	-0.00434023440468809	-0.0124230983441182	-0.00983256329240251	-0.0103016806268177	-0.00202364361748138	-0.0263589987528065	-0.0296723893642072	0.0212182182799871	-0.00163256041139592	0.0269245349665888
"A0A060HI72"	-0.0420294744879872	0.00385458766443565	0.00198306726662257	0.00473661665369839	0.0103554354687575	0.0399398388061539	0.0158161172688423	-0.02244052605405	-0.00330864938449836	-0.0169750494881572	-0.0274612433957064	-0.0244980614004159	-0.0639078105000256	0.00228629573654535	-0.0122189531841164	-0.00549633358329306	-0.0181628548187819	0.039603967237411	-0.0281403229527267	0.00341222646989766	-0.0285540270439297	-0.00636786973231607	-0.0538052735965559	-0.0255084533558372	0.031594992351955	0.000226557531910376	0.0247940263253043	-0.0262156176908781	-0.000956491912822081	-0.0001348655332833	0.00213696079659763	0.016877741448443	-0.0254284833211512	-0.00902073101504223	-0.00172706887145643	0.0143340079013889	0.0120355800980939	-0.0131233079656882	-0.0149836342509471
"A0A060HI74"	0.00385738706002822	-0.0129857279728428	-0.0404984815121464	0.0432340134826232	0.0265355779335109	-0.0508177540849777	-0.0027768153729616	0.0465450999357328	-0.0408728576472371	-0.0101238608177955	-0.044009768415717	-0.00515460361880925	0.0062839213832102	-0.00619935387563605	0.0193989935341555	-0.0137759017743968	0.0712201688959528	-0.0176490102540101	-0.0416772967300824	0.0110566430419367	0.0109212375951131	-0.00798545976973118	0.00379589297904804	0.0817361458644928	-0.0554246023119229	0.0176257840999174	0.0391721008821752	-0.00559277805340144	0.0301121215886448	-0.00190222764267164	-0.00393437604238972	-0.0590311800723657	0.0445272260251276	0.0355280190025941	-0.0476200667507472	-0.00250313518548445	-0.0208064254128044	0.00371139949201857	0.034253608276633
"A0A060HI75"	-0.0357600567213686	0.0165101045300289	0.0387618881765345	0.0271519665786175	-0.0386490366991373	0.00630778338507419	0.00607128664964872	0.0398963397719809	-0.0160996629003154	0.00541849298884315	0.0250030913087374	0.0267971457197852	0.0104249141601431	-0.0412525920270546	-0.00646173551529292	0.032307429756212	0.00887001661639927	0.00721133833291062	-0.0348952548134313	0.00585145335664131	-0.0182702679122968	0.0145117187983509	0.0133002643162174	-0.0212333709410776	0.00644014203173871	-0.000779813409050403	0.00285244444219533	0.030093048006262	-0.0324283708525829	-0.00345577356558461	0.0170683721351886	-0.0177097475973629	0.00914002138846314	-0.00768942058608774	-0.0057769489956185	-0.0216943887554502	-0.00831615859517806	-0.00288328364814442	-0.000635974995155936
"A0A060HI78"	0.0487282720621773	0.00338766977094712	0.0158848149535798	-0.0151139426865215	0.00705763566441628	0.00020034645840251	0.0207588726938876	0.00598055489156425	0.0177205153336807	-0.0138802795283778	-0.0145296471867002	-0.00399966011668839	0.0193614197906152	-0.00569796156392398	0.016465016632626	-0.00222516326754669	-0.0246820742473926	0.0203033900431823	-0.00390956208579706	-0.014379299270609	-0.00882739846191017	-0.0115406906097306	-0.00845910896258983	-0.00067322806063313	0.0127552363297874	-0.0242365996669919	-0.00570436858440202	-0.00386820429246768	-0.0243120467145095	0.0100523297221092	0.00573548113931204	0.0122303293299438	0.0281284776083205	0.00431130991721283	0.0284597348268835	-0.0047558375485168	0.00430938726292994	-0.00677291669662552	-0.0281952272239046
"A0A060HI81"	-0.0242407868901516	-0.00607494602867238	0.0205779487388749	0.029003060024612	-0.0663373035338245	0.0224822302853057	0.0105342386513681	0.0401038910872248	0.0308073382731615	-0.0196729928077233	-0.0194859941345425	0.00550574434577725	-0.0088238343892185	-0.0162349576201556	-0.061720594030416	-0.0475923006379474	0.00934339173139811	-0.0250497707004281	-0.0474294205321551	0.0299668991070896	0.0160609557742925	0.0141031391609112	-0.000120039960052544	-0.0415467883463357	0.004984111470836	0.0366986330220843	-0.00947428827480622	-0.0158414190866434	0.0321003340697917	0.0148786712673798	-0.000797312764902539	0.0248248176507073	-0.010363066577707	-0.0478954731873255	0.00635706297125367	0.0239978408158845	0.0413409463566464	-0.0174585125664629	0.0103078711794382
"A0A060HI82"	0.0486339409447196	-0.00607513101223557	-0.0173787994703561	0.00769764191873063	0.00853533513464982	0.0264716468672149	0.0220976170084164	-0.0119524596389002	0.0172844393811735	0.0235440354447	0.00407198609249404	-0.00488844628364571	-0.00421475178101753	0.0171389502991099	0.00773735299087229	0.0139987608704067	0.0160978393721215	0.00762349666424155	-0.00936764994788229	0.00892136301256019	-0.00466795717271308	-0.00680525281401881	-0.0125708051636747	0.0151608031764783	-0.017065436201135	-0.00203304770748425	0.00520087398053597	-0.0042887585444446	-0.0115684035623797	0.00455784499670368	-0.000906182468301151	0.00739779496391615	-0.00987506226286185	-0.000585396463849848	-0.00746960245433433	0.0035952470468902	-0.00558509266756679	0.00656043977919064	-0.00580719772354291
"A0A060HI87"	-0.0438473360012691	-0.0025936715185608	-0.0295475580205595	0.00284465282861169	-0.00748900227418409	-0.00481410294613004	-0.0253508994273202	0.0209321407242207	-0.00134391635636296	-0.0027007827310147	0.0442952295412656	-0.0277364550705534	0.000727805437256833	0.0173642202164121	-0.0478198053115248	-0.00802153104378321	-0.00454599385230916	-0.00448045204051493	-0.013691219869499	-0.000483290784639301	0.027901538729203	-0.0255966255747491	-0.0168526087031119	-0.0291532417819956	-0.0139068422760628	0.00437380172958243	0.00464632419173458	0.0272078130965826	-0.0280933561888875	0.0145843765963804	0.00770720449713521	0.0120000772568769	0.0185498698940352	0.0261447506995831	0.0355409607393502	0.00457414762525925	0.00338796365797169	-0.00670075934534778	-0.0266996611225766
"A0A060HI98"	-0.0353489861162987	-0.00292440076861583	-0.0450047582422913	0.0195261151622297	-0.0335985639057854	0.0094041923116241	-0.0491988124765151	0.0150338258385574	0.0120307470987628	-0.00522826932968814	-5.34457953936474e-05	0.0319310559923268	-0.0192494615287221	0.0198299370683679	0.0479553156928461	-0.000579746950943499	-0.00634428101069398	-0.00119038064086689	0.00761265436162918	-0.00732425785212305	0.000320286948063146	-0.0191009630922143	-0.0394857407404324	-0.0217117212145212	0.0101330030701443	-0.00398308487199319	0.0169454932397906	-0.00654474215304939	-0.0238912962829474	-0.00875577996191652	-0.0427075545677293	-0.0173831204573883	0.00831863444666115	0.0137616072487598	0.0179941350428057	0.0293748994111752	0.0207480257047974	0.00311613954496792	0.0511233623999832
"A0A060HIA2"	-0.0294481810424616	-0.00661229044586448	0.0219664966345328	0.0307208540368625	0.0603379789976702	-0.000388672943030412	0.021441513339923	0.0133440457135248	-0.0261619928842516	-0.00714509925841244	0.0290631922717928	-0.0304712829776183	0.0453189967881479	-0.0150490568802312	-0.0111856993200464	-0.053740797830831	-0.0110970508036888	-0.0138700355205697	-0.0337999924261824	0.00340294018204445	-0.0277449853165221	0.0362207497085427	-0.0197597174319072	0.0436756562320221	0.0276633497525131	-0.0324526403203459	-0.0177700056647158	-0.0240214514489834	0.0140703266414582	0.00235898450427959	0.0357927622677575	0.0174592895098415	-0.0083950060630659	0.0265783621716456	0.0177703390004488	0.00453373995855413	-0.00947415990571946	0.0529113114665947	-0.00641222066397803
"A0A060HIA6"	-0.0114239795019433	0.0269048004116696	0.00585649642226553	-0.0594358581346373	-0.00294658742924855	-0.0186655016560744	0.0285342685637269	0.0233347367116402	0.022716311115357	-0.0860858421030657	-0.0297044556573269	0.0057983822022611	0.00340877869610916	0.019126957364199	-0.000977016031045207	-0.0061712799183834	0.0021301628931716	-0.0306401564317209	-0.0117477960702202	-0.00268878524774616	-0.037163124023426	-0.0103170113434164	-0.00776190161560338	-0.0144039921259498	0.0973704637832564	-0.0141275590807305	-0.00180274833754816	0.0130592140709865	-0.0595603977861612	0.0212145821154533	0.0185825854226829	0.0123268181868012	-0.0622884001781103	0.0403911136103511	0.0107546029103261	0.03504740593296	0.0256468883880643	0.0211627192525937	0.00237727298349652
"A0A060HIA8"	-0.046513188204301	0.00575205396493894	-0.0184083101784678	0.0190368681798616	-0.00692226346582222	-0.00272533343724175	-0.0260300969882522	0.00111922379371577	0.00339571786339918	-0.0143032717864403	0.000235889568492562	-0.0232588990488388	0.0300201891114369	0.0405493741690368	-0.0223796832653684	0.016687347808164	-0.00802074870518275	0.0023076147467542	-0.0118626543148522	-0.0145537214644068	0.0138240203400547	0.0235740958223484	0.0208334402717598	0.00279442672613325	-0.0147445216538663	-0.0115594515884211	-0.0134050973092012	-0.00947244746867146	0.022393140369493	-0.0219879944796294	-0.00211186872351072	0.0113955268425599	0.0213306673712849	-0.00727893595007399	-0.0100830476389389	0.00172959724734486	0.0246370858561278	-0.013492842176996	-0.0183201924490449
"A0A060HIA9"	-0.0315877279476425	0.0211653952453327	-0.00171495318722898	0.0414013688643761	0.0151085613429789	0.0378264364501753	-0.0282736266740371	-0.0323568746594684	-0.0142237610069687	0.0401066888026941	-0.0238502278919733	-0.0459494656693648	-0.0019798089052022	-0.0149702220848936	0.0239473922003182	0.0733282870629721	0.00615246275294562	0.000587177650392398	-0.000918112437907428	0.0110095820821552	-0.024531715238565	-0.0175154949425755	-0.0132396668942998	-0.0233773027460045	0.02314181170526	0.0306461630977248	-0.0193418054611463	0.0208363618873102	-0.0280000731329361	0.0153519079859163	0.00394575740881303	0.00349899022659869	0.00955687967966469	0.0423139806512151	0.0302928643625176	0.00968216627238942	-0.0137585020410667	-0.011962836671359	0.0111142600879239
"A0A060HIB3"	-0.0114998553825207	0.0413005211863736	0.0122455449901984	-0.0214338949201059	0.0108928971792029	-0.0263352599556808	-0.0418826860183033	-0.0240159733063269	0.0385612604036387	0.0448066288508888	0.0316267649481517	0.00882483299808283	0.0453952689585066	0.0531504074495697	0.0233879774696804	-0.0251668547127818	0.000385888201296425	-0.0088865841186099	-0.00588640493189129	0.0248076238376593	-0.0195981550870936	0.0329323152355599	-0.000868315205050513	-0.0922537404783869	0.0019482140864184	0.00282907089491028	0.0717242749342431	0.0115874037915056	0.0143431602224896	-0.0531045261801834	0.0063186742617418	-0.0408151642849638	-0.0251807826131393	-0.0522389427703864	-0.0174304111777715	0.0192412420457869	0.020944533384438	0.0558337058384798	-0.0651815216202148
"A0A060HIB4"	0.0324435377402255	-0.00594669571237136	0.00466342068360303	0.0568356544753998	-0.0554476610638094	-0.0236001254438824	0.0065079187996608	-0.00235650832473534	-0.0228372510306832	0.0331924034099226	-0.0290340546651316	0.0136766125772454	0.0178982256147495	-0.0205296683265699	-0.00557723341954921	-0.0124433789508883	0.00145683326756812	0.0227955362582372	-0.00182973078583766	0.017976726904649	0.00207708530320081	-0.00658199083885602	0.0131223861182339	0.00530994202459652	-0.00701203158023305	0.0181344259083896	-0.0233886084434018	0.00908328178176125	0.00652264075506361	0.0193239193327556	0.0198712213962231	0.00426866487422796	-0.0236868754749682	-0.00517272309777991	-0.0185777869182379	0.0042685983475849	0.00618196421071639	0.0395113438323866	0.0405147447040728
"A0A060HIB7"	0.00886607954796389	0.0387940475850105	-0.0321988504193485	-0.027193293471567	0.0247842498162435	-0.00044002472348271	0.0461885808579153	-0.0217267774320844	0.0386400817394051	-0.000947043245316356	0.0522597544040544	0.0541622598194814	-0.028564490877078	0.0375175139562056	0.0423519332418105	0.0249604849027595	0.0416083539157172	-0.0455706908614221	-0.00312033001212999	-0.0191656561248469	0.0120456410231545	0.0121378893962242	0.0403780791628276	0.0207033624529923	-0.057733499101197	0.0182299273432483	-0.0249201641556885	-0.0282078062337182	0.0464257298927693	-0.0111596673449221	0.0257640997802942	0.0280787843703875	-0.0223929755349283	-0.0277238214869709	0.0353757303783393	-0.0129414245710107	0.0123573830301014	-0.00878674936947604	0.00781023025327692
"A0A060HIB8"	-0.0354452233965068	-0.0303110465720006	0.045789791874349	-0.0152800955599339	0.0273498803086043	0.00468998730581842	-0.031415514025005	0.0155487896738187	0.0143037281618298	-0.0123592578848098	0.0143017144770479	0.000736051555407798	0.00665608126492819	-0.0230190708805167	0.0270066719310791	0.0320494576404554	0.00843565357018716	0.0144114500755821	0.00192733747682652	-0.0158950542905886	0.0398452657069138	-0.0166634171811432	0.0107575879142554	0.0152337981615464	0.0103990930712694	0.00354212449325116	0.00826612654670848	0.0125672819469318	-0.00234170261365552	-0.00783487107688865	-0.0115737876473653	0.0127346842136946	-0.00761912381753012	-0.0192583191674131	-0.00864788731588743	-0.000313211231668789	-0.0321081836006479	0.00235972992921649	-0.00837425051851655
"A0A060HIC1"	-0.00300295776847732	-0.022707627162655	-0.0366204166505981	-0.028787249558434	0.029527779695603	0.017451365959186	0.0290841454770711	0.084935583806593	-0.018800728885424	-0.00056157190612097	0.00609728244293709	0.0152415384383942	0.0338001336466606	0.0200871029221869	-0.0437691832393838	0.0630164353844602	-0.0531549989071749	0.0105214244116303	-0.0198826646733085	-0.0131441222935676	0.00701807492008512	0.031589642420197	-0.0116676961154199	-0.015199689210007	-0.0119768930810486	0.0582509817956087	-0.00925225444772409	-0.0112523521854589	-0.00436960299043115	0.0453614427231534	-0.00506292289067787	-0.0251028332899591	-0.00204595669993437	-0.0876662225135772	0.0126600978521081	-0.0291340978871545	0.0440003697102425	-0.0581864342502537	-0.0259437222059193
"A0A060HID7"	-0.0155837378475366	0.00370538380870461	0.0092576983563824	-0.0453158389329117	0.0494497322868165	-0.0274744206581579	0.0512430550696847	0.0230379158548438	-0.0145225867367115	-0.0232139221666081	0.0172656017415616	0.00643145476058561	0.0825782863240381	-0.0113502890613997	0.01047689067355	0.0195489655721724	-0.0265265593792663	0.0396336300841598	-0.0820468891606319	0.0424000288966461	-0.0386169777810969	0.0347387238540284	0.0189094101208545	0.0443461350202671	0.00729795687699146	0.0154985647611108	0.0230345702626049	0.022781081907598	0.00876790831713959	0.0107185174019075	-0.0148029850346122	0.0361675334008714	-0.0164066731901672	0.0146426221793289	0.00089374959536584	-0.00109804100222674	0.00803874060154424	-0.00881645658306065	0.00599608537688387
"A0A060HIE3"	-0.0288702149404491	0.0413913239863061	-0.0215401549504257	-0.00847754498309862	0.00755023096167279	-0.0203095799275521	-0.0544925824304017	0.0556044620208626	0.0173668637572096	-0.00436890082868974	-0.00320363058369833	-0.00293905078616961	0.0238452610574482	0.0268716126770647	0.000849755321809495	0.0269715874149856	0.0201109358442642	0.0285128650838695	-0.00606404117522324	0.0157710423538509	-0.0145490280639137	-0.0304006550547248	-0.0355683441993014	0.0274501224298136	-0.00703767005399951	-0.0108113714575368	0.0086102127745339	-0.0377885180794475	0.01373952963031	0.0141836209538199	-0.028342640268208	0.0135955745646884	0.00254437316691833	0.0290534015930114	0.0258667096488692	-0.0392815119125384	0.000356214995678167	0.00263744170146961	-0.00374965770708851
"A0A060HIE5"	-0.00741454992058058	0.00205531708345295	-0.000787927086356041	0.0170509825952044	0.0234526694470773	-0.0447342690665545	0.0114021588247529	-0.0133566753384462	0.00138114313895609	0.00856249106567084	-0.071524234248671	0.0292723688879792	0.00397305313972904	-0.021541859199589	-0.0301803380923908	0.00429407587161275	0.0449327789187976	0.00508101657038999	-0.0216852381769693	-0.0263762630324038	-0.0397023623699711	-0.0410891892486498	-0.0949587958672452	-0.051987369371126	0.021883023160794	0.0121794431810945	0.00961997963704591	-0.0328430739118829	-0.0579080545842964	-0.0911700053827472	0.0273368130113185	0.0184159616742179	-0.0386271468853818	-0.0341326435638491	0.0467528288557523	-0.157462260806059	0.0393992203778621	-0.0850388800285718	0.0112790414540793
"A0A060HIE7"	-0.0227351142031273	0.0527734277797462	-0.0159716910638476	-0.0364433168675882	0.00250842195179466	-0.00969398391700476	-0.0161996142836341	-0.014485206510289	0.0193415803900233	0.0135957412381164	-0.0193623116366363	0.0217573676285875	-0.0260023433208142	-0.0384317356232816	0.00186025316465231	-0.0454642391284336	-0.0265519583384115	-0.0599871447555714	-0.00554612310003868	-0.0209023032832362	-0.00692854119226283	0.00211887207408388	0.0166042903627196	-0.0023855542593566	-0.0335279706942885	0.038212557121713	-0.0218620746615623	-0.0311416341970788	0.018076057032097	-0.00999478310339185	-0.00232446504214778	-0.0193581591482791	0.0340092787890775	0.00239972174488597	0.0192103953795925	0.0108566879731039	0.0174476686927936	-0.0163195576959587	-0.0462145808753674
"A0A060HIF3"	-0.00930537954307672	0.028023795795469	0.0114134540471195	-0.0256153452427581	0.0266457561305612	-0.0537807135420515	-0.00138361567548235	-0.0272790070269335	-0.01007926964267	0.0675587219410829	-0.00136847061676955	0.00856901840288493	0.050824077192201	0.0188124854535249	0.0735796331779565	0.0132749343726541	-0.0612589089898575	0.0478009734443127	-0.0183904792591872	0.0379717343925857	0.0390751306943899	-0.00733875602584737	-0.0366344681243623	-0.00840694448396614	-0.0056912112594084	-0.05043848890484	-0.0339232400552164	-0.0530450886524588	-0.00566021541740103	-0.026624774683754	0.0294241322742388	0.0302986782210129	-0.0263856255426366	-0.0432657307258462	0.00648986075089693	-0.001664593694931	0.00125198208634995	0.0666190182826105	0.0792519761828299
"A0A060HIF9"	0.0413375357492159	0.0159423103765069	-0.022534334626872	-0.013030166506812	-0.0467033961171604	-0.02076520986433	0.0115695671381986	-0.0242163413555754	0.000996262765608999	0.0100075471449242	-0.0387428067822971	-0.00462092086358537	0.0166870271774294	-0.00431158138918197	0.0118943956113025	-0.012825891821568	0.0192454389756474	-0.0096343108026799	-0.0034795629966015	-0.0163555754558876	0.00335221270733969	-0.00525225205137003	0.0261449409197213	-0.0205369372267225	0.000157012509484628	0.0330053866997886	0.0130054917951384	-0.00427440578466748	-0.0236457624441371	0.00949005882145828	0.00569032069696635	0.0285580924712229	-0.00362732961053781	0.00678974753907406	-0.0108845179511067	0.000675120633567629	-0.0207870429244372	0.000816767562449154	-0.0162146921579454
"A0A060HIG5"	-0.0192457240058579	-0.00699170927571073	0.0123321126247276	0.0184229804602591	0.00291620693102978	0.0511843716423711	0.0520099878018437	0.0166868734335711	0.0351679095820817	0.0709014544913168	0.0126683516529499	-0.0678800383946299	-0.00944369100247837	-0.0279139053331529	-0.0596928950580732	-0.0164729149362317	0.015280477482708	-0.039589895411088	0.0607781437708914	-0.013991608731226	0.0367821607912176	-0.0129528569821745	-0.0149201986007878	-0.0381175247273926	-0.0204973886045161	-0.0170215915049577	0.00173025637550132	0.0125415264678916	0.0126416163985152	0.0254381314035785	-0.000553288343788024	-0.0768340572197385	-0.017838438132615	-0.01805501835735	-0.0121961587323343	0.0157823515993206	0.0625778259179678	-0.0037695955007032	-0.00279335580463803
"A0A060HIH7"	0.004616244760763	-0.0362487924271901	0.0361272535906461	0.0712165704637371	-0.0109700345533422	-0.0165901536902652	-0.00462265375493037	0.00320988499988692	-0.0174496554988289	-0.00690886011804497	-0.00347489742958522	0.0168039344148559	0.0185059270256943	-0.0251682202357159	-0.00601019029378746	-0.0487125566826724	-0.0173029738531572	0.0269680453471694	-0.0338860851580767	-0.0349935985384353	-0.0272102885187479	0.00838050488526023	-0.0140400817073127	-0.0261516457056061	-0.0219275322472283	0.0120465654127064	-0.0769578279182208	-0.0145595827594847	-0.018030379109861	-0.0112316456615851	-0.0388102726015556	0.0234244208806036	0.00440430386651571	-0.0435313472543885	-0.00884866455303084	0.0259937884403456	0.000978544939360143	0.0107343401766669	-0.0211851480835655
"A0A060HII8"	0.0244290047432022	0.0104064584791202	0.0615703109981675	0.0373877281125549	-0.0285020128047644	0.0266188087644933	-0.0230941637141191	0.0252520630183673	-0.0196346012318878	0.0235246213847917	-0.0227380633516421	-0.0063464675669621	0.024096743485499	0.0192666161117509	0.0350374796812673	0.00525651449256049	0.0177473230205076	0.00173446719616825	0.0130609322294541	0.0380252634474793	0.0346221204757838	0.00943838675931136	-0.0281367292592597	-0.000589194603258814	0.00332315632071333	0.00396233234405354	0.0272901854973389	-0.0145796535180492	0.0202754289772616	-0.00492670089405974	-0.0396607640201625	0.0380466729127059	-0.019622210088829	-0.0142112875961749	-0.033395624118484	0.00738342209376007	-0.0159519530899785	0.00997004475811995	-0.0170218889977604
"A0A060HII9"	0.0129609243833503	-0.0450087511731578	0.0239421339288614	0.00211511622194325	-0.0449041798573624	-0.0360900177676639	-0.00242944456525454	-0.0148145390532325	0.0201254820986437	0.00507644482239421	0.00602595990381677	-0.00608199856415701	0.0188561056953381	0.0340444171154148	0.0203824603066172	-0.0355085253684825	0.0111845483265142	0.0604455505824902	0.0507742314212306	0.0696682277346723	-0.0162129157557393	0.0279048050641011	-0.0192911951517385	0.0368088324794938	-0.00739423218568678	0.0304122771547136	0.014461532313032	0.0275301404361978	0.00811779475733591	-0.0420291650895442	0.0441984336157566	-0.0247732766809652	0.00799876320233268	0.0333583555876169	0.0780421099611755	0.0307750068245234	-0.0219679921652503	0.00588621111884303	-0.0337987725952388
"A0A060HIJ1"	0.0307126250834032	-0.0109298134776319	-0.0293997922334074	-0.0457327550412094	0.00736739171057226	0.0060593913077916	-0.027757622173939	0.0111313601914021	-0.0192237285620045	-0.0365390512967996	-0.0235583408614736	-0.0301591850363222	0.00174191349361221	-0.0393870598007104	0.0148030769286055	0.0280073526138183	-0.0448993247592631	0.0121327051381024	-0.0267606684247444	0.0197351398758909	-0.00884410265798525	-0.0449942340341342	-0.0284979862063695	0.0383590656071652	0.0301056273524584	-0.0292506416204252	0.0430006698303818	-0.0154347072322811	-0.0143113332430235	-0.0464066020593461	0.0376178733946479	0.0223980810325976	0.0504883562057111	0.0144712268129645	-0.0373654397795834	-0.00808915697903794	-0.0306873466629683	-0.0411364259826338	0.0158771133442268
"A0A060HIJ3"	-0.0320530962411262	-0.033505404333422	0.0338567559750393	0.0263116383149115	0.0279100079199277	-0.00355512980801612	-0.0101564339419229	0.00705338390856275	-0.0261764330191339	0.0137215804974481	-0.0102536094752295	0.00870582404959303	0.0228640917476977	-0.00206698998293916	0.0164866992769594	-0.0433008370188099	0.0548115237985995	-0.0247274520561838	-0.026447357391266	-0.00693505622820845	0.00515085178706985	-0.0496262167905182	-0.0230281035333876	-0.0142336933865587	0.0281379475295281	0.0322699494005438	0.0185296019566508	0.0291813374919031	-0.013167815470676	-0.0297208172786511	-0.0297481413250948	0.0108150613739726	-0.01417380176426	-0.0291779409443966	-0.00721151132249672	0.00541305868230673	0.00786108583817164	-0.0339488224704736	-0.00264902423164915
"A0A060HIJ6"	0.0108732754611625	-0.0493512053426253	0.0329127080756088	0.0542577012381117	-0.0118088562999857	0.00212084040699444	0.000305098844579043	-0.0145625344591575	-0.00495295138494597	-0.022603290358467	-0.0438329342790626	-0.00832209571332884	0.00965827904223125	0.0107283305300822	0.0485425192693813	-0.00312146810047644	0.0402849128408806	0.0390783250381101	0.00349183329044138	-0.0207002074148057	-0.0407056497746145	0.0219081486599397	0.00174338371586418	-0.00998906486031541	0.0347470602559666	-0.0222658933007841	0.0217312131405124	-0.00860593330402384	0.00567374788005243	0.00877158793727465	-0.0235312428982949	0.0457223838778719	-0.0165924039012587	-0.00436662769857973	-0.0110446547917404	0.0119497137650236	0.0131638920800249	-0.0317785743347695	0.0243720194469649
"A0A060HIJ7"	0.0152861161841535	-0.00103554462056242	0.0044387432348695	0.0184537666981273	0.00418066568133658	-0.0707383714866816	-0.0518328028900449	0.00543127438031703	0.016935245428638	-0.0240017844658094	0.043291868361123	-0.017359048016747	0.00480581221722506	-0.0571215111221244	-0.0346673078720719	0.00287346804089789	-0.00720045658786569	-0.00236132151868694	-0.00899184337567782	0.0112337747263182	0.0338772700920318	-0.0485095263050505	-0.0410270412278546	0.0423994191990254	-0.0395791021187693	0.0189618770279664	-0.0109405973193795	-0.0751387382921461	-0.0457843740105095	-0.0688865340983386	-0.0209525961489783	-0.00870215814864428	0.0213487192500727	0.0309263919047562	-0.115900365119625	-0.0295726608816447	-0.00520277026218384	0.0689488058495371	-0.0105287825293316
"A0A060HIK2"	-0.0118399612127852	0.00931639809762742	-0.0547820811897846	-0.0262616914221095	0.0382274447384534	-0.0106905516081182	0.0334433109358015	-0.000249967756497787	-0.0685935645974864	0.031925474626084	-0.0547051584754364	0.0199715057235828	-0.0224030591907102	0.0546730888588722	0.0135673743366594	-0.00927317672577651	-0.0215030080177219	-0.00601679352472996	0.0026371645808329	0.0058687418254789	0.0228547059011671	0.00244959662025752	-0.0451691600844261	-0.00897599537530726	-0.00162082863368895	0.0602122028961249	0.0123695904018636	0.000169484511295501	-0.00729794246802764	-0.0266352379388751	-0.0194412695672402	-0.045877776253927	-0.0208313243637173	0.0132984139351077	0.0241126905049087	-0.0534862991320625	0.0186831143810161	0.0503755535297111	-0.0418422346307004
"A0A060HIK6"	0.0316245095237471	-0.00213329996456893	0.043192559975501	0.00967803905688246	0.0139625545792343	0.00349001728971725	-0.0319478898915371	0.0111140209787506	-0.0118845033340022	-0.0674225174480369	-0.00738664253963294	0.0442462647917489	-0.018578901605215	0.0106720923381832	-0.0277300259824377	-0.0266120128642975	-0.00596984812193214	-0.0801640428743426	-0.000473345240297203	0.0403733772883435	-0.0131349724600883	0.020669063327768	-0.0138150427488303	-0.019856500278869	0.0510321045617119	-0.00731435291084388	0.0143553515620097	-0.0138725190767511	0.0430996833662631	-0.0132715889549764	0.00517005634244967	-0.0328937167271165	0.0225855682973302	0.0029197063698047	0.00185194430187194	0.0174447979926613	0.00130215034050897	-0.0188278262505413	-0.00168900128051842
"A0A060HIK8"	0.00388354813176627	0.013031648519967	0.0315494877314514	0.0439716826527525	0.0524592071760863	-0.0408850076025687	0.0220258868273937	0.0330522979167742	-0.00884367199347159	-0.0143427454988	-0.01345585950645	-0.0219186928461465	0.0406867563109517	0.0222785811645698	0.0112506389140445	0.051909340378504	-0.0296490235795759	0.00844629838166384	-0.0339848530167079	0.0235814996857431	0.0351390719298034	-0.00292719195238008	0.0220534044992052	0.0479629551486517	-0.00324836762907792	0.0608290869154311	0.0117492727392681	0.0355286082841596	0.0450761824365293	0.0311968482796539	0.0302406122478695	-0.026876577620864	0.0600646643265917	-0.00590090558483945	-0.00683391101079149	0.0175262874733126	0.0677989630828704	-0.0887672557518173	0.0135480056407308
"A0A060HIL5"	0.0299064709503133	0.0113297680643537	-0.0205921632619146	0.0028230236227295	0.0294033853524131	0.0542142196305425	0.0049734788697095	0.00516544546365468	0.0677404742015528	-0.028577777722644	-0.0440597586243133	0.00743109299485425	0.0207572797167118	0.0105036768443252	-0.00372382308509983	0.00266162753136621	0.0220909514426536	0.00479560683308098	-0.0213130821328662	0.0413307153990784	0.0309612989903931	0.0154513804673852	-0.00122488753972902	0.0165116397358266	0.0152371616788619	0.0349012203426775	-0.0310264558392583	0.0983778353842579	-0.0129653531796637	0.00597147730222152	0.0340086302277164	-0.0201346812369743	-0.0310128387353032	0.0423323037601715	0.0289738404194456	0.00653590687761663	-0.0110973946296481	0.00650503520200351	-0.00718461526901958
"A0A060HIN0"	-0.0293969631767988	-0.00857914921487031	0.0264913837734604	0.0204634537836653	0.0270204823137745	-0.0535343346540141	0.00292817027181598	-0.0473100993127504	0.0165236219118172	-0.00361386180984322	-0.0218904869664053	-0.0484879232740709	-0.0241689828517678	-0.022877409382478	0.000652640253476361	-0.0305304696927717	-0.0174861974199528	-0.0150223403856986	-0.0434831069753736	0.0177045595028632	-0.000642176326343538	-0.0502109844909167	0.00565214623272354	0.0131574730753592	-0.00854436299721711	0.00537045907050354	-0.0321058176299602	0.0300901852221756	0.0435570234213643	-0.0640765029339802	-0.00507672423469363	0.0267074365004357	-0.0473077824357145	-0.0267133988056864	-0.0415138561527674	0.0572741939858464	-0.00571120734010566	0.0250767206644677	4.02597006837035e-05
"A0A060HIN2"	0.0363162594308678	0.0135904995864826	0.0255971593828044	-0.0337808534822981	0.0219751472503638	-0.0244294270780026	-0.00709233343620835	0.0333252238250932	-0.00598838197625388	0.0214300149776032	0.00394037807726755	-0.0293178837501173	-0.0309632917177015	-0.00755922654270791	-0.0309097690654104	0.00856572133937956	0.0226436351362602	-0.0465924388469854	-0.00559802018938457	-0.0170781735844925	0.0583190653306365	0.0107540760569626	0.0077554572995739	-0.046044227232612	-0.000212473334821206	0.0103413057358672	-0.012952575610365	-0.0307793924835372	-0.022621711105321	-0.0139504489385363	0.0216859216784513	0.0202381197863733	0.0625550791035924	-0.0194820550875029	-0.00719139680181034	-0.00014274095044314	-0.0206210486765115	-0.00327159564855344	-0.0113457827129575
"A0A060HIN5"	-0.0206682050253436	0.00496346120116938	0.013404214952033	-0.0538875073557357	0.00552861726823153	0.0557852325926094	-0.0126452202230428	-0.0401996463585775	-0.0267272859131574	0.00846550903207176	-0.0575883537075552	0.0243247419857092	-0.0460701775319292	-0.0219628965525754	0.0241045391837881	0.00717536802375421	0.0012778888859206	-0.0381272313374729	-0.00558726793038958	0.00451329631201916	-0.016733257549747	-0.0145364940426634	0.0387415759442553	0.0331666704699682	0.0251591166721996	-0.0210222711816748	0.00133511158992608	-0.0100411638130609	-0.0252591915993237	0.0402276554470051	-0.054338914984121	0.0489368462496942	0.00516508253447321	-0.0765170522281852	-0.000626825265562063	-0.0116809012435952	0.0240738653007106	0.0611725658755039	-0.0424843825195245
"A0A060HIP0"	-0.00610246362574897	0.044982818178861	-0.0378235095699159	-0.034908363662721	-0.0121111455822026	0.0294256219436827	0.00834791806887113	0.0144566563653924	0.0856454667182655	-0.0338082326076772	-0.0356619663737114	0.0179774987257999	1.76541783396891e-05	-0.0313842042952229	-0.0214090390035747	-0.0130572868790963	0.0120512680700038	0.0363951757977001	-0.0248324729431608	0.0188346739786771	0.0428670160932259	-0.00159803881279509	0.0122233758742308	0.0107768166370777	0.00830662418297768	0.00710512080044321	0.010746881980548	0.0148159243754253	-0.00450622862563404	0.0169494330942916	-0.0109754999915995	0.0461806362433793	0.0134318142118066	-0.00117484934581891	0.0164779792691745	0.00688204387223124	0.0417052505694039	-0.0019993660320447	-0.0227018291569925
"A0A060HIP6"	0.0288256775918742	0.0370495301512103	0.025188728334191	-0.0096738349246802	0.0271314249929133	0.00395156122148297	-0.0491803285893649	0.0238425516100084	0.00689834196381008	-0.0171468162858467	-0.0644446941260939	0.00490669337465218	-0.0409803454848706	0.0222904889354161	-0.00961582617753271	-0.0241586933796978	0.0261690765317457	0.0169200373402105	-0.0453572254079663	0.0179561567014631	0.0126791272840022	0.0384130908582988	0.0103503175562158	-0.0119150857602471	0.0309377727837207	-0.0241114247720301	0.00230972913407496	-0.00127071969925611	-0.00155763579190835	-0.00887190379887505	0.00806933841555389	0.000503748586938834	-0.0259065679484261	0.00661248528744203	-0.0187542175928797	-0.025719978301803	0.01671724835712	-0.0302850644892928	-0.0186955097304516
"A0A060HIQ1"	0.041251785907867	-0.00610520408077337	0.0547147253394997	0.0088252262656879	0.0269999875844243	0.0119851295898254	-0.0268525885253551	0.00879320535389489	-0.00785120438684942	-0.00132520479059047	-0.00251845034708585	0.000286095275738576	0.00958114991775174	-0.0136083117532299	0.00358716571685585	0.0197069579622263	-0.000882610306626543	-0.00466083416511075	0.0159051550729774	-0.0111928777405302	-0.00169714779914515	-0.00213093490429292	-0.0105581607982338	-0.00512855528454768	-0.00979820971549011	-0.000812628073993551	-0.000518462643193372	0.000305328391258025	-0.00040142399197137	0.00535700082268006	-0.00334565651555919	-0.00590225499581392	0.00853271581830113	-0.00559482018003856	-0.00634301034935926	-0.00327611715816237	-0.00302728109610015	0.000472754748119185	0.00748462115387974
"A0A060HIQ7"	0.0263087889443231	0.0101053003932787	-0.0160622329483754	0.0339927676643872	0.0666563739337268	0.0299434189497952	0.0118014855107266	-0.0382623213982721	0.0310966996445163	0.0339061765983052	0.0411505183621065	-0.00931268761351771	0.00827474811870177	-0.0017621448731851	0.0116478428200716	0.0435675402187703	-0.0346661546359235	0.0382690486928378	0.0181696415766741	0.00510891251902425	-0.00613063573506037	-0.00414181197885358	-0.0109430484910505	0.0427019625373724	8.33834773662061e-05	-0.00900157396553573	-0.0156795618470178	-0.0128624297770905	0.0162025476466265	-0.0263514021654914	0.0078456875637766	-0.0249503055177876	-0.0101940489675323	0.0299252161310227	0.0122902137014566	0.00181422276934555	-0.0072168930132873	-0.0360926785502044	0.0126555117610145
"A0A060HIR1"	-0.0345588119253252	-0.0184465029680595	-0.00270261342164917	-0.0200481829963992	0.0477770044311998	-0.042750113594966	-0.0422302586630873	-0.000841101235400474	-0.0124923579786469	-0.00263869074344916	0.04081745294016	0.0230126861371963	-0.00559093284515434	-0.0498253807677137	-0.0206471937262831	-0.0179701604972401	0.0276592031677235	0.00252696444212819	0.0108952568243267	-0.022232417043961	-0.0191886820735427	0.0417380668123465	0.00318090582281719	-0.026726336507282	-0.0210568976846527	-0.0143299791712172	0.00813398387665695	0.00233513677763775	-0.00881901171644569	0.00777016204215253	0.0125078322360741	0.00445841833847026	0.0179198187211327	-0.0213160090722434	0.00503918267499287	0.000232385782353439	0.00435418386775282	-0.00720944745744338	0.00934179672189643
"A0A060HIR2"	0.00129935648020718	0.0267618883453726	-0.0467902116475284	0.0373240946875841	0.0149062536179888	-0.0135322144415889	0.00444960779794952	-0.0565116816440411	0.000496654206872195	0.01541340474027	0.0119071481022885	-0.00387796095094843	0.0893936950665814	-0.0262426724301918	-0.0113723452142396	-0.00932248669297542	0.0372073042245588	0.0631238306763949	-0.01489060225641	0.0316758572662344	0.0157754873116448	-0.00714098568362459	0.0633748482479502	-0.00143804573275279	0.0292346354582797	0.0150730139125834	-0.0278248268508343	0.00465224695502136	0.0318720360485145	-0.000148444837427414	0.0132876014775978	0.0469490336230312	-0.0748577935596312	-0.00579554243847647	0.0352394683050163	0.0230858070365454	-0.00208598692992574	0.018008730972374	-0.0456958693232588
"A0A060HIR4"	0.0327999927503439	0.0499664882040253	0.02544423360958	-0.0204238683731827	0.00706508332542423	0.0189270772618418	-0.00513141151995243	-0.00118950191224714	0.0176166835557821	0.0105430390935479	0.00351659052996062	-0.0208397391741205	0.0170932905601368	-0.00378243731832718	0.0122435605380993	0.000622869826083253	-0.0141399516026288	-0.00523498428993855	0.00831013083843347	0.0256247770196155	-0.0181019382991548	-0.0150815428718968	0.00471339602250689	0.0220850458136256	-0.0124868009004462	-0.0194422292127782	0.00553773181939098	0.0175349918791555	-0.0207480204702109	-0.0156522376707591	-0.0136221917948471	0.0147933467412532	-0.00602871399636969	-0.0488179455155174	0.042660877419699	0.0435882064793739	-0.0146219548899567	-0.0359412556103415	-0.00844986099044351
"A0A060HIR5"	-0.0130347440524636	0.0291834635059313	0.0168918275222214	0.0147044918544134	-0.0414462587002953	0.0165087388490602	-0.0139141112701133	0.015326326588469	-0.0409582745821505	-0.0166311196387775	0.0126340063609216	-0.0390771557444204	0.0423707925865774	-0.000503918931087456	0.00829051395571825	0.074952972559758	-0.0323605128075669	0.0155679955528357	-0.0263532037490634	0.0495596502912777	0.0602572663961783	0.0279213532770257	-0.0155760963520324	-0.0404960255461441	0.00896731199241125	-0.054765693402172	0.0289939106657256	-0.0250923614631279	0.0694120943000305	0.0571532568897867	0.0717522840650013	0.0507621703142803	-0.0481170548581394	0.0333389694061281	0.0282698681986586	-0.0644005420779062	0.000822520176146135	-0.00952234745985127	0.00290684640302346
"A0A060HIR6"	-0.0380711716129023	0.0222640304422862	-0.00530304090364201	0.0192232462967777	-0.0184817901085186	0.00970070041605674	-0.0514036592865134	-0.0398256291252748	0.0465285934440776	-0.0045963772699391	0.00878472676952085	0.0132474186447303	0.0106860499504247	0.0126168330999911	-0.0160914114022957	-0.00156260333180939	-0.00933785153394958	0.0137409161496934	0.0219639565904238	-0.0196006127889279	-0.00167148825067062	-0.0285450223404956	0.0248930459108495	0.0269746452061586	0.0183659943256545	-0.00462929360071306	0.0222334066653708	0.0200065764509416	-0.0177843835852239	0.00507100259197354	0.0122712842528083	0.0686956291850449	-0.0127862724244155	-0.0404450915221662	-0.00827024554540916	0.0116448997725462	0.00330452711715947	-0.000531206768209043	4.22323658707895e-06
"A0A060HIS3"	0.0380481560814723	-0.0139682816632949	0.0164883306402775	0.000131584114850144	-0.0439755100455832	0.000223539465953344	-0.0336232489841746	-0.0263206789191556	-0.0224783101951277	0.0203434402301829	0.0248084636838862	0.00335143496496339	0.0103643003857507	0.0207923761416328	0.0294193572827286	-0.00022353503519355	0.0162304649659231	0.00185208708378758	-0.00526320531714261	0.0199795463485847	0.0275314421709119	0.00290490447325842	-0.0348438831961624	0.0507101699315246	-0.00169076378647474	0.0146021303894601	0.0558340022101809	-0.000747884150112412	-0.016809838084547	0.0334265233815769	-0.0188355132960065	0.00717177548805113	0.0649170989761366	0.0336475049756826	0.000220181004220193	0.0091368802651734	-0.0110779284587418	-0.0327370513800732	0.0515528311281614
"A0A060HIS7"	-0.0153307957427646	0.0404698521213595	-0.0131314754790269	-0.0389116399030872	-0.0323479397636801	0.00540100670284157	-0.0186982087625749	0.0239729689816693	0.0211031108145133	-0.0735004710963386	0.0221396700355933	0.0241744923498267	0.0289535805449067	0.0211775208397681	-0.013874599040601	-0.0599505713242926	0.0212853568266167	-0.017936446188897	-0.0295586536741494	0.0134242003293392	0.00289696816558924	-0.0435727400180432	-0.037056551717528	-0.000990288571053466	0.022234848800297	0.00767275048762908	-0.0427153056196841	0.0277217657416708	0.00878094208155977	0.0412642563925736	0.0186395303575018	-0.0291032049107002	-0.0359189245238621	0.0239108536154788	-0.00678691789230467	0.0392922589842352	-0.0376674325680331	-0.00434574041482653	0.0440975629087676
"A0A060HIS9"	-0.0448651794287792	-0.0248052364490127	0.0341971628574045	-0.00982354139217204	0.0156061847120734	0.00426553793496566	-0.0115897090343095	0.00762595712109041	0.00324390618666034	-0.015135473485281	0.0301832545346377	-0.00941636050776935	-0.005880891061663	0.0051559046693915	-0.00610957787534795	0.0141669004908626	0.00661044611020426	-0.000752996714818632	-0.000970471320694949	0.00480508645997519	0.00423427371628816	0.000151208647423259	-0.0077387210613469	-0.00607369333119526	0.000954268631053482	0.00462439958472639	0.0127246276318904	-0.00239535078307137	0.0106534615371969	0.00983370317936805	-0.00789804884068135	0.0125139180396421	0.0148653472691593	0.0131110758913013	0.0162005260310587	-0.00485621869632234	0.0112788297104397	0.0156971912956024	-0.00224720949840908
"A0A060HIT8"	0.0398626544055725	-0.016890671750287	0.038447814190472	-0.00554821800851253	0.0273145677937551	0.00524364632612838	-0.0304303814615522	0.0299578781428322	0.0232231625594056	-0.00334465544508039	0.0130797149614539	-0.01321508844767	0.0233286252469808	0.0400258662210167	0.0211912512349974	-0.0086163726594382	-0.0146662849590475	0.00394548598025727	0.0170077893158618	0.00723708882103849	0.017848862780343	-0.0238955393965014	-0.00220749973536999	-0.0176782512323366	0.0115753018234559	0.0123122791771845	0.0493475888212847	-0.00384867796409653	0.00810757500710848	0.0110367396771159	0.00346515933880481	0.0105074059667069	0.0214805739303023	0.00284099397222119	-0.016679878914768	0.0030689285344077	-0.00566249073186458	-0.0158922331995057	-0.00930484184804758
"A0A060HIU2"	0.0091118763839999	0.0404811138734665	0.00601235592849317	-0.0280181220247276	-0.0571487532358391	-0.0452933502874028	0.00868753282977738	0.0042277858799173	0.0217162854895551	0.029752269687136	0.0345178242299613	0.0366362221885587	0.044031943330387	0.0399774060352594	0.0381599722251034	0.0244824842849432	0.0379709357929392	-0.0276590040610279	-0.0129973086286904	0.00149010688206358	0.0217585804544198	-0.0277822785821072	0.0184114060285717	-0.04385485117171	-0.0129190306828188	0.0305444079062113	0.0119158107878806	0.0245502537500528	0.0278120408381758	0.0343936694869773	0.00932041989346037	-0.0017157087450827	0.0353177445700844	-0.00265991550654335	0.0161991919099611	0.0395759430942292	0.028824286404248	0.0301257155901847	-0.0264372979446262
"A0A060HIU3"	0.00685660805504809	0.0651619938191107	-0.0300962217648387	-0.00641594946772939	0.0127671050989598	0.0314214873711014	0.0186010088842828	-0.0253479629244046	-0.00361282695359909	0.00483779086008052	-0.0261820468423827	-0.0139471667248754	-0.0424401708536565	-0.0255715853248683	-0.0134631729763	0.0113615127165261	-0.0370864716093124	0.0121237505215264	-0.0259512763721274	-0.0204586858838626	-0.0175599311096347	0.0259441844878478	0.01238690459758	-0.0127475393501349	0.0250110966849403	0.0155787351333732	0.00230296171387035	-0.0094382325862961	-0.00176751654363007	-0.00359235456008134	0.000537815930862186	0.0365396975898894	0.0263895828089931	0.0464765609433396	-0.0134111128928954	0.0120724555285028	-0.00710836082103246	-0.00170263079495024	0.0163719114787089
"A0A060HIU4"	0.000899068010381491	-0.0175510814518546	-0.0130016182286083	0.0268690450624138	-0.0197447655750595	0.0301677219897641	0.00185307868203439	-0.0316962864926423	0.0746445321698869	-0.0249691227999367	-0.106510680485955	-0.0222271915820404	-0.0114037720898288	0.00119538090014642	0.0177634415355941	-0.0122071208868535	0.0456736502867072	-0.0263476532093117	-0.0648590558961074	-0.00475087866100747	-0.0211928325272088	0.00907070234470339	0.0333435703225196	-0.0224442153874235	2.92289252442718e-05	-0.0204254855463448	0.0460682793272696	0.0150895322489703	-0.0173790912426808	-0.0204201484134892	-0.101022140909666	0.0381538098593212	0.0424880769452048	-0.00646898152989435	-0.041605822041805	0.0388950326742689	0.0451276346758992	0.0201944199004824	-0.0141625589054434
"A0A060HIU7"	-0.0473888336626476	0.00347174876661089	0.0266213372881218	0.010206628538628	0.00732441537573217	-0.0109326399783389	-0.0157595496238962	0.0206716419597068	-0.0272238187174851	-0.00451997218241649	0.0157506155394537	0.0225990718702372	0.025843312121475	-0.0161573422415069	-0.0105066822877451	0.00445378971281011	-0.00693344002753149	-0.011506123910903	-0.000874940978401603	0.000284119912967292	0.00465571487122196	-0.0228872175942899	-0.016345032546945	0.00197059805378139	-0.0186326531718292	0.0139273403013075	-0.0077344708756782	0.00238814979241542	-0.0128380742969747	0.00906121821926351	0.010799372046358	0.0108099662512871	0.0145670998386906	0.00322924309299194	0.0137229890586487	-0.00511836054403863	-0.00435837006836289	0.0187969413804745	0.00612714584113494
"A0A060HIV7"	0.0354632237833421	-0.0319209211297143	-0.0479718484877402	0.0157058516127793	-0.0265622310069385	0.00642249963485909	-0.0291203998409605	-0.0258066181085373	0.00886095906077124	0.00686990868543422	-0.0171819297128925	0.0192475419567824	-0.00499172092404326	-0.00225714075786019	-0.0037891167996272	0.0107256935666858	0.00206778647920174	0.00746874726280584	-0.0150186812174684	-0.00950435188392701	-0.00285545312796984	-0.0114792738949775	0.0238966594849302	0.0265385208199025	-0.00845612767495397	0.00301102656793166	-0.000855727479720734	-0.0101471754766612	-0.0124835119234501	-0.00695500072476329	-0.0100648498292754	0.0234834889734155	-0.00498964535132296	-0.00858778447714324	0.0345135593405121	-0.0139549944513603	-0.0273116817115521	0.00106908848573475	0.034478062114713
"A0A060HIV8"	-0.00062714813542959	0.0316402357311489	-0.000533064715791933	0.0475506232048928	-0.0402739905532284	-0.0202969181203752	-0.0526808741295229	-0.0414503146797472	-0.0151196375777391	0.0062841681683225	-0.00176925197358886	-0.0215868237132222	-0.0227786840748385	-0.0011784986269936	-0.0285549929342897	0.0568280685406275	0.0348017042436979	0.00844073127766171	-0.0647874908285634	-0.0250667980082212	0.0134450233616522	0.00475774781038811	-0.0245736370667996	-0.00744047401434805	-0.0193786652854507	-0.0247911124762935	-0.00770064387389973	0.0162493581670623	0.0651848547947451	-0.0622765306476684	0.0127785464048541	0.078851169129293	0.0210050737615173	0.0540291042507959	-0.00145651590618973	-0.0355722168154261	-0.0104259994589272	0.0176770758488581	0.0521605323830848
"A0A060HIW1"	0.0205869504625363	0.00297973492606408	0.0304983864633486	0.00701317225809801	0.0134899909485928	0.00643386663940932	-0.0384699254634116	0.0359873405250927	0.061795184007828	-0.0469558926212675	-0.0309969666891758	0.0374656956773417	0.00546987944823159	-0.0266641424598384	-0.000920050899451242	-0.0329968461564945	-0.0127325878067909	0.0519501550965158	-0.00741512291101591	-0.0845920717200184	0.100390027153064	-0.00951776082390235	0.0240054638734588	0.00710515950389312	0.0614256017058489	0.0103505770868433	0.0306446310651613	-0.0293636039740526	0.0574116014551446	-0.0213280624125001	0.02648671065811	-0.0193325411182028	0.0120862179425689	-0.017399370787492	0.0157281540480874	0.0163574813448591	-0.000229901591367454	0.00567217540975611	-0.0133115107899853
"A0A060HIW3"	-0.0329600476357074	-0.00542512355173685	-0.00707540966174665	-0.0166414626480851	0.0207894828699104	0.00723564211829054	-0.0263632882340633	-0.00823418448576296	-0.0420686036694951	-0.000711405726658564	0.0133615081208955	-0.0415389316963837	0.0111054106976681	-0.00490862938987502	0.010303665879252	-0.0791052704216494	0.0151778509352487	0.0680350646955205	0.0273368979179994	0.0844808752839878	0.00138043845823723	0.0106191939322755	-0.0538952791766314	-0.0231127138322631	-0.0301433429304776	0.0067958026732644	0.00479584052214443	-0.0512105180860066	-0.0616470045737084	0.0173678667353496	0.0196880833952961	0.0323644267715997	0.00448104690640486	0.0223430226947004	-0.0112513176718175	0.0183607020631819	-0.000763909747737034	0.0136541581803646	-0.0297871471329797
"A0A060HIW5"	0.0328375696418007	-0.0258140345783096	0.0373640312617154	-0.0219608910960277	0.014723070194896	-0.0231238611106032	-0.0112166435771857	-0.00473534682898698	-0.0525684384060423	-0.0388146734223358	-0.0116061648730001	0.00567031411121862	-0.0239904938983693	0.0137114253964033	-0.0427047234863135	-0.00334755322227741	-0.0103471477545734	-0.0100321039950288	-0.0113025202322829	0.0406345684145175	-0.0010491982530448	0.0359449223578244	0.0394041615458794	-0.0262461300269671	-0.0232350772560862	0.0227742407371777	-0.0277177228415537	0.025677685765591	-0.0160009318106276	-0.0147801918700633	0.0221330048879959	0.0022213828015072	-0.0285782810913345	0.0459894017745323	-0.00754817263033247	-0.0308581613552016	0.0026539449600089	0.011455341000049	0.0277285388634153
"A0A060HIX3"	0.0243353901191583	-0.0354275761124563	-0.00704356266089806	-0.0454138326842176	-0.00549642814773819	-0.0205436360450562	-0.0423181484183736	-0.0376621852143521	0.00247457006545457	-0.0092922395736946	0.00678766238047339	-0.049321080218549	-0.00487709869580496	-0.0316737862550739	0.0186926687311209	-0.0850581757426923	-0.00242768546331195	0.0334339838957061	0.00911162802991368	0.0250771352469809	-0.0168105882607136	-0.0157736071582252	0.0189861262197205	-0.0148600818428105	-0.011667203018305	-0.0250447229525674	0.00728680944684519	0.0466935747635628	-0.00884461404612674	-0.00498151347179753	0.00520223133918081	-0.000980631307106493	-0.00872338219371849	-0.00547345690683558	-0.0367184775711022	-0.015661695573892	0.0297824893109331	0.0186816640434272	0.101870932221429
"A0A060HIY2"	0.0236188578346383	0.0198426337690808	0.0462649920207659	0.0100185108664667	0.0273728848964036	-0.0407255077895525	0.0105153907964193	-0.0441201849983555	0.0468556441448469	0.00228884076752599	0.00944002653829917	0.0405125278393134	-0.0261130317281039	0.0117447610197285	0.0294502597622876	0.0291888504019212	-0.0389584639874317	-0.0518288695975676	0.00815240797445418	-0.0279134776136649	0.00378328463860637	-0.0103046482068434	-0.0203767548095833	0.0420954336606342	-0.00378202599205487	0.00581674256118999	-0.00695907426208911	0.0484665566414566	0.00804540608793963	0.0270363223587417	-0.0201601978382887	-0.0406816904333604	-0.0153074632839848	0.0503498858415368	-0.0327390528310576	-0.03137539418434	0.0191554141885326	0.0410048773497148	-0.00353622579343201
"A0A060HIY4"	0.0145479105465021	-0.0327297026656265	0.00213987330645236	-0.00365976666926618	0.00193886804466751	-0.00658324817290276	0.0503448836261378	-0.0575790287101729	0.0419827066365942	-0.0482613695982133	0.0116231781778503	0.00586970791311148	-0.0057241365461906	-0.0852870775563069	-0.0226547797310956	0.0137436340029944	0.0348625876461511	0.0144739147611858	-0.0122144764726407	0.00229342985655339	0.0128190767811271	0.0063769193375877	0.0211249605478001	0.00278356314640838	-0.0410532103440427	0.0755690807562224	-0.00325647408982408	-0.0131641696367462	-0.0972618158455712	-0.034701510612022	0.0434034598369297	-0.0393112208215737	0.0132665746710086	0.043088303852622	-0.00348085650981532	0.0196900095704492	0.040887159642998	-0.0131169160304977	0.00293228185213384
"A0A060HIY6"	-0.000276989708058872	0.0416636252385667	-0.00963030191508919	-0.00331909479647112	0.0276333964234643	-0.0216894944200329	0.0143766123003867	0.0423021431274476	0.0420378057660726	0.0112630253522524	0.0284245404051696	0.027531606200082	-0.03917365061299	-0.00137963761085758	-0.0722979544103094	0.0799403991096558	-0.0167809383585634	0.0327650394759886	-0.04213310602913	0.0460393442575099	-0.0188120231678107	0.0061233987182479	-0.0791555391622783	-0.00727808918066457	-0.0101550627723057	0.0663547142526884	-0.0228287098453359	0.0144393774060863	-0.0191241785681202	-0.0153260863295333	0.0144869434235204	-0.0421263693602967	-0.0244199760037592	0.0157965111874231	-0.00767889563539576	0.0563449880746226	0.000479390063033733	0.0315110958745919	0.0288326683675277
"A0A060HIY7"	0.0259914938531463	0.0626972391645994	0.0164525801802462	-0.0234055679333731	0.00564838693975597	0.00193627327318233	0.00306364423701647	-0.0214172613986281	-0.00750215707548913	0.0101170967334486	-0.0148075206274401	-0.003071007714963	0.0165487208602668	0.00577242658138721	-0.0180089099466984	-0.013642667379324	-0.00151577665870385	0.0173340688703789	-0.00445826319055889	0.0186322936491945	-0.00769237337843979	-0.0281445871835579	-0.00985243716103718	-0.0111360216636402	-0.0106608883471788	0.0191725284372832	-0.0342090043426167	-0.0237591219562186	-0.00127027462827113	-7.48303039528101e-06	0.0271323183320085	0.00537501120564915	0.036414147697436	-0.0177756315840417	-0.00267342822293244	0.00426899890868232	-0.00564226076297679	-0.00561363518285629	0.00160216956456616
"A0A060HIZ0"	-0.0419440933357635	0.012285959135387	0.0315132755676546	0.0199888427114101	0.0297852613633161	-0.039560716026332	0.0119440208650608	0.000927677025385508	-0.0087556162844739	-0.0228696567463665	0.00773103343825958	-0.0380257148592362	-0.00291272307595149	-0.0120701522669552	0.00892258098257339	-0.00150831150275233	0.00711037620014517	-0.0187843922894709	0.0123045229078925	0.00433486517310647	0.0192010975488443	0.0010545023779887	-0.00522659495115461	0.00670671702389546	0.0171508713750449	-0.00416283641367196	-0.000961663996569043	-0.000565942018943878	-0.00280587435235747	0.0141588818776328	0.00632332644380293	0.00910005733220955	0.0357037429294633	-0.000859983128322534	-0.00246747727066433	-0.0102376109584601	-0.0116439512569216	0.0321469262900173	-0.00334461726287974
"A0A060HIZ1"	0.0346878663320544	0.0117531942296749	-0.00659001379070015	0.0353536985438713	0.0373642915163359	0.0238452763710505	-0.0254645378658091	0.0322800331678634	-0.0121605198544369	-0.0161883826031443	0.0235412559346099	-0.0237928303401065	0.0236434203897573	-0.0370011889355285	0.0415861530306307	-0.0461837580550081	0.0360104645614642	-0.0514926969239292	-0.0193296563057236	-0.00330318442565674	0.00947421549682097	-0.00365523560062399	-0.0201012637866931	-0.00375402580138817	-0.0270481971774699	0.021106129345425	0.0304882427298925	0.0178357149102378	-0.0159093082647902	0.00819279078205538	-0.00690097035176782	-0.0040691973622206	0.0446504708323684	0.00936758680222933	-0.0269115686841871	0.00243371122646575	-0.0264291369830844	-0.00211728059624376	-0.0218050441953312
"A0A060HIZ5"	-0.0047664378636914	0.0347803472459637	0.00479900039561367	-0.0488447934749603	-0.0141592131822992	0.0504423066994321	0.00652193868813941	-0.0249204109535788	0.0137975789067082	-0.0672625744754531	-0.0223622192170774	-0.00180907348701385	0.0132981454714	0.0230863435210182	-0.0307202223735199	-0.0333078798494764	0.0195260690395008	-0.00504825082275034	0.0539973420422815	-0.00950033625718989	0.0271438443178579	0.0615761932946658	0.0156161452291381	-0.0166447967838579	-0.0446220054723643	-0.0115922055342784	0.0736102491651313	0.0635630639588185	-0.0281655162026682	0.0119605501865519	-0.00418819149881658	-0.0224610974214209	-0.0166831715881979	0.00789101395809525	-0.000893088027302772	-0.0179095057991623	-0.025461061469275	0.0654855806657551	0.00957411156052811
"A0A060HJ01"	0.0265623172357718	0.0241941121221477	0.0302027415948514	-0.0307038456388208	0.0410051395081971	-0.0232585283765916	-0.00959883683314394	-0.0471811367441885	-0.00427718761155635	0.0360607115234306	-0.0125141396237464	-0.0638264355104954	0.00203681636572599	-0.0112140344469352	0.024170993328009	0.00135797111998762	0.0261830210794083	0.00145238336892896	0.00218016833108476	-0.0173923796147859	0.00442338733997073	0.00855864191645663	-0.0124377392812144	-0.0376704822168089	0.0415926936791129	-0.00243510756805566	-0.00949965031306437	-0.0300146737910236	-0.0337057247529731	0.0404155265267621	0.00833826718802338	-0.0170904336264216	0.0495661793930649	0.0308002391380492	-0.027590376110367	0.00968867707949282	-0.0568250271609776	-0.0220643371398063	-0.0104534678252885
"A0A060HJ15"	0.0318592083510763	0.0220025597754287	-0.0183748132868441	-0.0504414007882397	-0.0140507024655451	0.0233569101650007	-0.0238741595265744	0.00903386295366327	-0.000721155822098988	0.00749509375828255	-0.0153981397003953	-0.0385259711319024	0.0168403375696796	-0.0627663416533702	0.0046166729961198	-0.0326236698990507	0.0279953629670217	-0.0105493404083096	0.004336250635026	-0.0102659536164368	-0.00846489853704208	0.0203083010965133	0.0438012812864591	-0.0112560689038138	0.00824107032145586	-0.00942155477409726	-0.00247121309164674	-0.00655407203741326	-0.0251542551978777	0.000304102717620861	-0.0436102495046142	-0.00351578594332449	0.0177919959092311	-0.0426788258037809	-0.0479626930856447	-0.0191120818475593	-0.0542104353825875	-0.0126758069127598	-0.0425930978119931
"A0A060HJ32"	0.0277069474428934	0.0073224535185596	0.019584778097642	-0.01533913717158	0.0100860673393911	-0.0195681816827101	-0.0167443047568693	-0.0138955714422928	-0.0700962688300537	-0.0130018924733785	0.0431873124129701	0.0112171385709273	-0.0246615279145365	-0.00322793755070117	-0.00938590613275474	-0.0235518445091363	0.00183441616989631	-0.105932268983852	0.0249351787987976	0.0484324371899124	-0.0948866007163439	0.0388202261310223	-0.0123111304702773	-0.0406304662651887	0.0186572677855904	0.00502732908347755	0.0134735720724072	-0.0263100913197823	0.0421957568636467	-0.0102892205414048	-0.00250509750243494	-0.0365456662720285	0.00916088101868359	0.00973313108267948	0.0157015996218225	0.0103670119206034	0.0156737333410679	-0.0210092751813344	0.00466891905140141
"A0A060HJ35"	0.0076339962305207	-0.0408708331785903	0.00701002329304581	-0.0471753407379558	0.00553165229577738	0.0396868347116319	-0.0250552882300325	-0.0122200395209094	-0.037241953996291	0.010247932431812	-0.055295344168554	0.0273487481234727	0.0746828782552241	0.0218440799972709	-0.0152909888190466	-0.0441938244584744	0.00733367379479158	-0.0309762435774673	0.0144685009248058	0.00471117903996846	0.0267611909574803	0.0131502064473948	0.00570419385548131	-0.0273098375326678	-0.0383857923079273	0.0195738458545166	0.00340576956397359	0.0611639707623626	-0.00784602421162215	-0.00372514325146485	0.0349591300192975	-0.0231197780084652	-0.0568480309769498	0.014695551488228	0.0179678520029548	-0.0123456413100003	-0.0213010486363207	0.0376733164482056	0.0234427573830279
"A0A060HJ41"	-0.038794023829545	0.00188536086323332	0.00724574753400037	1.1335790920717e-05	0.0328825564908806	0.0600488598052539	-0.00333750974801801	-0.0283053576781021	0.0264472642732073	-0.0155396992526016	-0.0211299727830997	0.0209532357002307	0.000854588134652759	-0.0254160422989146	0.0246904016169099	-0.0155829672120948	-0.0288850798155685	0.0162156608237179	0.0105291787924313	-0.0155466238427404	-0.0182478227195322	-0.0146681108920897	-0.0281695386505445	0.0387465455008993	0.032745234378987	-0.029447865723268	0.0136270840355558	0.00172102004144832	0.017302765731363	0.0136465442502314	0.0043105260426271	-0.0180367517922817	-0.0127674542678049	-0.0080435565853112	-0.0510737922438222	-0.0200878523716592	0.0358632551124537	0.00434767187806215	0.0421474143077472
"A0A060HJ55"	0.0403890486594504	0.0161209133100034	-0.0285872182120167	0.0213318431060833	-0.0230508322120762	-0.0432778123500183	0.00381471576801726	0.00844760297655287	-0.0146117190967322	-0.000861894147559725	-0.00904913524007472	0.024507249967821	0.0259157914374281	-0.0151665485411717	-0.000275338525477169	-0.00182014399408984	-0.0132752566191274	-0.0038452956641964	-0.00412631572919897	-0.0119912910473998	-0.00708143066044399	-0.0378427462381645	-0.0272874260125466	0.0458118521853983	-0.0292761305766157	-0.00697445847114064	0.0118446235301644	-0.0291862428841745	0.0147150398686152	0.00401800912492111	0.0126772452019008	0.0268611778176692	0.00131142383387787	0.00898504689371549	-0.0179508296961216	-0.0332862871374775	-0.00975782595296791	-0.0307429034275164	-0.030606820115071
"A0A060HJ58"	0.0324847985869027	0.000829272455536059	0.0157316798590924	0.0061420279247004	0.00892618074003625	0.0405881183974336	0.0118638727195242	-0.0284021367757198	-0.00740097857147854	-0.0381243994733313	0.0324982818649554	0.00517777034025636	-0.0130763801391682	-0.0290035240814274	0.0265275003645672	-0.00766541848881922	0.0261917517116144	0.0376677593378568	0.0225067305089198	-0.00202745173572075	0.0317333555037085	0.0194426661516199	0.00118173283923287	-0.0929069450567541	-0.0223335353676464	0.0243523069616689	-0.0629352644465101	0.0600485019532731	0.0546700469927869	-0.0234460886344886	0.0590341001312852	0.0616469229502564	-0.0396611405130704	-0.016075143267506	0.0106123610132772	0.0229528530167972	-0.0333107924038621	-0.0310836014701744	-0.0274149794433896
"A0A060HJ64"	-0.000888447461707865	-0.0152734648083541	-0.00914202860075377	0.0725122473333947	-0.00201489285754199	0.0608925410599529	-0.027596241208564	-0.0171929661575294	0.00155718587512506	0.057661422655961	0.00622109779505977	-0.0563383057102596	-0.00304079053582037	0.0488729298868174	0.013196257031317	-0.0172069134838569	0.0399608885161531	0.0133007533977601	0.0113992360458983	-0.0232995127630442	-0.0283605751960983	0.0223000829401849	0.0376396541625099	-0.0277660334813865	-0.00743836332616361	-0.0150539983137958	-0.0105062132311393	0.0369107550065296	0.0326872929547805	-0.0191956984239904	-0.0238121447275879	0.00976858915228408	-0.0185794917891569	0.00633853066513742	-0.00603485209297712	-0.00444702351661288	-0.0195325990083604	0.0080827007040221	-0.0541052342486009
"A0A060HJ66"	-0.00546998535144243	-0.0184956950891673	-0.0279316318842976	0.0379962685124161	0.0171000669210199	-0.0598592189789666	0.0509597423794274	0.00859433679220938	-0.0186308685113825	0.00102906778513722	-0.0605627611774826	0.0411926966458776	0.0733222206326843	-0.0509377342543503	-0.0171342756856693	0.00236571720089997	0.0213092770771511	-0.00725010260065597	-0.0299347275194102	0.0211719961336245	0.00660259300307298	-0.0148968962248545	0.0272377191920759	-0.0123568323639915	-0.0129764975928863	0.019388124717452	0.0490841234361476	-0.00966494023540623	-0.0424272148253303	-0.0314635908958956	-0.0207743942360266	-0.0456944086744331	0.0421513090318306	0.0120535387416797	0.0355647883279518	0.000186380989350546	0.0549041042845423	0.0113159218120995	0.0197728103405196
"A0A060HJ67"	-0.0236774077954196	-0.0242356551240837	0.0411594039852975	-0.0166398315321549	0.00825999697105851	-0.0221208104612817	0.0383790353942029	-0.0406928006843297	0.00680498832302708	0.0163326257830065	0.0157973910547145	0.00834905627323851	0.0413882543626332	0.0110186036966659	0.0297330704219852	0.000572732106786714	0.072997631386744	0.0173528347959378	0.00709168117782523	-0.0734016196695908	-0.0752821934854628	-0.00126185871484596	0.0251685544310203	-0.00518355645009374	0.00193633461383199	0.037641438706664	0.034107150190034	0.02147910279722	-0.0292703180921173	-0.0149812674573781	-0.0205903466597541	0.0211407776294814	-0.0504568080720885	0.0138131494418571	-0.0152077200221962	0.0301539287665913	-0.00961664903700818	0.0174452102212139	0.00617967742437345
"A0A060HJ69"	0.0488600028768004	0.0136210293163861	-0.0112657665570177	-0.00741624886456978	-0.00158758639527206	-0.00408266546111199	-0.0275117238054333	0.0109194822547134	-0.0145308982157037	0.00201110078996171	7.76262782853838e-05	-0.0285707306285636	-0.00763803742383423	-0.0171044442120994	-0.0136126776573545	-0.00186065212500837	0.0127801892058826	-0.00859769265781576	0.0120197643831591	-0.00510508365942449	0.00219568245307232	0.00457597613694849	0.000661044636563977	-0.0149607239685075	0.00372285871756877	-0.00378568245953737	0.0081369374897171	0.00562012616506309	0.0148514339232552	0.0266231176261828	0.00602223981152185	-0.0122562185574558	-0.00588603480329033	0.00806128658487784	0.0297616413342326	0.00925174182960168	0.0139260874697724	-0.020471104102891	0.00119060972337455
"A0A060HJ75"	-0.000738575150016378	-0.0428826277443571	0.0446404427451841	0.0259068832262259	0.00488884354550738	0.0236001287082158	0.015411306431157	-0.0501260709517434	0.0447139716425232	0.0317497238038427	-0.0164875336661842	-0.0181501544248993	-0.0229241177275669	-0.00596762812717226	-0.0743616821718364	0.017190155110977	0.0363794177367559	0.00205848894913991	0.00553680785216201	0.00772720043853725	0.000666279298795448	0.030132960609819	0.032021592486515	0.0483116381368096	0.0444747254508348	0.00260302072935816	0.00294107334166908	-0.0245253565689756	0.0367546888647734	0.0226426513619997	0.0383068701112303	0.028334531909407	0.0253432552393287	0.0304376385549263	0.00424556133616222	0.0300647981736209	0.00165968033947134	-0.0180997767652722	-0.0240345075904016
"A0A060HJ77"	0.0312722014521144	-0.0057739061803686	0.0133326495732998	-0.00548253801111522	0.027506842405348	0.0593309769557034	0.00647325742370544	-0.0215012647156834	-0.0154784497099395	-0.0503593355626378	-0.0305918777368399	0.0439539246675465	0.00262772797923409	-0.0369084542607755	-0.00070636875270668	-0.00834855984261305	-0.0106885156871604	-0.0154100210840581	-0.0342602805232311	-0.0143080928219335	0.0499292706995667	0.0530056736699854	-0.0625078105839121	-0.0295667299453682	-0.0193626890393407	0.0451322414514841	-0.0475819662966464	-0.00298773924444672	-0.00604876936614153	0.0370433864402488	-0.00145988024793352	-0.00605272400427234	0.0288078667838146	0.017731552868717	0.0208470930946713	-0.00976956038859714	0.015382375880677	0.031888974926264	-0.0221552229599229
"A0A060HJ83"	-0.0462286258168757	-0.00514479160442548	0.0038913439608925	-0.0382491775038242	0.00415210613081018	-0.0100417774993614	0.00449391387153438	0.00592350879175173	-0.0159764880861689	-0.0307568391580642	0.03071195978213	0.0116807176748052	0.00929183265569786	-0.0119253471641396	-0.0139812730306634	0.0201532890265422	0.0154533454784386	0.0218633521041829	0.000457527699117961	0.0032127581865557	-0.0017171922162722	-0.0023020782194052	0.00216562904511385	0.024532859326353	0.0191966589216984	-0.00166717663606308	0.0053802283895112	-0.00566798468587398	0.0237094603342798	0.00820885805432329	0.000476479279829254	0.012731012089247	-0.0190640812957842	0.000503996785622521	-0.00422703365325994	-0.00397065163480613	-0.000732732905115805	-0.0069133378144172	0.00597736389027571
"A0A060HJ87"	-0.00628509746324511	0.051464933040083	0.0140193447590351	0.0256113041330136	-0.0697118901400533	-0.00522980957502271	-0.0289166790700082	-0.0171046358830266	0.0235650544683349	-0.0161623005507954	0.00836308470741138	-0.0145746278146632	-0.0155474831732622	0.0450814170949991	0.0060342194486725	-0.0182548961446425	-0.00599400771428624	0.0080137030250824	0.0034541195139421	-0.022284463486683	-0.0280800194289643	-0.0382276428422161	-0.016008314156824	0.0137459653936907	0.0039135219948092	0.0221929409137608	-0.0123570335058842	-0.0246948398031542	0.00898250189398371	0.0393335925336123	0.00162028583980085	-0.037145687842196	0.0177851355410331	-0.00995470716157583	0.00338042786428581	0.00370189169063614	0.0134126534467454	0.0129105337515106	0.0728105890061858
"A0A060HJ93"	-0.0173203826021973	0.00980887959601723	0.00285177254283627	0.030611209738775	-0.0351916953832549	-0.0119402302609571	-0.0234460427154147	-0.0913690296952203	0.00119499138105158	0.0311902163075751	-0.0174205263827196	-0.00741072903484719	0.00345875417769731	0.0280207375232036	-0.0243184207718493	0.00657204264622076	-0.0223346067771547	-0.00808213817866813	0.0429989743872884	-0.0393180274248183	0.075945537786324	0.0187617162896606	0.00843646893539176	0.010732944559671	0.0233410405643248	0.0114590945820075	-0.0269257062905994	0.0257363460896086	-0.0271086619352081	0.0545903450695576	-0.0249624458936439	-0.108983763499685	0.0229437463152555	-0.045291147511324	-0.0314334259707185	-0.0138216042190383	-0.0519082374729862	0.0181709784308058	0.00449595427983482
"A0A060HJ98"	-0.0269107578743546	0.0226439248928521	0.045389108208346	-0.00678348698357205	0.0141133277991566	-0.00778448286620077	-0.0764321497042075	0.00465115294622943	0.00200033135954297	0.0570939912995547	0.0176903158664426	0.0302312512978126	-0.0442558767739548	-0.00405206276893322	0.00658863234451761	-0.000144973628413049	0.020508059682311	-0.0321030609252106	-0.0031947676762561	-0.0028324349945976	-0.00674901160212925	0.00906991422326958	-0.0116504144298475	-0.0206082203656928	-0.0321502363254405	-0.0136717367696189	0.0125654980526391	0.00168741254096887	-0.0138024703256011	0.0110695287731197	0.0204229238482208	0.0277650466327856	0.0303703853595124	0.0170532454660224	-0.00581861824176344	-0.00772830975641132	-0.0242245716545748	-0.00940418373644009	-0.00907951596903243
"A0A060HJA2"	-0.0183064854691657	0.0201637239387854	0.0395891767954631	-0.00661851901539563	-0.0229200579654483	0.0291450612082504	-0.0118600112555692	-0.0143463837400236	0.00715897890695609	0.00186670698319928	0.0154369086935573	0.0549402916030601	-0.0210417591633094	-0.0855684017364032	-0.0191386785705787	-0.0344989162962753	-0.056454511209533	0.0186765015637701	-0.0576298029919005	-0.022190773863502	-0.0362517638101547	-0.016181786067484	0.002107003730176	-0.0108144404105757	0.0583471855463769	0.0327754129328	0.0255831212005474	-0.00342732072355151	0.0344530944042155	0.0627520512577863	0.0180392254305919	-0.0346571109907771	-0.00454890230991047	-0.0172698561366541	0.0110970795032807	0.0185725362402619	-0.104397628151755	0.0256225639380886	-0.00243228269288529
"A0A060HJB5"	-0.0167040189949046	-0.0250858971917172	0.00994580912471342	-0.03393985904971	0.0120558848924945	0.0059761041342497	-0.0376011028717342	0.0276992306081323	0.00568917894617459	0.0200911646852305	0.0287651436982806	-0.0314906769245764	0.0471606909911269	0.0957400301642414	0.00647982698236613	-0.0043644859843133	0.0315947328480693	-0.0568383797950969	0.0105007700317345	0.00345382175089093	0.0697552693258395	0.016002900357671	0.0207526986255024	0.0274036766067705	0.0385587540926405	0.0612755284996074	0.0178417587266994	-0.0397302958602186	-0.0347294714700833	0.0157484850898734	-0.0490751084000828	0.0148796399241891	0.0235148559199061	0.0338900814951889	0.00913162993537526	-0.0391371830286788	0.0490295211823181	-0.0715649013296129	0.00314139992951787
"A0A060HJB8"	-0.0169871384402869	0.0426868380979909	0.0318723796151529	-0.000731198914404729	-0.0131628927484603	0.0377726867918393	-0.0127393589110184	0.0164197401377132	-0.0376092131742298	0.0250190461322177	-0.00188623459276806	0.0954441756479052	0.0317554590802984	-0.0213282285800475	0.0145560216234747	0.0138505526092683	0.00617983805655381	0.00620356719173366	0.027645705238113	-0.0209732932105512	-0.0167281957328231	0.00932704328759956	-0.0285072836992716	-0.0542912562826101	0.0205307197529965	-0.0169074055505722	-0.0556728996563207	0.00885433508566564	-0.0261736690989989	-0.0249616629846983	-0.019283571097241	0.0401987638623317	-0.0158270631111845	-0.00101557346617007	0.0296806019341843	0.0197381027321125	-0.0169478685627834	0.0297260360789393	-0.000251944948689018
"A0A060HJC0"	-0.0213965045596341	-0.0269392052453978	0.0135312178846763	-0.0162740140018318	-0.0370302741991473	-0.0161531663011107	-0.0500540426908657	0.0736431701737477	0.0367174721293951	0.0260458006548491	-0.0190213689714526	-0.0117348048145135	-0.0238446122333173	-0.00796026018265172	-0.0692030611723033	-0.017185166094549	-0.0143446872467955	0.00296923542686042	-0.012057563300109	0.00222392594410662	-0.043025308218557	0.00616889093396697	0.0052299711328722	0.00366763808272813	0.0276980801944355	0.0192835441309568	0.0501333326739881	-0.0182282909780065	0.00462646991644991	-0.0211287297581444	0.032506142719044	-0.0353339791621328	0.00480552495905163	0.0344761742521219	-0.0203780105070222	0.0645320007737249	-0.00124413314337281	-0.0080891256333036	-0.0048882303706373
"A0A060HJD5"	0.00887739483403656	-0.0158592931371741	0.0559587020214317	0.00111009821208104	0.0119069876572264	-0.0176347520615248	0.0179921109679833	0.0566658448591031	0.0273997260791303	0.0463936096387369	0.00532402085304921	0.0447617339695487	-0.0268406349461377	-0.0365390658681471	0.0394841167905263	-0.0168737345098037	0.00252417069021514	-0.0168353476842393	-0.064550527127933	0.0459389759946207	0.0474404545314585	0.0230467524776298	0.00401657824411869	-0.0034047049195069	0.0143143769062042	0.0368224636152501	-0.013747891567347	-0.0218284562191943	0.00929771520556613	-0.00230541872787529	-0.0449474036810256	-0.048185044963044	-0.0253196982682868	0.0660145006773446	-0.0199985713848527	-0.0809288917737405	0.0474690587593202	-0.0466374721926823	-0.00806741239375007
"A0A060HJE0"	0.0316096381890677	-0.0137023673199104	0.0107837770027655	0.0371312213193803	0.0157921127152606	-0.00106913178391197	-0.0122027258659076	-0.0277693215222697	0.025030437949786	0.0326296626549338	0.00508517513085168	0.0585594738729747	0.00652739128147438	0.0328127147464947	0.0196754543765337	0.0377536060048674	0.0123704701253527	-0.0492140854823342	-0.0587923656261826	0.021284496050882	0.0211407887489481	0.0330979482522475	-0.0206196586796953	-0.0149647848502495	0.00304250595570424	0.0290900573045566	0.0324643232610594	-0.0208932177773988	0.0525755990416108	-0.0287127167819339	0.0675457865514353	-0.0180005943309526	-0.0117221599914774	-0.0320658150502608	-0.0554598203519146	-0.0353780129799698	0.0323724388898171	-0.0145402305895859	-0.0639476676985856
"A0A060HJE2"	-0.00188424377395016	0.0674821165246215	-0.00593492064221899	0.00134508095837489	-0.00546109696354802	-0.0195437854425038	0.0310153130858805	-0.0263116203700468	-0.0236526598827322	-0.0249933188783566	-0.0074739219710133	-0.0458154380226282	-0.0115628264496923	-0.00775462056233294	0.0281934985945143	0.017144105005539	0.0127590179522095	0.00984733114569995	-0.0282131518432428	-0.0196555259668026	0.0214588632756674	0.0490788247536723	-0.0171962827495138	-0.0133394151430006	0.0301649580397493	-0.00428960541259152	0.0221643761365682	-0.0219799444781366	-0.0182438680912426	-0.044440933335558	-0.0362008663156049	-0.00248141227780995	0.00334416048785875	0.0227756539147674	-0.0111083885419293	-0.0311099142223391	-0.0316979488920512	0.0276491306188855	0.00835211670724122
"A0A060HJE4"	0.0256065349642039	-0.00333080735050872	0.0299997518859701	-0.0571142243891169	-0.0224297116368882	0.0084033039716965	0.0494961372104993	0.0361464889171844	0.037094480819539	0.0165220498517693	0.0030168602299993	-0.0155569020386915	7.75436703105446e-05	-0.0163971705038074	0.0284075219176747	-0.00612480374264719	-0.0333090569332962	0.00870631953785486	-0.00774561126417639	0.0222565382068472	-0.0253626736783874	-0.0246342333738946	-0.0299128213828031	-0.00540885125626742	0.0573374977634784	0.0165103294625507	-0.0100004797522631	-0.018623788655318	0.014548030642718	-0.0544346218073072	-0.0145719962389532	-0.0478178575039098	0.000652040275283922	0.0259741423871052	0.0230441681092989	0.00437390879861712	-0.0396703732534463	-0.036954875499366	-0.00351575697657243
"A0A060HJE7"	-0.03847897727567	-0.0469910135207333	0.00218418135682946	-0.00265028349186614	-0.0231176432271056	-0.000144173341663514	-0.0107688362048115	-0.0170963956150259	0.0155576206444499	-0.00913747093773504	0.0321941853970824	0.00781565557417725	0.00532294624609013	0.00319211280238883	0.00010868827145917	-0.0244141819178186	0.0289304531428389	0.00205876904692548	0.00214400303021601	0.00390097970471135	0.0114203834707385	-0.000198716953167681	0.00966343833266716	0.0107106092264407	0.0176766976671839	-0.0159064654444206	0.00261729262788507	0.0346381564926391	-0.0100499768680303	-0.00195135152687437	0.0105415609410412	0.00944708116534655	0.00168607133366755	0.0128285571977981	0.00218023273612389	-0.0308652400172372	0.00268375387882596	0.0134985874553382	0.0152636359306434
"A0A060HJF1"	0.0138075883366826	0.0310926425134282	0.0148351386775838	-0.0156533546802546	0.00736439353275228	0.0185694935605369	-0.0260769087941023	-0.000341462960925917	0.000843534617599434	0.0104305267758966	0.0239828830056982	-0.0664113670621123	-0.049741281765101	0.0735013541745798	0.0447794289273954	0.0028358214275641	0.0223011069527802	0.00724458946405035	-0.0328725729851947	-0.0376977485160298	0.0283211400135874	0.00252389163770037	-0.0740292302633161	-0.0107242739335867	0.0253458255356427	0.0359372856078359	-0.0769009403694607	0.113788461753862	0.0155643829931954	-0.04350115147852	-3.54349236359749e-05	0.0274103764992034	-0.0235667767898736	0.0405974911908398	-0.0221476691131043	0.00251267495622169	-0.0135359384723521	-0.0501320518000132	-0.0522437832302768
"A0A060HJF8"	0.0421152315853126	-0.00284772337016637	-0.00214899209548309	-0.0368413914024142	-0.00937006047769202	-0.0370433137991933	0.00236283366222064	0.00799466127247105	-0.0470954959665036	-0.0288044287985013	0.00169461152560635	-0.0115824399849308	-0.0234754991793844	0.0010191456667932	0.0094502918938	-0.0111287815308368	-0.00478323990783824	0.0462430586978618	-0.00704772655978706	0.00703121785104463	-0.0126402280140155	0.00666976447644057	0.0300265516243886	0.0254229376784577	0.0096326202494868	-0.0204512012039863	0.000500451753265346	0.0283572217403629	0.0196548617818606	-0.0040336798000893	-0.0143095052785592	0.0275538867854647	0.00868110736143939	0.0106478288800191	0.00682326513546875	0.0180932482596107	0.00621843468420837	-0.00161639310739517	0.0523035613653756
"A0A060HJF9"	0.0384912161689376	-0.00310894234390132	-0.0119747559636407	-0.0122521076737324	-0.0164164607183025	-0.0399839966206693	-0.00484714911784647	0.0120257575202093	0.000829191054197729	0.0349017752277125	-0.0198275291983134	0.0369088788236593	0.00163733810875933	0.00441142815653539	0.0343149833447194	-0.0128081264783612	0.0123350137399014	0.0732061952330426	0.0655534737491088	0.0171971036819306	0.00837502444047676	0.0182874626786966	0.0381169067708639	-0.0300308407080736	-0.0147131838208634	0.0140905727194878	0.0107593170907736	-0.0229313262417247	-0.0133869255713342	-0.033960809223746	0.00346539575820688	-0.0110787105830365	-0.0638464656298154	-0.0129227167315071	-0.0403806626519096	0.0029963524497443	-0.0023428277707437	0.0106910547353693	-0.0445178407855226
"A0A060HJG5"	-0.0189496501821514	0.0463744129882864	0.0278454938655412	0.0335523714067686	-0.0408895909761728	-0.0135415089389855	0.0157122118549209	0.00239268056138679	-0.0285646101231957	0.0130934909137511	-0.0465203603696691	-0.0190633562453093	0.0378344431709253	0.017839169729224	-0.00169442135482172	-0.0287868841756357	-0.00390010596353442	0.00708094852321424	-0.0147431745838352	-0.0100669786443964	-0.00130936981425279	0.0401462085686554	-0.0144725416715407	0.00444603011288119	-0.018755296503049	-0.000556970952991167	-0.00656477470976987	-0.0223056737634212	-0.0157736711757836	-0.0391185778015205	-0.00918078928758966	0.00443492574885308	-0.0127444416300519	0.017352534023578	0.0332003390675727	-0.0687703722557126	0.0456880331501734	-0.0497049623984986	0.0116073119207497
"A0A060HJH3"	0.0368123553866426	-0.00913317955470235	0.0261355005951044	-0.000853174351907976	0.0189851838521323	0.00464443078579025	0.0245976179018687	-0.0110397487951557	-0.0333869678238042	-0.0300750526842654	0.0204418637463432	0.0383585062122152	-0.0407303258698591	0.045540545030956	-0.0382018043407993	-0.00287223865406756	-0.0256118247508373	-0.0232692953055705	-0.0157454453686441	0.0543319644660591	0.00038705687452901	-0.000401567939259576	-0.0227200099755659	0.016724467705012	0.0608807587233175	-0.0531449245234532	-0.0109780826612447	-0.0346255968246049	0.0037892396853892	-0.00877353475940004	-0.0302456217723259	0.00769605775584664	0.0358384158087814	-0.0122944117765597	0.00951908768254561	0.00722194685119068	-0.00433565454444418	0.0395993327282834	-0.000594028674454078
"A0A060HJH7"	0.0366485281360241	-0.00433292736119645	0.00881475846804621	-0.0412899396665129	-0.0131026342921279	-0.04930462987305	-0.0168487646459731	-0.0242149732541331	-0.026894380459437	0.0166655163373786	0.00685595930542425	-0.0134059476522911	-0.0412722307808928	-0.0168075649206295	-0.0525344055918781	-0.0359018557272969	0.00413566134829335	-0.00598505779420694	0.000507393948653975	-0.0162041558938808	-0.00460394646046111	0.0114637397346612	0.00520501507444954	-0.0374713145794274	-0.0132226970793037	-0.0310786975549039	0.0103719217390343	0.02574830908206	-0.018965217124267	0.0417095256418182	-0.00161862430645538	0.0271713340628171	-0.0122988324446244	0.0130373220345959	0.00231561577065576	0.00203991856084743	0.0185021244210986	-0.0142812578513105	-0.0469328872306182
"A0A060HJH8"	0.0163190629703315	-0.00652997469389417	0.0569289035513807	-0.024102668722508	0.0541344940333586	0.00665959392613121	-0.0471270519030107	-0.0443192185579173	-0.00762613148544402	0.00125900375627067	0.0029999562444237	-0.0328808597950415	0.0296727595473087	-0.0363270366323076	-0.0365981628367758	-0.0081990280265158	0.00546444019129989	0.0107045966473981	-0.0275621930124051	-0.000411529257224468	-0.030206594203883	-0.0630115180415158	-0.0101599055860002	0.01361370677476	0.0354789137993749	0.00219871547800769	-0.0147511383540824	-0.0171999982279824	0.012856351557972	-0.000315141313762618	-0.0026271257429442	0.0229909646313714	0.0109327334934073	0.0164753175617202	0.0353743440896756	0.0278318291773259	0.0134743973230162	-0.00888207721025949	-0.00892846726840666
"A0A060HJI5"	0.0291928579072582	-0.0390181757016004	0.0147765763433445	0.00780475558241604	-0.00113020141773438	0.00760993174081823	-0.017772564829756	-0.00487233562997578	-0.053006115096644	-0.00285480548176162	-0.0326857558879385	0.0473274446468789	-0.0518173539799385	-0.0195093825227841	0.011448981474369	-0.00474776709703924	0.00683483729528286	0.0395400349810383	0.00559879333871552	-0.0468465444918586	0.04479729163251	-0.00936619901129048	-0.0132756916010472	0.0290798347861758	-0.047733165126399	-0.00214270149883036	-0.0378588952272863	0.0310686076808975	0.0243572383468182	-0.0293856700321067	0.00403932287413721	0.00980721481220259	0.0123234353770721	0.00927229761952544	-0.0665916378714165	-0.0405634787819282	-0.0205295781518264	0.0228309822250422	0.0144558278611098
"A0A060HJI6"	0.0244474857003634	0.000208131005987836	0.0329919441417903	0.013899575507215	0.0119876625493471	0.00871812202936047	-0.0432283373467307	0.0137147845705881	0.0395015534606309	-0.0320475922672339	0.00938960723369956	0.0323361714619299	0.024102113204068	-0.0182856556215129	0.0150274803599229	-0.0338149705241925	-0.0306792341621311	-0.00548453544859403	0.0125712712234633	-0.0356069717526906	0.00372316129027453	-0.00276392326714776	-0.00563425203369705	-0.0129089452950254	0.0801270277440658	0.0419195496756051	0.0533537492141003	-0.0658769601979462	0.100589653517612	-0.0655955068557704	0.0486899426461549	-0.0807747599934732	0.0208230638955795	0.0118306196354078	0.0290677564074231	0.0252373414696728	-0.0182123175093447	-0.00879883202116534	-0.00457825449595309
"A0A060HJI9"	-0.0320335161145159	0.0251643595687037	-0.0283042609988267	0.0219210883061181	-0.025325038985115	-0.0399796679438811	-0.041694800750229	-0.0110872833315938	0.0112177790648959	0.043667357596516	-0.00555340448313547	0.0155731209721044	-0.0412491250011545	-0.0179699004906741	-0.0205521067842622	0.0177532707126217	0.000652095046526696	-0.0550722344030614	0.0158907557917502	-0.00595826891646117	-0.003888822443572	-0.012219234304015	-0.00739392145801691	-0.0342688566759344	0.0272681132188623	0.00723976704819857	0.00588292974928894	0.00512165978223139	0.0318807139834197	0.0383252270666441	-0.00504453614541138	0.0198642975894044	-0.00487724069378513	0.0217566804862246	0.00453523567322555	0.0162006273388455	-0.051055918437773	-0.00634698628283718	-0.0236929910644609
"A0A060HJJ0"	0.027268636015236	0.0563795913658707	0.02611800647944	-0.00866062755770575	0.0153844578071239	0.0353724588179445	-0.030762069724708	-0.00674783068069637	-0.0149340206850673	0.0212362094430635	-0.0148844004670035	-0.0123107468164182	-0.0227298234048692	0.00557705318539966	0.00891250014480349	0.00298683523906444	-0.0225989887508111	0.0109741617687674	-0.00250793578281637	0.0264098835469705	0.016404387486268	-0.0112938568888978	0.0131837722402893	-0.00806726557187179	-0.00944351242115156	-0.000494635118825626	-0.0170713732992611	0.00799652696605059	-0.020591093901308	0.00166428284509628	0.000494922658992523	-0.00350799000512594	0.0149318970728847	0.0199809352199897	0.0106194836104397	0.014533488176849	0.0167137845431951	-0.0121571637197874	-0.0154796762663736
"A0A060HJJ1"	0.0414263492350802	0.0226543538966948	-0.0267657666236656	-0.0184907997765925	-0.0300464092209572	-0.0147191229768582	-0.000838903386833652	-0.0096648245525607	0.0177244844260888	0.0284236437625923	0.0381424491565786	-0.00344877140861458	0.0146674594110371	0.021849116413528	0.00515895045038923	-0.0248055869297584	-0.000183732698052018	0.0170665386430577	0.00857198152520397	-0.0217414751980014	-0.026395050228062	-0.0409927040311949	-0.00214772302743819	0.0121838780235407	0.0132692497812295	0.00140257363048045	0.0059338002491629	-0.019213520647261	0.00622473385166223	0.00503110479564196	-0.0120068689355884	0.000723344121703178	0.00301944351524318	0.0133750707659002	-0.012635744180167	0.0188446782507032	-0.00494285579450802	0.00921751482192855	0.0160324648723644
"A0A060HJJ5"	0.0292523778386714	-0.0532661190738105	-0.000486225178635095	-0.0157696406647126	0.0368811581791936	0.00760112326385029	0.00928185902449367	-0.0248106703688798	-0.0132445532705609	-0.021597547788926	-0.0441369550622571	0.0171297378162211	-0.00664906126415714	0.0176012752278799	0.00986883610738525	-0.0278457521256485	-0.0146020390849992	0.00472068318418577	0.00398620030004955	0.019942960689647	0.00927889973618001	0.01509673774939	0.0103859150888704	-0.00794768603855567	0.0115537379820548	-0.00278150359856204	-0.000336022769245833	0.0282374798565149	-0.0161231214741944	0.0224365690285965	0.00166931258949128	0.0156507487827253	-0.016480908365511	0.0201981535460625	0.0270326926098513	-0.002674778260592	0.0021122540699007	0.0263098838824177	0.0462154063189381
"A0A060HJJ6"	-0.0169184156231097	0.0606420011671983	0.0257688293900794	0.0155478477099234	0.00432737591249056	0.00168691066558475	-0.0584357339961348	-0.0234608358647996	-0.0330394719660555	-0.00320517256073426	-0.0198893865010225	0.00303416704000817	-8.22656012046021e-05	0.0173971142934471	-0.00484339301526288	0.0453229483058665	-0.00105826464482072	0.0168560409488425	-0.0121889295168831	0.00298691189939544	-0.00341710190023227	-0.00831861598916055	0.00173029853436064	-0.00445679387557969	-0.0210894786761512	0.00093145993533371	-0.00391537660445072	-0.00508240670697401	-0.0102203511471104	0.0194023886098849	-0.0100313806784912	-0.0064435047888014	-0.0295070397700534	-0.021134229281382	-0.00919013940703372	-0.014802477324533	0.0251800006306761	0.0290463716011491	-0.0212668869752055
"A0A060HJK8"	0.0505260348858575	0.00922780190711607	-0.00383726301585596	-0.0172124768214216	0.00777797827714145	0.00921291324426416	0.00300379618179656	-0.00794219291887294	0.00839370451777312	0.00410749194393659	0.0135796273429513	-0.0008540487012351	0.00371576924028247	-0.00844382536970395	-0.00165700494464096	-0.0043718471680511	-0.013690527870725	-0.00780811600361438	-0.011148257235886	0.00154839003745102	0.019291662126144	0.00655381347001851	0.00817182907723166	-0.0161801033493122	-0.0104801669037379	0.00961726624866074	-0.0161976323489705	0.00586348090247203	0.00240841737444393	-0.0168346620196218	-0.013135148390103	0.00404545387995553	0.0106298850705766	0.00124144720368808	0.00705717929967661	-0.0075244244216783	0.0150054151507829	0.0122605424397688	-0.013166480258143
"A0A060HJL6"	0.0225851782854926	0.0361642404925493	-0.0187063239224415	-0.0462263155778311	0.0327164745945423	-0.0085744743739936	-0.0181586027232332	-0.00310003205039979	-0.00256226139886906	0.0364268391591268	0.0164667438722901	-0.0220085252328964	-0.0201463962525729	-0.0642108318125974	0.0171276789016533	-0.0311806275639126	0.0168159664453134	0.0406962399267426	-0.0090933012381374	-0.0639892547604455	0.0138982645285691	0.0383869836389479	0.0245130453111741	-0.018445068029805	0.0169750049878015	-0.00629162311148628	0.0253446668093437	-0.0133118161646073	-0.0307052377764339	0.0393176160242994	-0.0242729716618665	0.0370338538365937	0.000391198711028938	0.00183090799272206	0.00602049616066224	0.0209129079499692	0.0130496949162575	-0.00088050284973979	-0.00347935120601002
"A0A060HJN0"	0.0317529857509307	-0.00255486782225221	0.0471611375313999	0.00122555470139228	0.0166172162203412	-0.00567817988151002	-0.019667150647615	0.0308544945875445	-0.0129813499226625	-0.0514658349641028	-0.0345809108218784	0.0426070280268779	-0.0416854330259772	0.0100606713507314	-0.0383841431522036	-0.0102998235669958	0.00954543016619503	0.0109010460346423	-0.0102600532785856	-0.0282566606769478	0.0869194110065658	-5.84867346665413e-05	0.019119190333714	0.00441291000825292	0.0257506202559495	-0.0309415911317668	-0.00653840316369423	0.0179602141865261	-0.00136932246812773	0.0252784724202785	-0.00647038379767585	0.0215909418203112	0.00478124456499967	-0.0278286623524891	-0.00708573918119643	0.00979048167743495	0.0196127858063757	0.00358026879057766	-0.0047941324627633
"A0A060HJP3"	-0.0295089658989173	-0.0164291187004746	0.0291191986162175	-0.025188122996315	0.0190419654796428	-0.0296167213815789	-0.0600225101998051	-0.00646544406417992	0.0262357515418712	-0.0143466296666728	-0.0269549762768331	0.0352789330424852	-0.0253208907211328	0.0251796898873916	0.00941280243424956	-0.00675842880797722	0.0476947032908714	0.05878067734848	-0.0201024635988748	0.0695845000523247	-0.0138436497183468	-0.00709652330800482	0.0169916380920231	-0.0243274772123591	-0.0455299253330069	0.00362368688483089	0.0135783834522414	-0.027056841205523	-0.000410322601811562	-0.0142608322858878	0.00873696984354569	-0.00920897381971686	-0.0240166878994639	0.0136492647794321	0.000370670812996726	-0.0105391001132635	-0.028190163639454	0.0162076577110833	0.0322468954016194
"A0A060HJP6"	0.00574289561633269	-0.0389902463621933	0.0284973134168085	-0.0230666236222155	0.0246524225465059	-0.0384786254407878	0.0245882344016264	0.0378925816435949	-0.00924160825172499	0.0295572661356188	0.0210745987506605	0.0349856314172907	0.0385209912233121	-0.0530477069971744	0.024131581743334	-0.0516271834243233	-0.00449499148244582	-0.00172896258553174	-0.0350362586079615	-0.0123550705246122	-0.00358839652788298	0.0812658524980545	-0.0370491023638142	0.0251066759548084	0.0239843552541419	0.0532683950052851	-0.0204427913371038	-0.048165554724377	-0.0234779137657422	0.0609337516778464	0.0108311691533523	0.00783325667336643	-0.00696943132419385	0.0135492708187775	-0.0548732985197491	0.0239862868572568	-0.0206452187994919	-0.00708738854101018	0.0290431068013152
"A0A060HJP8"	0.0253707390615546	0.002167054318074	0.0359238843619195	0.00619854164107581	0.0139996747306119	0.00687242626153351	-0.0344748320887387	0.0287899326592724	0.0246081069858065	-0.0939942313750241	-0.0428358020872348	0.0508032936248868	-0.0243192674921642	-0.00342372554091449	-0.0378552344863183	-0.0367167056816206	0.00578864159610977	-0.0529653952598227	-0.0199202650176477	0.0101588403572864	0.0551465873362284	0.0223827105247023	0.00602323654055045	-0.00757550323950036	0.044817738374217	-0.0296798022055072	0.00107289650985884	0.00970485435653757	0.01909322295128	0.0164488849392917	-0.0129141100304975	0.0103982454857099	0.0219700795408003	-0.0159285114317053	-0.00763062546555392	0.0110701652690875	0.0118005076803694	-0.0125570455326419	-0.010959433589451
"A0A060HJQ1"	-0.00972828844194974	0.00981101085167894	0.0200060342682824	0.00640044583423227	-0.0195332682426519	0.0318631295087308	-0.0587722404585514	0.0407771848629212	0.0506003615965322	0.0271263723136439	-0.0287070617648065	-0.0108077629504094	0.0479518709003373	0.0095856466868782	-0.0392192641516007	0.00112077000316321	0.0453048214919317	0.0416440131260459	-0.0643644682872539	-0.0240625229121433	-0.0227545487665095	0.0597092353453203	0.0124706520217384	-0.0117035200445618	0.0184099193740613	0.0361983037042063	-0.125835417927301	0.0594676812248836	0.0248027767579528	-0.00471970964383329	0.0259742944535557	0.0172369760053562	0.0582409678122491	0.00935788799061472	0.0169579401175588	0.0401060545973482	-0.0324956141404526	-0.0109885721731507	0.0658969133475416
"A0A060HJQ2"	-0.0343179948918692	0.0235528819261682	0.00535961212037403	0.0626180821697627	-0.0034210835895608	-0.00560199709882591	-0.00767387181028673	0.0156243247933263	-0.00321021881011759	0.00288697609419333	0.00699457468242691	-0.0366077235540246	-0.00955290576779106	-0.0131576777480237	0.0119950107408504	-0.0293171116476188	-0.0140289240066603	-0.0501094115036742	0.0384515491859549	-0.0158670346954562	-0.00136402250763833	0.0151873548325105	0.0086951985488338	0.00149522827027713	-0.0179579836251132	0.0133650072331857	-0.0247957744212711	0.0328897946694288	-0.0269882638069065	0.0282008902433307	-0.0164320703514292	-0.024781230649066	-0.00692254232357147	-0.00419958227247666	-0.0159764610660325	-0.0120676100081797	0.00358608930180954	-0.024912728661659	-0.0148616551151711
"A0A060HJQ9"	0.0207788491240968	0.00261590529659506	0.000787668893033986	0.0204785902528751	0.0741943787308657	0.00835189608707529	-0.0391960147190374	-0.042048368670427	0.0424231769946214	0.0417213537692781	-0.0173202245115964	-0.0478589083163891	0.0298137773105253	-0.0428853205516057	0.0385959936385966	0.0265723287302825	-0.0454702312600817	-0.00691575790205723	-0.00339566776844736	0.00496054279047836	-0.0198311970978552	-0.0196273812332664	-0.0220366341522179	0.0160416387463282	-0.0134050404858962	0.00127040686177571	0.0152080550098035	-0.0227678515906342	-0.0264796787045432	-0.0127320333477899	-0.0113803597288942	-0.0196039090307423	-0.0186113734961432	0.0309779635390489	0.0184546027709229	0.0126767434723067	-0.00614676881975262	-0.00153038351444079	-0.0178207158732907
"A0A060HJR3"	-0.0447898961516149	0.0280235653305576	0.0104702466905759	-0.023005653839239	0.0234797800882599	-0.0138179181195713	0.00274237405046717	-0.0146668889595491	0.000590437224400739	-0.000272083460246605	0.0282330393772505	0.0011688067079768	-0.00450933953062721	-0.00234653648552935	-0.0110892620275385	-0.00757383299678251	0.0107212773266523	0.00266514953637749	-0.00196993202915102	0.0115632113976649	0.00440168067551979	-0.0070579394199548	0.00887486156176629	0.00984340526447586	0.0103872748926369	-0.00501843258545466	-0.0272964013389657	-0.013004214605233	-0.016320919880401	-0.0149302977066366	-0.0228517063305848	-0.0264239105770955	0.0154143594477363	0.0202024167401274	0.00605639356955569	0.00630225730245637	0.00284058596335189	0.00810080865400912	-0.00311454485898734
"A0A060HJR8"	0.0318647642638974	0.0186079094756418	-0.000685696113002114	0.0337210658012578	0.0414217421454642	0.0365947234161757	0.0292567844399125	0.0365213508848743	0.0206847801662802	-0.0434700286134357	-0.0242372565460483	0.0575946299173375	-0.0147537585602862	0.0266144720060113	0.0134202169971303	0.00180497956801731	-0.0140849603032348	0.0237989841061864	0.00173428649217186	0.015417703307509	-0.00106314637136629	-0.0144861960063334	0.015818878029361	0.0174420650727299	0.0217057377974262	0.0116273245158089	-0.00737714640482956	-0.0250726304999329	0.0166990921175811	-0.000729299884063464	0.0263320210442639	-0.00857848699746921	0.0418647797754364	0.0287229357031681	0.0333435485849034	0.00882881240502671	-0.000321803232088216	0.0141783082291311	-0.0324755466436168
"A0A060HJR9"	-0.0166146405463315	0.0296219802454811	0.00314158047130058	-0.0134056092321114	-0.0806506041381656	0.00879694794496084	-0.00903114385879472	-0.0299734952622116	0.0209297989627508	0.00670396414608846	0.0260694279495716	-0.0479212023148451	0.0152327169053604	0.0370579189254938	0.00748107889658981	-0.0336486031505245	0.0044836895395436	0.0207863887757439	-0.0318051971754405	0.0283904493507614	0.0281701726086181	-0.0243072381470193	0.0160314104831621	0.0251508111500247	0.00411595963094847	-0.0542140159051262	0.0400812026333179	0.0443549787122344	0.00594523481309685	-0.0439667021279855	0.00434278573130172	0.00131758597578385	0.02351992429832	-0.0307919788579317	0.0117894317100574	-0.030560307625015	0.0228908165220046	-0.00212214601064292	-0.0301406294746402
"A0A060HJS1"	0.0387434683447068	0.0172878134571515	-0.0243470666895406	-0.0339963332387338	0.0166379483520648	-0.0200275976693476	-0.00876946949190409	0.0245932632180793	0.0206968283403042	0.0231867576870802	-0.013445910802725	-0.00292477762969094	0.0109786362395692	0.0357745516780989	0.0373490348598828	-0.0191494288161443	0.0288189229066828	-0.00158405277088313	-0.0161945077147625	0.0289086497251902	0.0211170047142618	0.0255568843392154	-0.00302220819482052	-0.0142911079509715	-0.0142640150001207	-0.0475631969615172	0.0213355980197807	-0.0412981580640664	-0.00920622513462154	-0.023485765727922	0.00692662379786049	-0.0210064634938788	0.00310281101551265	0.0245609289859578	0.0026529503510451	-0.0143351835323294	0.0171169559580732	0.0431196786557694	0.0152845397298531
"A0A060HJS8"	-0.0107123554123552	-0.00551320312032083	-0.00209275720720291	0.00650754223451404	0.0143045925920215	0.0107121026513786	-0.000990720273334731	0.0412383865605973	-0.0413643033495205	-0.0452361953433436	0.00408698748512425	0.0350931600596369	-0.0322858632397731	-0.0779452208053862	0.105899935880404	0.0310335362224919	0.000353631223696156	0.0417751673876342	0.0459840892735519	0.0994263374426615	-0.00439064078564746	-0.0864825164649304	0.0389590332470846	-0.00932867355895414	0.0195772480113583	0.0344761973023237	0.020821540387353	-0.02682814887499	-0.0021823531941072	0.0517147651397179	0.023276328369284	0.0439394901074275	-0.0221508210285729	0.0122842762825433	0.000770394606988681	-0.00122917263523908	-0.00769673447064734	0.000891021434653453	-0.007607141200087
"A0A060HJT4"	0.0322884339735769	0.0464595617885746	0.0197880079012673	-0.0117176731984771	0.0253145132183618	0.0290020122234469	-0.0153549936020234	0.0228076074180689	0.00867394975355766	0.00672094233102246	0.0217327498767307	-0.00174948944071108	-0.00163718605004105	-0.00520195717924818	0.0196129852991673	-0.0176368350281091	-0.0191207536285356	-0.0143010248617869	-0.0168261016923961	0.0227094004447171	-0.013265098407731	-0.0182863946528667	0.00390161447912513	-0.00977366576244116	0.0164160604355326	-0.0329387362675421	0.0200905958686345	0.0138850636837158	0.0245120970767178	0.0062162661210338	0.029881138499129	0.0216334657451262	-0.0128188219569087	-0.0718639441467155	0.0332033361113438	0.032904503672459	0.00422917636392503	-0.0154132981975628	-0.00788511952520959
"A0A060HJT8"	0.0459659388507754	0.0138278178080801	0.0210879649665226	-0.000140789276325507	0.0360839176987253	-0.00500386270785037	0.000465820380223936	-0.00380867943269366	-0.0135089357393026	0.00493476066615133	0.0236876619775775	0.0126112637470906	0.0140954037490495	-0.0138903346521046	0.00718947124276338	-0.0110420933650885	0.00247098058618539	-0.0365212081846338	-0.0141993262780723	0.0202499727965668	-0.0243757737075169	0.0182688321923503	-0.0189757198382138	-0.0071468960934714	-0.000929961640135131	0.00636909311486219	0.00764328513861609	-0.00956838139317118	-0.0115281834785076	0.00352117979637195	-0.0133000779484006	0.00168815703018964	0.00409630143519605	-0.00825656423860931	0.00146760841606047	0.02498501633326	-0.0124412471400479	-0.000237612551504835	-0.000250176458435218
"A0A060HJU2"	-0.0116643564097345	0.0284728934121232	0.019410616541553	0.0183439014161236	-0.0349594884702255	-0.0272431666839228	0.0043031095671024	-0.0461367586900577	-0.0270245081872492	-0.0179914988594046	-0.0468774861890346	-0.0438312110388115	0.0780621087098017	0.00344191938545093	-0.0163816265056745	0.052250843987285	0.046399938603182	0.00847183854966285	-0.0493580752456327	0.00865371400573456	0.0252478145290028	-0.0308438298005132	0.00550521132006138	-0.0811355539221394	0.0201231606084138	-0.0391532142089745	-0.0310904292719472	-0.0289847763462142	0.0331732869378463	0.00369312455452995	0.0550314623192586	0.0109061152094151	0.00872738402867014	-0.0287982478709808	0.0276780955219298	0.0433628927112728	-0.0403135513091017	-0.00413716692580858	-0.00757063416010471
"A0A060HJV3"	0.0363190228391234	-0.0367419682190292	-0.0114985672397874	-0.00469253141277543	0.0206484539392434	-0.0255894385805577	-0.00172195977050044	-0.0279505222048597	0.0217610472549791	0.0427776162893848	-0.0414473937428539	0.0176880698118987	0.0270876962361024	0.00222966281595307	-0.00537230897231091	-0.039619225149323	-0.0188702832642183	-0.0145187359694567	0.00889869768522249	0.0248904357564461	0.0172500364139908	-0.00461708486990768	0.0270549346973232	-0.000382653275466032	-0.0225075031927965	0.0213206753021802	-0.0133623290437392	-0.00323189826697914	-0.000150957986702939	-0.00956112793538211	0.0255613210037887	-0.0201159076742114	-0.024550103598614	0.0157334508326298	0.00522159611796289	0.0101363002937983	0.0492019581410539	0.00196238326106749	-0.0335854154554522
"A0A060HJW0"	-0.000546845812510771	0.0382875236322453	-0.0107020840358809	-0.0301958054367499	0.0301935623416969	-0.0357377415583696	-0.0319185344529162	-0.0338688094779766	-0.0462730411775079	-0.0154912515217808	-0.010127466999933	0.0481700334387198	-0.0178867900106425	0.0795145850258543	-0.00999338904673808	0.0251705315370276	-0.000813816968855244	0.00622837963664863	0.0240804353341769	0.0552924664784945	0.0530793066610096	0.0528934256917482	-0.0430777283036951	0.0132142406346818	0.00820491403533825	-0.0145735810175965	0.0345291016629015	0.0245223999856921	0.000761702070917409	-0.0157308743020857	-0.0429291323324785	0.0299323908680359	-0.0597093750111736	0.00565182400887889	-0.00741191689228703	0.0156563920525026	-0.0521025712887176	0.0135037392614263	-0.0948049512734585
"A0A060HJW3"	0.00739036010339266	0.0202944631884312	0.0350087395593744	-0.0411862795449775	0.0310852733746711	-0.0395240054129993	0.0140734124106962	-0.0209405747268275	0.0106166859769045	-0.0301720425229786	-0.0279627040657489	0.0303500968225277	0.0387109450024604	-0.010380451673881	-0.0327385631319411	0.0363783454396012	0.0338118996357904	0.0569945621690938	0.023358772836666	0.0428512519413602	-0.0386593079138908	0.013416341913076	-0.0396751910053327	0.0652822747677044	0.0178549665010002	0.0338753513848813	-0.00516090641630189	0.058545878240125	0.0293391812925078	0.00957965814351841	0.0217031738476874	0.0476255026728492	-0.0925212968635168	0.0297704031485054	-0.0206930941839714	-0.0275693765296226	-0.0242134450592102	-0.0446892111754304	0.0155663626354443
"A0A060HJX4"	-0.00912050187939145	0.00967719743754088	-0.0323351448956522	0.00863182408757055	-0.0652090724837098	-0.0695703070607867	0.0144323842295853	0.0326701889901758	0.0246748636905815	-0.00408712670138705	0.0359776613024732	-0.00560830558674579	0.0174747199578348	-0.00819522426662946	-0.0596696668751716	-0.0526836727387945	0.0140170216515948	0.0108643274398974	-0.0162356591632958	0.0162979795796248	0.0292062411780266	0.0222213277076041	-0.0188775418179112	-0.0575413263980731	0.0211228708061854	0.0238218561941709	-0.0333142170903051	-0.0284395519385035	0.012310887997953	-0.0282152339109094	0.0204578733853647	-0.0103774665334949	0.00935311575320579	0.0478726909027952	0.0286366861422915	0.00759915578929092	0.000737254257025541	0.0327022379130133	-0.0249940757148748
"A0A060HJX7"	-0.0264954774976455	-0.000168324979791581	-0.0151543220945863	-0.0207814256449964	-0.0163970414107687	0.0760225371454192	-0.0293197538222616	-0.0419417980180188	-0.0353934769352495	0.0401422141179691	-0.0384839126507054	0.00846828831029398	-0.0447615101821556	-0.0282174916735306	-0.0299715922385019	-0.0233161038462057	0.0036136628596765	0.00135474854724692	-0.017489605631514	-0.00241114723407216	0.00450670269388443	-0.0161816535032911	-0.0285275401050523	-0.0135659525913614	0.0537575549358618	-0.0140360948490398	0.0298817398702682	0.0100135143050423	0.00280326295832843	0.0108408666530195	0.00208446333720737	-0.00520391536913303	0.0430190945606731	-0.0677242193200884	0.000975150313086065	0.0174618301221149	-0.00863509158703323	-0.0252302125672662	0.0282874587363223
"A0A060HJY2"	-0.024044612899268	-0.0103151338118614	-0.0194153382971785	0.0473187722133728	0.00452188770542702	0.0157949675573961	-0.00165439388741884	0.0295837115553459	0.0443567821752835	0.0697362623581668	-0.044844220187742	0.0252399209699699	-0.0727115875469299	0.0491077249305715	0.0107765910082399	-0.0107776177433395	-0.0129277167545398	-0.00969255750596669	-0.0169394345926241	0.00989467745235546	-0.038387763131874	-0.000890673356544906	0.00603142452093578	-0.0660998146342467	0.00141896127872713	-0.0143369306784006	-0.0176557389115393	-0.020254516847762	-0.0127730719775087	0.0193442538293505	0.0403658721563818	0.0129340353889566	-0.00536322297307049	-0.0155420941035209	-0.0135411277413759	0.0138265054955227	-0.0135064315234898	0.0025870236927063	0.0135682003357306
"A0A060HJY6"	-0.00522127827656897	-0.0113056228032741	0.0400609510410237	-0.0443255671258391	0.0340438540580301	-0.0279677174389095	0.0735052452921352	-0.0196955704351435	-0.0250685473002862	-0.0223483638403469	-0.0168588413285324	0.0113028107116958	0.0556867290913534	-0.00250790490685754	-0.0342526876334021	0.0032210804959283	-0.0350851451923541	0.00583906830724153	0.00361550245542717	0.0428983118711746	0.0278751555614126	0.0617973738011631	-0.019508470069928	-0.0210127862293373	0.0308751511169186	-0.0196579549939178	-0.0492269765775433	0.0447265028169063	0.0123932052687209	0.0162307540563747	-0.00794452686126691	-0.0192360561832979	0.00371018744603759	0.0424192110356281	-0.0190588994080272	-0.0335544959994079	-0.0204292455176159	-0.021561871199368	0.0343729498163816
"A0A060HJZ5"	-0.0259184107328073	-0.0402826188791011	0.0267811150662677	-0.0318442737461904	-0.00139659537022817	-0.00942432537957988	-0.0262800295275719	-0.0375204633023366	-0.020198248819688	0.00465447591522511	-0.0218911234554238	-0.0350416445058903	0.0296538830359649	-0.00425561118436255	0.0425200527671612	-0.0218054794394157	0.0265540256138867	-0.0078594719895101	0.00597917747764715	-0.0264247932830114	0.0080048403020529	-0.00603125187197048	-0.078315634988465	-0.0170009782674088	0.00494637639181407	-0.0412405081922183	-0.0162005812623882	0.0186284168427671	-0.0364315525268276	-0.00538911380829392	0.0514056995966628	-0.00543519397850069	0.0215459061402419	-0.0477938075467383	-0.00813511096965704	0.0171251175672927	0.0046810130613236	-0.00745449019045525	0.0661163563354265
"A0A060HJZ9"	0.0442045802513541	0.0317571457744681	-0.0264684842189535	0.00539012198668873	-0.0164031152046491	-0.0161798516392964	0.00790575091932007	-0.00169439393878672	-0.00142288970475118	0.00505266700003757	-0.0135923827407287	0.013809910532461	0.00534043021817173	0.00574027910950302	0.00634434998853296	0.000232489660243215	0.00443962398292586	0.0254655035680654	-0.0169987161184307	-0.00199926754852875	-0.0226556132522171	-0.0213591603562856	0.00257729065291304	0.0164367711567621	0.00396859281452828	0.00172705626027703	-0.00398586960992379	-0.0223188977083314	-0.00507137424486771	0.0177671927224754	-0.00210986349224466	0.0090631962549439	-0.00550808631737624	-0.00677909115096484	-0.00116962246283252	-0.0122523324660898	0.0144374768454885	-0.00823021396390581	-0.0119002348721738
"A0A060HK03"	-0.0286606930712248	0.0158661578514692	0.0281671772599278	-0.0303240321849792	-0.0279387798421373	-0.0234924576291428	-0.0165044690689247	0.00547467429184156	0.0895022154286226	0.0201035595857164	-0.00235904383774953	0.0155926825187265	0.0381596216043873	0.0161483032557359	0.00393357361066321	-0.0436964701414178	-0.00434965025220722	0.00769551852023001	0.0311430669785777	-0.00288054443307412	-0.024642049695254	0.00913173474048882	-0.0218175686076152	-0.00119151771959645	-0.0034500858105014	0.0213686605470595	-0.0159181784705566	-0.0653360796914432	-0.0312028062504525	0.0452029315285402	0.0245035079894033	-0.0146235697966024	0.00969082396876999	0.0163613949583386	0.0213566232886462	0.00869822900708815	0.0224107582789421	-0.0320121634950818	0.0134303616641002
"A0A060HK06"	0.0127001171251745	0.0297909227833953	-0.061551792166133	-0.00733747537612295	0.0349324860607195	-0.0128782982775241	-0.0400301610226444	0.0162182816409497	0.00294090226663552	-0.0303089633832104	0.00861324342809119	0.0171805621312585	0.0160873439116105	0.056299773825964	0.0115170627915894	0.0422993795523135	-0.0579812524687793	0.00900967205471133	-0.0296280896894211	0.0537389350890048	-0.0258601632754768	0.00848888962111549	-0.0242434937604639	-0.000489918612704535	-0.00268454884885135	-0.0110408375834985	0.0108246152065964	0.0251423677976129	-0.00329607913756695	0.0157443107368846	-0.0181223601315563	0.0252330476926535	-0.0370606675226033	0.000105669857661042	0.0181431601646693	-0.0485112115193101	-0.00248232674574335	-0.0110711551825163	0.00991223367239226
"A0A060HK07"	0.0316763929997391	-0.0466152485632466	0.00645208586881724	0.00129194281681019	0.000626368367512156	0.0357602614905375	-0.0246417204491386	-0.0479036417114372	-0.00567913638260737	-0.00709657259167397	-0.0289190946549928	0.00671671311324891	-0.000242519524081929	0.0139605856442479	-0.037260525882774	-0.0434195070400138	-0.0063135771503071	0.028096490888968	0.00406071877335199	0.0201220447738739	-0.00525988803555577	0.0261068691819578	-0.0130548314470199	-0.0122471827623585	0.0321576098963436	0.0106907233238549	0.000571342505085294	-0.00368064635383825	-0.0135091236453644	0.00495722232032557	-0.00135407063089902	0.0102354297494271	0.0270851290500838	-0.0449839843375266	0.0206370036813515	-0.0109581116810294	0.00974616850533521	-0.00895761735081562	-0.00926018593983061
"A0A060HK11"	-0.0139671799197451	-0.038098691823797	-0.0160618574143622	-0.0447432862940513	-0.0159973292038299	0.0356521782289077	0.0614420936341997	0.0105061070073562	-0.0241792385495304	0.0193559741833941	-0.0439029418141912	-0.0437756335571604	-0.0252445834070734	-0.0247435379947513	0.0259342048121007	0.0168277681813769	0.0087963226813095	-0.00595523277388286	-0.0212044665035456	0.018412060284432	0.0442411445273806	-0.015279016487245	-0.018385571438432	0.0114387077066914	-0.0560911265187576	-0.0229935406834265	-0.0136755059652838	0.00699440433012468	0.0443719185356777	-0.027478519574989	0.0133626847140117	0.0361376807064496	0.0374451023047797	-0.0388694173357847	0.000296727464297138	0.00774549328519866	-0.00975892138146623	0.0133828138836466	-0.011381246649827
"A0A060HK13"	-0.0456813892427478	0.0155931443221307	-0.0175303841482156	-0.00656241950734273	0.00296297670655235	0.0304906894202835	0.00431040897139976	-0.0114378534144118	-0.0168024437199139	0.00549819408442695	-0.00395200119562169	0.00431391990904819	-0.0441608263728241	-0.0019505900010679	0.0191297802482043	-0.00373252110027681	-0.0238700438772223	-0.00598096727259626	0.000607028936138222	0.011200007684895	0.0119402062857214	-0.0321308625656008	-0.0222421329523912	-0.0173058351128511	-0.000599962056682752	0.0154455454571623	0.00511301161851663	-0.00744506283336079	0.0328154912261889	-0.0124426026996296	-0.011452798699185	0.024302495954456	0.0264152807771349	-0.0190866606241581	0.0204278844622388	0.0228044312705035	0.0201667956472633	-0.0238353813009227	0.00451560006741563
"A0A060HK15"	0.0273899805128634	0.0442446288850718	0.0405315372960253	0.00654346905517878	0.00321162317482234	-0.00328996652287138	0.0121050733242368	-0.0276418611065928	0.0148769328406014	-0.00318017001398935	-0.00589098757383758	0.0365731595433261	0.0161717673433423	0.0442452964522806	0.0142824161066346	0.0318421709013794	-0.0219075087209908	0.00124152779535479	-0.0297403785947468	-0.0075104396565919	-0.00575020149172492	-0.014294872770975	0.0212358017274419	0.013457877352876	-0.0649560658999433	0.0468771779774324	-0.0111172187359258	-0.010604714116527	0.00949042696266443	0.0197409966698701	0.0169959463438515	0.0220761555250899	-0.0219819091959197	-0.0283527374281902	0.0397608092589997	-0.0307760700488876	-0.0389581621516622	-0.00625318858704753	0.00350655503220593
"A0A060HK17"	0.0160662123233091	-0.052904475551273	-0.00465893518193588	-0.0164645169670265	0.0382858060024044	-0.00454071002357035	0.00932999012292263	-0.000772488995685841	0.000509902437844976	0.0125810675826012	0.00295099217819684	0.0252663686462247	0.0107032368254695	-0.0668978867509889	-0.0119455148623917	0.00932982778040922	0.0064645909894273	-0.0200113611071296	-0.0325532095970341	0.00806537344997569	0.0672787349596416	0.0318518446849315	-0.0562496441388371	-0.0477993627198567	0.00248392414919346	0.0334422555513692	-0.0134382359208195	0.00584676627769658	-0.040829978107614	-0.033539689501068	0.0349330915519195	-0.0483438607939478	0.00956714125698613	-0.0199762018740951	0.00680707619317601	0.0381046376448394	-0.0173522553736197	0.0376532718120622	-0.0760384068911732
"A0A060HK18"	0.0195332409180699	-0.0247898971323059	0.0321542545791969	-0.00506872618418585	-0.0411775228747349	-0.0526067552506809	0.0156641885405765	-0.0518838185986001	-0.0479603609807821	-0.00236379279367514	-0.00593042774349812	0.0229440682729458	0.0187401018233591	0.00947186605706534	0.0307055516468765	-0.0190359578225633	0.0187782362127932	0.0112400495842416	0.0152056446553248	-0.00122039486877487	-0.0286999739293472	0.00355456994627861	-0.00766912410415946	0.0725267163464443	0.0427556189690868	-0.0211980519972799	0.081552293829364	0.00744518834411667	0.0299705168433957	0.0112639616944598	-0.0174037326852459	0.013615870801537	0.0506566605473254	-0.00853601067976855	0.00796207910941101	-0.0127344887714484	0.0410955734287544	0.0300807798527212	-0.0158481570824034
"A0A060HK28"	-0.00646000699606509	0.0313339401909382	0.035869993420579	0.0317137501246667	-0.0314259496601015	-0.0251461153954424	-0.0322903339263413	0.0176024839720597	-0.0198612365018131	-0.0334398577963905	-0.0437673446408947	0.0138753632674164	0.0279491893661198	0.0224841337185376	0.0267823070074295	-0.000159719272589651	-0.062803061128648	-0.0280731811069591	-0.0828801202849422	-0.0332002363015052	0.0224958167576998	0.0423626695733155	-0.0252809020055457	0.031730684702802	0.00797757262673319	-0.0484290005184996	-0.00890852785446855	0.0611194471298796	0.019726370532185	-0.0229645406874241	0.00771805805487289	0.0325149822956459	-0.00558154381435639	0.0383448543668864	0.0388047619923967	-0.0453670725525301	-0.0326945901125794	-0.0389361007513858	-0.00194309811798523
"A0A060HK31"	0.048531726177527	0.00960048854242945	-0.0169389575870689	0.0241975479960506	0.0185939098001705	-0.0028342737754246	1.34101853699021e-05	-0.00349448585316844	0.00600746668830014	-0.00686252243654877	-0.00742578411001733	-0.0204717196852386	-0.00534381045875382	0.00314487531537194	0.0074343513426367	0.00911047165679855	0.00740484185373595	0.0153340595242552	0.000937922661605061	0.0057974215863114	0.0147264796790881	-0.0167140213764945	-0.030823570211393	-0.00461498378467756	-0.00217359053722294	0.00882170689966241	0.000476830713647063	0.0119436185272429	-0.00163881842051654	0.0176994581151534	-0.00495139639797485	-0.00853685343613981	-0.00638160553281564	0.00586851477505291	0.00712192339828864	0.00843031747628388	-0.00796711710365135	0.0121010572264289	-0.00667393394103208
"A0A060HK34"	0.0058225569563711	-0.0133145693089364	0.0264126174740133	-0.0212083565273389	-0.0252173211048068	0.0736950893174917	-0.00465093336899836	-0.0572195004245701	-0.0643925083482262	-0.0372367841855045	-0.0414267941309413	-0.00493394432733243	0.0681977377846411	-0.0144019497519927	0.0192702170860227	0.0100896134018754	0.0209953425939442	-0.0800536132092261	-0.0250680061465194	0.0226016379568385	0.0119401201882701	-0.00391810379379692	0.00861054983511282	0.00378608684860789	-0.0143008801055875	0.0114106468821125	0.00136968616748798	0.015841241726901	-0.0158742052829867	0.0153599143416555	-0.0274528621635499	0.0111751382076604	-0.0332596867967917	0.0330785180833851	-0.0240481633434272	0.0114847507232166	0.00545532319023425	0.0279143243173151	0.0113281486379394
"A0A060HK38"	0.0307375552939422	0.0199013890960991	-0.00294830138641909	0.0317733344348103	-0.000760904715996978	-0.0469743053549668	-0.0177489037959502	-0.0164733396202881	0.0165876174173877	0.00734844553299419	-0.0217868358675949	-0.0468571060826453	0.0464838837195191	0.0625008970056189	0.00613112657712486	-0.0540902893669765	-0.00816407088441255	-0.0490266486268568	-0.0163270499897822	-0.0297579717488438	0.0471371007235594	0.00574989980962026	0.00721383230242604	0.015689742978053	0.0210923790158614	-0.00153488819951682	0.0188486420285748	0.00986503989623015	-0.000298957969409709	-0.0290847889614843	0.0336747936771565	0.00326879658067031	0.0166013768731738	0.0244524883783245	-0.0126872993964064	-0.0104351024524363	0.0443526361418662	-0.063181552721969	0.00837641270108621
"A0A060HK41"	-0.0260783281039599	0.0552225833796901	0.000301938308266724	0.0132142401044098	0.0304657472094145	-0.0181487753319583	0.0331832764540872	-0.0123247906933962	-0.0139943476530484	0.00990583656873831	-0.00585762612985915	-0.0476051470268265	-0.00545787488389681	0.0197493990491355	-0.0100610771547008	-0.029094110199111	0.00201616790873437	-0.0298835996053394	-0.00131361413532472	-0.019996245406003	0.00901984138989824	0.00171201165693794	0.0214076372290204	0.0225106100219899	0.00546022039094518	0.00843564852587528	-0.0157968201252078	-0.0214494239487711	0.0122525172542439	-0.0552154922703724	-0.0186255081001508	0.00246821282465438	0.0232463232001026	0.0145928322949951	-0.00161789646101588	0.0143033540446545	0.0024225073106466	0.0320147524982652	-0.0120285860049893
"A0A060HK42"	0.00373392766880356	-0.0109807136754767	0.0571237943645682	-0.00876298236051757	-0.0681207799849172	-0.010674702863961	-0.0269846709564665	-0.0471608454521524	0.0165494305128824	-0.0156387533927901	0.0588274874581816	0.00430361223846895	-0.0118327474796175	-0.0225735980922298	0.0123388562718503	0.0178205782714254	0.0397739253201551	-0.00622919246544721	-0.0325036819714355	0.00836662315016911	0.0205338095144446	-0.0185919631882733	-0.00870660897072296	0.0582883318943795	0.00980532851639701	-0.0471528234776524	0.0124637603563775	0.00259863164842107	-0.00934942728064472	-0.0231473948576599	0.00469471618107245	0.0386806176160129	0.0100802069108154	-0.0355009688355727	-0.0161669313993607	-0.00966986900512888	0.0147194306980474	-0.0147684653025161	-0.0367006353456487
"A0A060HK45"	-0.0377643554797754	0.0392414855001243	0.0137558150883437	0.0194641984162845	0.0150613981323039	-0.0428381919381411	0.0158199899638436	-0.0129932089752687	-0.0101064355316854	0.00843834610784714	-0.00341363650414047	-0.0169696246397478	-0.0180992480591923	-0.0353563892900181	0.0154326517477327	0.00696489549897829	-0.00494051017410821	-0.0172467107916249	-0.0254406445667154	0.00900955777623121	0.0132086187418393	0.0163649482308081	-0.0138811431501269	0.00491712205588494	0.0277246301087408	0.0154601471942674	-0.00910691914738682	-0.0113577732247074	-0.0144060371920563	0.000971181650228012	-0.00753975342460457	-0.00386137627708572	-0.0243395440905171	-0.00244043095703368	-0.00721352128554572	0.0319040551797325	-0.0152572414543123	0.0059913740165603	-0.00468518690126257
"A0A060HK50"	0.00154687292854169	0.0267166162061455	-0.00485121697383293	-0.0321132377321772	0.0297477562685724	-0.0487172060475461	-0.029217733208227	0.0133077170467011	-0.0892392035667066	-0.000671159905019824	0.00486122948213503	-0.0079005160580643	0.0123855230445793	-0.0570788127248806	0.00401743256789371	-0.0504737592113821	-0.0225383845409809	0.045396528222184	0.0225291788547369	0.00620968048125686	-0.0819651393729187	0.0647240721758338	0.0125356596928749	0.00424038753071106	0.0483261330585964	-0.00739574965864589	0.0556365777448898	0.00643715964748742	0.00665579741538405	-0.00852772736310825	-0.039428776218825	-0.0187822586160083	0.00578324105831256	0.0287265030146485	0.015478514973125	0.0031335150010989	0.00525757723353271	0.0135597725459037	-0.0233394618120261
"A0A060HK55"	-0.02162941712148	0.0198519688708891	0.00544311876236196	-0.0660193510788102	-0.0364554381850135	0.0412412072401945	0.00325576382523668	-0.0405866764890083	-0.0340232004910881	0.0233879905864609	-0.00825983785889375	0.0254377874984788	0.00314639357592173	-0.0249878853055745	-0.000520290917957573	-0.0150074502044882	-0.017464477960011	-0.0410887997668429	-0.0268497972969629	-0.0418313041816051	0.000613075730481085	0.0434529950434018	0.00644281299624307	-0.00812394533880275	0.0234600364227012	0.0409230629970013	0.00762021611001566	-0.00681419524907253	-0.0107321642160183	0.0154436749673071	0.0107543613700534	-0.0163319811152343	-0.0149402187786381	0.013945231967609	0.00697007009592393	0.0302784676143147	-0.0175507897841555	0.0153789261228354	0.0136192291319244
"A0A060HK63"	-0.0477689678655616	0.000781501450062167	0.0132211354744787	-0.00586891468021075	0.017515070737993	-0.0196209922372266	-0.0078178450812564	0.000848757505380583	0.0204775197054046	-0.0148710259807024	-0.0214275512285107	0.0260936427108202	0.0148474727889753	-0.0251166174872763	-0.00780543068699045	0.0205407545873565	0.0171484144709243	0.00531220562628213	0.00271102567326287	-0.00104671498507935	-0.0162035730864748	-0.0215648907267196	0.00126589629985184	0.000912056642960363	0.0337076236589669	0.0306846740482372	0.00681982523755749	-0.0032706166321557	0.00558997402249892	0.0109750839487888	-0.0257268833960735	0.023467441740477	-0.00228469584662629	-0.00902405051812225	-6.24097150089954e-05	0.00752219309474499	-0.0238752210646629	0.00700652184470463	-0.0172676257893407
"A0A060HK65"	0.0264344022102284	0.014857351922546	0.0144745394263234	0.0109006319782436	0.037825143111558	0.00831127028781014	0.00824462375140583	-0.0469328376915107	0.00759451906207052	0.0331962747344913	0.0224649014806211	0.0122229517088912	0.00585845774318897	-0.0169915514302431	0.0266260468415908	0.0201141304056028	0.0549583268596268	-0.0813580924245701	0.0186646805189448	0.0503266108452706	-0.0747218035567445	0.083926032494541	0.0153530737389796	-0.0195446565414215	-0.0392546105870999	0.0139267333469506	0.0162396042151803	-0.0208294198670308	0.0218823117360187	0.0507432021930454	-0.0443410555507159	0.0268787823563861	-0.000907565536210566	0.00214739078814842	-0.0138812564987425	0.0242962990046931	-0.0190284346368338	-0.0271223116856984	0.0177857453170954
"A0A060HK66"	0.0431132873620839	0.020289453161114	0.0431969846149777	-0.0226057758009501	0.0159805691288784	0.00858605234436182	-0.00841362747391818	-0.00502250899673269	-0.0135091995193627	0.0139321202228264	-0.00316689170135779	-0.0131386213397499	-0.00664024775869126	0.00753172327194574	0.0068047129099443	0.021566423436988	-0.00436279329416096	0.00561736716839625	0.00225722965341454	0.00429508313127198	0.00539063049918224	-0.0102726618782712	-0.00215036982517028	0.0199415738076579	-0.0109720336462498	-0.0144976768796346	0.00134447655907059	0.00136251151058194	-0.00785095972443537	0.00350726073425125	0.00837590879755836	0.00780762783228747	0.00516660764344371	-0.0016077500493625	-0.0151090349805141	-0.00082708785681909	0.0130420716581929	0.00374818628677452	-0.0041251576092482
"A0A060HK71"	-0.0131047501701061	0.0277682630345179	0.0124105083989086	-0.0126422334827239	-0.00798509443803765	0.00725422918600123	0.0396484153861321	0.046572220607239	0.0523434131824753	0.0145234604275046	0.00964054326703861	0.00446828999318985	-0.0772882724345708	0.0178772932094364	0.038837600761909	-0.0172267795636089	-0.0321680244840496	0.0427035270430809	0.0490951940507605	0.0486145346691215	-0.0439229455822358	0.091133014493578	0.0168272896820788	-0.0569356118876388	-0.0319240594283403	-0.0388961765876027	0.0347966206219301	-0.0292438775523253	-0.040643667867758	0.0153404101873298	0.0151489974384422	-0.0514668705373052	-0.0400398486335999	0.00447783655020096	-0.012549453490636	0.0203931286222704	0.0257487668560925	0.0487537160878402	0.00160847355315099
"A0A060HK75"	0.00786599955630854	-0.0490118505215426	0.058992181413452	0.0375356722133874	0.000135951394471889	0.00323443220202498	0.00399813344491414	0.00443647576102341	-0.0226075316848436	0.0139745719054287	0.0164635095830261	-0.0371370826234929	0.0138869022398269	0.0154158214602584	-0.0167299055238503	-0.0153283508315751	0.0163211400982808	-0.0164196536561423	0.0294934353766338	-0.0367578715706014	0.0057497808221432	0.0163440374349929	9.67049101597136e-05	0.0142325884450609	-0.0317816969960057	-0.0110060261009922	0.0173949662600979	-0.0279896143123324	-0.00695500555893098	-0.0520735717642816	-0.0179907430325874	-0.0356055269546789	-0.00928389617434079	-0.0265032295728555	0.00124163052506316	0.0161665726728911	-0.00156225604879615	0.0312119357228465	0.00909766506620148
"A0A060HK76"	0.0367933528344581	-0.00918410186973994	-0.00857331838201681	-0.0133192371158446	-0.0185738894653501	-0.0080120913163061	0.0611444264802768	0.00195904056001667	-0.00596490214657402	0.00641691970748611	0.0234147819711181	0.0142555362588995	0.0520673687377743	0.0214766101094785	-0.0159664284006153	0.0190062737747918	-0.0260754473136879	0.0027396183319445	0.0166677291354338	-0.0447315444734117	-0.00466670909575418	-0.0259265465854492	-0.00509095564080993	0.0114462475285154	0.0292118045330198	0.0078622774285474	0.0166687653512795	-0.0721524249931062	-0.0482172374851253	0.0086014361719157	0.0742929391386521	-0.00639655773183221	0.0104160051717143	0.0500500797807609	0.00293420555534564	0.00697072108151491	0.00105599116131845	-0.0126827554094578	0.00324945986248416
"A0A060HK87"	-0.0417926734682301	0.00899250070573588	0.0131452070934483	0.00955572158108162	0.0323394108107772	-0.0347728989867816	-0.00724892183735994	0.00445177928221873	0.0316138050551402	-0.00939048523716363	-0.00621633082270947	-0.0644370690824352	-0.0193082667332018	0.0256920178615982	0.0196126975305967	-0.0236728029102037	-0.00287274666610991	-0.0117856767953137	0.012841048693268	0.0192082087594958	0.0183658864106659	-0.0212833207339297	-0.00473766207550271	-0.00945282236811806	-0.0124927509178722	0.00246521392654832	0.0130426749505361	0.00827685603995834	0.0126431029665364	0.0311678701787839	0.0163635879638156	-0.0180699882466929	-0.0100262355045493	0.00694830948821025	0.031842252621205	0.0180431952107695	0.0117807271295012	0.0262726017040873	0.00326970404133744
"A0A060HK91"	0.000579229688041701	0.0216153799048077	-0.0422465342623305	-0.0194515944792575	0.0663989208497203	-0.0634384953186237	0.0164824674925653	-0.0389593115784849	0.0190493105251946	-0.00323946681651296	0.00893235603679369	-0.0654910480396239	-0.0175405325778253	0.0137076107723102	-0.00462950846120063	-0.0194471902354536	-0.0219536893678212	-0.0197865906080165	-0.00705891892836128	0.0175763195165305	-0.00197407967046728	0.0224827775664053	0.0220889991043839	-0.00417879064824785	0.02066253786354	0.0231712648833837	0.0204398130472328	0.00474088695653747	-0.00375480019899827	-0.00333505608691956	0.0120787595804401	0.0159509716698797	0.00224767917531095	0.000628080113588286	-0.0451238650595885	0.0598049423808829	-0.00301315975458071	-0.0148650056506576	-0.00312841575085605
"A0A060HK93"	-0.0122205964214684	-0.0210779645421769	0.0183034401061406	-0.0156289422386716	0.0243125798932607	-0.0326135838303632	0.0136669056790404	-0.038313970775846	0.0592275152545881	-0.0281748773052829	0.0474408795754472	-0.112929204401729	-0.0574607870661094	0.0238108928598325	-0.0113206235545245	-0.0122677638362445	-0.0197831524557417	-0.0197508713652654	0.0130091776230029	0.0151345556960002	0.0288163823179148	-0.0214967104906448	0.0232246548562817	0.0289967818739442	0.0355294639627753	0.018690809116127	0.0352114863818659	0.04056549288866	0.011024485533024	0.0207167432907393	0.0261596282809709	-0.0170766560198996	0.0394144961963048	0.00324349282694015	-0.0378709740675064	-0.0583184801260651	0.0162892840157177	-0.0137772411314932	0.0053088889353317
"A0A060HKA6"	-0.0156281307861119	0.0371270100093501	0.0346597275747925	-0.0189125512365491	0.062198507046665	-0.00158632988249747	-0.00681484806322848	-0.0464235260808453	-0.00795790415805546	-0.00395882578703794	0.0220362664577311	-0.019205610411241	-0.0207215335830228	-0.0218477663092987	0.00306407927919582	-0.00381467461537347	-0.00334417602443531	-0.0155698018167113	0.0372751061486334	0.000257346466462682	0.0249479032185637	0.0065007452103193	-0.00492821813504669	-0.0184712302698001	0.01096512009057	0.018496025121363	-0.0113249521873604	0.102036529315875	-0.0311100528013182	0.0286583436018443	0.0461957780570502	-0.0254689691109483	0.00269126748056976	0.018190081381443	0.0401528088688548	-0.0130478637410148	-0.0249205720219105	0.00564074565199816	0.00943272670611211
"A0A060HKA9"	-0.0460585628582006	-0.00131465382665759	0.0125305809896785	0.00243539075376147	-0.0284316557508901	-0.0178978203142394	-0.0106326695981129	-0.0225555724568273	0.00156011580679954	-0.00209225752258721	0.0283106887412034	0.000850473753218586	-0.00873434885910548	0.00786711286896515	0.0168023792671282	0.0144511893028219	0.0117671122776517	0.0360581415185023	-0.00290493794987079	0.0113723003651474	0.0125156400714583	0.00313089803463383	-0.0104320534961712	0.0209364585455384	-0.00339632751956355	0.0338243331124539	0.00588460034783336	0.0302583909920657	0.0102705739170407	0.0150574681156253	-0.0264809944913286	-0.00662692967153293	0.0414161411816531	0.0287898915318549	0.0367343102083151	0.00419577535312422	0.0329677945671472	-0.0230408103683852	-0.0250478991123738
"A0A060HKD5"	-0.020473354194085	0.00544359070058878	-0.0438110491922264	-0.00267041896053109	0.0609151032412627	-0.0509513946955918	-0.00129494312622533	0.0136541727715914	0.00208890367315907	0.00505865821501475	0.0438431663867953	0.0241086460498027	0.0319296963974978	0.0464433936174442	0.0358844699998847	-0.00574758198987953	0.0252875871514895	-0.00946309271501787	0.0235723556601475	0.0131202124469218	0.0208386380105584	0.00527162340848181	0.00126631413045622	-0.00264013154092506	0.0414155135836215	-0.014597494366934	0.0138487690992233	-0.0129186910643362	-0.00337824648058704	0.0234521489981917	-0.0583396483560785	0.00301224482102427	0.0552199581113741	-0.0609670517939766	-0.0288349556228906	-0.0210642176491281	0.0301217757862553	0.0144840852160205	0.0116720581526453
"A0A060HKD7"	0.0275081841072881	-0.00670047808371863	0.0423243980044778	0.0285424536354349	0.0398692884047928	-0.0175688507425452	-0.0343629142340284	0.0146285034429077	-0.0169368314506526	-0.0341695279971054	-0.00950502294646059	0.0272160203371538	0.027607223589302	-0.017522475988639	0.0428545811903632	0.0395936569234186	-0.0150413445476888	-0.0174378653708901	-0.00486848062200291	-0.0329597365120347	-0.0468604257435263	-0.0202892093477829	0.0260323493175412	-0.00414485200904293	-0.0023780327337095	0.0115567303840306	0.0210839398964988	0.00895044875662622	-0.0870704529527442	-0.0256303746805925	-0.0274193274057868	-0.0134466435031795	-0.00873275156228317	0.0369117644930407	0.0363792264231211	-0.00285804376066052	0.0197637560112948	0.0136593135290697	0.00662979125595048
"A0A060HKE5"	0.0375169943644521	0.0102957123602128	-0.0452526009776677	0.023072689819951	0.0248293107317581	0.0426245364329645	-0.0275626059754287	0.0143851477450069	0.0113798275055057	-0.00258407063811415	0.0225309793214952	-0.0104494936692481	-0.0122489511174329	0.0155432593848928	0.0192401454779791	0.000209930314748477	0.0121618992157144	0.028523364608353	0.0274950256177844	0.00724692759369756	0.0166944585470719	-0.0227359274702375	-0.00194917626715675	0.0246862054814948	0.0245708347861711	0.00364381141314896	-0.0109733903871289	0.00367577248208176	0.000904389496715161	-0.0168421643241161	-0.0253077023535226	-0.010941770446562	-0.00446257277794964	0.00493724677135884	-0.0111812203419972	-0.00476857345932534	-0.00564880499888554	0.00223510943619989	-0.00566644199111086
"A0A060HKE9"	-0.0326066043469815	0.045344693231329	-0.0137713222478202	0.0225050185044823	-0.00399851822038213	0.000170210198157935	-0.0436653060513176	0.0250792829969194	-0.0383122356840161	0.0222288719392857	-0.0130931420464873	0.0137349516304058	-0.0159808978790457	0.00127278205987371	0.00893872924288029	0.0459324002995294	0.0159645347138596	-0.00874803161884779	-0.0172457939779593	0.00863385318660366	0.00164710911939851	0.0126133349407944	0.0130398751167517	0.0174893401240262	-0.000450088491373768	0.0130309435844683	-0.017174578490859	-0.0113814694767285	0.00554923425051329	0.0223328972470484	0.034251759709338	0.0237604264689216	0.00645636056559113	0.00772396580015976	0.0162082496275145	-0.0192951320031954	0.0242046898375167	-0.021748826741425	0.0127121191716921
"A0A060HKF3"	0.0245196482290441	-0.000917135263511316	0.037587528412033	0.0026619933050008	0.0146775587191138	-0.00364933084699076	-0.0242714540246045	0.0347667359337932	0.0262064520687179	-0.0142968272240134	-0.0234324171214029	0.0296322118626609	-0.0103499262558997	-0.0129269534565688	-0.0038080521436551	-0.0107107897755584	-0.00773528061463652	0.0907402242304652	-0.000331515050400791	-0.102308363261166	0.11535701578769	-0.0240524311663127	0.0313408403428233	0.014901734261116	0.0415880932978044	0.00595652614145324	0.0207538940698551	-0.0184050750350087	0.0352624930025003	-0.0105328874107296	0.0270494579661351	-0.00739304753957874	-0.00129651306094758	-0.0253716779858869	0.0135292000238104	0.0139501108141932	0.00664865480117737	0.0165232975090282	-0.0133387523428683
"A0A060HKF5"	-0.0199852930648	0.0244098430505253	-0.0536187416288207	-0.0197687799391985	0.0479999238006711	0.0371638335459819	-0.0273439714389389	0.0166497589205025	-0.0145374356239158	0.00881263234576183	-0.0175405110866443	-0.0149697097753623	-0.0385577713013269	-0.0291710654640722	-0.0343007073011454	-0.0276077688030571	-0.018077321899728	0.0253160388410387	0.000680416328769725	-0.0169157557904923	0.0292914965223435	-0.0287210272156626	-0.0458319297880474	-0.00246217477790591	0.0213014010990754	0.00900718821322454	0.00859023581640572	0.0136155993471402	-0.0170348981675816	0.0365011886905232	-0.00719690141252177	-0.0216814510230726	-0.0109991466626775	-0.0217602288857178	0.0200778730565309	0.0298788055894832	0.0479623474894648	-0.0179040027103902	0.0314592445706125
"A0A060HKF9"	-0.0388840530770552	-0.0226820360350909	0.0239863626688553	0.0113358879748614	0.0255418101958297	0.00825496812516829	-0.0181307568216135	0.0209911527013861	-0.00326996327570752	0.00436778874210388	0.042400982054461	0.0305844721617322	-0.0247178871858627	-0.00860660993461189	0.00427952283695467	-0.0408122857777993	-0.0173606246612333	0.0117501391892066	0.0236717620201324	0.0192659592944935	-0.00367001783542357	0.0283758330180568	0.0215960383730178	0.0509537758545326	-0.0264113319791679	0.0316062437820881	-0.000616902988863864	0.00360279095932891	-0.0120148656331264	0.0493309151710825	-0.0373325389451061	-0.0305051687502769	-0.000264133275536202	-0.0151527285467891	-0.00126068752030823	-0.0296147909829824	-0.00890417766583426	-0.016895972089104	0.0102245417478628
"A0A060HKG5"	-0.00683944710703533	0.0140444328369557	0.0411661833697443	0.0115716875456796	0.0447242739144888	-0.0437075872669462	0.039390105285093	-0.0193263248594139	0.0189619645902524	0.0260361140289229	-0.0234509939392462	-0.0533161128179092	-0.0596307700466865	0.0449869952170924	-0.0164451317547191	0.0184244078547267	0.0352807092681608	-0.0310113046282065	-0.0479630946129965	-0.0280718929982235	-0.0160904008419239	0.0338499060976479	0.0271363703068048	-0.0291319795385193	-0.00727673418058369	-0.0110282822318719	-0.0277746443047988	0.0620265688481421	-0.0279896338437617	0.035468832129538	-0.0622213793219938	0.0220556285485041	0.0202658552273539	-0.0172624688125303	-0.066280365263274	0.0145665616610564	0.0126238132634266	-0.0433822712155539	0.00470128792473286
"A0A060HKH4"	0.0120312320948696	0.0117054643416535	0.0115160086154489	0.0325539245523443	0.0297614002041165	-0.0347078337256202	-0.00765519033407417	0.0144330006301252	0.0175037790539596	-0.00200037776996102	0.0836416768723802	0.0566674470414468	-0.0278756386805266	-0.0375705383816162	0.00990230343976031	0.0320863730479681	-0.0378301912781303	0.040623620561794	-0.00214828861851817	0.0229266766482477	0.00729559007724026	0.0396499756980899	-0.0588024591628494	-0.0393801713702461	0.0377692600895208	-0.0115643836861775	-0.0525340097472996	0.01514799154726	0.00679369213493931	-0.0367739768106783	-0.0365718441128707	0.087653745820194	0.00820217358696801	0.0053795507763872	0.010193272502245	0.0255757297169503	0.103797359379601	0.0853345850066382	0.000387372078802258
"A0A060HKH7"	-0.0447671973441914	-0.0105361318181795	-0.012956788688281	-0.00241977785481573	0.00722497433148599	-0.0125933795041171	0.0167453418871251	0.00465779671081889	0.0174181095480068	-0.0086068375023522	0.00701676959390883	-0.0054502857378176	0.008998530097036	-0.00311813299658268	-0.00335030303474742	-0.0222538642493165	-0.0138779849017118	-0.0521074414459895	0.0257629510274904	0.0299664628231112	0.0145237429548385	0.0474132888449396	0.033105412987918	-0.0530590000922765	-0.00367318844015292	-0.00708749611004458	0.00622522777909668	-0.0255510515596187	-0.0415312572224273	0.0230672091661704	-0.00655398863569456	-0.00518922738699151	-0.0146286876685859	0.00668014525949315	0.0443263535976418	-0.0216629773122798	0.0311389818673883	0.0288193506658537	0.0178893699752876
"A0A060HKI3"	0.0368835363062296	-0.0132737293132658	0.0298908110280496	-0.00280269244309445	-0.0187835770033007	-0.02044633314237	-0.0239097403719103	-0.024842768453071	0.0167839801631448	0.0194316782701274	0.0497192658414511	0.0548418131761604	0.00684993757808894	-0.0132700102048984	0.0408957780497421	-0.00320120905349817	-0.00147547858686158	0.00803594086929392	-0.028092178515954	-0.0111755003887158	-0.0127148400221355	0.0509998005166928	0.0385499703309272	-0.0553811327286709	0.00645685017218799	0.000997926019124746	-0.00230228194119392	-0.0380363087026671	0.0140802693126394	0.0333444834692394	0.00113429240103034	-0.0157443127046027	0.0209750156457061	-0.00570702895897343	0.0338478217950879	0.00607178789104798	0.0123698309855475	0.00415084066355629	0.000287999667392658
"A0A060HKI6"	-0.0289021867062889	0.0299138436888281	-0.00926656505651265	-0.0152473015826902	0.00106340641170573	0.0391737193628064	-0.0880103733633106	0.0314442333280305	0.00606323103408347	0.0127850521163759	-0.0109178061929336	-0.00372276941111552	-0.0242009934083573	-0.0100414070400303	-0.0367899349506785	-0.00229107189772582	0.00440606040443664	0.00397563494127875	-0.0168783661916642	-0.0111703148537024	-0.0473765381052278	0.0114804065177884	0.00448043057990339	0.00639966759097798	-0.00773629670073191	-0.00771407403041179	0.00548058305640107	0.00844656160557332	-0.0154050076909868	-0.041820637532672	0.0125333813847272	0.00664057041754345	0.0331841087904768	0.0178685684122823	0.0126193877647498	0.011346666733773	0.0471169777193871	-0.00170574887484214	0.0369998074854841
"A0A060HKJ0"	-0.0223803162117462	0.0254070682550419	0.0139377179847275	0.024579607039506	0.00586601168586705	-0.0471496986083688	0.0312592467202163	0.0296927934353833	-0.00497973417681916	-0.0759368375680878	-0.0211121389325687	0.00496132995439129	0.0159680616643826	-0.00491279707773389	0.0215722335709543	0.027401446211969	-0.02830027305119	-0.0423012561295793	0.025694360566169	-0.0194535567632526	0.0335026563197437	0.0165311855055776	-0.0168818995431534	0.0112086534588519	-0.0332318649352701	0.0143083888645825	-0.0380755007855042	-0.0587504717557488	0.0782922485502405	-0.0173438779345359	-0.0607428669763093	0.0365308499163275	0.00735945576334274	-0.0684904674458894	0.0205053273776951	0.017898496556101	0.0153307199858683	0.00776007419183774	-0.00558634393415789
"A0A060HKJ7"	-0.0252051399964002	-0.00967655360367411	0.0139149690098955	0.0228695976706479	0.0418037807428492	-0.0677392213324413	0.0104783772029142	-0.0396246386393048	0.0103657644514384	-0.0223782888527331	-0.0294573153092121	-0.0435272829725603	-0.0263768843518791	-0.00346898458045435	0.0210798276262916	-0.00806063594574224	-0.00927423025046988	-0.0176791009139904	0.0046098035839354	-0.0156735656171227	-0.00435123823093751	-0.052116835045788	0.021533350498946	0.00113660602366094	0.013386863423789	0.0333058369335811	0.000789737600354902	0.0526686344152373	0.0341397962085573	-0.00553045684896242	-0.00988984584973536	-0.00814058829507153	0.0482542442803557	0.0367532493681025	-0.0926950204228122	-0.0332715502890738	-0.0405127875852461	0.013562665272491	0.000908325012394389
"A0A060HKK0"	0.00347566997310308	0.0405768349105942	-0.0067457767487422	0.0584535356538128	0.0121791664183845	0.0387977265113671	0.0281835772264288	0.023504623702412	0.00920361620649544	-0.0235392389693382	-0.0370813587558411	-0.0587813332982164	-0.00581477032881204	-0.0618821199874188	-0.0124644871395766	0.0159947888355772	0.018380495972103	-0.0472820385857029	0.00878291425507572	0.0274715105998424	-0.00168457001525901	0.00699149525875418	-0.00609272225080844	0.0102039604498776	-0.0161188366662872	-0.00322401935253632	0.0231736794071945	0.000709505899884575	0.0126401776740111	0.0120565304559539	-0.0739846730523435	0.0276332119206313	0.00397206346032007	-0.0174363845802985	-0.0187835253119189	0.0424187672424928	-0.000204563715885995	-0.037428469211443	0.0298065354162139
"A0A060HKK3"	0.0340767132323009	0.0131498105593108	-0.0401822918619028	-0.00624127225832969	0.0447419724913905	-0.00478069464163951	-0.00958476584883537	-0.0109418527514295	0.0648323920692493	0.00254283388811306	0.0260388900597634	0.0173062859699174	-0.00371754476739999	-0.0216299387233759	-0.00604116951047422	-0.0420373758090295	0.00210758806698988	0.0121789286198127	-0.0300156448945618	0.0160228180032846	0.0354619773373675	-0.0165808794102085	-0.00523200578993307	-0.00930959145239802	0.0148323326687267	0.0120968339693979	0.000448932898719088	-0.00737479272873004	-0.034906359418371	0.00724614261230835	0.0198014071862942	-0.000610019816112981	0.0409792467033082	0.0346017789562463	-0.0237753968529136	-0.02050760470338	-0.0200365224899325	0.00830537222176373	0.0405229222488266
"A0A060HKK7"	0.0238113040634013	0.049275281504481	0.00331746364406921	-0.0504832879321875	-0.00460086531472055	-0.00566972012884438	-0.0159286521296057	0.0372249284091691	-0.00255250500178832	0.0108910149220632	0.0216566460383938	-0.013585811470011	0.0125659977955193	0.0136731121216541	-0.0144609582747603	-0.0138246271219566	-0.0287992891063625	-0.00219370740399051	0.0427242643779343	-0.0150787589095427	-0.0153868569410153	-0.0140255460893964	0.0270374995844154	-0.0404118282126082	-0.0348380322257403	0.00519900949020104	0.0231672489689506	-0.0160423674423007	0.00908674324210826	0.0314279939879213	-0.0169765068479086	0.0215954726417309	0.0231472359062395	0.0154985605239616	0.0458705642298522	-0.0076674368869094	-0.0322447162105809	0.014420151711797	-0.0349568442176239
"A0A060HKL0"	-0.0113064630709024	-0.0203694501808895	0.0498457656425557	-0.00399674338089086	0.00513273072038753	-0.0238227076238158	0.011875909897287	-0.0496201439941589	-0.00662423935468718	-0.0128473847667621	-0.0287473246373046	0.0562707127211001	0.00349200520720009	-0.0338020673079943	0.0550206958434346	-0.0143488482904553	0.0194552024781007	-0.00271515160113646	-0.019160335984281	-0.076461239980968	-0.0091539760511118	-0.0995076680843559	-0.0182645134418869	-0.0292855534216641	-0.0311330810913205	0.00424321272420299	-0.0667562495123675	-0.0140324471659013	0.0533242338218341	0.0152306539718309	-0.0284546865924388	0.00137432687905191	-0.00573598218078899	0.0566845790462162	-0.0327327765687055	0.0240088731507008	-0.0456846990251155	0.00416920012926826	0.0598403391213743
"A0A060HKL2"	-0.00525925163048891	0.0220725280509671	-0.0287839605422801	0.022854941020288	0.0505190300517213	0.0242611669294662	-0.0690165221710451	0.0183861481162185	0.0358489778516742	-0.013166588773403	0.0201379881945612	0.00172735725194086	-0.00642660669870262	-0.0139328725023312	0.0539096790288168	-0.0560535926028927	0.0215964370115081	-0.02188090875332	0.028697042730907	0.0200564041946916	0.0294227935692512	-0.0279663778222076	0.0175824061841263	0.0223200064765811	0.00432924335256554	-0.00964896455439066	0.0368569087176622	-0.0345059184270902	0.0137910403355311	-0.0342316620318573	0.0808454645570504	0.00614914553868437	-0.00454179351682238	0.0203903340160949	0.0178249317704393	-0.0413231066216664	0.0128416348791994	0.103235003848366	0.0703538582403952
"A0A060HKM2"	0.0342069881632431	0.0282883619567682	-0.0401696425159824	0.0034757545574184	0.0101721983822299	-0.000760547042367101	-0.0454714225695624	0.0364071980856563	0.0118571235160321	0.034793113787293	-0.00752914423917526	-0.00796305630913195	0.00502741771928133	0.0489412437353163	0.0112700602204876	0.0109653174733481	0.00846716396536126	-0.00978183399549235	0.0142313970614165	-0.00366207968087689	0.03348589350412	0.000931581451039213	-4.06986582380222e-05	-0.000221948724399631	0.0200719899610303	0.0345084977128705	0.0129659953775923	-0.0240720131107159	0.0248990977696157	0.0106701104136785	-0.00446297893675255	0.0184129543978538	-0.048545577599907	0.0120115863297337	0.0187676687202859	0.00473673401347964	0.0395408756266311	-0.0239025593389948	-0.0171886586188762
"A0A060HKM8"	-0.00513133521300959	-0.0283159547783429	-0.0324115209448882	0.0480014644181281	0.0270088957414196	-0.00628383788120359	-0.00271743315103099	-0.0488515570625675	0.0203692652167431	0.0332444862056179	0.0194907804146894	0.0771952250249599	-0.0204128103010998	-0.0173029356253733	0.0119425068167738	0.0336499264304868	-0.0669095346260212	0.0038974726373945	-0.0206094889069275	0.00655977210776969	-0.00533196916960543	0.000733845291579414	0.0439214555648544	0.0139765891929454	-0.0086476673109303	-0.0484786049534746	0.0483853430428603	0.0090938905817258	-0.0210718764612723	-0.0447134627956207	-0.00501809481085235	-0.0320202003865819	-0.00562940393855339	0.0305803203396247	0.0837052701335579	-0.0239312812946173	0.00641394523293842	0.0139906579309476	0.0400261599823238
"A0A060HKN0"	-0.0476906528708275	0.000647781781844893	0.0291571125044852	0.0171480191162185	0.0162330910318408	6.98870107173098e-05	-0.0071583649444428	-0.00443790025399063	-0.0136326517565044	0.00344548206073786	-0.00390541557680803	0.00587989951863844	0.0115961167889106	0.0114434220701691	0.00102025701883532	0.00997564493945434	-0.00172583348615966	0.0247650391752325	-0.00927255481161814	0.0263362545562505	-0.00035071761324685	0.00970752931454286	0.010679391501937	-0.00624469717151055	0.0189166371483378	-0.0207264114443207	0.0106894918403022	0.0101049172945905	0.0162455298401466	0.0245124797585974	-0.00376971635726377	-0.00318349531027811	0.0135924934529647	0.00868239965758845	-0.0166682031848208	0.0147488495939023	-0.0201245667860699	-0.0130516783102871	-0.00089461491541642
"A0A060HKN1"	0.0347422029979702	0.0120377637115452	-0.0302857533145839	0.0380684891469844	0.0021396582328369	0.00409377867818355	-0.0606367774113024	-0.0293636546765798	0.00129991059423934	0.0120379227595569	-0.00140235504687982	0.0252045544697946	-0.0259749834098126	0.00988885875032475	0.00785606434914506	-0.0127792097645473	-0.0423382269291294	-0.0307348901456792	-0.0257813794886023	-0.0213604381793047	0.000547689153120656	0.0216132163424241	0.024357115859576	0.00359010998012369	0.0121899769675725	0.0314593409129543	0.0121055343130345	0.000645391133438939	0.0334083065726333	0.00954416671035154	0.0104971286678355	-0.00965666840142856	0.0281949977784246	-0.0417658372573776	0.00198506960904425	-0.039831398732604	0.0300601906221251	0.0198824974745335	0.00614725866791095
"A0A060HKN3"	-0.0308713110464515	0.0160639850212503	0.0156272530250492	0.0515053630794936	0.0204684695201424	-0.0607476705310499	0.0052506765808286	-0.0104230135107468	-0.0196461680898198	-0.0126916657777133	-0.0400234749900364	-0.0153526368458472	0.0222334460253812	-0.0086859321914264	0.00425605089535442	0.019745961933568	-0.0197692527240754	-0.0123991512351209	0.0262680742879402	-0.00536839441018296	0.0192887620802189	-0.0130619589968537	-0.0240448389873026	-0.0302788435609193	-0.0206251385876015	-0.0156013745123854	0.0398614925497679	0.0262442190992043	0.0158181855302376	-0.00664698967888771	-0.00840850784766092	-0.0169121709915409	-0.0374086992103217	0.0131929935043909	-0.0503140734571571	0.00387768001555398	-0.0128777594537012	0.0133492774170302	0.00712300497606608
"A0A060HKP0"	0.0233712878696035	-0.0201314031573299	0.0260724768688411	-0.00897992372966784	0.0219812105596312	-0.0433690322273921	0.0341538404427504	0.00607461501884999	-0.0400738734507855	0.0399209650282257	-0.0908235580069361	-0.0323965428672782	-0.00904145668728315	0.0438869349364619	0.00211037894948017	0.0183652792321646	0.0468727375817172	-0.00197662000065483	0.00326918547812573	0.0182040492299671	0.0498474159163204	-0.0192827811637791	-0.0598074472727637	0.0105095117616941	0.0106979775021643	-0.0116122825460214	-0.00984312023825875	0.0105515741345672	-0.0368496385397219	-0.0146109272782296	0.027060251950593	0.00966006876188597	-0.0284635456474856	-0.00815128825514265	-0.0113928049675986	0.000421897464573525	0.0402436311836794	1.65649583572527e-06	-0.00635783607588201
"A0A060HKP8"	-0.0391918041185264	-0.0289215469595446	0.0353524510602158	0.00520566948669274	0.0282540906200716	-0.0213607224313887	-0.00788219518482186	-0.0272883059826202	0.0169666290852598	-0.0071034875917288	0.0187872417961821	-0.00150925549327913	-0.00983929079484471	0.0264153580820035	0.0170583917465488	-0.00564593016588967	-0.0127671193863938	0.0144554453602463	-0.018928154779667	0.00157848459216976	-0.0115168870953035	0.0142614851510196	0.0127267369305187	-0.0308785853170222	0.0134624499808164	0.00228470433191862	-0.00789125985785299	0.00274987261584918	-0.00650391493658985	-0.000526134863516673	-0.0177205607529704	0.050967706268232	0.0005499542687572	-0.0137512335904014	0.0267697257224894	0.0296167851059185	0.0145954149541833	-0.00568706909696389	0.00241924773092735
"A0A060HKQ8"	0.0169191649666634	-0.0296704564572096	0.044941904917454	-0.0310326141933277	0.031580725087746	-0.00767993120506366	0.0460653425439295	0.0318614242065586	0.0150867943076221	-0.00918327086139605	0.0172941393605919	-0.0193730091721764	0.0724709131684871	-0.00871572509319483	0.00848529181402094	-0.00360699362890487	0.00432048383678652	-0.0469583721232973	0.00397475778316214	-0.00084456181815089	0.00773493863990537	-0.0171648378799987	-0.0214978830429448	0.0156337375370111	0.0717711664968871	-0.0544493727169666	0.0337801143561215	0.00681451773983273	-0.00278815543052692	-0.0062770864209315	0.0278210621650833	0.0155379340923073	-0.0145880518998131	0.0341913645159772	-0.0312500876090661	-0.0396521666023655	0.0124970199162222	-0.00745435560101726	-0.0171112979823366
"A0A060HKS1"	0.0163599771897687	0.00377944869489379	0.0603358697769311	-0.0127405331586674	-0.0550166816139289	0.0247108587747486	-0.0339831050214911	0.0360377861520067	0.0502291142245655	0.0289999380443694	0.0149749507323008	0.029183085818148	0.0257666270457087	0.00787682749450293	0.00281474756373316	0.0132754489185617	0.00561566748177641	0.0137690336172166	-0.021099707428654	0.0162591086613513	-0.0078440101156543	-0.0163041225264924	-0.0120633015465677	-0.0452201147684596	-0.0104403321881476	-0.0325128246890629	0.0530766206966518	-0.0264040791314431	0.00413331427320077	-0.000874731791824461	-0.0307733335187652	0.0139096161998126	0.0306643829163827	-0.0242086489426958	-0.00780636243128078	-0.00621167673734158	-0.00227795757273162	0.0140751704301512	0.0139083353765297
"A0A060HKS4"	-0.0373127253496964	-0.0230489836593352	-0.0169032991486293	-0.0158929120067598	0.00929433488551188	-0.0213920235643576	-0.0387492667288919	-0.0564829071850635	0.0441441892143545	-0.0193766965291905	-0.00310489755703784	0.0198449413295506	-0.00787955727510181	0.0245249180393928	0.0170368862004723	-0.00599194082925695	-0.0315300914893833	0.0188535723113485	0.0148980191043402	-0.0182776157867537	-0.0303260165234469	0.0235945947190064	-0.0043069985610721	-0.026984094207677	-0.0200255317493427	-0.0190591337281025	0.0255768551582222	0.0199495737538401	0.00412655638227876	0.00373818464684998	0.0195802740248949	-0.00416876650692499	-0.0062996696382243	-0.0289737544672535	0.0352596165599482	-0.00175962784145677	0.00509592123766679	0.00342631929800836	-3.80158243194329e-05
"A0A060HKS5"	-0.0374300758330761	0.010755067471942	-0.00559664628509173	0.00866710228910218	0.0325038548227458	0.0158085410113557	0.00253504409746793	-0.00598157821967689	0.00172353055006777	-0.0605362072821245	-0.0052251966358983	0.0377782338330238	-0.00421310264198433	0.0229340744898584	-0.00341015193264709	-0.0408350612051061	-0.0192492657668038	0.0312349712268528	0.0543890278768166	-0.0356406895848654	0.000725702404280222	0.00729769059029798	0.0214727632612144	-0.0309723482390916	0.0196335036004193	0.00751434660231637	0.033667743665387	-0.00847039187943038	-0.0651821146950856	0.00688394283766771	-0.0171764853528321	0.0247678473007472	0.0210702762442361	0.0489044820998157	-0.0455143344616327	0.0502002125555785	0.00522837744101976	-0.00623833914835426	-0.0448077171145167
"A0A060HKS8"	-0.0273346587445404	0.0217668452127862	0.0045629883313505	0.0259437497047283	0.0355225933902343	0.0322850453408718	0.00440159230461689	-0.016199418325355	-0.0416166457291557	0.00998056614900315	-0.0133483303477294	0.023454175114639	-0.00704253531433107	-0.0149197330571875	0.00146953565152385	0.00333920290547564	-0.0360009526145813	0.0505002105069184	-0.073134825470785	0.0109191174921694	-0.00594824034560343	0.0638628069379796	-0.0367114879566868	-0.0382265542420063	0.0464298005088295	-0.0517412568788913	0.0130136837851719	-0.00752775303271548	-0.0111285677394808	0.00106921089564672	0.021330005433941	0.00452000406001305	-0.0138890821094904	0.0255925829191171	-0.0803054028569847	0.0507743997877438	0.0473295696858831	0.0625987846479687	0.0253195441926954
"A0A060HKS9"	-0.00926174561749649	0.0542223556472882	-0.0141640610620342	-0.0234437188014263	0.00837781926438061	0.0248021712362021	0.0408797049031697	0.0276739160941852	0.00174168462152918	-0.0127300153802973	0.03481357905094	-0.0266519374296466	-0.03616498987252	0.0394562179923237	0.0157431986066554	-0.0164842303226112	-0.0121395082934117	0.0130098226650475	0.017787622993547	-0.0325955320571804	-0.0252628523356647	0.00353255126082951	-0.0139702836707698	-0.0547657059044312	-0.0136166102977095	-0.03445669956265	0.0478459035910056	0.0105561716485841	0.0104347938441381	0.0671829351754963	-0.0300225637097053	-0.0495542171721965	0.0377561144181604	-0.00540956637997316	0.0537759719462635	-0.00175752917661237	-0.0453343606749779	0.0151895086257495	-0.00194849675087089
"A0A060HKT0"	0.0331264604274631	0.0315570616497003	-0.0166919753714196	0.0299294273466559	-0.0379097771878406	-0.00753254227129535	-0.0203541271577445	-0.0246858529084631	0.00934167564587998	-0.0264486635235059	0.0394848227379739	-0.0391697621521517	-0.0309967789989614	-0.00650740366905413	-0.00526056616408651	0.0318728591668264	0.0355824655181435	0.0178047280280579	0.0355601283442649	0.00190857407584	0.0140387912865059	0.0145907204793436	-0.0337393404040446	0.0319474961368598	0.00475230577668664	-0.0156806059511669	0.0311002813752651	0.0112952090136953	-0.0221834749556258	-0.0200884375426771	-0.00748537930315619	0.00024578998518874	0.0137067913339517	0.0100664159541822	0.00254240768578173	-0.00342202407489961	0.0254382064618462	0.00759353843135735	0.0174189162622429
"A0A060HKT3"	0.0133653379768003	0.00732624096532634	0.0225688064507235	-0.0128214939163555	0.000133632058949401	-0.0438877626388466	0.0178437955592006	0.071614547120483	-0.0325786361934151	0.0272386933653876	0.0362134431643015	0.0339885605251168	0.0847341753483571	0.0432796903500569	0.0232745398819535	-0.0134940949569855	0.00858384825472938	-0.00654955030575351	-0.0556270620759558	0.075383911594527	0.00763586413517336	-0.00969211700405247	-3.56215641325309e-05	-0.0102853701406946	0.0556756890225181	0.0297496006724215	-0.0342510315581427	-0.0261158235857087	0.0253186688124778	0.0091349416600051	-0.0733125401937508	0.0265446275135116	0.019261528835216	0.0272179215696861	-0.0465159147805688	-0.0507312276733564	0.00416473499031228	0.000758366976369531	0.0215034451028149
"A0A060HKT7"	-0.022063729831576	-0.0119372323724797	-0.0079733320584494	0.0308559962600981	-0.00635409198425353	-0.0852379625534324	-0.0111665553539438	-0.00422557344565446	-0.0357523128684593	-0.0145724964601716	-0.0230764791198308	-0.0564941917421468	-0.00421943097825434	0.0343211363351085	0.0160048826855469	0.0124790481706142	-0.0547545680805282	0.0186671689487392	-0.0503547817816632	-0.0258561208027393	0.0309851399947318	-0.00479504482496571	-0.0493870242762746	-0.0361284469825122	0.02845872080566	0.00952641228836146	0.0179217018063007	-0.00930468053793257	-0.0129903563959244	-0.0134794227327897	0.026084025916301	-0.050565319772934	-0.0501941423958797	0.026155199264733	0.00417572403889653	-0.00575555379200053	-0.0266527983388528	-0.0128295457033702	-0.0673560431681492
"A0A060HKT8"	0.0105433543306956	-0.00860596806408226	0.0113004101481534	0.0380117015489913	-0.0321733000974099	-0.0566585936381211	0.0306578304343484	0.00644740100185292	0.0651502830119407	-0.00979482574806262	0.00553835302412336	0.0221688962798566	-0.0476365325572458	-0.0239164742066324	0.0428291316676117	0.0431438061802393	0.0340111323666041	0.022006657139832	-0.044443717739083	0.0346511546310026	-0.0420623795217887	-0.0696421032833192	-0.0140121313887023	-0.0552032634070037	-0.0413686859391826	0.0063789580860783	-0.00791832285738382	0.0615114189401225	0.0593036768536521	0.0475906569996095	0.0129054335322442	-0.0138302584812203	0.00605776623720506	-0.0235147229881688	0.00199656483413146	0.01135026257742	-0.0239774684105047	0.0087620238046717	0.0107099794659562
"A0A060HKU3"	0.0461086266121224	-0.00820535069975883	-0.023710190858984	0.0330662646723394	-0.00962793523198129	-0.00486578113928999	0.0119802798638126	0.00502972164085497	-0.0195765584084436	0.0136985667446877	-0.0314617389920113	0.0080239206771548	-0.000835717429951742	-0.00211657554579782	0.00064144120962165	0.000934848042317777	0.00348988274846346	0.0151422000025259	-0.00325154048802429	0.00230850366611573	0.00975111932902665	-0.0113992001406169	-0.0134100501415246	-0.00100529805050149	-0.00548974032025496	-0.00290312561178099	-0.00233678592968554	0.00116405250671079	-0.0188998128235388	0.0316979291352623	0.00248154019741265	0.0103116198548923	0.00784609648035798	0.0350739403138471	-0.0187771401352619	-0.0104762848022405	-0.0106494056753127	-0.00434313489305049	0.00265945036609732
"A0A060HKU4"	0.0138794374509738	-0.0242888807439622	0.00034804662098205	-0.0260690255111464	-0.0939940360131479	-0.0107577720089066	0.0398005607225644	-0.0185975614100553	-0.00209401222757953	0.0283068213051917	0.00831168991959545	-0.0117257212738003	-0.00909770433491263	-0.011482541580062	0.0189120760978551	0.0179817523716472	0.0178784892536973	0.0209527133788157	-0.0192998642469114	-0.0258505912783276	-0.0248273858013355	0.0126323610631983	-0.0110355964810118	-0.0162472008379764	0.0235963417483065	0.0016395814968173	-0.00320972366842871	0.0523502112879637	-0.00378920640900018	0.00104779766252909	0.0234109087844268	0.00267328464083123	0.00541143469042746	0.0219671547322147	0.0132716533271128	0.0210924897556582	0.0400807123118088	0.0134884124548883	0.0376150397804548
"A0A060HKU6"	0.0465108665089106	0.00613360176106652	-0.042521388935818	0.00134813824071324	0.0116014689071055	0.00703077286849326	-0.00737999942858294	-0.0165967393918988	0.00639439403893502	0.000349958776337652	0.00954505611816357	0.00704712181356223	-0.00014252391738017	-0.00818440498826839	0.00361765192622184	-0.00772544628675893	0.00543567940345104	-0.00421174793979369	-0.0115296682035243	0.0163308609626936	-0.0304256523845304	0.00924537964198213	0.00895161439144727	0.00759414303685359	-0.000785854025714029	0.00659693770942444	-0.0010764120344203	0.00219998642841548	0.0061721953659038	0.00201535304440261	-0.0180163014388456	-0.00304706574751376	0.00299109134279293	-0.00686806405049757	0.013524342048794	-0.00502685891109899	-0.00184842736616965	-0.00287577839560956	-0.00281969863228312
"A0A060HKV1"	0.0353387977245015	-0.0150736035637087	0.0481443754025645	0.00398357414484629	0.0177336163248865	-0.0361143563218448	-0.00925367175983415	-0.0160836812149091	-0.0453883372582977	-0.0260764153152197	-0.0141660451407183	0.0259100948553762	-0.0292678405708836	0.0366713819740286	-0.0430034220676681	-0.00636542106562009	-0.015841619005941	-0.0109220471819454	-0.00870957790249608	0.00907571849989728	0.0124999791422489	0.00199402500201959	-0.0070024283962371	-0.0115187003513904	0.0211743641097543	-0.0220696443882436	-0.00217859558762984	0.0175871568138907	-0.0163818888710603	0.0233699500321746	0.00311752301277865	0.0290238877907257	0.00396698684749636	-0.00972995509889553	0.00989814730436323	0.00640451755805271	0.00876995407756476	-0.0128237050700252	0.00574648939887757
"A0A060HKV2"	0.0227350550074214	-0.0494773386713526	-0.041687089238974	-0.0040654573760977	-0.0157543132449189	-0.0325265430509746	-0.00695602787635392	0.0091283566052052	-0.00122694055504922	-0.0305153163174455	-0.0345899603033675	-0.0117256049173443	0.00781217857293087	0.0687855769797055	0.0135647719207641	0.0131244117810004	0.00940241583036449	1.50579540035377e-05	-0.0196913514434067	-0.0115079175886746	-0.0366339718380645	-0.0152238980687947	-0.0205409276995679	-0.0101859785744551	0.00290195488518882	0.0241726800572163	-0.00361656494001137	0.00104314637014312	-0.00621730855584524	0.0293871165682614	0.00391650689392986	-0.0142540658304496	0.0025367785573891	-0.00495851446058692	0.0189146817557495	0.0344750569016096	-0.0250965666971749	-0.0171392889289513	-0.015123243650091
"A0A060HKV3"	0.0140476528419787	0.045608230747818	0.00695233970164152	0.0257883759672225	0.0493665041896699	0.0465895811679703	-0.0365439133953804	-0.000118404920476685	0.00261052441199517	-0.0182962366337467	-0.0294267555933699	0.013553710175954	-0.00765559536401837	-0.0473093426533373	0.0227247749021389	0.0122247042805505	0.00356963064757289	0.0179311107984221	0.000468421264357929	-0.0375597033993139	-0.0151627066277779	0.0110625499089084	-0.066280626591939	0.0182926133152865	-0.016630494735832	-0.0162788663516366	0.0124630500483762	0.0360794371530732	0.000970089495060361	0.0389415116140911	0.0222480990734709	-0.0394004478153021	0.0170961396188768	-0.00886882220110099	0.0116913351420915	0.0269578809690778	0.0120074418106236	0.0529140521256001	0.00850196681167302
"A0A060HKV5"	0.0233521645680958	0.0165389359676937	-0.00480663388859947	0.0513187528441593	0.0310645711420667	0.0387883200496228	0.011083301898957	-0.0465732164479138	-0.00223807345361864	0.0685939513932091	0.0376988422341449	-0.022712300042726	0.0223837862413278	0.0296561605114649	0.0325305935753007	0.0185380990782851	0.0230739428114943	0.0180921179849544	-0.00407378978805346	-0.00664780838534725	-0.0204375863771748	0.018302380914394	-0.0184964300917461	0.0490261879669167	-0.0175819376662931	-0.0237246034302416	0.018742212219483	0.0155000970345689	0.0411311861130806	-0.000251842584381793	-0.0256571247431309	-0.0229086731488469	0.0157106685002156	-0.0181450924232338	-0.018070438209736	-0.0215453913755903	-0.0404623503997898	-0.0223742472353979	0.0568958264766403
"A0A060HKV7"	-0.0467015058981878	-0.0114997781596462	0.0335771156453774	0.0100741918592981	0.00966420255704357	-0.0219574241622096	-0.0110554176766024	-0.00292662746516951	-0.00320102017221888	-0.00256717722705104	-0.00571119296299899	0.020133688949717	0.0135325941197108	-0.00916897767174491	-0.0112793719015154	0.0196925929210379	0.00160840651233547	0.00899536601345449	0.0179114501779869	0.00889623455013658	-0.0015423793404605	0.0132074603291729	-0.0205529170381269	-0.0140429821418087	-0.0106533280411164	-0.0147045867266211	0.00035458838785065	0.000381786748199363	0.00904511719728583	0.0218249316708397	0.0164028548365076	-0.00533967020954965	0.0120217015223657	0.00103508896852457	0.000753888314872338	-0.00769809524333388	-0.0167202703956283	-0.00631764685775942	0.00798381066059596
"A0A060HKW1"	-0.0123717498381551	-0.0537888558232101	-0.0538400003269901	0.0334122644900672	-0.0216906795445329	0.00247297604788648	-0.0128298440630156	0.0203491188214421	-0.00659421986844968	-0.000921947386180124	0.00409510115247276	0.0224020074019569	-0.028934605919349	-0.0176559622528302	0.020304022949013	0.0150956388972265	-0.0423528994712317	-0.01525959978479	-0.00747678365901049	-0.0143652846570365	0.0148807842910502	-0.00261084823078724	0.0019151387674405	-0.0162808924555016	-0.00872706464768048	-0.030521637144235	0.00553396933365721	0.00667776514045108	0.00295306225020811	0.00114858954525086	-0.0184387920723919	0.0171792331091108	-0.0141144558965096	-0.0136344802725235	0.0267127960423829	-0.0147083438727899	-0.0098000830895726	-0.0103984502544426	-0.00421483197466338
"A0A060HKW4"	-0.0243942778928146	-0.0307775075537138	-0.0206689422842179	0.00119615356269408	0.0383601810489913	-0.0244947305249495	-0.0163687948590269	-0.0347216252088673	0.0247456981833252	0.00109283420297417	0.000941254136878935	0.0504829026213758	-0.00302101656973306	0.00794799697356617	0.0554608332398196	0.0225441656401067	-0.0405140341841444	-0.020838466540271	-0.00330003481383326	0.0185677407328809	-0.00613953155087208	0.0148981833584803	-0.00362830197455845	-0.0309692887292351	-0.0418693798485904	-0.0948136097676276	0.0609839582363442	0.0088127918036788	-0.0493874319720637	-0.0502934912714727	-0.0257534539596864	-0.0176218614724726	0.0242058618417216	0.00197890826046787	0.0316597445717159	0.0080166644659966	0.0160529845522341	0.0497443290853143	0.0293292953391802
"A0A060HKW5"	-0.0218722708421649	-0.0228136207259559	0.0118488911269197	0.00201196294919568	0.0469736651573196	-0.0259784776712568	0.0216491069919244	-0.0110740534948284	0.00169932730264179	-0.0260030883657436	-0.0103030070557636	-0.0639217754541667	-0.0471509289647798	-0.0279450914462558	0.0354073086224478	-0.021781757456068	0.036282491472166	-0.0327631804571129	-0.00428197203157422	-0.0114840364712273	-0.00386426883606137	-0.0852658916367675	-0.0241150486528752	0.00515876764645558	0.0358969810937131	-0.0165959134058893	-0.0155671840592254	0.0251738965150746	0.0233087372753215	-0.0784499246552726	0.0421457387376143	0.0579663579755301	0.072845947218513	0.0115212302736428	0.00725838943286313	0.00465248300399289	-0.0241354125982854	0.0511655532215245	-0.0172633801644203
"A0A060HKW7"	0.0154636170589659	-0.0120556533617869	0.0311687370954024	0.00957027492605872	2.79536390825446e-05	0.00876299639948139	-0.0556163180195387	-0.00103880662227536	0.00145599632257643	0.0807390449277609	-0.0685720101710352	-0.0246701838242441	-0.0290679309580202	0.0566371854243049	0.0155616214881473	-0.00944759865614401	0.0279246189392995	-0.0276578014006749	-0.0151146676578792	0.0433748230247745	-0.000959555682366515	0.0163486594283233	0.0425645301744431	0.0127020815091319	0.00305889220169501	-0.045820525071077	-0.0372041815084702	0.0195387516892873	0.0451468655588375	0.0269960213367108	0.0673134341521147	0.0387669746280572	-0.0495371883556035	0.0372004399014748	0.0631114826575469	-0.0282611740077701	0.0104704881745394	-0.0520078468861924	-0.00282033609923751
"A0A060HKW9"	-0.00533912421860377	0.0441809223255432	0.0488591948004747	-0.034466196632105	-0.0269234198922018	-0.0124891545400426	-0.0172685615168281	-0.0461430762657432	-0.00567745269713727	-0.00497403361682508	0.0166147777679844	0.0192352452159075	-0.0302455164445882	0.0102184582893622	0.0132121115440873	0.0301187552110607	-0.0142131268095008	-0.0367084475138616	-0.00228206126332557	0.0272790943655716	0.0142253864957022	-0.0425302023863263	0.0565398186392093	0.0307475070479592	-0.0044773496768052	0.0428474081330769	-0.000985757022433196	-0.0180510213164514	-0.0202433136217601	-0.00452544262365062	0.0218716466708885	-0.0464548193935918	-0.00171870038650647	0.00829908978624832	-0.0572504406343897	-0.0297677294636806	0.0339338484397704	-0.0162156266289975	-0.0383866750553579
"A0A060HKX3"	0.0030647757255225	-0.0147947353769889	-0.055073111959274	-0.0451729340767838	-0.00866715940318974	0.0038843568587983	0.0355564020448744	-0.00560483213556861	-0.0488903099944727	-0.0309972158449007	-0.0396448979544579	0.00622804497443329	0.0212227556563782	-0.0741660249227288	0.0550537785723184	-0.00575727024911291	0.0195946410425055	0.0274682040147955	0.0466696743284438	0.0381941716308676	-0.00141319637637223	-0.0185608026563342	-0.00537294620798649	0.0216251462486846	0.0105748050505966	0.0276888507447181	0.0296854149374649	0.0508493928928784	-0.017599897828948	0.0233559218812974	0.056071324193114	-0.0212625474613534	-0.0181546060492113	-0.0168752696929364	-0.0162249163490259	-0.010310204149445	0.00374609946965991	0.0171449939953607	0.00220905941666618
"A0A060HKX4"	-0.0111147579462254	-0.00592990744716844	0.019676714542774	0.011455303815266	-0.0100982279877549	-0.0211088145499915	-0.0647555940747787	-0.00708834646263681	-0.0119232052621366	-0.0754140150471797	-0.0398275377671788	0.0309936770761678	0.0202547176984483	0.0670091847778878	0.0137972976651366	0.0173488836831357	0.0154439502439846	0.0148745406996289	-0.0262433367920385	-0.0464266312552098	-0.0190813536724558	0.0373366135085893	0.0426272470909184	0.0368217528103333	-0.0409054354982364	0.0395417519864637	0.0674001876842338	-0.030461075968106	-0.0918817425553725	0.0497127589161362	-7.49541571782109e-06	-0.075987451953457	-0.0439475858251614	-0.0196956990628354	0.000603942149089483	0.000446205018009969	-0.00955019118492959	0.0505203434371212	0.00868715217959751
"A0A060HKX6"	0.0275930844243351	-0.0315806004219979	-0.0287178549288092	-0.00273380117251398	0.00731565970786247	-0.0153249647690161	-0.00677980651130479	-0.0532572225612118	0.0398654743158433	0.0032200872202085	-0.00102893723858062	0.0163946880082479	-0.00482344380746086	-0.00963154272287544	0.0149405651165882	-0.0176184437484726	-0.0638570499876095	0.0464399632448276	-0.0241065490594697	-0.054122852508374	0.0254641806696002	0.0313286288246618	-0.0131663665124321	-0.0400163963014987	-0.00127016923960179	0.0437736832717935	-0.0452158996607503	0.0579552813832418	0.036775470823427	-0.00756918781640954	-0.0389003394693922	0.00961761388727236	0.0537577889041659	-0.0183738885488861	-0.0213575267107109	-0.0216002867570203	0.0192267556634799	-0.0351085030485713	0.0260842555008368
"A0A060HKY2"	-0.0295228604141228	-0.00366935541908503	-0.0237893411589544	0.00421933089565655	-0.0301421034566518	-0.0514146813633017	-0.0233144273111705	-0.055823174058671	-0.0171779753916936	-0.0397078403007083	0.00102985973280488	-0.0112554321074009	0.0407293599581531	0.00900671116145741	0.0280251833859703	0.0251231479662927	-0.0133567811914893	0.013049491273831	-0.0530444427546019	0.0283603735591143	0.0442453066776287	0.00837086722246125	-0.0105904807434149	0.0665569793650003	-0.00355583927714982	-0.0538300429553027	-0.00908094771987253	-0.0125828772634069	0.00511226904573799	-0.0312108470291331	0.028759446424216	-0.00249114023677461	0.013506109630705	-0.0501236425931059	-0.0180362685531048	0.0182329398073476	0.0044305721967175	-0.0168450183119405	-0.0441873435521016
"A0A060HKY4"	0.024972278627711	-0.00226351552538199	0.0386573790353881	0.00101708558140087	0.0145349107204875	-0.00708409203500477	-0.0183053618082745	0.0329987676424717	0.0125823083729183	-0.00216876030458226	-0.0198505495849863	0.0257168934186125	-0.0155612182175485	-0.00756008952082659	-0.00468572097013305	-0.00239810792030079	-0.00566645441544906	0.101008049460133	0.00219265071060058	-0.104660383531533	0.116233161452873	-0.0282818457496473	0.0327378948093469	0.017093645007135	0.0329576837998183	0.00416989229590906	0.0164501646439467	-0.0138129750689655	0.0260554590990569	-0.0063010338232158	0.0262101434993719	-0.00287607061264804	-0.00599145601763373	-0.0272237960223735	0.0122299916344212	0.0125608450562896	0.00883204852905879	0.0197358965033045	-0.00141456084288846
"A0A060HKY7"	-0.0335327187198628	-0.00273466334596614	0.0290044820341466	0.00664790061282267	0.00196857545560798	-0.00789881511741936	0.00562796351497275	-0.0277776426940723	-0.00779811606625799	0.00661464997984178	-0.00954072195905743	0.00959542928635001	-0.035991817753922	-0.0234794044067167	0.0111999563701032	-0.0163002847061933	-0.02467024202784	-0.0553912986766765	-0.0464507144650869	-0.0143163774855536	0.0111448504647069	-0.0288209123004164	-0.0221235890155085	-0.0275887762483113	0.0324287810301068	0.00719412441016008	0.0183408091238349	-0.0385490174113056	-0.0439094440688401	0.00873313407466419	0.0811471021787639	0.00246813265987882	-0.0243664053401888	-0.105273594256844	-0.0907431867567104	-0.0707029111838554	-0.013567090511412	0.0438485408675241	-0.00334912139396883
"A0A060HKY9"	0.0359304914674958	0.0228151627530555	-0.027887255164283	0.0446488197982245	-0.0212719171694224	-0.020073231270509	0.0175796016257321	-0.0039121975546067	-0.0157435815175828	0.0179868157433798	-0.0614956483940968	0.0106859231853672	0.0316547179700586	-0.0159065385656227	-0.000645317323591604	-0.00151112504624981	0.0191305051335462	-0.00843074275792191	0.00466871571642366	0.0200357357726223	0.00553961088005752	0.00738908402197829	0.0123429569059835	-0.0202825206404583	0.00195461999893828	0.00298519025804438	3.0892513281971e-05	0.0183453212856994	0.0228605587868413	0.000124143549533783	0.0116650156743844	0.0124533599735094	-0.000609703691032127	0.0108263906389002	0.0185611232437529	0.00567519583163373	0.0304179608398155	-0.0103713821907772	0.00253252684402093
"A0A060HKZ1"	-0.0324466344747815	0.0317756842882437	0.029694505817131	0.0222356400155591	-0.0366345833227702	-0.00193125247104781	-0.0212272985691585	0.0473139090120227	0.00567894925468962	0.021327480346805	-0.00976460757026756	0.0426808178326847	0.0149933633465417	-0.0313078962817756	0.0221300456077812	0.0286323999551064	0.0216669594679561	0.0126715358828772	-0.0293316253650022	-0.0043722713784918	-0.00163495765553524	-0.0315676390165182	0.0101232518497289	-0.00104228038400103	0.0183551163995845	-0.000622610366670313	1.64249653598422e-05	-0.0114157167478772	-0.0188985805922687	0.0201705318626981	0.0216044872762029	0.00328414088083458	-1.63980824562325e-05	-0.0225980815480691	-0.0473959247312334	-0.00999176835994991	-0.0114160781188196	-0.0123502383208353	-0.0162321205072414
"A0A060HL03"	-0.0360107259512299	-0.0102868925751885	0.00409530501149164	-0.0091682660837324	0.0271427644047624	-0.0140654348673745	0.04241721766455	-0.0294125009263683	0.0163533954007748	0.0230223015793153	-0.0576437245750222	0.0108440926791108	-0.00384083221889605	0.0033635263994902	0.0235156522355678	-0.0115815309577376	-0.0193838168684081	0.0151797394193169	-0.0525621117916918	0.0288295012535734	-0.0346992183626447	0.0057229135633916	0.00893545234838745	-0.00604465878163067	0.0481091120367746	-0.0311789933346617	0.0355896506192958	0.0555039429228317	0.0646902910982022	0.0336382819464439	0.00742034121868547	-0.0279753442718293	-0.0143336105339442	-0.0465405549897616	-0.0240110707942356	0.015938298780717	-0.0053750637570542	0.00291510678178958	-0.0073111882168359
"A0A060HL06"	0.0313771019178946	0.00146431801318718	0.058009373292222	-0.0104891570407771	-0.0246916826179421	0.00211841821641442	0.0195637998557333	-0.00564660772635067	0.0355203548202551	0.0179751718866514	0.0186429362561714	-0.0337750329062395	0.0285322413348852	0.0152389353500016	0.0242715462049052	-0.00177088280515276	0.0377951905860783	-0.00505978650196581	-0.0188469529835906	0.0295621949947587	-0.0196712972060286	0.0174668238100773	-0.00244987271871605	0.000444412531334853	0.0256646202603602	-0.00744210522506655	-0.00236957029198048	0.024402409877229	-0.00953604546422892	0.0424554115730171	-0.00113547262467011	0.0275692618626991	-0.0640219566460605	0.0473737387684394	0.00138236093285828	-0.0268688962943534	-0.0485601520177167	0.0359112176879854	-0.0102379782647696
"A0A060HL07"	-0.0416763646835735	0.00385922547790776	0.00464382160915556	-0.0427173458898323	0.0101549746857836	-0.00648480567486198	-0.00290746578298965	-0.00240996420065936	0.0189326880621487	-0.0150181731679845	-0.000900709840507452	-0.00143478807343455	0.000374877656704599	0.0443568699143063	0.0423501186722684	-0.00966961749975843	0.0122308867907105	-0.00432681280834433	0.00905266297349434	0.00147618604426822	-0.00332393721014723	0.0255400711039655	0.00510307145589385	-0.0168399568127118	0.0102667678177472	-0.0502820871890067	0.050865612076879	-0.015234083065236	-0.00340545859653033	-0.0215771618423442	-0.01348815978542	-0.0308553921460007	0.00913508653952169	-0.026768618705887	-0.0379959101116452	-0.0514341577877309	-0.0100030852667329	0.0286627239563443	0.00205128868259669
"A0A060HL08"	-0.035204044458595	0.00699679279476679	-0.0282561085954018	0.0281099066194374	0.0411736050244034	-0.0319082978039706	-0.0181701069303028	-0.0311718416463473	0.0187877507300253	0.0332267826244453	-0.000140438969093901	0.0113117034203509	-0.0155103246107691	0.0132278609457985	-0.0179254129101425	0.0019351046079806	-0.0249794716239345	-0.00831744566048355	-0.0329678138057282	-0.0215718838197347	0.0135100819799949	0.00406616624182421	0.00879188603097335	-0.000387831310345894	0.0471859874492139	0.036880101074126	0.026315322882078	-0.0117805313958745	-0.000514137779783704	0.00926123642090974	-0.0419253804526066	-0.000134852591143908	0.0225647558068963	0.0247391112792885	0.0299847522398118	0.00941706317200917	-0.0467513475598496	-0.0600717521145447	0.0566125707881779
"A0A060HL11"	-0.0421346925872347	-0.0182996087710733	0.00469718079358663	0.0253226782175009	0.0142415380500529	0.0137215676613448	-0.00866170562327658	0.0313331482982534	-0.0350472785944399	-0.0127173992435041	-0.0269313431484321	0.015067970596636	-0.0181946825964238	-0.00754694268884825	0.0254625109892264	-0.0278202841862857	-0.0174545130903947	-0.0113821861181901	0.00243093265827662	-0.0277100221185662	0.0016587367757193	0.00288872587550067	0.00037149897297821	-0.0304501677833938	-0.0169239410466846	0.00752107349183598	-0.0330499075302669	-0.00498121132646399	0.0374415279004949	0.0106025604580913	0.022824227408345	0.026031480603096	-0.0271676539649503	0.0202303805983643	-0.0504976916441952	-0.0113659600985333	-0.0411132044695007	0.00878199273973136	-0.0330978117602003
"A0A060HL12"	-0.00973328875983949	0.00962383647040097	-0.0181601887569814	-0.0688619803954095	0.0149821861107394	0.00603434417280024	-0.0578129043417044	-0.0251294926545882	-0.00903491522466207	-0.0154919596328375	-0.0228627967046055	-0.0450936467797571	-0.0427090615141506	-0.0202732298922022	-0.0615232899687481	-0.0131091528172624	0.04746980846318	0.0334468399348504	-0.0255053122614635	0.0208323167257256	-0.0238666122766485	-0.0349902682129158	-0.00369626692316379	0.00850944944134774	-0.00698310372454352	0.0571564408433972	-0.0258175415885026	0.0645650229691533	-0.0130504197919135	-0.00319499454497306	-0.0076146863326865	-0.00788864643171017	0.0192878292993874	-0.0417712558747718	0.00554368125926023	-0.0255061912833105	-0.00792155298372023	-0.0038627872659947	0.0649941370425315
"A0A060HL27"	-0.0229058496728903	0.043322128523025	-0.0202071402380445	0.036762724156878	0.00573190342446386	-0.0261233806565116	-0.0379190394378565	0.0337508828756961	-0.00680056791139284	0.00277508133908903	-0.0133976693083273	-0.0209834773962813	-0.06011947561347	0.00704026846075057	0.000512711159623603	0.0482195574002463	0.0101158305791952	0.0139573211461129	0.0182796588499125	-0.0235413783095941	0.0678213866619143	0.015343466465169	-0.00560823868479139	-0.0158017094197642	-0.0197740709751268	0.0204283510420079	0.0132333473919043	-0.0308344660653184	0.00601076727094403	-0.0294952314826714	-0.0150520139506876	-0.0401561547648845	-0.0162784777360588	0.00839843571943372	0.000666035656313127	0.00721764527837751	-0.0118088790113549	-0.0114197962486733	0.00967842225791202
"A0A060HL39"	-0.0471487799460864	-0.015706395489977	0.0245343942966493	-0.00393824286260926	-0.00734649072456065	0.00476056077401122	-0.0265740440518771	-0.0054572449114426	-0.0190270056825215	-0.00874995218802996	-0.0257857488360326	0.0221719071271772	-0.00235505317785751	0.010998992272241	0.00970340588902527	0.00929433575812502	0.00222033733476786	0.0102370327028441	0.00854994465997156	0.00221399928094188	-0.00334561699692462	-0.00517750842996874	-0.0258205532964303	-0.0294526648816483	-0.00602402335062339	0.00400905212045116	0.0178978520921205	-0.00848275173867278	-0.00291576137264189	0.00863920720989921	-0.00543804397745618	0.00619057879439515	-0.0141973348520311	0.0200008880369694	0.00947946732286685	-0.016052362436462	0.00180388629474127	0.00221116455391974	-0.00415623362899481
"A0A060HL43"	-0.0429565506024872	-0.0112252392552783	0.0183915708822048	0.00290982774371075	-0.0436889529547208	-0.0139480055138666	-0.032909436861702	-0.0218161934066144	0.00793907392709683	-0.0243587162884643	0.0112760942443355	-0.0275450382217792	-0.0189948168702377	0.0143353373651322	0.0261871634785575	-0.0138625905098086	-0.0171390759239638	0.00483587845920162	0.0067093189878582	-0.00876615395354345	-0.0174201549702383	0.0124904009267222	0.0220824221901017	-0.00754266411560823	-0.00696480615487918	-0.00681119589303575	-0.00721888278867121	-0.00302884967353349	0.0153097500697792	0.0209467353598505	0.00730107876669645	-0.0163012346789827	0.0145853428153499	-0.00579117043092889	0.00643633373412153	0.0165923317544938	0.00803120588144827	0.00535257616865521	0.0264648536578515
"A0A060HL45"	-0.0459493790942341	-1.87194674828331e-05	0.0374491632287655	0.0168483472304106	-0.00893269960222519	-0.00320532678794762	-0.0102564271945307	0.0164763427790063	-0.0181813567601457	0.00297282925993222	0.00444024887371366	0.027203910805104	0.0136133417764199	-0.0206837888081895	-0.00430373731943258	0.0178604936154727	-0.00584792787641609	0.0101644157761655	0.00840438219201825	0.0201169400208582	0.00686485367464773	0.0229503565978369	-0.0140802943816374	0.000853227708228499	-0.0147047328148936	-0.00079130321540726	0.000949438487224076	7.14121219967079e-05	0.0092218916859503	0.0188351843106504	-0.00876966443289283	-0.00788192986917513	-0.0110342263861105	0.000218557265811956	-0.00163961070836147	-0.0143211469911771	-0.0236014526515185	-0.00290705856660593	0.00217235085963684
"A0A060HL48"	-0.0399109417476066	-0.0227228965866984	0.0139062482136808	0.00125218385876993	-0.0558270746140365	-0.00955948301927072	0.000226009084685354	-0.0297885389635942	-0.00814644917841089	-0.0248629761291168	0.014048771651543	-0.0114214656979946	-0.00513885506398795	0.0130878656025834	0.00990367077774193	0.00695056193142182	0.0339879533779291	0.0125255476213778	0.0041946859700058	0.0136587307198404	0.0127656007862125	-0.0123622098083801	-0.0174097731819953	0.0183725137583873	0.0167118102421489	0.0182649011231014	2.09872625567445e-06	0.00166084339780359	-0.0131581032599316	0.0242908790194047	-0.0152095971032389	0.00481518410815504	0.0346617847658813	0.0187168506586799	-0.00749222987025142	-0.0204086439192585	0.0067733200597526	-0.0102907048452655	0.0209411568187495
"A0A060HL52"	-0.0390204391817283	0.0231109306408676	-0.0407492202135152	0.0193107711779373	0.00358709607549597	0.00789807676909766	-0.0223938116008097	-0.00973552013649739	0.0264589004772505	-0.035354700025072	-0.0482987132440553	-0.0264085116841324	-0.00769866921189895	-0.010138865873088	0.000722295341409541	-0.0261925056717587	-0.00599044144764252	0.0162923810898706	0.00737330616893931	0.00439584847862766	-0.0192605272857631	0.00221756490479512	-0.00025295163522371	-0.0074167275006092	0.00541395501323024	0.00488091586994063	0.00182455970570316	-0.00414559711207051	-0.0160153577115767	0.0189698757798839	0.0298997535919577	-0.0146264576836293	-0.0119678085081976	-0.00459057026008645	0.00766486827134342	0.0101012389145932	0.0147359671708023	-0.0152679017160608	0.0207057133102392
"A0A060HL54"	0.0150259332936263	0.0155077517690934	0.0192970474183862	-0.0405220894408604	0.0322735849356405	0.0143918026018043	0.0301325969767512	0.0695081477142973	-0.0213289412363744	-0.0521756549568853	-0.0481366820988129	-0.0236925661619282	0.0246784546080189	0.0430397037760534	0.0254405600793703	0.0191975216732601	-0.0194913055888837	0.00669114285848756	0.0365324198200519	-0.032498627058692	-0.0628993153593503	0.00811999242286339	0.0366671270623158	0.0114403299759445	0.0269723033960873	-0.0121146919771476	-0.0400882345688341	0.0386199297565301	0.0407412727693863	-0.0158514975894882	-0.00816802562656323	0.00710843730908814	-0.014444574129673	-0.000401142357497855	0.0420940653537395	-0.0662577183237257	-0.039064403051422	-0.0188736350389045	-0.00413151390271025
"A0A060HL58"	-0.041664654095091	-0.0227666739129116	-0.00215913625660663	0.0106582156516006	0.0224913122002432	0.035193055637159	0.0268519773863939	-0.0038319146090247	0.00786554117829147	0.0128253017205891	0.0308276927810879	-0.00415770803331537	-0.0055040880905075	0.0446218010394883	-0.011476407812967	-0.0407985330747748	0.0188330302034093	0.00538739318834701	-0.0512700972985698	-0.0106628116500563	0.012738220656965	0.0126870028559789	-0.0100843043498747	-0.0082107256794591	0.0289169297048815	-0.019886150447729	-0.0170466046717317	-0.00521635851115859	-0.00411622556923319	-0.0120629672758394	-0.000872409572202195	-0.0076873287905648	0.0146173816486894	-0.00871730365091646	-0.00652304315318332	0.0064515249903214	-0.0206295435603781	0.00732341184336232	-0.0488975535879864
"A0A060HL59"	-0.0414326488752615	0.00674026038067758	0.0114759287284652	-0.0161107365697749	-0.00648087364277524	0.0220695019494325	0.00465869368901526	-0.0453500534739426	-0.029533942771635	-0.0237570497698993	-0.0391061627715794	0.0192462714007829	-0.0430555847916304	0.0165438090550382	0.0365810128410912	0.0106775933166657	-0.029139893468116	0.0452437695216678	-0.000106040217881324	-0.0259887908698123	-0.006185729017588	0.0228328061749185	-0.0320697212483521	-0.0227707163494879	-0.00859606837951276	0.0109406775166966	0.00943388745790388	0.0138106679211297	0.00595308131723407	0.0198226345836769	0.00472184590446488	0.0195619207580032	-0.00625503984085978	0.0170677166089528	-0.0204378848347448	-0.0109489145516527	0.0161622439763786	-0.00766395241538529	0.0481606479411555
"A0A060HL62"	-0.0131369331849744	0.0524190142505616	-0.0147440887004594	-0.00695919838439235	0.00897268226273666	0.0119354076652131	-0.00377920556028263	0.0165034604369872	-0.0143466737065111	0.0461136656437279	0.0193994352286287	-0.0191910955492523	-0.0138539066742961	0.0255231291823396	-0.0378914039773815	-0.0138164091823223	-0.0183812981445505	-0.00056703807732161	-0.0427121644131635	0.014160789110943	0.012561754147187	0.0510828440751347	-0.0168571123575959	0.0381335762801236	0.0199853743767967	0.0690061986085563	-0.0128785458136358	0.0266929288997905	0.0839294582764243	-0.0022896241538279	-0.0593322016805985	0.0360683654582467	0.0481106220569873	-0.0145870979999419	-0.0766150776622974	0.0114463779380579	-0.0124758622648261	0.0611594053853926	-0.0124009613144863
"A0A060HL74"	0.0300720366377235	0.0303155229427371	0.0106517073981097	0.035775854310225	0.0213160153739864	0.0333269838996161	-0.00142197529202342	-0.0340212614832583	0.00673912399604471	-0.0211814249852724	0.0334188781524138	-0.00285179348304638	0.0382515419536853	0.0169261991437954	-0.0077495367227253	-0.0849820797902183	0.00709491339184813	-0.00767041163907208	0.0414390398057331	-0.0411663009250375	-0.000241383708498665	-0.020327838093077	0.00736145042257841	0.00300940818200561	0.00711757321395276	0.0254444636942878	0.00543673760598464	-0.009122758963624	0.0130808968064926	0.0214547467330051	-0.0164072116282446	0.0043866245512548	-0.00773580952782586	0.0472010683314027	0.00711396861650946	0.0410439136387086	-0.029388352740429	-0.0179985229505801	-0.0439544043629055
"A0A060HL75"	0.0216013365528666	-0.0215196862642565	0.0254981936842295	0.020413132416409	-0.0580700896463497	-0.0355395037245391	-0.0315735928397033	-0.0423244635020362	0.0190375277784298	0.0266194398878547	0.0253363911749227	0.0203584822974516	-0.031555686316517	0.00761015075064846	-0.0397131187773717	-0.0113560852943311	0.0161841053087898	0.0359554249226076	-0.0104372633477967	-0.0345148567403019	-0.0222712852829542	0.0121201238734257	0.0443945531703628	-0.020218697244915	0.0154912934866588	0.0040122342326069	0.0563176471002591	-0.0465524759649207	0.0146553031073091	0.0528933730415286	0.0286688362233831	-0.00488880989299905	-0.0204225426210497	0.0212765914629643	0.0336398473002616	0.0224475410186383	0.01076640224561	0.0202293665688263	-0.0608469384813041
"A0A060HL76"	-0.0269735817483501	-0.00605335995629737	-0.00424434815019182	0.0358389142528093	0.0319384445371224	-0.045558464911187	-0.000738431355085882	0.0373430817588528	-0.0118784219046944	0.0302309002962984	0.0373331412767924	-0.0441306088780605	-0.0200002002467205	-0.0171385241711971	-0.0272272660177032	0.027326847414594	-0.0123752565550797	0.0311925709684084	-0.0180785125605466	0.050149939864179	0.0209516815162806	0.0108111644003784	0.001015635606002	-0.0477223973795649	0.0426409009274039	0.0346404746538224	0.0361772266254739	0.0735554338988038	-0.00966289802908151	-0.0295359567766673	-0.0207387829909633	-0.0457472919825117	0.0171542639252826	-0.0207513532013707	0.0395631551629873	0.0552946696584969	-0.00122497116695154	-0.0542996334792694	0.0106524786761361
"A0A060HL87"	0.0175018314054695	0.0566964537890459	-0.0102419702013073	0.00914683768805526	0.00324510477747072	-0.0297498808122335	-0.0289816037566324	0.0144467031274051	-0.00236754000520077	0.030979719900915	-0.0301952486260287	0.0112788305297244	0.0162900476673223	-0.00357426257635249	-0.0334755506563947	0.0340976671513492	0.0127731762757665	-0.00239315841580181	0.0118892832763853	0.0379839480095988	-0.0231286097310219	-0.00116160643160815	-0.0208170567288097	0.058518804029725	-0.022619063917844	-0.0258251366425338	0.0473268785255883	0.000374770935269097	-0.00101581537992118	0.0232740485416138	0.067961372184036	0.0138763316975988	0.00253647219435449	-0.0170280246104534	0.0647640547585381	0.00439519428778295	-0.0366023430474716	-0.0470501949626415	-0.00231409027630311
"A0A060HL88"	0.0115484052750435	0.0241395002981088	-0.0125106532955227	0.0636945421482698	-0.0404150876127365	0.0297657051460255	0.00255300704479878	-0.0743072784558754	0.00635493800382116	-0.0230290457960748	-0.011707152728065	0.0259660976614218	-0.0367596659320136	0.0289373371540908	-0.000142563783995453	0.0282071361244262	-0.00871757323353187	0.0255802519816181	0.0178147893098754	0.0284629630005853	0.0155713557770905	-0.0195409158704158	-0.000492868770012691	0.00649581159259687	-0.01722468605307	0.0406511279655629	-0.0214056371152962	0.00338868815268551	0.0184868449591716	0.0366540631650248	-0.00586554803259284	0.017156353676814	0.0308689957852157	-0.0259537145519924	-0.0296189709327173	-0.0161033748022217	0.00690075857462026	-0.0450355151343567	0.00479446377678266
"A0A060HL93"	0.0260505461210992	-0.022619011256542	-0.0429816639701194	-0.00471497946215325	0.02427091656828	-0.0332214828064518	0.0154464482067651	-0.0322165611229657	0.0212514333718151	-0.0288910627805124	0.0598953666375033	0.0100957433225765	-0.0363906216912662	-0.054305660524435	0.00413572700562751	-0.011122379846246	0.0369864886847592	-0.00998998962150831	-0.0322035387676597	0.0068613222288534	0.0283934014884874	-0.00776508678055888	-0.029394774688447	0.000694420269332883	0.044910636217316	-0.00919032999190173	-0.0117369608454763	-0.00187681531333421	-0.014647923771065	0.00650842722518208	-0.0127330122865786	0.008886283435289	-0.0453866825695389	-0.07291244080895	0.00835457507217991	0.0505525115455895	0.0209097637960913	0.01335912211269	0.0409760928814319
"A0A060HL94"	0.030607110141387	0.017124431628058	0.0421763270066949	0.0097623342542092	0.0186627164784911	-0.0171791611502029	-0.0286017765943691	-0.0384897259204105	-0.0323262569692125	-0.00489899463939841	-0.0238308462932636	-0.00316390002648797	0.0232985521019069	0.00286725374928675	0.0243819513966612	0.0386508943134624	-0.00065105358295276	0.0364833474111699	-0.0319314908526504	-0.0217562218517933	-0.0288385841340118	0.023199374349365	0.0487634867430635	-0.0147914469344756	0.0187150108186239	-0.0167575071695475	-0.0345125392270934	-0.0147492346234651	0.0281088807489555	0.00828212007484256	-0.0464184277335614	-0.0396087736956907	-0.0615873979901034	-0.0543026211717623	0.0230058561552445	-0.0523646700801778	0.0362921058269741	-0.0233938353250711	0.0154003360764824
"A0A060HL96"	0.00140965494472586	0.0115103830148852	-0.0286390504386276	0.0508562150958564	0.0118318955807375	0.059332112334013	0.0480346637466931	0.00309942475408598	-0.0519835293149559	-0.0380222237092546	-0.0408425077129963	0.00387911769664187	0.00981174826032462	-0.0256198466537488	-0.017358560225941	0.0319111559459469	0.0435337495074016	-0.0376898095879251	0.0202175713192403	-0.0395034508329007	0.0386991887192855	0.00347166838078945	-0.0075558621225999	0.020053945752625	-0.0257030554109117	0.00567192203765317	0.0207655204490106	-0.0136359444452121	-0.0380927710558565	-0.0646268032189172	0.0393630237192352	0.0581392885076161	-0.0317865742670952	-0.0293859043829982	-0.0492266727782911	-0.0183263415700614	-0.0108338651924905	0.00723642224449431	0.0117240512654097
"A0A060HL98"	0.0250284268340857	0.0152669318276622	-0.0262934469352626	0.0155441193746509	0.038616556473508	-0.0156873408491048	-0.016458261773377	0.0393620637042457	-0.0211090964568332	-0.0143823104783095	-0.00302176629849917	0.0023022689257748	-0.0142028154204614	0.0346443688348748	0.037285571294288	0.0209833294893478	0.01389968068623	0.0175253258095378	0.00717695698819983	-0.0178302649938031	0.00582581974637542	0.0316494135163118	-0.0241778267222405	-0.106473755556824	-0.0280962167363604	0.0387729966693912	0.00340108883882916	-0.0230567413778785	0.0475385465269429	0.0213017235808299	-0.0543803499100718	-0.00555006172392202	0.0291429471801602	0.062758508044127	-0.102808033063832	-0.0546050071970217	-0.000392327921696347	0.0496628800400747	-0.00113983554789733
"A0A060HL99"	0.0206840247893653	-0.0156067372468242	0.0468111696508248	0.0147357656421872	0.0168782355012786	-0.0736728333833886	-0.0596993323574486	-0.0106775385391502	0.00608042914686316	-0.00636061218148608	-0.00494119654679319	-0.0346145942080945	0.0329078831241371	-0.00173495261525122	0.0451764748410421	-0.0131007630526851	-0.00783127989104142	-0.00936003688790767	-0.0168193079957642	0.0193388993395906	-0.00874100891190818	0.0043305445157597	0.0335497012831285	-0.0343474661543979	-0.00581564483626173	0.0131930431847544	0.0136925394122832	0.000234583584887476	-0.0151528972364027	0.0344008910517555	0.0329624156246163	0.0277924922780299	0.0124794851800286	0.0168947367423905	0.045911783899964	-0.0134221547194526	-0.0109386398902094	-0.00917404506935893	0.00489749390017385
"A0A060HLA0"	-0.0391490908101935	-0.0117966168718187	-0.03255951811243	-0.00819230517258519	0.0394791975319049	-0.0209479645832665	0.0174760727283347	-0.0296302889435788	-0.00300698593471647	0.00544441106865434	0.000728600109023195	0.0234819893995616	-0.00422769228167424	-0.000507241332801056	0.0155803150271149	-0.0021849288889713	-0.0333341626230408	-0.0223174522264062	0.0122651296199578	-0.0122605776093095	0.0404641962239657	0.0108008333986409	-0.0216789911817408	-0.015842646409672	0.00138159626266543	-0.00487736330827366	-0.0144790745818636	0.0238029854654012	0.0563581466313269	0.0386739987674196	-0.0276445201157429	-0.010618353393999	-0.0180295152720014	0.0265397040446897	-0.0166044124944671	0.0425025576886312	0.00617155499565284	-0.0247271114942482	0.0265488021154587
"A0A060HLA6"	0.0166646144338828	0.0477580613693099	-0.0162838900356656	0.0195124864606267	-0.0434450281561753	-0.0255748752824689	-0.0573674254723657	-0.0015063437759877	-0.00409645396528095	-0.0416763049988534	0.00502270506461581	0.00548364378606843	0.000741391333766586	0.0322214528157575	-0.00423791076955285	-0.0212173745807862	-0.0249730391829363	-0.0376806944145589	0.0047864492488797	-0.029967469809791	-0.00362810732857341	0.0407467935956172	0.0142304759703766	0.00984081170019934	0.0261953249584441	0.00995733300386455	-0.0222010690442827	-0.0463255874600123	-0.0276296409146558	-0.025796527433476	0.0273325116853695	0.00680347044200727	0.0156718047904938	0.0174252334236884	0.0290676025741408	0.0480570315616855	0.00911507071811231	0.0117324975676258	0.0131905241951603
"A0A060HLA8"	0.000766011671621405	-0.00855346740596143	-0.0247690477915908	0.0690660127574761	0.0318378888714699	0.0435950558501244	0.0185884604451588	-0.0184292908246292	0.000669489879265498	0.00868072379723853	-0.0127727398987075	-0.0122339384608694	-0.032900043562678	-0.0269058224387823	-0.0707241121804154	-0.0589303262564972	-0.0349904711926981	-0.0267809401731955	-0.0196699711640137	-0.0152962478551214	0.00396565667998173	0.0341736262190055	0.0322701161058454	0.0509927143208072	0.0426003318858498	-0.0434468812379295	0.00499388767028121	-0.00320399511951429	-0.0164957747407159	0.028318917722873	-0.0215419628567506	-0.00447286433681267	-0.0188633361057167	0.0205360403421567	0.000463431798185522	0.0369167677685298	-0.039253702176539	0.0282820991103668	-0.0350569126101736
"A0A060HLB0"	-0.0174718168569638	0.0264183360229263	0.015004104945716	-0.061391910290613	0.0212431101186827	-0.0312340969576872	0.057198008153848	-0.0121280059074181	-0.0284018544982677	-0.0336762648876958	0.0127953059695283	0.0145400460367977	0.0420530671307929	-0.0134072187498746	0.0250996218559526	-0.0169251797674911	-0.0161955107676635	-0.0321611430735377	-0.016871996370435	-0.0239387122187093	-0.0327277934968466	0.0646396415302821	-0.0180185908102705	0.00610687587828216	0.00853982576288203	-0.0459082376058181	0.00431941442689895	-0.024253757815552	0.0107357083382556	0.00798659558933625	0.0130486866270234	0.0167488397545501	-0.00553675386678975	-0.00630350800181977	0.00350993899978639	0.000847623441757156	0.0100675279277964	0.0384954903947602	-0.0171396933589386
"A0A060HLB2"	0.0443033719387317	-0.0158999272730776	-0.00659613938198959	-0.00984643119343977	0.0072351553514294	-0.0208116507429007	-0.0171429299978615	-0.0104290654183146	0.0514545728072131	-0.0157199870989778	0.00859888810833633	0.0146230067340054	-0.00377812186760629	0.0159020397925387	-0.0153900827126022	-0.0369063731506863	0.00366154144100906	-0.0220720005527814	-0.00862551945430291	0.00292625001376621	0.0389259850988684	-0.0378079684880001	-0.0199949231730958	-0.0128822446247214	0.00931004458195594	-0.00150648157904109	0.0226127215320505	-0.0210128239060658	-0.0132827705043452	0.0158382667145978	0.00134203907556862	0.0255109182711855	-0.0125466677796014	0.0275010188733741	-0.0139146410867392	-0.0247615964011229	-0.0127637334010791	-0.0220325207129036	-0.0301508439234495
"A0A060HLB5"	-0.0332038150815133	-0.00616699599185179	0.0126024896748966	0.0333557460389967	0.0564215065899293	-0.0544452083574587	-0.000935623630821803	-0.011255808419884	0.00596528808594258	-0.0480779472678427	-0.00885240073261533	-0.0384003537775061	-0.0160822064309887	-0.00502859268465414	-0.00625455292735554	-0.022265124901438	-0.0173024783115091	-0.0155985932050946	0.0123073131556999	0.00547888706940538	-0.0024281991583095	0.0117984320339739	-0.0315334221065416	0.0160401089897442	-0.00175577688760768	0.023109658772944	-0.0129237684849234	0.00987118984059273	0.0188820911406049	0.0114317638436382	0.00555896812330546	-0.000624562244775876	-0.00650222151786371	0.00208155436796655	0.0091855934699279	0.00314273151513708	0.00125508485112634	0.00753937285242025	-0.0128119050883467
"A0A060HLB9"	0.00770270955514922	-0.0169580800356032	0.0148401052825802	0.0444993594746578	0.0410042709075504	0.0625444368212211	-0.0133950362067651	-0.0367001203699966	-0.00632805113976625	0.0679387919110166	0.053002391708902	0.000609904915913777	0.00542361782021856	0.0316327372045932	-0.00591481530328034	0.00400510034946755	-0.00646823005233303	-0.0376789156435376	-0.0342040959947806	0.00544197272670686	-0.0711767085062012	-0.0163499592765393	-0.0387787016342745	-0.00319726081499386	0.00683384240322631	-0.0261650587866094	0.0376633568157355	-0.0537881505081226	-0.0358302727651504	0.00427059714711346	-0.00412004505369371	-0.0168041909880872	-0.00125611268156778	-0.00506897074622832	-0.0137110014817655	0.0175734961024069	-0.0249603600408865	-0.0413470377079487	-0.0393340012162402
"A0A060HLC0"	0.00453749102153615	-0.0369569857436407	0.00735920110850798	0.0321048451777107	-0.051336818933974	-0.0258466626775342	0.00728064211811597	0.0244084774208844	-0.0685034017462069	0.00839815877437267	0.00926255312545331	0.0423996732984455	0.032523368646702	0.0291612433564008	-0.05952707607618	-0.0486765031796855	0.0295088375329103	-0.0357405135387809	-0.0214783317003133	0.0226640358923836	0.00726323944788517	0.0143683283550079	0.0303819425297443	-0.00764691111957542	0.0406162335507673	0.0199967292686445	-0.0123665548959539	-0.0131344041752715	-0.0378927781585392	0.0471111400673414	0.000141983184687414	0.000505907399103769	-0.0305430716693418	-0.0125550395888518	-0.0233179240895123	-0.0495372516776037	-0.0319857361380933	-0.0325096610079152	-0.0517773957496482
"A0A060HLC2"	-0.0229280151677075	-0.00499076706896185	0.0245508113309854	-0.00337403965592276	-0.0181155019964253	0.0159030943841672	-0.00223316992981066	-0.0512972547799882	0.0318819740593369	-0.0560963540090088	0.0011974777796097	0.0180549568864069	-0.0562776445767829	0.0627063761115483	0.00499253944888573	-0.0407816605275423	0.0233163249502118	-0.0114340224620139	-0.0408751902920846	-0.0536156817373315	-0.0517178156134687	-0.0298547373921195	-0.00693670743800587	-0.0372667648176832	-0.0327262237756801	0.0941731983210993	-0.0168791313311335	-0.0487016354147987	0.0163101129681959	-0.0540223406080796	-0.0225584206132447	0.0138122625180539	-0.0246225862679664	-0.04363739326553	-0.00798885491241106	-0.0187612660140464	-0.0331825356596805	-0.0143981437546208	-0.0057495295373577
"A0A060HLC3"	0.0472777347137312	-0.00064768341396543	-0.0198075126626258	0.0142875053173739	0.00404885623811857	0.00232812589818222	-0.00334507223087639	-0.0255286786481613	-0.0226554303523936	-0.0308437757930877	0.00942459644960968	-0.0274499253330211	-0.00267642378915196	-0.00917124566082843	0.00640139603991974	0.0267298346211364	0.0224353410487313	-0.00133617005304841	-0.0195775252699806	-0.00578766368462768	0.0159921073279769	-0.00207988224134009	-0.0125708950926077	-0.0025595097536989	0.00870434556121003	-0.000494060315838287	0.0143432114483128	0.0278158343745511	0.00631949175346825	0.00868230423876496	-0.012895814701093	-0.00902070403323555	-0.00405024153157804	-0.0271746349617834	-0.0200149397288736	-0.0226954519546284	0.0085842654913383	0.0280077848476025	-0.0463649041445217
"A0A060HLD6"	-0.0425888363565589	0.0291739356053067	-0.0235978499169701	-0.0273231490601325	-0.00570254429358638	0.0253076453682479	-0.0351727416093046	-0.00577189698402265	-0.00362220027216169	-0.000269790003797004	-0.0136469402653093	-0.00347289087203195	0.0160231085174913	-0.00206766779984336	-0.00895458692236156	0.000456481761377978	0.00931901165990312	-0.00930938361558523	-0.0124355747586893	-0.00701838559137998	-0.0040730841761298	-0.010717283916319	0.00535802290215805	-0.0134940727079931	0.0100238541628154	0.00981017311407345	0.00731543484319348	0.0176075154629491	-0.0111799397684944	-0.000108976807414589	0.00682362936949705	0.00175027184921112	-0.0118797530209945	0.00950874929862323	-0.0172133331063877	0.00607928043241672	0.0114152179851245	0.0114495688132365	-0.0211806503416166
"A0A060HLD8"	-0.0151740465681783	-0.0245512104409041	-0.0358712235609816	-0.0459615874827931	-0.0431751514322843	-0.0229794059100515	0.0411740686424899	-0.0462878125383681	-0.0641186605616908	0.00424608141899153	0.0157057223508653	-0.00792861710094985	-0.00359103490077807	-0.0591481797533729	0.0313721736932373	-0.000121637755711453	-0.00551114832001232	0.0127110021294572	-0.019598859375011	0.0339903147746406	3.09258349999995e-06	0.0204172463474542	0.0202019877289652	0.0273674789259618	-0.0109832250382116	0.0100295193360966	0.00622500132937064	0.00180534350797104	0.019663855424621	-0.00659414618864533	-0.00918077329634283	-0.00293042861655344	-0.00155116963277656	-0.0201125223703332	0.0148445157185116	-0.0172021020634622	0.0143260820228022	0.0110219009540339	-0.0609391202688388
"A0A060HLE3"	0.00154529267407898	-0.0102850938006699	0.0324299301514009	-0.0409910236227923	-0.0181272880030693	0.0302742919434776	-0.0015509712338933	-0.0721147405982934	0.000518719662165649	0.0902247414495479	-0.0409203511490471	-0.00148114112398509	0.0118388614446227	0.0170066571367632	0.0299018660070977	-0.0394779388697336	-0.0377596060247103	-0.0223400494558154	-0.00864446639361761	0.0510041821615092	-0.00103373918840111	0.000866177021834079	-0.0288040167620912	-0.00445474189099089	-0.0241548457983121	-0.00275581320506408	-0.0615443428338945	-0.0402650173699791	0.000607213983904549	0.0143772272107826	0.0379480834756027	-0.0216617976112437	0.0187794227645771	0.0279572305819753	-0.0304026439267582	-0.0624559459453361	0.00712685162329111	0.038172633758853	0.0393009055111794
"A0A060HLF0"	-0.0214892545729696	0.0281609226135478	-0.0335227089304528	0.0275595033488293	0.0527737959349171	0.00914964415949074	0.0150599142785195	0.02102946104569	-0.0313832128534075	0.0243535483215677	0.0172462240487174	-0.00784297742026869	0.0237442859105694	-0.0094723486481989	0.0252179690905347	-0.0605063391239847	-0.0159823939566833	0.0206296551790757	0.0153543889962859	-0.00920601371830769	-0.0238710417503114	0.037612685271874	-0.0463173731015379	-0.0226900784407639	0.0445428355007166	-0.0140831760288555	-0.0553507856248847	-0.0254192632866452	-0.0247388408200177	0.0658287779274886	0.0272278345108002	-0.00887897205028038	0.0118341847626041	0.0367780747597131	0.0115641729434609	0.0138928218659221	0.0275479807591019	-0.00924474988021365	0.0255708414106842
"A0A060HLG6"	-0.0190303820446412	-0.0442968653049891	-0.0480724977723579	0.0435282628644508	-0.0171401549167949	-0.0185973434243334	0.0320343742473914	-0.0101582140813687	0.00853992213786311	-0.0182224175401445	-0.0451425194386222	0.00752749519947005	-0.0193169943703629	-0.0123231136637067	-0.0192072681318709	-0.00137648358633813	-0.00794134405699357	0.0168385724429392	0.0115014769320726	-0.023907362759451	-0.013518298910832	0.0181210070973941	-0.0227484606439837	-0.0104078460461711	-0.0211383609883167	0.0134960342414846	0.00177046306766593	-0.0207150183635042	-0.000204786836157838	0.0143559793585318	0.00944135728523733	-0.00668838851737521	0.00420238471823689	0.0354212324685234	-0.00226118000555837	-0.0111652550215968	-0.0234177211202567	0.0396305592029611	0.00723356641425005
"A0A060HLH1"	0.0423882891876285	-0.00625886543876993	0.0240079065575934	0.0207604468158219	-0.00557231711111849	0.0326832296509412	-0.0414847733897816	-0.0201489596125938	0.0360342886429612	0.0131428057779988	-0.0172472172889996	0.0019576297221995	-0.0215516107112463	-0.0304091312699994	-0.0213663183040488	0.0197941134410529	-0.0105309311520337	0.013746153624498	-0.00772577253089512	0.00431029869429351	-0.0291700723286703	-0.00806473084786341	-7.73001830100174e-05	0.00471297033362089	-0.00988895807522434	0.00429519563497853	0.00388112765420021	-0.0250826327059642	0.0162663877068412	0.010597811486236	0.0058607632073774	-0.0205812125806492	0.00100159947075851	0.000347365079434509	0.00993502164971921	-0.013551281266466	-0.0334905160165883	0.00702940636346522	0.0125903400310722
"A0A060HLH5"	0.0077257204554016	0.0440688450497887	0.0162656991949002	-0.0205836894104258	0.0161795483398149	-0.0200068121644277	-0.0106773367313947	-0.0296813071149647	-0.0124113104440623	-0.0594502294141387	0.0313561605620957	0.00843364349063896	0.0449067707819282	0.0086321891908583	0.0186051146074663	-0.00944041176957017	0.0722941423983193	-0.0143680343245048	0.0443974125210976	0.0595003915651627	-0.00277195666831938	-0.0244805856850494	-0.043671980611112	-0.0315831622661192	-0.0684453792823572	0.031580595825287	-0.0111825730966131	0.0133641396116924	-0.0244383939688921	-0.0759473748629945	0.00229649872556179	0.0132977978758572	0.0301753306014129	-0.0490384293912984	0.0201023161400698	-0.0228329709052813	-0.0307651943835546	0.0492500928757728	-0.0191581972345172
"A0A060HLH6"	-0.0309059622505459	0.046063278770785	-0.00504145170467568	0.0182127549839456	0.0285867264815389	-0.0364352850991448	0.0142186430030339	0.0140872311648707	-0.00209152534509271	-0.00157157574886971	0.0239037667345832	0.000891182275029424	-0.00883719415663743	0.0088475373627819	0.0236688343722887	0.0155996975285403	0.00179305063608779	0.0190645610570024	-0.0194976754179253	0.019273522273444	-0.0116253812331232	-0.00326328844584345	0.014338075329657	-0.00962278950054644	-0.00484672031832649	0.0181165727090024	-0.00374208508407299	0.0181468114789658	0.0133990243711764	0.0181093796822381	0.00826444137231979	0.00931935850285776	0.0265882924528241	0.0230872986721098	-0.0158831449334524	0.0364931410226051	0.0686543864825106	-0.100835822912105	-0.000997319831030235
"A0A060HLI7"	0.0360882688771836	0.00999148874585421	0.00472215415071589	0.0212978930521345	0.0438753861642109	0.0243966008960014	0.0314401060236616	-0.0172615262867786	0.0608590295413163	-0.0315730453432402	-0.022340562901061	0.00851103641658161	-0.0268622894583408	0.0213746772769967	-0.00487817737344783	0.0334115869488363	0.00465810126991917	0.0139963213988748	-0.0132608451102873	0.0143111613971994	-0.00917375899742107	0.00282246041144605	-0.0461859663633804	0.0371699229955064	-0.0268108772863096	-0.0205392681982614	-0.0144057284946022	0.0125921181727598	0.013255877319139	0.0148212149818217	-0.00587213459419251	0.00632959841308849	0.00207366951241515	-0.0163362538883713	0.0211187588489528	0.0383201226689797	-0.00469022807137442	0.0341762184123639	0.0293234993800399
"A0A060HLJ2"	0.0225281170187629	-0.0368644158709553	0.0126934784614248	-0.0225275888242847	-0.000214581545443788	0.000167887785934364	-0.0143970010463854	0.0224709297990489	0.038616828456125	0.0454189484941656	0.0336843630739388	0.0759403763086033	0.0116916506187151	-0.0382463035481245	0.0167890824915064	0.0256401566769948	0.00634008129141347	-0.00663312867041063	0.0269196716153063	-0.0160477450326485	-0.0746757175626702	-0.0298082965088707	-0.0241757702432339	-0.0172813232162434	0.0516035169856124	0.0137075869021232	0.00570824184166284	-0.07615360257786	0.0319771471784786	0.0319965389159518	-0.0137054369706059	0.0303821988263686	-0.0265559141528407	-0.000914822088735987	-0.0172324666775462	0.0209527035248395	-0.0125149519910243	0.0208956745839513	0.0249879096467527
"A0A060HLJ3"	-0.0284076922352276	-0.0313314358715591	0.011717320913686	-0.0382679766786597	0.023684880524064	0.0409148547918296	-0.0066752551302352	-0.0171671829917229	-0.0369211444788725	-0.00016760706978248	-0.0122454527314215	0.0192333104981327	0.00983193290297172	0.0204235480203962	0.0516497803359751	-0.020193530003452	0.0278065137316483	0.0211276233222	-0.0239344881622415	-0.0352219397824224	0.0221583455735649	-0.012802708884179	-0.0115816349738644	0.00515293915341669	-0.00630125067571843	0.0269689328812698	0.0429438791010624	0.0403235962586733	-0.00812304960430641	0.00184597937292441	-0.0672487981324238	0.0625245196505601	0.0114356022175238	-0.0316663933503887	-0.0117628301033838	0.0333489374015191	-0.0190297334651785	-0.0219105841466365	0.0277199244614725
"A0A060HLJ6"	0.00779652080532222	-0.0352105845071569	-0.0132860659122141	-0.0107197970616017	0.0157249717393432	0.0177769559134045	-0.0763410968486301	0.00312900678584503	0.065948137749874	0.0323387217532991	-0.0509939787881911	-0.0298086168470746	0.0644501720503326	-0.0356986616658581	-0.0392841071769201	-0.0588899337994463	-0.0258131465121402	-0.0288462753590971	0.00580897416504648	0.00341788009018486	-5.03498279509922e-06	-0.0140003060747414	0.0131820452015605	-0.0155789211181728	0.0196006845270146	0.00773796382130171	-0.00719212791316303	2.38414532585781e-05	0.0011740571896312	-0.0266246397964263	0.0270767208854759	0.0224552914163188	0.00281734685806956	0.0299932103485498	0.0139342488921542	-0.0373802565654724	-0.0115017638202114	0.0435098541012894	-0.0412125255624274
"A0A060HLK0"	-0.0134469326993917	-0.0568749538065495	-0.0477894645843242	0.0269231743724382	-0.013929658939535	0.013311197318685	0.0193599536698123	0.0313524541490723	-0.0119595751401125	-0.0102723701312685	0.0216507025899643	0.0149610155403476	-0.00173233875006008	-0.0202783467049322	0.0183138508931719	-0.0155132006733088	-0.0392368982077766	-0.0135733360616427	-0.00267462856693034	-0.0098366870711062	0.0251133578220404	0.0047574858982187	0.0180790252109251	-0.0365285216617091	0.0127097954836375	-0.00163597177409371	-0.00221461588583414	0.0237050647030958	-0.00565375997529768	-0.00199864192624096	-0.0263093648149364	0.0128616213008991	-0.0251231380091672	-0.0225072796084095	0.00272939578361207	-0.0172213638105334	-0.0152091373736244	-0.00995658743939749	0.000295611160691016
"A0A060HLK5"	-0.000741412654492129	0.0174774803578626	-0.0335796200493409	-0.0265768754771794	-0.000361421531884977	-0.0551088815775258	-0.00712032575989754	-0.00763108706615777	0.0134339781026903	-0.0185595173108354	-0.0052313422292856	0.0465517839848195	-0.0309525921141307	0.0418457429533617	0.0297462799652693	-0.00783306833947226	0.0726707621972808	0.049028842206647	-0.101930279687753	0.0288852450390421	-0.03585858924431	-0.0752700486299298	-0.0523143971615924	0.0101917267571572	-0.00299227132528795	-0.0465453527782985	-0.000389901516448103	0.0578225657116064	0.0148583303389891	-0.00212180232765515	0.0456888248432951	0.0213296643435787	0.0239699923933758	0.0251383541469473	-0.00785801295085218	-0.0633273837020832	-0.00874336052334126	-0.024114811998867	-0.0645775000724835
"A0A060HLK9"	0.0405547639765691	0.0267691631264531	-0.027132315461852	0.0166441555998111	0.0142621748013641	-0.00635260957998929	-0.00258990390659556	-0.016366647653193	-0.00969428524340672	-0.00255713013521569	0.0257088332462041	-0.0254703441983474	0.005026901815323	0.0147992041191631	0.00905221960500172	-0.0376584748032733	0.00174068710406351	0.0237955711587285	0.0157820475228302	0.00733806300219704	0.0284281180876326	0.00288017919461809	-0.0266193336968556	-0.0185597981338925	-0.0112516307300037	0.00798383883905974	-0.013475452053593	0.0486713648207043	0.0490799735962723	0.0244802689828479	-0.0293112677870823	0.0271506196111399	0.0169028207833462	0.022594903449267	0.0390455166357288	-0.00138099332694191	0.0217705907448165	0.0120487265396518	0.0238667884652247
"A0A060HLL2"	0.035856601095091	0.0159554865856428	-0.027114954670205	0.0143888339622597	-0.0332098252219214	0.0171652017220212	0.0189707116084453	0.0422692459045545	-0.0259337360054486	-0.046150780862782	-0.000809158351191416	-0.0131905836500204	-0.00710262011252799	0.00969367223113611	-0.0383960199983773	-0.00515676307864836	-0.0192879602979492	0.0145318145965022	0.000344290771033935	-0.0474669717572726	0.00739769847711196	0.0392192529819422	0.000331284434153341	0.0236610380191746	0.0162158040523224	-0.00452917673743461	0.0621633814972007	-0.0469448432306739	0.00345873375251905	0.0024858545222263	-0.0236506262904004	-0.00546188567471831	0.0345651115467778	0.013953163413433	0.0190227059040087	0.00611002202374737	0.0076389832383492	0.00124962498274376	-0.038424532090803
"A0A060HLL3"	0.0345090083598047	-0.0347582295628484	0.00147959340631198	-0.0134453702375027	-0.0453285990780636	-0.00472550294807805	-0.0193203940261699	-0.0402093666761682	-0.0111205802407959	0.002604980671034	0.0154577527989797	0.029544978439609	0.0300124033367906	0.00995138071420296	0.0297313706262911	0.0109837574355945	0.0230129101156952	0.0177184447240878	-0.0318090823438408	0.00287973575549096	0.00649087883712812	0.0304649937515	-0.00697135896407314	0.0189641515885498	0.00394198958434776	-0.0179120654021236	-0.00487017359309643	0.0517196313807993	-0.0209021883217912	0.0143153533620134	-0.00254663930677252	0.0056588766488758	-0.0176004932253205	-0.00728386531565037	-0.050850623310433	-0.01658116669307	0.0269315298765964	0.0126364239300946	0.0282257824768831
"A0A060HLM1"	-0.0351731082732587	0.0157828779090142	-0.00126879553966679	0.0393836981411891	0.0442276110675491	0.0264289091588021	0.00720246436129128	0.0352374676388383	0.0327804821283353	0.00190816777240576	-0.0182538681724351	0.0182085953390928	0.0363702975748743	0.0433998065861553	0.00401965421427948	0.0290749503145908	-0.000749404975759212	-0.00835150700451535	-0.00556800190166399	-0.00512898134741003	0.00963189319966659	0.0116959597976134	0.0169638606622965	-0.00490167254270262	0.00642691186577568	-0.0168735710629857	-0.0343583142959303	-0.0203744627738382	-0.0304618306284894	0.0202702718049493	0.00556470837234187	-0.0348724560705755	0.00341974253085567	-0.0388928530958263	-0.0291130908639625	-0.00652567094355825	0.0144974109351285	-0.0104676791360832	0.0150044965881962
"A0A060HLM5"	-0.0394984407334333	-0.00787916356637687	0.0386263568638255	0.02897376221654	0.0296908882294333	-0.0170181539233446	0.00896831446008017	0.00567401055369221	0.00780882857191764	0.0110057244684784	-0.00152747183415108	-0.0401113524141119	-0.0220058880455724	0.000758607692369479	-0.0253761226946316	-0.0112453123230563	-0.0255513275121804	-0.0296022546647388	-0.0210577304144545	-0.00861167998171253	-0.00884378514520593	-0.0185352650351153	0.0166724674985602	0.0072620588250861	0.0241763575186508	0.0128761903608749	-0.0183929683636321	-0.0153070946982875	0.013664544508892	0.0247202790863271	0.00225832669688685	0.020939808685937	0.0183373620456928	0.0248333618001776	0.0314717881740738	-0.0374429227245103	0.00775207534351214	0.0180477645604228	-0.00544212143331397
"A0A060HLM9"	-0.0101569665574021	0.00263481373330712	-0.00462218014938976	0.0282245550414445	0.0094669373886346	0.011280167062014	-0.0408621375522578	0.0429885107345816	-0.0508481551019806	0.0180877740999968	0.0570738657077565	-0.01104422444779	0.00562471319942896	0.00437454167497772	0.0237814357969461	-0.0237102126656244	0.0163682554372027	-0.00316890689277226	-0.0425391377530817	0.00124063606425955	0.0684185954917544	0.0993696072642673	-0.0627261685289205	0.0846877386996241	-0.0281089366389233	-0.0442105870862258	-0.0361262584198041	0.041498613584619	0.0548918355068903	-0.0530254691360859	0.0225123094672338	0.03234311463574	0.0496156642447701	0.0233147318168771	0.0137634470936563	-0.0776783505715305	-0.0422376743626563	-0.0529734413163577	0.00450152635359845
"A0A060HLN2"	-0.0157626854542319	-0.0512883916122927	-0.0308412001634177	0.0161836126600909	-0.0203472885306802	0.0123227216941188	0.0160492532215502	-0.0027579299238555	0.00301951130771417	-0.00285373844168354	-0.0161322562196596	-0.0291732668555808	0.0158334699481352	-0.0115855454110232	0.0462722793315019	-0.050815720242713	0.0303275846018194	-0.0536621130145785	-0.00612016594438479	-0.0410427331829312	0.0240727737998867	-0.0399696108572218	0.00682785694834006	-0.00206886370382634	0.0485727787116057	-0.0376918614816359	0.0361352564165323	0.0183918067904253	0.048925953977268	-0.0241878568837633	0.0429496745096079	0.00720010634608642	0.00345199960966521	-0.00430714025725943	-0.0390067734962569	0.0196722264898325	-0.0563839796590338	0.0262772897164588	0.0254511242787779
"A0A060HLN3"	0.0135865388147491	0.0117421099038746	0.0071163390819405	0.0494187033390773	0.0511715326956075	-0.0186985769715846	-0.000147406729768039	0.0478682840915883	-0.00205034179322777	-0.0268600860603437	-0.0169462664728675	-0.0241164977228253	0.00669489771887536	0.0296572293380933	0.0199514529104859	-0.000303560280103165	-0.0234657417725255	-0.00329954377622334	0.106391187428	0.00806175190632151	-0.0295882879051514	0.027540155714538	0.00525697278729358	-0.00524836551711119	-0.0192956375798922	0.0419528770548075	-0.0312929752959391	0.0766155147755339	0.0140201767268433	-0.0522347640504804	0.0177457480822203	0.001819749716451	-0.0343224255411878	-0.0533392128206018	-0.0155376953278486	-0.0596009167700992	0.00321683152140561	0.0553902162398036	0.0116732856673974
"A0A060HLN6"	-0.0448357180211208	-0.0253540891473875	-0.00867719137416138	-0.0255572240695662	-0.000690383493550334	0.0093641699596315	-0.00273385621154972	-0.0315541043951218	0.025040370821157	-0.00245494376419793	0.0203060380405358	-0.0106000952038863	0.0100187771653805	-0.00775110328741766	-0.00503595890218856	0.00408218440236237	-0.0089802568347785	0.00526592291550006	-0.0169137615958684	-0.0117273345319462	-0.0136420358708924	0.0102394590221038	-0.0119265178554166	0.0220687015951445	0.0141254977082819	0.00297362502091824	-0.0205074178965504	-0.0035436218257869	0.00596607598141346	0.0125514207380617	-0.0235206331494955	-0.0116690378605363	-0.000413261660214906	0.0262187205967496	0.0111880158245217	0.0120708755520159	0.0277921770768205	-0.0379325249853611	0.000342858519828163
"A0A060HLN9"	0.028939596157237	0.0480635764063091	-0.00785853389563728	-0.0211998707149907	0.0399323400510745	0.0217697872708163	-0.0141612762271067	-0.00819466268506036	0.0466867275010869	-0.0035823871034875	0.0142884143277921	0.0036865810191398	0.0335382545628166	-0.0356911980118243	-0.0085585405577603	-0.00197099344814769	0.0216037668756429	-0.031403357295684	0.0149728367123414	0.0049775058300348	-0.0195699863571862	-0.0153437208610363	0.000509038396276677	-0.0177723926068264	-0.0058179766385402	-0.0189417293988533	0.0187114435674428	-0.00419550623467314	0.0253467131432537	-0.0160054014759479	-0.00891374446474258	0.0210015661337409	0.0188397236906204	-0.00482533225712348	0.0129606008555788	-0.00960204860043805	0.00894147574593598	-0.0266923195714533	-0.00662055164137697
"A0A060HLP7"	0.0358977840692243	-0.0393830235557456	-0.0103232669550013	0.0351870270577226	-0.0226615696272469	0.0233660393361599	-0.0237932491003741	-0.0368142649455922	0.0107172596584377	0.00192121553990272	-0.0139887648120894	0.00959381199334099	-0.0283477428982848	-0.00929449741655578	-0.0147993596124428	0.00552184692043304	-0.00355048004206445	0.00196182344671214	0.0153783505490271	-0.0102021785857258	-0.00761964814585543	0.00432028925639564	-0.0128138742428815	-0.0183386006099232	0.00893686346215616	-0.00655920829545409	0.0189217075436976	0.0183042165231462	-0.0314155204957169	0.0130921149876376	-0.0186961639861242	0.0194451591939626	-2.48672577538522e-05	-0.0058165952163726	0.00252115510128089	-0.0225815368015352	-0.019898652282373	-0.00199416228176962	-0.0593931420686313
"A0A060HLQ4"	-0.00806610620445477	0.00443253672615762	-0.00324602557721927	0.0434751368241177	0.0173881816406029	-0.0293274617187377	-0.01081451667239	-0.0419246554771447	0.00182157357569445	0.0410323944932196	-0.0083457539033445	0.0450611592377517	0.0414213384546511	-0.0205979921338857	-0.0867454307429692	-0.0220683200180121	0.0387349907430921	0.0219942553776983	0.0524603917507424	0.0431287212794413	0.0106017779527841	0.0174325074655777	0.0703721442751854	0.010997466390498	-0.0233203479169376	0.0431837822487389	0.00347783384379237	-0.00433197615344811	0.074291290505935	0.0858108144992743	-0.0528669192869628	-0.00657613691553947	0.0280335794219263	-0.0439317498097505	-0.0566743871956009	0.061767270592686	-0.0242702363052886	0.0222373498054789	-0.000375480604312557
"A0A060HLR3"	-0.00240058619408851	0.0246319377519835	-0.0201381538713157	0.0222237528571621	0.039838583586222	0.0435720913400453	0.0389105239675629	0.0162864785681569	0.0094391385691883	0.00705479403219282	0.0734150654174744	0.0359763548476977	-0.0077394805659431	0.0701966676721104	0.0142250740456536	-0.0441226104681769	0.0202793192410366	-0.0431740996501698	-0.0743187582682417	-0.0326276167208666	0.0331461603755197	-0.0562378037162383	0.00241731463322496	0.00645534275177143	-0.0563069069603301	0.00866140125609843	-0.0271885855271426	-0.00520954412356249	-0.0536649814037465	-0.0119766025869808	0.0382782825375695	-0.0274421855099858	0.0017028994397169	0.0144854323100351	0.0117732942970318	0.0320247570976633	-0.0151207577716443	0.0110060910846446	-0.00282599954804394
"A0A060HLS2"	0.037875589433752	-0.0129777342145543	0.0229565851440163	0.0109027927773035	-0.0058410827376308	-0.00930469217143259	-0.0422823996930044	-0.028446985568245	-0.0212257141498923	0.0175226562923377	0.0518756455935715	-0.0355813393202008	-0.0152235392335423	0.0430023708839939	0.0075962529488794	-0.013575997772615	-0.0341089184627733	0.0538053352887418	-0.0112378239405425	-0.0125849424715856	-0.00380175198829264	0.0124726408371999	-0.0241852808422966	0.00560798206207157	-0.00605001499165927	0.0572505784877162	0.012970960705438	-0.0181600655156751	0.00932725152629258	0.00402073156764366	0.01012216160961	-0.0122329283781444	0.0303445249180913	-0.00924261242552149	0.00475317208623709	-0.0160649559696487	-0.0498500829597519	-0.00817870101042787	-0.00370220815744993
"A0A060HLS8"	-0.0244142685915616	-0.0441802401438595	-0.0336420548103049	-0.0119823702710229	-0.0223417922865522	-0.0242154822470214	-0.019818795852358	0.0418935673196301	0.0112494680293864	-0.0118424274169894	-0.0112785296378568	-0.0118462553064048	0.00636257014029003	-0.0121815939759297	-0.0260879720425433	0.0281084582226488	0.0498699850075197	-0.0129483269931898	-0.0363313557430349	-0.0240866061375874	-0.0468952503859194	-0.0118800628609068	0.00884258334248295	-0.034374232042137	0.000715610143135003	0.0335532575680619	-0.0050457178783002	0.031457617536891	0.0144389009665556	-0.0152337729093694	0.0742436567795278	0.0239697993253192	-0.0172784934318138	0.0106650226719742	-0.0218863047571126	0.0231468869058352	0.0153520269924359	0.00813012915035253	-0.0201179422762996
"A0A060HLT0"	-0.0288965693420886	-0.014297777249993	0.00346815873915982	0.0355523900127878	0.0232762046756782	0.0524623101815391	-0.0419602456827905	-0.0336315373660525	0.0373297900016409	-0.0125679364272536	0.0438405135751079	-0.0262929334670034	0.0141259169551685	0.0331770197286882	0.0074177356678795	0.03933944065273	0.0140495221906821	0.0210425269530257	0.0183151244668931	0.0120075825325119	-0.0122918178215929	-0.0305959416984429	-0.0301429145550161	-0.0263093661001662	0.0577073580441022	0.0105372545999402	0.027272439320315	-0.0269109591205467	0.00603954165103258	-0.0345970170299221	-0.012256978946097	0.0356241761398055	-0.0412404942679855	-0.0170782415316304	-0.00736687260652768	0.0175440035075215	-0.0146070385632705	-0.0163965720367509	-0.0234262684402013
"A0A060HLT4"	-0.0360158610223733	-0.0409022253474305	-0.00489284161293771	0.00779519634015937	-0.0117845967890003	0.00680363743911569	-0.0454531654626119	0.00388232200945821	0.016145719789569	0.000902093459560423	-0.0290953382940563	0.000190058830197952	-0.0311779297746498	-0.00626762543013218	-0.0213318827493871	0.0119065574327002	0.000639564169821077	0.0405972807937791	-0.0313068653738597	0.039957150277276	-0.0261362807791847	-0.0120295380029589	0.0142840984836167	0.0300538719627657	0.00840550436489779	0.0137505463775195	0.00200730982119985	-0.0132141337222487	0.00679672479532998	0.0532806228381864	0.0125485637857573	0.00454075896114864	-0.0103439838894179	0.0205992324602351	0.0190906279328497	0.0261421429253902	-0.000210045726269748	-0.0127170167745874	-0.0429136509086809
"A0A060HLU1"	-0.0267283727625572	-0.0550044832567063	0.00241263692547546	-0.029334487575771	-0.0343240024589489	0.0128780566937313	0.00345510356828907	-0.00944991223546772	0.0279513359145894	0.0114486841809995	0.0181366559838981	0.0463819512778348	0.0271500170442097	0.00858264947080805	-0.00779937789681831	-0.0312496340839	0.0101654891039127	0.00293520991841675	-0.0143396292239235	0.00228891097419902	-0.0129907368307079	0.00492749264271114	0.00633176212332832	0.00175888054993694	0.0184570114263754	-0.0173434448784541	-0.00638680034831834	-0.000763616069195436	-0.0201888327506132	0.0147833354636378	0.0045567033451782	0.0116325833231595	-0.00700377294305922	-0.0180463874504376	-0.0097119224690267	-0.00436694232264503	0.0155104508237801	-0.0131299625886723	-0.00648752290812759
"A0A060HLV1"	0.0403226170364256	-0.0224493528919729	-0.0109441859124843	-0.0209486366457913	-0.0363860137142761	-0.00872166064576246	-0.0251228846921734	-0.00112107346716688	0.0254715407554489	0.0373085796069499	0.00512540796375688	0.00777809767587243	0.0140770212291243	0.0463906603320433	-0.000995118148686735	-0.0522911681247062	-0.00318016331389032	-0.00454186749710756	0.00346363625261511	0.00188985032799153	0.0133584719078576	-0.0170582397852126	0.0155326342818366	-0.010123268456241	0.0291616925111901	-0.00522931516454354	0.00768036854274623	-0.0115472598061853	0.0131565943551316	-0.00641714348007297	0.00170631268550406	0.00182797400749444	0.00583959587544961	0.0107347186158198	0.0118886842027329	-0.0184333096267174	0.0193622038481848	0.0175681229990262	-0.00419664200607474
"A0A060HLV5"	0.0306878593647504	-0.0399834436999677	-0.0227392194737156	0.0243054665920192	0.0150562737809001	0.00997248034797471	-0.0219448157499058	-0.0247981781895039	-0.013246724037119	0.0322963214281748	0.00840037342879306	-0.0152615271535453	0.018413088250798	-0.0234243056253473	-0.0221961592709839	0.0448650804800895	0.00525802655926034	-0.0385576477710038	-0.0105854425345706	0.0227117522240069	-0.0230790811260147	0.00396794029237602	0.0136462209639993	-0.0236139603835025	0.00971162252994857	-0.0191306831369625	-0.0181663853847921	-0.0243918526990002	-0.00374875055136211	0.0101919906471636	0.0278239402243081	0.0841849880634949	0.0408934893242075	-0.0182211782322139	0.0299773763692935	-0.0247164014870768	0.0401114213418004	0.0123640146545313	-0.0196764445414342
"A0A060HLW2"	0.00695472973834149	0.0668061821396914	-0.020555758683137	-0.0324130249805069	0.0324107615629242	0.0183203772516013	-0.00242382197004181	-0.0455477207868617	0.000826534168169294	-0.00926214008496817	0.00398887131315405	0.0134250618723746	-0.00967736969423379	0.00161558355544291	0.0100834936978397	0.000395225616088076	-0.0111366440397033	-0.00517880018901633	-0.000131903425865566	0.00348247653452033	-0.00114427504696779	-0.000271718570446212	0.0215687059402432	-0.00641944656374932	0.012203519208577	-0.0230552964074331	-0.0019986025024341	-0.00661886199703238	0.0290524293540656	-0.00584731342518912	0.0231470637847934	-0.0110728082290395	-0.00285037535814046	0.00230291438558675	0.0129460258090178	0.0305593639758203	-0.0142646307764744	-0.00798799922656723	0.0190064595444434
"A0A060HLW8"	0.0398608327704675	-0.0267293205044483	0.029696332812777	-0.0204506675600825	0.0136062893634026	-0.00211207933729538	-0.0113136833197627	0.00328723134488336	-0.0280304924862977	0.0304474238366632	-0.0376703931081494	0.0147692312778808	-0.0171745370155835	0.0423626236266612	-0.000664872588152415	0.00485202843977947	-0.00950918476588571	0.00311395040642261	-0.0117598380457488	-0.00472868604627934	0.0506342401354815	-0.0121076293025731	0.00988103687556874	0.00220630234653002	-0.0208827362130746	-0.0182600563318268	0.00349966049788101	-0.00630095632749489	-0.0207797142393456	0.00201019389081264	-0.00774213278784985	0.0283553917212604	-0.0189599903202749	-0.00726109164116948	0.000216998315552845	0.00361699150823575	0.0124520572879557	0.0229956719870922	-0.00810981251507004
"A0A060HLX1"	0.0422573709529975	-0.00894977945032666	0.0295157602457785	0.00138792338718587	0.0127706736528077	0.0341353310415136	-0.0214485168676205	0.0212397156872934	-0.0166938860631973	-0.0312982867362659	-0.0054167951351385	-0.0314172604320285	-0.000398869890634339	0.00489989751448109	0.00637776458134387	0.00577684854253466	0.0256220509025403	-0.0171786455100208	0.0145600232433002	0.00484595495134179	-0.0315031322840558	-8.18638557426138e-05	-0.00275883053338178	0.0236979221468515	0.000645676522971686	-0.00742010054827643	0.0277377823766009	0.0136122840234078	0.0213978636460733	0.0365699531059437	0.0158494861968493	-0.0416983105668337	-0.00609096327162953	0.0310796055289038	0.0379541696901588	-0.00768748645861275	-0.0414038521270016	0.00613437347761396	-0.0209703550722786
"A0A060HLX3"	-0.0411406938984006	0.00646239525305649	0.0245726783117453	0.0396473231044574	-0.0275572634672225	0.00320426729686308	-0.0370503323200321	0.00901541010195702	0.0200839753013487	-0.0124190558276261	-0.035868848263169	-0.0190580933964218	-0.0162486721437586	-0.00204351494132294	0.0139954502792607	0.00903003850847689	0.00954894833700506	0.00762005190131248	0.0230113882389914	-0.0071635717869618	0.00553567359421816	-0.0250411640787871	0.0123982304904322	0.014327715253651	-0.0069841083024838	-0.0121942202651202	0.00644667730510031	0.000278549867072501	0.0114297488010109	-0.00609485545455763	0.019969786173081	-0.0162352894957957	0.0134991112548228	-0.0045123665147123	-0.00758633493601206	-0.0175151956222659	0.0160358698542545	0.0153695443572525	0.00157674890577318
"A0A060HLY3"	0.00559366830580708	-0.0342404171483347	-0.0494157799866407	0.0114443062431052	-0.0046859167646861	-0.0289487583757859	-0.0399488304856322	0.0117919997280787	-0.0749017032397333	0.0208535971184914	-0.0373033384419098	-0.0271316092197039	-0.00790265619416397	-0.0498195110115352	-0.015441386937075	-0.0230270564229829	-0.0239166790069744	-0.0161841248161655	-0.026505493126596	-0.0584633442665674	-0.0297659879192184	0.0399458707921043	0.0092636253652501	0.00309514081763503	0.00982224156155386	0.000209313073812214	0.00891119004686938	0.00196665555173243	-0.00212971954061753	-0.00738888503004302	-0.0412691967262428	0.0684345501526532	-0.0629291884120259	0.025863611636189	-0.00468037704227089	0.00570499131350651	0.0153715300797402	-0.00172193881168729	-0.0407810446131524
"A0A060HLY5"	0.0334619312729267	-0.0291159377460679	0.0568929189823406	-0.0253084562384313	0.0212959593298672	0.000819011625092078	0.000777265234811051	-0.0029485772821179	-0.0288962697776323	-0.00828472301314277	0.00691306320293497	-0.00426673258217569	-0.0296382403785176	-0.00404887438562238	0.00747422864136994	0.0302040808732538	0.0073080169209165	0.00658491397151071	0.0107702650449488	0.0169305676147797	-0.00275727218269941	-0.027292311095934	0.00286803166880591	-0.0020526392746226	-0.00711664622000699	-0.0131323672387507	-0.012330586011473	0.0348506851824387	-0.0185693148339228	0.00576426831013241	0.000981747963413182	0.0086242810607754	0.0033578909517654	-0.00271773305496463	0.000217912126691299	0.0155881373516799	0.0110676535584862	-0.00896387384136546	0.0131495931135361
"A0A060HLY8"	-0.0343570388980586	-0.00885381728130005	-0.0279030783686453	-0.0280851208005851	0.0197566880544647	0.0242911014634459	-0.0556601834803656	0.0384745246021506	-0.00871474517240905	0.0657723243940174	0.0105691636033963	0.0182329293033957	0.00663498287814786	0.0213962442789319	-0.017278325999245	-0.00901331457148558	-0.00986486367252347	-0.0128216098186505	-0.0134271924786259	0.000256268774786759	0.00690904718427888	-0.0190005797677782	-0.0297411279291353	-0.00892436971353533	0.0030767472958302	-0.0317064088305574	0.00295271159649494	0.0170271200715672	-0.00968824321396013	0.0332465447765835	-0.00314285212618046	-0.00737080714853795	-0.0277411242956351	0.00571104257695997	-0.0160194832810332	0.0211503105561471	0.00388859594640357	-0.0296366811075948	-0.0356899976640011
"A0A060HLZ2"	-0.0452820005114568	-0.0239565851032336	0.0329183557163422	-0.00612171119591711	0.0182145103968979	0.00901914492801294	-0.0109269480882483	0.0151116960714079	-0.00661208533748719	-0.00275371114213314	0.017999711637071	-0.00189818720040806	-0.0044888453317117	0.000781620420559611	0.00204602051039641	0.00259032503673665	0.0078057631402473	-0.0165057548935586	-0.00566603528411418	-0.00209398821183276	0.00290887538165389	-0.00967482550505215	-0.0103588408115997	0.00695126806016792	0.0133274625290424	0.00648802595643769	-0.0125937005104604	-0.0128547241537585	0.00944052838363427	0.0105080035974925	-0.017094624501723	0.0133570390352194	0.0121886659395563	-0.00283725260266508	0.0318494983611733	-0.00468923120379286	-0.00780809863960037	0.0201276306013382	-0.010463922665475
"A0A060HLZ5"	0.00354581836000572	0.05683851152253	-0.00717218916056693	0.0365948332068083	0.00375758479715173	0.042527250102261	-0.0218480142753739	-0.0520129955599966	-0.0114313902039354	-0.00190158144378673	-0.0256326345552363	-0.0274314695831597	0.0277715013359859	0.029397134211087	0.0311314318127975	0.0196008987572279	0.002685967035867	-0.0105572478447827	0.014885682168489	-0.0197619583124585	0.00120439256591946	0.0131956864504604	0.00085712903787003	-0.0516878887839505	0.0256492469797906	-0.000194128355309304	-0.0099259953412126	0.0127095057991514	0.0332221953634467	-0.0130635728242083	-0.019871893394291	0.0107174148691397	0.0354366040337856	0.0585464660702498	-0.00199125143985067	0.00297859805887581	0.0354542961009326	0.0334685934691565	0.0527609668867771
"A0A060HM00"	-0.0376305885343049	-0.0124094310483333	-0.0210634245029128	-0.0225020849421509	-0.00230076081100906	-0.00256911789711859	0.00439436331418587	-0.0488929030620412	0.00545233459430386	0.00366035496755877	-0.0105007884688843	0.0436575472498741	0.0112937073960389	0.0122460449743666	-0.0284668883406602	0.0215589699809131	-0.00289472156181506	0.0191709998492544	-0.0162235412158388	-0.00981729764129638	0.0173714648698982	-0.0367787039070172	-0.017406800760038	0.00113853486560654	-0.0144139023379543	0.0163893313849766	0.0113100534313521	0.0272143848635629	0.00313236165628532	0.00112963022605129	-0.0496827451209832	0.00764188695196916	0.0912152134878852	0.0111649399472453	0.069774568633956	0.0414507143933792	0.0653353738882272	-0.0439868725578321	0.0432517665092535
"A0A060HM05"	-0.0227234412221838	0.0153316299455128	0.0276489998831536	0.0381106920732927	0.0402536040427285	0.0611373921938777	0.0054495115500062	0.0171309216215039	-0.0484847985901657	0.0372010017353308	0.0459380075328032	-0.0325009860327825	-0.0292801802422618	0.0304532651994648	-0.00272197852682935	0.0206297826111681	0.00257869233932024	-0.0139708206125377	-0.039424380222274	-0.0287716645835985	-0.00608145238484068	0.011104248887686	0.0168542548691175	0.0108945584365659	0.031440626363851	0.00650904898057233	-0.0327079344691534	-0.0263092653435385	5.71367945349012e-05	-0.016135316565292	0.0055730085867592	-0.00759241789930513	-0.000107747059192563	-0.0222562690614872	0.0345943886040357	-0.0129435701986848	-0.0160069723719517	0.026588835425393	0.00558077231302059
"A0A060HM07"	-0.0101066974785521	0.00108187445150948	0.0168108704460358	0.00205937266375951	0.0180591546018197	0.0132044860430453	0.0663637561730506	0.0494735267070073	0.0419178832434006	0.030464716656838	0.0774302311347496	-0.000526332828034771	-0.040697755591605	-0.0270783681930388	0.0177605958683758	-0.000735191534125928	0.0607232130572202	0.0600469285574082	0.0332699240072836	-0.00513096502338225	-0.00543468122076973	0.00928795267221993	-0.0544812919343117	0.0487764157312386	-0.0700641012121877	-0.00164655681840687	-0.0398359340721343	0.0115019846389314	0.000534270226166206	0.0293786489928983	0.000475457477305494	0.0715316222313764	-0.0278130452059638	0.0601641725842659	0.0488921152542887	-0.0221975171329807	0.0348716589538255	0.0225203887525797	-0.00286439561722582
"A0A060HM12"	0.00437461598165046	0.0239946997371367	0.0323144916977029	0.0478091292915299	-0.0535386944863541	0.0123887328127078	-0.0494445447583803	-0.000777709332552922	-0.0251350370502255	0.0171655974190772	0.00461917650052193	-0.0241026847278389	-0.00516288030421343	0.0148759492094336	0.0387754320636803	-0.00359585876706503	-0.005582212821784	-0.0337218114754345	0.00177999665710585	-0.0225037448903932	0.0162547548634411	0.0447523395076776	-0.0550147272044059	0.0604207979123574	-0.0410400653427993	-0.0480682484744289	-0.00396901863960529	0.000976338291039825	0.0573157673630635	-0.020030015010046	0.00979925986483912	0.0394118296580459	0.0213107037737329	0.0272346112228265	-0.0254539483916087	-0.0408535467039589	-0.0546383678094265	-0.0106489035870967	-0.0272437551484181
"A0A060HM14"	-0.0410882093562755	0.00598680530672016	-0.0231955753859841	-0.0108481154171519	0.0497030487963834	-0.0220353131604264	0.00603837392852236	-0.0229162904606517	0.00787702221392118	0.00449855485169676	0.0107956598638085	0.0395823587559391	-0.00429082909701212	0.0163465996361403	0.00115999505358419	0.00560803277643323	0.0198469799891822	-0.0178487091093579	0.00672688153765523	-0.00910940961310719	0.00497096272507587	-0.00653356610479209	-0.0223513898030829	0.0253918545240349	0.0259704267529693	0.0144231870358511	-0.0229102748885921	-0.0319968487786513	-0.0176579625623029	0.0201198745230012	-0.0136539299766633	-0.00351792529268774	0.0113225151104953	-0.00496596663188627	0.028003318268777	0.0288852225037865	-0.0285929554043394	-0.0325758698758219	0.0351883450707622
"A0A060HM15"	-0.0297626035251058	-0.0138350237865688	0.0282299951435222	0.0153829658991587	0.0498686288794133	0.0159447668863325	0.0507871917003869	-0.00833477457012694	-0.0195516962769816	-0.0479797255542327	-0.0209493634619758	0.0105423017278404	0.0183730630704281	-0.00279853725456862	0.0270119992167449	0.0106883208766657	-0.0564809348839166	0.0316526908601966	-0.00201605452532144	0.0307459224139954	0.00788477352875403	-0.0370785442314998	-0.0307365990408305	0.0506726043199451	0.00874948704977488	-0.0136399385894579	-0.00952319461044436	-0.0194381245292847	0.00685963421702691	0.00941694367891606	0.0168971093480639	-0.0362362127550564	0.0105539877317103	0.0217768162846767	-0.0405297015507266	-0.0177564804177257	-0.00859712973428657	-0.00679662265298538	-0.00355206687370726
"A0A060HM19"	0.0121948166093624	0.00710516278171295	0.0298545255441828	0.0719552253007655	-0.0370491916266897	0.0163031999459857	0.0218752305096861	-0.0156595011138169	0.0395748613928981	0.00461357972250213	0.0263890134221774	0.0196248825002857	0.0237185980771984	0.0620259579545209	-0.00696024294805761	-0.0271267097304063	-0.0192280744652406	0.00360992171343537	0.0536888472130632	-0.0073984193711903	0.0464387946877689	0.0124770196060222	-0.019141676625487	0.0173990825353543	-0.00562377161376851	0.0200379719270026	0.00127371987036997	0.0109868919200294	0.0317270678762857	0.0351025961267208	-0.0361794133561004	-0.00784047358823443	0.00676505873453347	0.0441726853304136	0.00348667972671939	0.015532537326134	0.0414757231649112	-0.0170440774297556	0.00768037332386531
"A0A060HM26"	-0.0193673810749756	0.0147483128389398	0.0211736137807402	-0.0146359214740799	0.00680331195287114	-0.0036701707727142	-0.0780568245257999	-0.0124941217351849	-0.0131398175669487	0.0165476350110735	-0.0244268814329902	0.0207937444206379	-0.080743641634484	-0.00335629679654227	-0.00732309301592235	0.0234402926832705	0.0534106364806136	-0.0686347168311233	0.0368351595749392	-0.0167850406220879	-0.00154431857184804	-0.00781015157586235	0.0156368784413194	0.00857700494231916	-0.0183256560808457	0.0280831921868929	0.0573076918776502	0.046565180755598	0.0435343151592131	-0.00466142957455483	0.0255117386222666	-0.0634975269238072	-0.0620473317677424	0.0601468688257096	0.0445776687447808	-0.00278888866236079	-0.005679053520411	0.00514015541755575	0.00412281934028126
"A0A060HM29"	-0.0338075042027753	0.0294392422189434	0.0432287073092406	0.0123567507006394	-0.047332829226846	0.0211031187787612	0.00368535235891138	0.0188999367918761	-0.0195802008571215	0.00981654453379564	0.00295156893135595	-0.00495322685984002	0.0275750916973295	-0.00106379096582347	-0.0185202309464271	0.0104449429531236	-0.0142617784897259	-0.00712393492460829	-0.0156922053374074	0.00538493568468664	0.0114667238156333	0.023460022678514	-0.0068334331080276	-0.0171638843340644	-0.0117723029498576	-0.00836626671408805	0.0274739291356262	0.0037302719741874	-0.0251746112651777	-0.0274952863443586	0.00704430276088609	0.0149925447582849	-0.0385921929745113	-0.0175510237289988	0.0259643324216336	-0.00535699639742871	0.00125270950695318	-0.00138903268900779	0.0113433887369916
"A0A060HM31"	0.0436909998802445	0.00419622759116326	-0.00244410169050678	-0.000263522576211348	-0.00378809729916772	0.0322890915524695	-0.0334518077532402	0.00582777004120682	0.0187423199222646	-0.0545353768410883	-0.00639477359960161	-0.00378204780966386	-0.0379601044399575	0.0250356529152319	0.0158366432155775	0.00210002806839078	-0.0232941691742372	-0.0200391584099107	-0.00825234060347413	-0.0287831178412681	0.0317129581838104	-0.00833491619690334	-0.00382946559967544	-0.010279250849406	0.020262327568044	0.00421724582236147	-0.022596242397088	0.00829225870961725	-0.0385207878273252	0.00560960242933619	0.00215281835075383	0.0312416261628754	-0.0100423287103116	0.00774641739484883	0.00670086169167108	-0.0112057786166876	-0.0181285385150564	-0.00457124578500246	-0.0248789907431323
"A0A060HM32"	0.0398703638500661	-0.00965051844205383	0.0117340435786955	-0.0100962277873503	-0.000676080517790824	-0.0290488099890294	0.0146690418109329	0.0130231782305969	-0.0627131457794994	-0.0083101158789721	0.0480053665140343	0.0249021201303894	0.00221583140326716	0.00514308685860129	-0.0371971768426195	-0.0201807475589456	-0.0551564393014718	0.00372038117963633	-0.00353877553851667	0.00212792643264584	0.0200256570913117	-0.0399505415190491	-0.0227105630484138	-0.0120385887689179	0.00977740487519765	-0.0158524012118648	0.00160572300958789	-0.0456624950483586	-0.0017859218713015	-0.00780351992580772	-0.0173440791272551	0.00391181476267245	0.0385070799227909	-0.0291616973889961	-0.0249610870201374	-0.000763967796355284	-0.00914429870560221	0.00666402799018114	0.000578341230905598
"A0A060HM34"	-0.0157626961860068	0.0197635674358758	0.0206514900463037	-0.0494728059900497	0.0240003900889553	-0.0107720978718164	0.0173811516789806	-0.0357357412610178	0.0170825547400941	0.022337572818426	-0.0226902619132199	-0.0891947333459364	-0.0115576181728957	0.0431232120476085	0.00326007243880224	-0.0355919312471849	-0.00776712326747371	0.0209879658816304	0.0600662598047321	0.0196518726004969	0.0456478864619511	-0.026569407569858	-0.0286957336800306	-0.0235868362569073	-0.00352319658279921	-0.00534745180605185	0.00628441544635897	-0.0683208380584047	-0.0230908471201455	0.0531114604516588	0.0256029451290786	0.0113302641528615	-0.0170858977990749	-0.0403812320604354	0.0203817240985365	-0.0375848331096984	0.0162069043591893	0.067590197126957	-0.00260960198955659
"A0A060HM36"	0.0209796451178758	-0.0142064894511117	-0.0215555973638255	-0.0306031265802254	0.0308655863798082	0.0402015875191321	-0.0526872547020098	0.0412214319598216	-0.0536883021891778	0.0287252578496108	0.00595245765363922	-0.044061345968929	-0.0149365338283109	-0.00965162188320627	-0.0673481820430999	0.0193041700697169	0.0143845116004678	0.0057590642999853	-0.0606978291453219	-0.0199776338373031	-0.00616533803169267	-0.020138552255124	-0.0275394819383331	0.000259968261459519	0.00677136258505716	0.056940096725606	0.0297348300482741	0.000725075494045033	0.00938449667934139	0.00791860879420732	-0.010975065115903	0.00713914174230956	0.031889325872132	-0.00682240145553963	-0.0203043061145336	0.0410440534973399	0.033020518513977	-0.0232524296631541	0.0114237039075293
"A0A060HM38"	-0.0148226541120148	0.00308090232456134	-0.00290472760361479	0.064764379046494	0.0369017356775358	-0.0202450566356914	-0.0152841067326061	-0.00581261199811356	-0.021630105580745	0.0265502712503611	0.00898722656338159	0.0451804220038222	0.0273537900870241	0.0116064988012172	-0.0351385384620636	-0.0681379901190682	-0.000883236997317522	-0.00358354236832237	-0.052130158074005	-0.0475809941025511	-0.0385450284669312	-0.00428352321988175	0.0598950197937185	-0.00588566084430104	-0.0335274237830311	0.0161728714000634	0.0112299507087145	0.0279865918797347	-0.0152001867164178	0.0384991462235496	-0.0719723435901824	-0.0365641110621957	-0.0434498185796425	-0.0417538378253664	0.0117521522394125	-0.0352920321047915	0.0179603076481177	-0.00609618733687419	0.0143897242850966
"A0A060HM41"	-0.0352383375507595	0.0192127893455069	-0.0302872449449314	0.00640044461440432	-0.0183012663395054	-0.0205568292095576	0.00190404310187713	0.0120331355880997	0.0134757480920911	-0.0541800984684627	-0.00747102647050048	0.0463257974168849	-0.0315484867712818	-0.00786529361510183	-0.0501938744110644	-0.0305468276936591	0.0224490294368965	-0.0426626792539352	-0.0440412986481688	0.0289539259190552	0.0342196600445834	0.036677811101296	0.00809919277077009	-0.00406585953573384	0.0127158060377378	-0.0203531832806477	-0.0379914985543917	0.0173696121411363	0.00771949577079772	-0.0268578230351164	0.00166387488981704	0.0177421149099594	-0.0116980158409519	-0.0117275926573032	0.0156832019326701	0.00240560077718826	0.031488063228702	0.0151237733565329	-0.00828378380032904
"A0A060HM43"	-0.0139498174717483	0.0348419637466002	0.00951614276278619	0.0251687026135632	-0.00719303733607445	-0.0020088561234354	0.0179254584877702	0.000126034772916825	-0.0368542948866896	0.0172845006637013	-0.0218362497471256	-0.000971450966965999	0.0170638306222924	-0.0183389925966489	-0.0110680202925671	-0.0508959884178824	0.0113157222382766	0.00418222213666288	-0.0409405321656687	-0.0223303088353803	-0.0229918761733847	-0.0862964246350009	-0.00149819528855654	-0.0496376836418057	-0.00693591685715221	-0.0476060690981805	0.0899075608226907	0.0601638090683082	0.029578493265136	0.000194751113092396	-0.0348212166797825	0.0563667306987682	-0.00267505854803027	0.031674988605783	0.0675739853151459	-0.0266676630028682	-0.109420622700441	-0.103414708035753	-0.00463073122840531
"A0A060HM47"	0.0461870106725962	-0.0265556286717746	0.00388426417561203	-0.0112374839989841	-0.0146455546748881	0.0045103518458947	-0.010394680546844	0.00822920431121793	-0.0186548483541429	9.40583375373633e-06	-0.00329330764469435	0.0114318864455188	-0.0160750425916962	0.0108642346186256	0.0083393768115323	0.00404145467602091	0.0186448038066482	0.00525940462157969	0.0317763234300351	0.0415091010894172	-0.00184379654071964	0.000718326441328378	0.0227591999813668	-0.00688883278290051	0.0250297600519161	-0.00506486875436086	0.0241832371074757	-0.0102694107797323	-0.0166132778404921	-0.00105906605315395	-0.00887294284225337	-0.00100996266011382	-0.023160906174995	-0.00670965551535681	-0.0124728505892928	-0.00949100221002947	-0.0149699414657971	0.0116544223456677	0.0440451145837995
"A0A060HM48"	-0.0394362158695948	0.0155463693267191	-0.000724280418503928	-0.00991881001394819	0.00390643029530992	0.0432986163829896	0.00120753746220416	-0.0297291017956495	-0.0155715670315806	0.0108730344907849	0.00897702555332224	-0.0162267166604866	-0.0151085667439063	0.0324792256211916	-0.0402076116657347	0.0135427465578742	0.00180418389699818	0.0161751243450751	-0.0570184241924207	0.072333557973709	0.0148205956568689	0.0186715964571388	-0.0488251083436195	-0.00830750565625282	0.0157663393876996	-0.00421631861879434	0.0407993671317455	-0.0411608178403713	0.0166445076270326	0.000451637212226747	0.0261611889999743	0.0210830433650035	-0.000878386474600687	0.0060637223191683	0.00146773028348546	-0.0104676060234609	0.0113373616893016	0.00205499029598288	0.0355068358632239
"A0A060HM51"	0.00519798164058275	0.0375031891683672	-0.00211247049060077	0.0532623256811107	0.00722442738451278	-0.0330629384107347	0.00460120287471685	0.0226774077948702	0.00959655421143609	-0.00206892210053154	-0.00150873939104119	-0.0465883527061128	-0.0202519419771591	-0.0576624956646078	0.0275810460396944	0.0114251679495592	-0.0211578266195374	0.000312050872335963	0.00273223468723569	0.0365516096051518	0.0194975230281939	-0.0049691095820175	0.0654943416477254	-0.00177210764547189	-0.0201909743218765	-0.0246788725989683	-0.000934141109955833	0.0387237388063443	-0.0495370847852694	-0.0498401062657081	0.0713091526320065	-0.0427830156989641	-0.00304562026075538	0.0180235401343681	-0.0925386238660442	-0.0770026485508256	-0.0480491015726822	-0.00792000722166118	-0.00122043408198133
"A0A060HM52"	-0.0153084190026311	-0.0213468612137995	-0.022954323722597	-0.0582584457083846	-0.0272722185377806	0.00751675381236857	0.0014879400098463	0.0517779283963815	0.0170885101503446	0.00230322514143449	-0.0534202657928023	0.00425317044463673	0.00667154048342673	0.0146132625604182	0.0254760962364251	0.0317620699071148	0.0352496117846621	-0.0309605503401946	0.0223488304945271	-0.0472710250472042	-0.0267570556978342	-0.0170683064765859	5.96814370814085e-05	-0.0402340920732561	-0.00631941437414141	0.00802915126954061	-0.0418708445245694	0.0151017584457503	0.078997933442074	-0.00912513023670442	0.00340518946913111	-0.0305122692157331	-0.0737162390281778	0.0438731982203828	0.032118841712472	0.0505061298913685	-0.0224128409029335	-0.00987728347340741	-0.0380067798927796
"A0A060HM57"	0.0195621812406304	0.0113660442899043	-0.00849297473082727	0.0469766128347331	-0.0390972901075436	0.00636490056310975	0.0234830762359065	-0.00644011268856205	-0.0171585015422808	-0.00916012514739916	-0.0100802200686724	0.0600068352162494	0.00644351988810814	-0.0231639720680933	0.0272036243858749	0.0489000693229364	0.0524720034465371	-0.0538256146350266	-0.0177236398854055	-0.0200448482272633	0.0116482612025634	0.0166786824084698	-0.031912019451723	0.0362658198348507	-0.0133952211133363	0.062432513519194	0.0237252153139422	0.0732909866034581	0.0669067878102424	-0.037249376795976	-0.026377611418707	0.0303660362587926	0.0273873084466408	-0.0300829607334039	-0.000859179604438412	0.00273353349217224	-0.0948071125103309	0.020998239853026	0.0107890117786848
"A0A060HM62"	-0.0159313117539629	0.0423611397831305	0.0508890788480822	-0.0154702038488173	0.0257707568191021	0.0035871818627024	-0.0165613923486443	-0.0385725300862234	0.00397405233508638	-0.0637528562876062	-0.0302403131013679	0.00469598320916261	0.0265534260103225	-0.0124588934929148	0.000543077224480357	0.0144821382327529	0.00207425527685714	-0.00112504809238003	-0.0178302602978652	0.00828797255917054	0.0416457730685813	0.0012689511460522	0.0192054040420877	-0.018081808857356	-0.00254422989767776	-0.0546639497701808	-0.00591173847147181	-0.0022214209805864	0.0144133470717609	0.00708262272559145	-0.00728589993114413	-0.00652379959198004	0.0163514318457087	0.0407290305547697	-0.030530778724918	-0.00122909259669012	-0.0688505873692531	-0.0297653445015674	0.0297963923981953
"A0A060HM71"	0.021535511436677	-0.00634106635418014	0.064453508650923	0.0248405709922826	0.0408576464451557	-0.0299253413514471	-0.00414335991077026	-0.0349275421468552	0.0127705481457578	0.00469433091509396	-0.0290360226227363	-0.0483372182463184	-0.00235218816409567	-0.0110697724868785	-0.0305573416339237	-0.0346340666326204	-0.0172703059485086	0.00714987118311321	-0.00550185503390453	-0.00168742003466923	-0.0147127903520593	-0.0329201027140457	-0.0104666364668806	-0.0110211030454474	0.0190939258375908	0.0212177987259645	-0.0264338996483536	-0.0106422908825884	-0.00736127557676628	-0.016687753545477	-0.0125908784320397	0.0567539196042282	0.0267541115418398	0.0249274213612798	0.0381959069546315	-8.9459629599851e-05	0.0162422935865398	-0.0127663845878395	0.000997024077473421
"A0A060HM73"	-0.0376229361006525	0.00519392857629513	0.0392190470488782	0.00659724124513933	-0.0195692195809182	0.0363165988945694	0.0152602365896267	0.012703158627769	-0.0244516219750912	-0.00636579087498376	-0.000976164495565691	0.0175708884449536	0.00330833788662259	-0.00199233597116914	0.00916589167668461	-0.0222174595125151	-0.011651238802973	0.00834848431203754	-0.0106311151502669	-0.0214250223947946	-0.0350382450864632	-0.0359078536685151	0.00446304172962378	0.0292229454222492	0.0134996778263675	0.00466425584811155	-0.0212786323537896	-0.00848515190962219	-0.00535111085063481	0.0360812183103979	-0.0445383879110867	0.00940679940770183	0.0473982938533113	0.0575573335100611	0.0862141735760878	-0.0436556241826589	0.0117328240762789	0.0154092616607023	0.00481412136546511
"A0A060HM74"	-0.0161411319828302	-0.0151772305519777	0.0184880408441308	-0.00804463978626544	0.0604979530766669	-0.032746113917668	-0.0345277605298855	0.0341959366776096	-0.0231474383713166	0.00340349519614274	-0.0202498137458271	0.00330428356114547	0.0262533670855657	-0.0401015463774406	0.0166330008710577	0.0334155279785703	-0.00454592284733066	-0.0170102161818615	-0.0929804271551284	0.00431624418883898	-0.0254505460602931	-0.00677854531755914	0.0243525610955232	0.0425059664646525	-0.0509470841279335	-0.0192150472362392	0.0676459024999782	-0.0250646607552605	-0.00519765501079865	0.0069245297915717	0.0371958019745059	-0.0586172554855166	0.0761513104288467	-0.0354938215256642	0.0210884975587468	0.00964396160212915	0.0451414894288374	0.00644491000209724	-0.0165638927655086
"A0A060HM85"	-0.0429611503994545	0.00973862999406661	0.00271653311079028	0.0199956337526405	-0.0177015544551159	-0.0358989117647188	-0.0232267280729251	-0.0120532183922067	0.0111097244196385	-0.0219834382038099	0.0424113810935088	-0.0280046525348229	-0.0186388248147287	0.0062015913303977	0.0166324037188367	0.0120577967336405	0.0385141945235578	0.0177340318698752	-0.00997040250674838	0.00507548770264016	0.026651222043695	-0.00852858226922936	-0.0313763231191018	0.0353319973727457	0.0166191065937641	-0.00943032254926927	-0.000148999705072339	-0.00542790823372115	-0.000127295710856499	-0.00747699791236016	-0.0233388969900434	-0.0155141644196725	0.00548308878948826	0.0413000420670837	0.00282888892075048	-0.0113598069304947	0.0102030361614023	0.0224817652787307	-0.0297128669247335
"A0A060HM86"	0.0030078988238941	0.0401106941773384	0.0275834715078803	0.0552588106976242	0.018818093912738	-0.00724725874994152	-0.0662999074895066	0.00213817102836454	0.0205954622618401	-0.0271772531842431	-0.00688196107732721	-0.0437061442943195	-0.0380732283976991	-0.00619368365286159	0.0425698177401041	0.00818880732882665	0.0166950584400105	0.00207840012854339	0.0576288415479441	-0.0408902237236102	-0.0112683359385056	-0.0274685186987606	-0.0325399069885604	-0.00990326539116618	0.0123318996244382	0.00735507668399823	0.00815328381683574	-0.00271011528375829	0.00430450579837373	0.0086619190304933	0.00314911423170519	0.000353449794504699	0.0163342411929602	0.00547024116568698	-0.0336332547832202	0.0119405766477023	0.0036585991470356	-0.0151075547817355	0.0166143013786106
"A0A060HM89"	-0.000228562772203388	0.0349103236063714	0.0111339401721858	0.028616989538121	0.0260391235755259	0.0687821666248946	0.0546735877057239	-0.00685921534389211	0.0566516623507118	0.00949732122304903	0.00167696108686083	-0.0141413997345046	0.0268139685863282	0.0231084611932717	0.0278622264248921	0.028439704605521	0.0242100106095176	-0.0242161367593116	-0.0359656746288341	0.0135488944845241	0.0325166139907176	-0.0390075134684488	-0.0623004075929471	-0.0281824665528527	0.029129013310471	0.00694190838660895	0.0128591818043744	-0.0326325698912107	-0.0219315131247906	0.0250036068294542	0.0366485901608631	0.0206454811671343	-0.0392247211471025	0.0183623948016618	-0.0178752287642647	0.0412698187904566	-0.0370707693089876	-0.0211995030048094	0.000609430581269789
"A0A060HM90"	0.0432337658770608	-0.00203062666714098	0.0411582176713288	0.0133466092420865	0.0381028622745345	-0.00995845353470181	-0.0104960882263557	0.00551773176477726	-0.0133711352609284	-0.0163450135969273	-0.0183389109232306	-0.00859648103631834	0.0217502825100268	0.00982324737398462	0.00980284067399614	-0.0106622515180626	0.00615527349313405	-0.0122126081847086	0.0236096287595715	-0.00375196112722994	-0.0014700025947066	-0.0131917818178056	-0.00458913795370046	-0.000671521076667661	0.00464358233238416	0.00699655263518728	0.00014286715180187	0.00178885526061146	-0.000809489625229379	0.0179413422435143	-0.0136293362498365	-0.00469140489727608	0.00303326587536167	0.0160652183926933	-0.00433087623423352	0.00112950721254527	0.00784216608870128	-0.0119447853481246	0.0173836921829402
"A0A060HM92"	0.0504745639846062	0.0128708375331558	-0.0169423193027967	-0.0151548545254324	0.00484285029813232	0.00236207910706663	0.00447584988067975	-0.00315278148573062	-0.010335621734422	0.00664744130562252	0.0109000520271263	-0.00176164867467869	-0.000718855694071093	-0.00375524811306073	0.00387490563813849	-0.00567902418179867	0.0051612006700957	0.0047692253592304	0.0024317895826187	0.00439402751205975	-0.00287944734082787	0.00476106857219712	0.0089318364581494	0.00392070509221451	-0.000780273384471152	0.000488838503130309	-0.00692935825027095	0.00915132395331181	-0.00386059183627238	0.00485894947899694	-0.00221722324649835	-0.00542557044988306	0.00469268204565793	-0.00707766331108326	-0.00233767096873191	-0.00278069174114665	0.0178796484540841	0.00561092594909833	9.49354315206892e-05
"A0A060HM94"	-0.0453852469872865	0.00200612295311148	0.013800130640733	-0.00570130276672783	-0.000215184802291197	0.0449992366231973	-0.00291185299107756	-0.0170647391057546	-0.0332125124358458	-0.0184449230090502	-0.00924307458665977	0.00539837324043895	-0.0106619464225917	0.00522006149785743	0.00443695814312407	-0.00693160310168052	-0.0315099656829184	-0.0322243267066922	0.00131752559695384	-0.0131762396078844	-0.013259005406328	0.0134866871359561	-0.00339741318485592	-0.00144503681592812	-0.0123554074654876	0.0175478870056736	0.0167731699776252	-0.0196716117459967	-0.0132056345302321	-0.0206302036307615	0.0220486709805649	0.0381186470765911	-0.0078474952617068	0.00465434889872841	-0.000958332152526687	0.0496837758961264	-0.0033636854000136	-0.0144633543176061	-0.01143007534278
"A0A060HM95"	0.00232206051711879	0.0460528372002208	0.0338861329391321	-0.0111649054795426	-0.0295352648177528	-0.00900598929486841	0.0367795390124594	-0.0441794924637398	0.062563786742216	-0.0215572442745968	0.0394808587342559	-0.022455033959786	-0.0203377751328116	0.0313936286454981	0.0473612268822856	-0.00641317068971316	-0.0202554300032577	-0.0285421419229553	-0.00736314333324795	0.0047389099966868	0.0252892408922483	-0.00685913491916448	-0.0129336398073537	0.010847053102978	0.0113904068665025	0.0231144704338057	0.0441642016763785	-0.00536530089935856	0.0723446230111148	-0.015204368270894	0.037474512640854	-0.0349162163864297	-0.0124595039606377	-0.00304314094512811	0.0354306885886486	0.000267434430190899	-0.00746890944884696	0.0385498270761569	-0.00142921329710123
"A0A060HMA0"	0.0455510353955777	0.00392208484022509	0.0157840495223099	-0.00319628829790539	0.0307732260334042	0.0158412289258991	0.019074849163302	0.00131746513944499	0.00560354077640495	0.00310989739747146	-0.00608972796605889	0.00276292831117288	0.00547360583691418	0.000977047798345312	0.0342947200422602	0.00513205974768643	0.0225525355555642	0.00638686940545505	-0.0109578363244084	0.0130856423760725	-0.0264575051217155	0.0659022828748508	0.0132266133255307	0.00676694333713451	0.0397235513907634	-0.0183172007291867	0.0202160385699005	-0.0124685843147016	0.0248325168721867	0.000753101555795582	-0.0176005344987745	-0.00629640803838369	-0.00752757530978156	-0.00373567757794903	-0.00322891872368893	0.00767205170795863	0.017545919449517	-0.0105803417952138	0.00248936102850782
"A0A060HMA4"	-0.0182990945287084	-0.0154448263765563	-0.00394980607951993	0.00564159354451373	0.0435833678415627	-0.035238420323873	-0.0296303907534916	0.0394499472281728	-0.00785705917874101	0.0238831552770887	-0.0333250539634053	0.000772161364872482	0.00300694587099852	0.0502307067313415	0.054085976726097	0.0161216118491414	-0.0637479694784681	-0.0769603805835433	-0.0499048814099438	-0.047391039402058	-0.0222395917845591	-0.0266071379237275	0.0185613501920462	-0.0266468019516596	0.0405096082517869	-0.0274900258275728	-0.000278994380373015	0.038837183807863	-0.00531693783093086	0.00722520345788216	0.00302038137012145	0.00879937791318327	-0.0617240549959418	-0.0519976566279561	-0.00188197758890564	-0.0490001325172819	-0.088739912876096	0.0416734443976321	-0.00262749627848958
"A0A060HMA7"	0.041230030255364	0.0177171045690438	-0.0139398335218002	-0.0259836349021623	-0.0129948789361455	0.0103730220163992	-0.023465501966343	0.0246957711320772	-0.00964921155713701	-0.00433601362180691	-0.00821846020324756	0.002317419033358	-0.0340766238229597	0.0162120504615116	-0.0095800939154398	0.0191221055528434	0.0123901968632884	-0.00920883246071664	-0.0183460645889491	0.0227745377089594	0.0527801396808888	0.0258337595979624	-0.0135197450161843	-0.00931225651188291	-0.0308024134075355	0.0203260431683941	0.0150808839421021	-0.0447848719676004	-0.0388342856630853	0.00262405546848897	-0.0426417362666455	-0.0144380217980829	-0.0178153055981088	-0.0370006360488907	-0.0268530794846865	-0.0491549355718182	-0.0141273360983925	0.0134475772203774	0.0276073015439473
"A0A060HMB0"	0.0381400713234257	-0.0148392729488097	-0.0273980907581809	0.00448247155835986	-0.000881551259839557	0.0654722968035829	-0.00400676808583658	-0.00902837149337414	-0.0284112444433959	-0.0357875926678221	0.00961540984486844	-0.0191843818101298	0.0357860104521973	0.00716397873159699	-0.0116640284130515	0.0260610306391042	0.00519612403461066	0.00320441779805271	0.0268290076111462	0.00908307811344005	-0.0287546678689847	-0.0194011878648792	0.00347784780066586	0.0136831326980027	-0.0318290761097246	-0.0244990903022124	0.0146890107708935	0.0190771833916733	-0.0164706210949512	-0.0254138570494074	0.00950277068176038	-0.00700631953459186	0.00995081516974749	0.00686857367065797	0.0102666255627092	-0.0241557380420425	-0.00606745030259272	0.00597490799663638	0.00331047879527825
"A0A060HMB2"	0.0355552134328954	-0.0368776107639562	-0.00761909172875067	-0.0119776227109194	0.0439290453152887	0.0165938221476332	0.0117456213433171	0.0415191908500225	-0.0291530933461407	0.015452906251126	0.00113932399677308	-0.0117171849917122	0.00199631748351079	0.0198592540141325	-0.0431932406991628	0.00379371097361748	-0.0339360725108375	0.00882992943324492	0.0114270223333439	-0.00151357827865791	0.00982736748890379	0.00236020209515227	0.0242441627637718	0.00339218482220029	-0.00365869449353135	0.0131175497681023	-0.0175357609204329	0.0304020796235351	0.0143769523061926	0.00026741536736374	0.0159683078736806	0.00359074775824694	-0.00931898684773003	-0.0013334092626536	0.0040269956738829	0.0125862833593217	0.0222057096053249	0.0158868687541268	0.0110611102320061
"A0A060HMB7"	0.0414784094269149	-0.0111738089056328	-0.0370274982549275	0.0246187326049204	-0.0210752177811444	0.0133363031041894	-0.0142618262656994	-0.015188047110105	0.0270128138073989	0.000621494559153804	0.0184422236025858	-0.0134594182654145	0.0239385211275901	-0.0203678546580481	0.00666774526182755	0.0108614025209605	-0.00759213061058295	-0.0120238185896833	-0.015909850548132	0.0271574026953001	-0.017691577923059	0.016422084244617	-0.00989887290648068	-0.0282092984296812	0.000447943549223301	0.0023804094299748	-0.00635734923558738	0.0142260137055328	0.052577568225937	0.0226564736338936	0.0180260997087603	-0.0139633128923624	0.00610213887682278	0.0136941061862298	0.0242653945991808	0.00890581792119731	0.0217190571566789	0.0204728886174449	-0.0114112089957272
"A0A060HMC5"	0.00673233840151668	0.0737962275961475	-0.019490821170452	-0.00364815165376437	0.0176350252439911	-0.0255664251826445	-0.00772203810787333	0.00496198258102125	-0.00667286806020231	0.00729109219869505	-0.00647053880453533	-0.0107803952406835	-0.0219761100489766	-0.0163574093672793	0.0103205256131026	0.0183074079179523	0.00937443313924011	-0.00300253121253031	0.00325680378521899	-0.0170212380046216	-0.00982580869555127	-0.00269516520723831	0.0141744197531414	-0.029969213774883	-0.0107879297916844	-0.00657787341569489	-0.000223868282239702	-0.0120088152404013	0.0301987539675786	-0.0173872691138043	-0.0385163483958234	-0.0051362596067737	-0.0068425627259829	-0.01991327221512	0.0209470705233775	0.0199440571288895	0.00399732309179343	0.0211308469632729	0.013325752976422
"A0A060HMC6"	0.0416822180255208	-0.0265303202296565	0.0250504987925219	-0.0197278415384789	-0.000650697251374311	-0.00171570007304046	-0.0182727760380561	0.0183885533868327	0.0445013380803903	0.0135245686104082	0.00662321120941864	0.020693713947267	-0.00180222549582465	0.00938356690766074	-0.0271399718343254	-0.00371504508602189	0.00430575238139467	0.0246689081134568	-0.0250576535711093	0.00508664430232558	0.0177890445990108	-0.00300080416970418	-0.00986212555696123	-0.0428936600943594	0.0198342743705701	-0.0265117588383975	-0.0134949437220647	-0.00821444474115157	0.00654130401297038	-0.00703178673328163	-0.0207403334639625	0.00971617220393044	-0.00370591886200918	0.00839193710473635	-0.0046949105378699	-0.0305508154961122	0.00331745329933329	-0.023050280216607	-0.00610566842277872
"A0A060HMD8"	-0.023813894635403	-0.00524626772583649	-0.0325885402709763	0.0314564827726548	0.057338007769148	-0.0288823041389538	-0.0451872279754043	0.00644987946439087	-0.0333263598371493	0.00107002447244591	0.00561251391425409	-0.01638183494134	-0.0133333331441309	0.0181979749553466	0.0150881704668631	-0.00321302769872878	0.0116260212468079	0.0197615706846222	0.0270249585214339	0.0108896986799363	0.033541299278864	0.0188809320405917	-0.0616628394911314	-0.0370730858851602	0.00786015483499885	-0.00388220292601137	0.0102480931991058	0.0099607933316107	0.0494722207695428	0.0101420067112136	-0.0569307672192576	0.0374083090896342	0.0305296519479818	0.00108992916871333	0.0690746043275764	0.00286388113717394	-0.0276367859177346	0.0486941186123923	-0.034285574343103
"A0A060HME2"	-0.00585799029821764	0.0217261455959366	0.029229815557345	-0.00229548441744774	-0.0457893393321701	-0.0115780514870917	0.0275122648814664	0.0227564246063266	0.0242816450624217	0.0366177159340342	-0.0566097542186964	0.0139203551587901	-0.0333449993385674	0.00550829134214427	0.0367943961898905	-0.0732059214113209	-0.0718326831469492	-0.0105822008879303	0.0521097949974939	0.0144683066565905	-0.0292991071046498	0.0202542517814278	-0.036460932425437	0.0893244966463731	-0.0308242102113875	0.0607371074327762	-0.0407549525300463	0.0109746388680601	-0.0540851925712412	-0.00897988414602087	-0.0111375971345544	-0.0144838167701818	0.0243241539693178	-0.00175244128248891	-0.0188158168600817	0.043913378770148	-0.00888748311230169	-0.0291386728352267	0.00146884923073595
"A0A060HME5"	0.032568909214545	-0.0306429693013259	0.024427761389752	-0.00191446308416767	0.00975442987728296	0.0260251606642823	0.0224877618413256	0.0463395079780374	-0.0304677760929652	-0.00434304173071947	0.0114034683046582	-0.036850989265032	0.0289801688284023	0.0375711075751677	-0.0497714672233232	-0.000796559534777739	0.0219417184879373	0.0290432861854745	0.0156912918155284	0.00527265714882687	-0.00268955846296808	-0.0223507995627593	0.00703277925467357	-0.0164417389671272	-0.0221143696071914	0.0279808181025152	-0.0709075037035223	0.00594184380780007	0.000691122128256849	-0.0114237304195372	0.0161536206219273	-0.0211816113427385	-0.00181297949264575	-0.0203678300692827	-0.00713383373077094	-0.0154096007018422	0.0591959067200375	0.0435874743883053	0.0126374704566262
"A0A060HME6"	0.021761575259021	0.00223371417119599	0.0232972133794596	0.0111921124940012	0.0275852688065176	0.0410448225277294	-0.0381903277248363	0.0101130391863911	0.0904075025474773	-0.00534377094587178	-0.0287259878516361	-0.0355784439608255	0.0698012233281097	-0.0714426856573385	0.0391185726060914	0.016011306523645	0.00328409918246947	0.00478219705272873	0.00305908108165052	-0.0307546723328606	0.00213344437940424	0.00743377787954912	-0.0117663632496825	0.00235378908461682	-0.0464022365214949	0.00176629027970049	-0.00850589674621397	0.011076072351281	-0.0250195962352204	0.0221347329633812	-0.028523729714839	0.0296933585418485	0.0167955323037211	-0.00385931088358483	-0.0169647366635275	-0.0272551012976654	-0.0160739502811412	0.00109414039174113	-0.00541799724066125
"A0A060HME7"	0.0149818411842744	0.0127364565359152	-0.0370898130716797	-0.0334843223947489	-0.000877462527330883	-0.00377268767375715	-0.0567540775811831	-0.0139602116512243	-0.0304948239353533	0.0224113549105628	-0.0541944398177173	-0.00948314055522935	0.0372766418316982	0.0596761679568206	0.0149278727996257	0.000374301036819348	0.000120522730078763	-0.01120268185409	0.024020457687906	0.0108665101084467	0.0334111372280761	-0.0289630429057127	-0.022647376181586	-0.0355864557154317	0.00970502859542594	0.0686949469995892	-0.0605292888826992	0.071957142588326	0.0565473176335523	0.00224776493020477	-0.0447042558080622	0.0342907655041069	-0.0148325055310754	0.0943541641773874	0.0188018592699581	0.00284857241340665	-0.00794809191193539	0.016670870764033	0.0106051919600186
"A0A060HMF2"	-0.00328319480202493	-0.0343550162384231	0.0506423474673847	-0.0103869166943788	-0.059794896459891	0.0259696138361805	-0.0120476573179979	-0.0548258613467409	-0.00805471968595527	0.042538814194628	0.0333941128019706	0.0261413981746075	0.0449583066658217	-0.0197500485324258	-0.013514466508154	0.00645913421636022	0.0161385698347595	0.00573060522339192	0.00487473593546162	-0.0132792951372623	-0.0111786802494331	-0.001384903927624	0.00907266353451682	0.0153703580690517	0.00535211944399588	0.0038598966250065	0.00726805949094129	0.0314744022075143	-0.00927700257231833	0.0418721367515364	0.0366170299606883	-0.0265829877520834	-0.00136809156251536	-0.00963203259048884	-0.022581655778728	-0.000872593028136477	0.0262649713933328	-0.0174663205240333	0.00393925807534412
"A0A060HMF8"	-0.0150174836608878	0.0359358445112173	0.0367010857915822	0.0252335213617888	-0.0516315624962535	0.0206876993589443	0.0265956504322051	0.0129990326206649	-0.0263373691470454	0.00799440818565108	-0.0161982750290173	-0.0424900644432903	0.0240821488251313	0.0241462703881345	0.0357795764688095	-0.0667846084676312	-0.0311960576987559	-0.0259300976715995	-0.0481899403334679	-0.0280588486668374	0.0115415276286277	-0.0227568739128763	0.00591971132711565	-0.00601678914689319	-0.027203119760551	-0.0167353266800557	-0.0346896732303193	0.00458747728783148	-0.0205351006201357	0.00116742222716701	-0.0119696873770101	-0.034067819206524	-0.0272943256320472	0.0147768555104704	0.0061923486730593	0.0458434899921199	0.0113977815523325	-0.0185983564446966	-0.010130892529774
"A0A060HMH0"	-0.0138333237005835	0.0025830580482675	-0.00206207103751558	0.0589815920349769	0.0345744512376063	-0.00456484389180004	-0.000356996334371988	0.0162722092241377	-0.018867612913559	0.0271957262606524	0.0240385455761612	0.0390322521435152	0.0183553963805829	0.00530698116220843	-0.0250063913854939	-0.0615953916245854	-0.0127346512987253	-0.0377779249273204	-0.0332690319866493	-0.0722118519037232	-0.0210418454794398	-0.0257472165133332	0.0429114457179575	-0.00378548355128816	-0.0223005786303413	-0.0258686060446739	0.0404651228907891	0.0387700625316009	-0.0385240955476283	0.00524447354268121	-0.0923712542384901	-0.0456895246111652	-0.0815487426172466	0.0266849354700548	0.0127314474752502	-0.033615106146384	0.0656001885626239	-0.0286361971010587	-0.00375245992284605
"A0A060HMH5"	0.0236612579469949	0.0335639872389516	0.00260381953217048	-0.0581491469451853	0.0141517474947503	0.00984287560796726	0.00888357173349628	0.0147745494167319	0.0453109275572646	-0.015189755112128	0.00256930089706356	-0.0432308267390695	0.013710775885886	0.0386013034260678	-0.0377000730080143	0.0203196474967845	0.0384383616514027	0.0152251149430028	-0.0313320695388229	-0.0403983523732175	0.00616364166045504	-0.00932890740943273	0.0278885381632058	0.0294887034990794	-0.00355894808451667	0.0369066691688418	0.0310037153685165	0.00829911200588988	0.0429502355225567	0.0166712222882971	0.00335229952595502	-0.000846150715513283	-0.0397578752691483	0.0057116732135116	0.000701874218530881	0.0578996630813612	-0.00244900149868365	-0.0197822433355454	0.0319434445679518
"A0A060HMH8"	0.0298872316434748	0.0176359824707992	0.0131968745012128	0.0167398783858178	-0.0220753948958852	0.0333600613310802	-0.0464753547555755	-0.00787625740043828	-0.0107094053953383	0.00411699885615763	-0.0142020280762713	-0.0301479876011313	0.00116704234623297	0.0215450004535449	0.0135562714340566	-0.0504535166205815	0.0434970516613773	-0.0252358786026648	0.0117006513386753	-0.00431539394080094	0.0167900611539908	-0.0050935381525941	-0.0136314367026131	0.0702427218952212	-0.0358836827266243	-0.0244990363387407	0.0382323718197568	0.0336927521509658	-0.0207004484733105	-0.030302875928456	0.0422470571879932	-0.0378798731962075	-0.113006171806774	-0.0249203759074158	0.0271954949246931	0.0614704308785559	0.00125345260566681	0.0151027892058614	-0.0203258909187378
"A0A060HMH9"	-0.0109804610307078	-0.00508254730365667	-0.00295465476683728	0.00715109187457259	0.0150873423534451	0.0124124312658761	-0.00147619970225262	0.0486293443922252	-0.0358982231402613	-0.0361940835192943	0.00453179319308192	0.0343031003771516	-0.0339273639492844	-0.0744559815847404	0.0988693848473328	0.0364746079141531	-0.0151125094473895	0.0362726758974987	0.0507949853723827	0.100605222269454	-0.00237930467695544	-0.0763151868786002	0.0296295322511682	-0.0200271256683116	0.0242982880529789	0.0200212875812381	0.0150771758394639	-0.0371299681815008	0.00121841675278086	0.0818309464449793	0.045654238013575	0.0339556701550981	-0.0364740975355888	-0.00446867106846574	0.00325236508134346	-0.00921762622162449	-0.0019811014328131	-0.00497366939202644	-0.00480161063245833
"A0A060HMI0"	-0.0123017798417755	0.0555865378169889	0.0104038087504994	0.00508516648579752	0.000261476344021298	0.0144789149478688	0.0219719230498403	-0.0185216784915267	0.0010370281287518	0.0148760653247101	0.0138311068328394	0.0479903522125817	-0.0104049603519372	0.0421020675476449	-0.044539836086922	-0.0618950661355119	-0.0141770716890416	0.00212499709330459	0.0196417233277602	0.00647172845268375	-0.0095244087470232	-0.0798757233971083	-0.00230107872845459	-0.0134293428381407	-0.0226266599546741	0.00393982235349084	-0.0619013764621499	0.0022595364024228	0.0154334127895822	0.0279281392538001	0.0171354253160466	0.0336656087567558	0.0297160590647445	0.053235134068332	-0.045468144057098	-0.0256760421281122	-0.0561134989666041	0.0269276533243403	0.0191227647747419
"A0A060HMI7"	0.0335335467071942	0.0261753051111165	0.00976189519106331	0.0281012460252194	-0.0489505381728352	0.00955705198539625	-0.00864636280770121	-0.0150260438720956	0.0146652175107304	-0.0701908633068492	0.0187549600525467	0.0321357775585111	-0.00389724669651207	-0.0184910858131475	0.00430039689538532	0.0034342336512895	-0.0124352006811262	-0.0191889790872136	0.0210733375181089	-0.0151173350095406	-0.0183874575646832	0.012571860144232	0.0314829523038646	0.00726050304821911	-0.022803842323448	0.0087060583854192	-0.00855830356409373	-0.0227105316624082	0.0110779309913754	-0.0177549120935614	0.00272542863367903	-0.0207141183068655	-0.0160165033805607	0.00794305081085697	-0.0217997845172901	0.0145565800495002	-0.00239068607462289	-0.0485859876808046	-0.0579448960636228
"A0A060HMI9"	0.0314157521327473	-0.00642189995574017	0.0459351190314104	0.00545708398122781	0.0145078894910452	-0.00950171047079797	-0.0178941807261789	0.0145857720644363	-0.0208027943624221	0.0240679143959426	0.0179760054073249	0.0194861567012052	-0.00622102687491073	0.0049697234300553	0.00807558095960396	0.00567404882540243	-0.0199539179270011	0.0712569369318082	0.0229405513708228	-0.0741847191492089	0.0428970967933243	-0.029723482257826	0.0111868146201028	0.00339428877237475	0.0435298470649051	0.030732937609411	0.033630488222342	-0.0426951789088559	0.0570811360763012	-0.0417167032495352	0.0476921682669545	-0.0529164509353001	-0.00392894970905192	-0.00597653981934146	0.0239172163389186	0.0202157306781977	-0.00390157040369377	0.0123445671717502	0.005854816117502
"A0A060HMJ4"	0.0437303897026446	0.00153799389730311	-0.0481394303570352	-0.00739540746450048	0.0016297371986483	0.0182060884329025	-0.0012163229502162	-0.0230692761299775	0.010977305642376	0.00145853957902295	-0.00236958047238614	0.00527684532588152	-0.00269154767948717	0.0147142222789871	-0.0198365178316193	-0.02709963409959	-0.000368575120806408	0.00105971133634959	0.000373975489581433	0.0038358382100527	-0.00367532465747097	-0.00466022011263743	0.0296951593238494	0.0225071394365991	0.0350446881534513	-0.0094124309475605	0.0073800146299908	-0.0080121774952069	0.00494046145438311	0.0150510464382418	-0.00574375909239113	0.0117079365802316	-0.0083286727064016	0.0014443712057934	0.011135976649933	-0.00139491167506148	0.0106665776025861	0.00761133209802865	0.0174615980299367
"A0A060HMJ8"	-0.00357534511733672	0.0402476292024337	0.036478548785889	-0.0364494817875025	0.0665373660738742	-0.00284304496598701	-0.000196218187069996	0.0335879978863953	-0.0272882319956609	0.0142749819061195	0.0143375327981628	0.0154650499701728	0.0341231951758451	-0.0063903141739079	0.0119305368628519	0.00912681582016617	-0.0101108880256728	-0.00446324657544717	-0.035603099585934	0.0436358483090533	0.00545212486979942	0.0200517464105852	0.046322375839975	0.0290767097281589	-0.00593783962826795	0.0227932701359964	-0.00419098081281633	-0.00405025119645184	-0.00604194972521959	-0.0189856051098034	0.00583401435647181	-0.0364623548189024	0.0189849037531802	-0.0540514115064331	0.0146215047627156	0.0276038136158231	-0.000722020294702641	-0.0163014913665598	0.00186814842702413
"A0A060HMK3"	0.0350172102436964	0.0154547891512206	0.00816179922720058	-0.0244924722012246	0.0491320572078172	-0.00318404670737952	-0.0511610067231927	0.0112395473506662	-0.0175639159957494	0.00380394604892425	0.0346325170434632	0.0182935291025654	-0.0124249232380142	-0.0222399868869203	0.0317182934679307	-0.0239475191187071	0.029867704589475	6.2401217747129e-07	-0.00150126649114751	-0.0158246039057197	0.0234715371309828	0.0175044550042806	0.0381973405471944	-0.0129043726004919	0.0208341521453554	0.0178144142930592	0.0193745629221549	0.0150815609923605	0.0263158163481467	-0.0424152464245717	0.0231159949581426	-0.0487058000264897	0.00336521863035895	0.00817708985457096	0.026864042382072	-0.0257306990338423	-0.00957292922816697	-0.00741649691734732	-2.55198542039761e-05
"A0A060HMK9"	-0.034634886300813	0.0105173368798843	-0.0455951843078028	-0.00535946808833143	0.0241405112525807	0.0312066773581726	-0.0155500491058438	0.00377476069307372	0.0542030611107903	-0.0318067026323328	-0.0324814205552305	-0.0130841042190329	0.0191871035194602	-0.0250206974697887	0.0158135847680207	-0.0149281052375019	-0.028659612145676	0.0291705974374031	-0.0268582094779547	-0.0300982598641457	0.0226485344820953	0.0222044236848013	0.00170687780427735	0.0144066700814472	0.00273603968815892	0.0303861843633428	0.0115464874064542	-0.00460417758871182	-0.0230090318719237	-0.0236781472934371	0.00944837605488293	-0.0092593290812816	0.0169739156456952	-0.0306858660165309	-0.00260396264033887	-0.0142684041021645	0.00386646300371784	-0.0387643674254071	0.0120040992586933
"A0A060HML3"	-0.0190263554252439	-0.0395840382062184	0.053933206017159	-0.0503403317019212	0.0224125930152931	0.0278540572762385	-0.00806314797615013	0.00323299687403134	0.00804890447653554	-0.012319220168431	0.0213840940795492	0.00356556952480613	-0.0253233913955295	-0.0271497986405217	-0.0105589936425366	0.0254319866993093	-0.00411090346538661	-0.0140317026840061	-0.0199741487898827	0.0202514969994451	-0.0199908737570599	-0.00597774420710156	0.000841547288464788	-0.0129873205066306	0.0027485863068112	0.00492641150973348	-0.00110411263721438	0.0167666799425045	0.00816889928028107	0.0254303163153332	-0.0163379173704241	0.0110043209759879	-0.0134324153187234	-0.0109570483733269	0.00979539473658124	0.000214869227330392	-0.0113984207092387	0.0392045087013768	-0.00373265322259127
"A0A060HML7"	-0.00789553572149754	0.00689908844429271	-0.0856090591646085	0.000589067582405445	-0.0414558341712549	-0.0336581402351796	-0.00494938418961099	-0.015550141949232	0.00892751768168408	-0.0367079753453084	0.0212361583668512	0.0134856954142146	0.0399715976317622	0.0163344235874302	0.0168559578622365	-0.00478458500328719	0.00665092002648817	0.0113729655451755	-0.00772805860400929	-0.0245197959148854	0.0145638555552924	0.0030983491124213	-0.00945692604204147	0.00873609383187504	0.0014047244571249	-0.00427361456180651	0.0309827097282038	-0.00663122066679434	-0.0147464591561538	0.00261709912472831	0.0109097144271661	-0.0051543905800629	-0.000748426224933568	0.00408023205096922	-0.00915187115933918	0.00494704080346159	-0.0345614893994934	0.0156481107311192	-0.0122869441402839
"A0A060HML9"	-0.012221781424936	-0.0202202988745317	0.026019953323505	-0.013411966313258	0.0470265497879459	-0.0721884864872585	0.0372373844688895	-0.0565249790263619	0.0121187862225482	0.00292871911780968	0.00579199168268691	-0.0232226445418571	-0.0431964718590323	0.0562847289942341	0.0319893862151947	-0.0400488497711664	-0.014112538313333	-0.00475024284729352	0.0239884272900578	-0.0032328362565974	0.0124797255147543	-0.0139140842458823	0.0306181206207427	0.00513066793773633	-0.0431907051699917	0.0204140698895633	0.0115169585940946	-0.0291448571665762	0.0222239091329888	-0.0300515122822245	-0.0114245259162213	0.0257068289941558	0.00307280300400895	0.00863561047646079	-0.0521274261056644	0.0113076420173567	0.0188971397097455	0.00748909701558853	0.0111872887440277
"A0A060HMM2"	-0.000429450476092167	0.0174815374483593	0.0291589525314149	0.0144800110011681	0.0410963745853886	-0.0488415961909685	-0.0270491099306552	5.83073537725235e-05	0.0245068386290157	0.0471557216394373	0.0274090779422872	-0.0248606649814035	0.00450905646330019	-0.00462748803028086	-0.0950402009068462	0.0548379813306092	0.00894759879637698	-0.0159414523370042	-0.0412655540993014	0.0211962962947636	0.0105133062815136	0.0260478418942839	0.00807688136011975	0.0106107660363415	0.0785367121573653	0.0529330943649656	-0.0149394486023082	-0.0032643548838441	-0.0638985740882566	-0.0326391858290898	-0.0222162148263346	-0.00361955564902874	0.0460157711585819	0.0581788824513904	-0.0433934067016101	-0.0236077711340368	0.030345470260212	0.0474443903887777	0.00796504694645974
"A0A060HMM3"	0.0169256655342235	-0.020777016348162	0.0245556158780858	-0.0707247785052551	0.00992497543843254	-0.00600486114955176	0.0352338638918439	-0.0477808453237849	0.0108574134410692	-0.015404744438018	-0.00852342197539573	-0.0372449962539934	-0.00152804624746384	-0.0219115334471486	-0.0289986295675488	0.0162314739638203	0.00518054638095291	-0.0404747043605173	-0.0317893677202893	0.0262248751383722	0.00903486182792612	0.0268818407057735	-0.0139327243909495	0.012571408375301	-0.0641173565253952	-0.0325822451496026	-0.00228487959969578	0.030451686394392	-0.013479458652363	0.0568671928531524	-0.00148884495894943	-0.0161118623907196	-0.00417798542037009	-0.00245248554004223	0.0174171509623733	-0.0272150595381915	0.040240084354505	-0.0132423742037881	0.0338677850121826
"A0A060HMM6"	-0.00807622073027592	0.00442576457506136	-0.00337834639219603	0.0437688505019832	0.0176618756285786	-0.0282849780597325	-0.00849719423689433	-0.040299787346962	0.00322997101563834	0.0447980482407805	-0.00681448005023854	0.0476854794980186	0.0403322386957681	-0.0245212164108943	-0.0885244100156529	-0.0204515119569028	0.0360856971301518	0.0153401284279392	0.0586938410800672	0.0404674778925443	0.0143443317636874	0.0116704979200324	0.067699430066232	0.0134414668090148	-0.0208080854593772	0.0341263556873583	0.011569216357531	0.00255389306839784	0.078702199280883	0.0821956062036019	-0.0612953858740997	-0.00570543382688342	0.0188240764670761	-0.0308371746825698	-0.0607086274518161	0.0625933623150011	-0.0177170295515726	0.0155356485292694	0.0129212908034897
"A0A060HMM8"	-0.0192987979260175	-0.0121512801474781	0.0293205862534931	-0.0244112520195095	-0.0025366191933543	-0.0291196750106944	0.017069627632923	0.0352502157059022	0.0659145191982412	0.0265851923187956	-0.0105220283807936	-0.0376625374408243	-0.0655486486990782	0.00257182330197661	-0.0478167068936599	0.0264811977535031	-0.0137571537067393	-0.0248019852988056	-0.0304380468814475	0.00232940711921589	-0.0381737985355263	-0.00732486979343686	-0.0130761070407496	0.00178566795467655	0.0396950149791245	0.094485911979147	-0.0461164935577221	-0.00547776485552536	-0.0166957845736427	-0.0616712918290456	-0.0645868845031982	-0.0159913441192816	0.00246400529423899	-0.0119196686594439	-0.0178867381823404	-0.0510442434861273	-0.0323038060852469	-0.0529232590457647	0.00280670305012727
"A0A060HMN0"	0.0286955272219189	-0.0257634996154541	-0.0177338982594784	-0.0356824745115946	-0.00606666048517638	0.0109391894432047	-0.0298271876551892	0.0226987483633865	0.0266788173365939	-0.0192976001732757	-0.0748188739596983	-0.0421638688074128	-0.00470690522453224	-0.0376577449668763	0.0125990690849608	0.0435935490269797	0.0375422607856309	0.0241352842438843	-0.0274443562154239	0.0154136028453062	-0.0354039980861022	0.0213545880611311	0.0291236839233392	0.0349800889934096	-0.0429498866534823	-0.0202737920082935	-0.00388355284118195	-0.015853578851435	0.0190736674384342	-0.0380926352413396	0.0252874227458348	0.0227324531667164	-0.0244829636082886	0.0084290036960692	-0.00775469752843723	0.00494868971286083	0.0120817465921594	-0.0252669853428965	-0.0507293589277
"A0A060HMN3"	-0.0439371403121147	0.0051956879781263	-0.023639628096245	-0.0243875281461289	0.0223629603022578	-0.00664599475358419	0.00635175363690864	0.0288995672194175	-0.00617957940753113	0.00140645200567661	0.00273836359616362	0.00737576387138283	-0.0180715837107065	-0.0100565087929681	0.00436640447126337	0.0123607068603197	0.0198493827097172	0.00596501017005154	-0.0405751345224622	0.0364370229387724	-0.00634966892703647	0.00305271956147441	0.015833591895652	0.0315702871077014	-0.0220947971865014	-0.00945415091006165	0.035124160399068	-0.0205952630058389	0.0101659554616141	-0.00299506875194504	-0.000156885868745368	-0.0634655447485608	-0.0111800426066703	0.0129349203953961	-0.00117286505264639	0.00260598261941038	0.0197770086411193	0.00614608987465412	0.00498504190551478
"A0A060HMN9"	-0.0171261612453205	-0.0621483197496629	-0.00587790258583433	0.0278095207099228	0.028543640576348	0.00312188041677098	0.0223922357251344	-0.0309083835174625	-0.00562758745557536	0.0203989784283185	0.0113509427453067	-0.0211375274563743	-0.015896126598129	0.0110489169677607	-0.0165533242014076	0.0142112847709697	0.0292984820899218	-0.0127449034104505	0.0273222335380914	4.12582901189444e-05	0.00271121826569165	-0.011065164942484	-0.0234673718350504	0.0418522139826807	0.0354370803851408	0.0050728926111508	0.0154143366967944	-0.0314617131316114	0.00150068694930641	0.00629510814085655	0.0351717826546223	0.0250055398815448	0.0208591160479361	0.00789580360341556	0.0370245315487954	0.00191129345051956	0.0106993578776002	0.00987124763912453	0.0179531238071523
"A0A060HMP5"	0.031427503514233	0.0345311862819193	0.00793330005024287	-0.0475745061337836	0.0362280674775093	-0.00272321285984026	-0.0198021489077309	0.00145296154742189	0.0355488511036482	-0.0223439443070894	-0.0245331751473075	0.0186863905744078	-0.0251887602468905	0.000714399943640166	0.00371172611361167	-0.0271025300805465	-0.00120292249188197	-0.0242842217646181	0.00710390073086762	0.0524964639662254	0.0174405336212096	0.0126891480199364	0.00913053116540996	0.00852454233456582	0.0369580528335061	-0.0199194089328709	-0.00749323714615479	0.0085646764252114	-0.0162681391283541	0.00650804671840752	-0.0086714102844	0.0124245567501095	0.00385532808929735	-0.00765086596681902	-0.00113685041604435	-0.0249707849878481	-0.025385833290121	-0.0118044898758827	0.0423822971466068
"A0A060HMP8"	-0.0399978036000077	0.0127432958598014	-0.00133322918296723	-0.0307099169568757	0.0351532606894982	-0.0164663390352641	-0.000689784386354728	0.027963784956582	0.00600052020629646	-0.000385383915036854	0.0412200956462297	0.022159734296415	0.0133642388416128	0.0257907065882919	-0.0113541674054954	-0.0154797296858364	0.00710801604250017	0.0453008419578677	-0.0196393040585065	-0.0320126616326782	0.0017244509301247	-0.00360881035518629	-0.0250485446824687	0.0187128795515638	0.0511479248116554	0.00566503300846899	-0.0226179282958771	0.00766985888490126	0.00497093104031093	0.0163842749666758	-0.00839810969312708	0.0207657842465761	-0.043268688980865	0.00760628336372959	-0.0196358205305068	0.0357143440358943	0.0212865001614092	-0.00694227631141875	-0.00762681588323161
"A0A060HMQ1"	0.0439550902224608	0.0185110941116977	-0.0394023540136331	-0.00121744235718883	-0.00326624956304715	0.017632598283889	-0.004631331240371	-0.0136391657444534	0.0386625255635421	0.00871447504467807	0.0115937557861431	-0.0139853936750045	0.0195544449873218	-0.0210932424148876	0.010363894530792	-0.000606711539505967	0.000910440627688545	0.0191332319872614	0.00161218754727752	0.00239640560793647	-0.0120795282409956	0.000683958434988372	-0.0017472229855953	0.00852732843125399	0.00206750109321875	0.0191901844920774	-0.00199703463629559	0.00538127040875252	-0.00313355362486306	-0.0233795371968807	-0.00682632292446144	-0.0174476719443334	0.0110648057497773	-0.00485186054350208	-0.0100816233964092	-0.00774222265888222	0.0166713885156834	0.0103746542247103	-0.00713576585530172
"A0A060HMQ2"	-0.0282037533663711	0.0542521748972112	-0.00584977251004777	0.0130715784507342	0.0139672277640547	-0.0283775823261621	0.00181712944798569	0.0250322704835916	-0.0325678675449894	-0.00889076572282473	0.0139948668052468	-0.027840611042416	0.0156237540150039	0.00269262796368736	0.015005557055986	0.0193208049713815	-0.0221401489506128	0.000176347762102373	-0.0204938347642127	0.0167891424952604	0.00406663716507717	-0.0268907518009972	0.00637346652949875	0.00212545733363577	0.00950516203569853	0.0325051048001124	0.0043184237488473	0.0102758526186331	0.0106061848051809	0.0170551086258168	0.0192175386154746	0.0382017114860657	0.0234049287597707	0.00648869985394339	0.0033665355451995	0.0180130499141103	0.0519642432820259	-0.0755317404297207	0.0149366165372249
"A0A060HMQ5"	0.0408383985481931	-0.0261496808374902	-0.0157351115673416	0.0176050192246866	-0.0196185591260496	0.0130893794343109	0.0100023832692776	-0.0299419827389644	-0.00489708579197574	-0.0471259837236495	-0.0436581226912987	0.0052627182748234	-0.00575379455497543	0.0107559157462721	0.0116590316788467	-0.0107676386964564	0.0113781849964993	0.0195454319326997	0.010837367337482	-0.0178077044565905	-0.00256245351732995	-0.0023361691198405	-0.0184435296614774	-0.0226819537953353	0.00289661199673634	0.00352536711611052	-0.023311377210261	-0.0220105529534467	0.00408558968424167	0.0194153464644771	0.0167179714430655	-0.0170178373797343	0.025211959994565	-0.00705205146203669	-0.0408323561639067	-0.0148698883817402	0.031062918215607	0.0285492567521345	-0.0514431230305382
"A0A060HMQ6"	0.00450471510333835	-0.055925409019313	0.0107151921468074	-0.0417631326602381	-0.019178411790611	-0.0127435864970259	0.0248212498916625	0.022014856206482	0.00300392607066708	-0.0170628110538511	-0.034842350006548	-0.0345851408344244	-0.00118983003912546	-0.0485001087218845	0.020876376913105	-0.0396692842563941	-0.0274591301334879	0.0113184559074201	-0.00492784089526483	0.0153654724352416	-0.0306369171897015	0.0415922463947657	0.0142675489713266	0.0442965465865902	0.00135368252773046	0.0480127163348135	0.0406903847817863	0.00055523711851903	0.0468770441024199	0.0182071625441932	0.00748908928912091	-0.0454518042648322	-0.0211445171152647	0.00648945115814939	0.00279530213108566	-0.0100393360869127	-0.0142422693312969	-0.00782443416789944	0.0375079941316786
"A0A060HMR1"	0.0328595898168994	-0.0339474307921034	-0.0203517432493885	-0.00418555049356802	-0.00318582348483112	0.0109049270211701	-0.016128437996489	0.0105551861062687	-0.0202116245016706	0.0128601644402558	0.0581383268168014	0.016069823698544	-0.0593135539439546	0.00605131191620652	0.0251318465636352	0.0167647381302321	0.0110901273745609	-0.0197973339957407	0.013257855481758	0.0244634778749341	-0.0183726247734982	0.0109399079196165	-0.0349535394606515	0.035680914149108	0.00476209795743188	0.0917449942529276	0.0158298803104497	-0.0262351253857601	-0.0106049513657103	-0.027237369051441	-0.00599090290832521	-0.0161204770957075	0.036598560239572	0.0408210884271762	-0.0138903124366956	-0.00983569321825686	-0.00332087686999577	-0.00791288015934708	-0.0224187297099901
"A0A060HMR4"	-0.0295078031591579	-0.0242138674977943	-0.0305431432884004	-0.0321004162788916	0.0222433881930145	0.0107431079583922	-0.0131879350178607	-0.0489094666912705	0.0203991196633367	0.0716891256049769	0.00849805000124764	0.0227044151323498	0.0165295882969291	-0.0137290555206462	0.0448059622326416	-0.0203697696685168	-0.0331463915528819	-0.0147891854487823	0.014634808531987	-0.0222245514535568	-0.00588509077328384	-0.0146711653289668	0.00823551570204535	-0.0140988098432081	0.0106463523319707	-0.0111366729725119	0.050995870693328	0.0320498244354444	0.0147266367515913	-0.00694470971415326	0.014518106010851	0.0164178541927619	0.0256977001377016	-0.0143576594962122	-0.00475397529588215	0.0151632937786659	-0.0200232265559777	0.0196902020040887	-0.00866492752396946
"A0A060HMR7"	-0.0283669926393949	0.0344970948000893	0.0462128555622725	-0.0171834157861049	0.0307297718825033	-0.0106743175703617	0.0045965954376667	0.0162415096074805	-0.00866119172461973	-0.0325904839660301	0.00697129953480021	0.0180632090241166	0.0414374562632124	0.0154932505133782	-0.007585063573054	0.00949866236327374	-0.0138588732350402	0.000218848183006943	-0.00525038017880172	-0.0163834439994626	-0.0363885984278319	0.0391027418855459	-0.0213247248165827	0.0124962934416783	0.0462977073482656	0.00885197776702435	-0.00696359179490572	0.0120205724576521	0.00259369693429184	0.0387860495196646	0.0429608193659695	0.0187268677811084	-0.0551948281449931	0.00861916880534569	-0.0525458511496133	0.00848377249154204	0.004568679055269	0.0139046902959676	-0.0109308557286044
"A0A060HMR8"	-0.00845411185179035	-0.0288931285096832	-0.00991763694062469	-0.0528804549423655	-0.00101855971093588	-0.0135204734028358	-0.046544415659606	0.0331058638490548	0.0343056815112668	-0.0233374989180292	0.0158259930496191	-0.0540417161486194	0.00455014310742933	0.0606129409921097	0.0337806969599308	-0.0343685028152979	0.0275170560576586	-0.022061428526817	-0.00694403654611234	0.069001779776272	0.0434881173684316	0.00182631581405164	0.0129456921940081	-0.0426302553855527	-0.0323136778732332	0.00734755477094022	0.0247859797946421	0.0137796813013042	0.0138581792787169	0.00290499657751495	-0.0754731496042922	0.0455597246177923	-0.0359069849557327	0.0337383866022436	-0.00254498751266873	-0.0305125181890389	0.0207467987659246	-0.0379946697975305	0.00401202847691173
"A0A060HMS3"	-0.0400504168693166	-0.0150397794451124	0.00679765525831912	-0.0548890615728795	-0.0120889893604781	-0.0154636738348067	0.0117438590925661	0.0205493918535986	-0.00599219711419655	-0.000746468961305764	-0.00188000672099483	-0.0124261961968353	-0.0264799213600209	-0.00260371856246712	0.00378170077667549	0.017188587831333	0.0534173468686118	-0.000124281632012286	-0.0144243382558257	-0.00488562793698712	0.0202043977837958	0.013645924132201	-0.0166574596886933	3.53583539808173e-05	0.0128164903833029	-0.00250084162711112	0.0170536791873923	-0.0013872721949375	0.0100544441727335	-0.00421846690607305	-0.0212141642292458	-0.0143316881591297	-0.00469336474506198	-0.0297820701662583	-0.0166061062160054	0.0242852400354188	-0.0125253965896542	0.0112933947240953	-0.0267022249962467
"A0A060HMS6"	0.0426818678114355	-0.0114570221441281	-0.00300179100285234	-0.0197976593815207	0.0270980175897842	-0.00194078269663369	-0.0319036906992014	0.0120106101348126	-0.0270432815988117	-0.000241398352575715	-0.0266603652189026	0.00352495450741019	-0.0228214336317348	-0.025577614079106	-0.0361060519454687	-0.0138879117868048	0.0118521757760143	0.0301882537853147	0.00537381104882395	-0.0209939247708645	-0.0377138173501311	-0.0191665311903995	-0.00929310832520047	0.0106513868232979	0.00825396419617193	-0.00403596160145971	-0.00999418714212324	0.0367518364462087	-0.0138729110743369	0.0540488572113379	-0.00268734106971839	0.0210862247903755	0.00438434847700633	0.0189008116178438	-0.0151822681457495	0.0306253273107642	0.0324604216891741	-0.00520979308937145	-0.0108117178615633
"A0A060HMS8"	-0.00852938270517115	-0.0403035420254907	0.00471680788328116	-0.0357631624088236	0.0267324191881345	-0.0488860334963679	-0.0635402112825033	-0.00862973811781314	0.0167446610076858	-0.0344046086413927	-0.0115664484791029	0.0127008016156517	0.0462214273627309	0.0500380476272701	0.00262339122869012	0.00455533083769688	-0.021107233484428	0.0363503586916843	0.0184975913599629	0.0111979511136125	0.00983096770516831	0.0338041373856761	-0.0127501273734486	-0.0453486689681362	-0.065622568973638	-0.00219186612017414	-0.0357444116752644	-0.0250793742725321	-0.0262147215148818	-0.0165833271529115	0.0382678981367161	-0.00805613193386521	-0.00492638021155696	0.00476879640836764	-0.0244240156603872	0.0140971526565498	-0.0191060888813327	0.0161939420253451	-0.00991505929756259
"A0A060HMT1"	-0.0296262306377908	-0.0168587133461345	0.00508087787810543	0.0366596034799686	0.05587784389869	0.00198834054007625	0.000381755900342162	0.0268717734760642	-0.023946368811583	-0.00920304083592938	0.0312746066129663	-0.0126202749936976	-0.0234094291997549	-0.0287149545313874	-0.0113520060161435	-0.0174711923806465	-0.00381862241039273	-0.0118057481140871	0.00870059818495904	-0.0117792560160653	0.0125970215347472	-0.0264309123076978	-0.0349269266638434	0.0279079301432624	-0.00219219756043523	0.000530858822408662	0.0138448836986442	-0.0218872813334954	0.0151319738737317	0.00940546354501203	-0.0168569895277094	0.0299667585817516	-0.0282186948064504	0.0340704201492048	0.0493316600090124	-0.0412996791315012	0.094184419426492	-0.0951945598422379	0.00418327343873902
"A0A060HMT2"	0.0475005119171972	0.0100937899678236	-0.0315030189977163	0.00472966002758083	0.0020666049867278	0.0212341147527598	0.00501786418895776	-0.0233277822016056	0.0057634519740671	0.0115346781190481	0.0170557326190338	-0.011819613654092	0.000229022647155195	0.0103703722557963	0.00801742114094894	-0.00372677421156145	0.00420637264089699	0.0230830097173702	-0.00509546064868374	0.00317263192379562	0.000625518344591795	0.0136294004949753	-0.00452507347657207	0.0103874459109447	0.0188766803337716	0.000639695757500469	0.0011334190490893	0.015838554952553	0.00149814756148764	-0.0117640481965374	-0.00590103586974762	-0.0189395411487204	0.0145040315307612	0.0034561932606077	-0.00286618159118246	0.00419530514700515	0.0166692109479841	0.00232590047663934	0.016646200973397
"A0A060HMT3"	-0.0452795998585934	0.0147352819189899	0.034342803299906	0.0097644935687042	-0.00748003239647508	-0.0089222811992698	0.00111105679710111	0.00168872990479205	-0.00876487535914059	-0.00977463261096854	-0.0211857312370203	-0.00124406758132408	0.0268065503286593	0.0225543055676232	0.000759146332982248	0.0194709341622949	-0.0126272766800369	0.02096813666034	0.00906136900810306	0.0246820374381037	-0.0134237160868275	-0.02425007283675	0.00234435818554956	0.0140955007785573	0.0127520802711292	0.00285981236261988	-0.00404288003035159	0.0300352028700018	-0.00835863123619427	-0.0280633883046887	-0.0156070231643253	-0.0176926257336589	0.025824869378197	-0.00698820943798711	-0.0196733585061422	0.00192827659358525	0.0140162076008686	0.00404761302868486	-0.00353798061963443
"A0A060HMT7"	-0.0215729664512244	-0.0083919593438665	-0.0123757569620044	-0.0681741487999508	0.0049167022664207	0.00313613409418392	-0.0170528639977104	0.00620565434672985	0.0398459936017004	-0.00505590505667906	0.0119548909326516	0.0325316301730693	0.0400774730238251	0.0445169944622029	0.0531576663878738	0.0130630143848815	-0.00268797151400271	0.0737245991649385	0.00586356590298479	-0.0176100747538779	0.0294661419254306	0.0486183229755146	0.0423331279515622	-0.00774635412684162	0.0264409396479053	-0.00640244346066918	-0.00759549451726193	0.000506723575962742	-0.0473412827335305	-0.018635489757267	0.0313517996697254	0.0181064173524946	-0.0459499907881213	-0.00902665095588052	-0.0399134584313361	-0.0143437978167719	-0.0246876485377516	-0.0207612913443994	0.0267279953753967
"A0A060HMT8"	0.0164850064690253	-0.0556064579948599	-0.0253787150065599	-0.0137011369030058	-0.0143814172561952	0.0347591365025215	-0.0495585249326994	-0.0137664320066434	-0.0233066010901134	-0.0227370003407871	0.0294521022336994	-0.0218680372329634	-0.0128611067535138	-0.0298535810689183	-0.0147318495752026	-0.0151917700968331	-0.0162088434021578	0.0273117948470864	-0.00537885074538721	0.0080404480499884	-0.0105350854699827	0.0200147501911526	0.0639311457836514	0.0121592683022716	0.012386599561385	0.0168676798276463	-0.00234661020967876	0.00865352082147412	-0.044651186022412	-0.0073949275028542	0.00787952165335566	-0.00498193455650146	0.0300272126714165	-0.0146804929370968	0.0260400884721627	0.00996514909756856	-0.00248274820049259	0.00413758384183504	0.0730311019721277
"A0A060HMT9"	0.0369125591693583	-0.0184424847573139	-0.000229740896886653	0.00468476396246525	-0.0281828384786607	-0.0310265974819439	0.0248707395669641	0.0308405472544283	-0.00769835868195308	-0.0115220155775512	0.0164331243311422	0.00606904172196614	-0.0206514704368689	0.0163837286036121	0.0100883830574948	-0.0198218042845796	-0.0412165081575266	0.0539248415086924	-0.00801848518485032	-0.0436180902141513	0.0663170990473353	-0.0170015283071909	-0.0196170453630049	-0.0307239477571336	0.0256015117876906	-0.0508589778037295	-0.0114725899373099	-0.00653005483971799	-0.0384877674248786	-0.0458265005337055	-0.0136836168269843	0.0408506922427611	-0.00618333228869763	-0.00225280902828042	-0.0173683184406564	-0.00702725897509739	0.0321227558248918	0.0176972201169906	0.0306379312866468
"A0A060HMU1"	0.0211307088113824	0.053061114417191	-0.0458913614578697	0.0126936316459255	-0.00289133592051698	-0.0145352313040872	0.0107331760017399	0.000185408912768144	-0.0211455085586457	0.0253973999317991	-0.0083457709741489	0.0155838209377133	-0.000265125285646817	0.018065936708106	-0.0110965463809894	-0.00476257033033887	-0.0048173098473886	0.0388523428089536	-0.035065365570382	-0.0213915444115351	0.00645996153891328	-0.0127507107485785	0.0329785170475911	-0.0264230446457755	0.0290612142185674	0.0201422032953119	0.0153349574872167	0.00449577976825672	0.0369316251751571	-0.0307596092379507	0.0494997038669464	0.0253019035448193	-0.0217556863079446	0.0262506102470204	-0.00960875988641661	0.00675505883731987	0.0339087762609671	0.0286363832511916	0.0902889116366598
"A0A060HMU4"	0.0336395839937873	-0.002094504451641	-0.0356314775398909	0.0285463106865583	-0.040983005190267	-0.0154062444245048	-0.0296972026094996	0.00858898987158488	-0.0215619639042149	0.0739140536002751	-0.00152330543002854	-0.0179498233449708	-0.000226370961305348	0.0257384220780664	0.0103905488832082	0.00573367680216462	0.011465954948786	-0.00800912449204237	0.0212626745443383	0.00963526729312466	0.0178523883695136	-0.00147749352097025	-0.0229194752301108	-0.0197840594019621	0.00541386575463105	0.0171617032020936	-0.000810022329933739	0.0267516952091473	0.0130434170463398	-0.0248066000358859	-0.0177093988517012	0.049355721628536	0.00780769659287267	-0.0122314325784139	0.0163242679743887	-0.00801547683823592	0.00747550183301659	-0.0237282489984305	0.0226758329811928
"A0A060HMU9"	-0.0321532372724729	-0.026655810884847	0.0179808621898689	0.0333770514278444	0.0251594099849567	0.0445473306801145	0.0287482101144763	0.0395143876613843	0.0091265100018376	0.00596968564878362	0.0159714653789008	0.00147707142414251	-0.0133224602897411	0.0655755927657962	0.0147745845347649	-0.0228086285971406	0.0128116317472489	-0.009506019424487	-0.0302893127822791	-0.0277712916957285	-0.0223370136864013	-0.0233194460905576	0.000351750104429909	-0.0154582688711414	0.00829989238081332	-0.0379587573677868	0.00349860029046098	0.0191936163227606	0.00602287826269236	0.0194514918485911	0.0133626749808364	-0.0170782683322694	0.0314588594396831	-0.0201819064193798	0.00126908094513826	-0.00839938890504265	-0.0011433291464794	-0.00600998095621683	-0.0305693426056185
"A0A060HMV0"	-0.0329917353389086	-0.0171133818760298	0.0171314995938763	-0.0189936412981188	0.0262198932480839	0.0147785357960758	-0.0141461510204196	-0.0118220438655263	0.0223661808119812	0.0106871205251396	0.0203627876440538	0.0205304248214856	0.0134849128630941	0.0768633012590441	-0.00416840721758555	-0.00234520609971932	-0.0345052202511944	-0.0365835335324403	-0.067973727564074	-0.023309067643011	-0.0133104470575413	-0.00361184917321099	0.0186343518646723	-0.0212481071236458	-0.0131526696945272	0.0225331637087061	-0.0149628366485951	-0.0139757760365789	-0.0114304058412245	0.0421395450412755	0.0565369992708476	0.0257088477715621	-0.0172510223324752	-0.054266675682996	-0.00165001089000812	0.0390833475490841	0.00444093203606081	0.0992204582866545	-0.0024407399756647
"A0A060HMV1"	-0.0132109080663697	-0.000688729350219804	-0.000824431451659865	0.0387364518105494	0.024835705954402	-0.00954336308776916	0.00375602361585294	0.01086511249735	-0.0360112321574443	-0.0383231607899935	0.0153168527931567	0.0488027780353812	0.0114954410513274	-0.0441910208432056	0.0314207815466006	-0.00668959847272839	0.0229156364635502	0.0121028641519114	0.0297768917353256	0.00905219021707866	-0.0128523377985729	-0.0679536466466457	0.0855833856910365	0.0178283525903781	-0.0118229065889604	0.0496967640561517	0.0697499573362505	-0.00718085953975317	-0.0870891237184203	-0.0320316161841358	-0.112241818715201	-0.00759607063504842	-0.0527507875690264	0.0920057392220809	0.0190507108698769	-0.000980336781194254	0.0628675956273358	-0.00154468204694739	0.0096379434343429
"A0A060HMV4"	0.0308255288289754	0.0558093010294432	0.0257931609387234	-0.0101944591888522	0.0310360030583065	-7.96076844803067e-05	-0.0125465075157655	-0.00912166783730142	0.00530507545111617	0.00294858153102887	-0.00624566867864667	-0.00996545736296361	0.0248518565352745	0.0124210825238663	-0.00602496903775183	0.0150313404295849	-0.00714946703064662	-0.0279462252804622	0.00776465919507716	0.0119509193304964	-0.00964081991565919	0.0166745479379929	-0.00217473095548492	0.0017661355693347	-0.00488137084315445	-0.00640672217008321	0.00442778151995131	-0.00714399767260051	-0.0260288474727764	-0.020393526899155	-0.0182589967634238	0.000841495797678175	0.00773677179408011	-2.44041715041825e-05	0.00514194951756774	0.000537419553199282	-0.00488306560879875	0.00563293970057944	0.000795650599138104
"A0A060HMV9"	-0.0241990688850101	0.0594085008580262	0.0284919838147576	-0.00024568004744191	0.00672989035707407	0.00286888858518929	-0.0227856514201418	-0.00812717511326392	-0.0326951434047926	0.0050058898761403	-0.0102069676528817	0.0169494955107294	0.00435341226087998	0.0149460593422735	0.0109029652720181	0.0106351749461197	-0.0444625506783062	0.0145180089051246	-0.0281837744645693	0.012921994959537	-0.0124702496645364	0.0210939278941981	0.0276545506898959	-0.0140119805114817	0.00107228614450276	0.0460594786030526	-0.00830718505742534	0.0141857793751623	-0.00815406641820906	0.0327197429131387	-0.0197071029262728	0.0331939165425924	-0.0174694890744233	-0.000421563804566627	0.00386236727076301	0.00909187637852221	0.0158813155927549	0.00643465896641929	-0.0215595094248531
"A0A060HMW4"	0.0408163720503364	-0.00482638919060698	0.05405795214859	0.00953091146064249	0.027180316812907	0.0141996622296922	-0.0312348514098317	0.0122161020848364	0.00362175514326587	-0.014008814911557	-0.00910440511812773	0.00505391585894822	0.0107210631981061	-0.0175379816676722	0.00155116192853926	0.0125029992377431	-0.000756261150894801	-0.0102874532258899	0.0118200619264536	-0.0116085849320493	0.00563613016403473	0.00131986631245031	-0.00928981025483742	-0.00555922631134385	-0.00363774228864972	-0.00295074294065042	0.000730689718842493	0.000206444547707141	0.00335378932914046	0.00614279575632058	-0.00491357326228872	-0.00422324107287306	0.0118013179875395	-0.00668630622834807	-0.00665777422577101	-0.00254147312896357	-0.00279354335610058	-0.00131440828230974	0.000966441903674534
"A0A060HMX3"	0.0113953003284004	0.0527454304655754	0.0338196981868131	-0.00186734642770855	0.0445013717397281	0.0172884923696037	0.00387552716853126	0.0190985575694866	-0.0195357738759778	0.0301438740321909	-0.0153222318265413	-0.00176652583749751	-0.0240514263550037	-0.0354130927084531	-0.0101591300522541	-0.0196862834380975	-0.0338261250983846	-0.0138765284280516	-0.0129216949083866	0.00190776382056133	0.00721125729355322	-0.0194494755151011	-0.0136740268044216	0.0086446734116633	-0.0106221580317558	-0.0187317125838624	-0.0181154443357409	-0.0521392343256907	0.000701249624663497	-0.0531446662492721	-0.0280571564291146	0.0461129366557824	-0.0715147211939587	0.0496154326610807	0.0265236247583716	-0.035644597035864	-0.00860049005805957	-0.00226214257887474	0.00512399481036782
"A0A060HMY0"	-0.0232009724181879	-0.0248836138839634	-0.0547501023753785	-0.00990160579284668	0.0152849748916314	-0.00709850678363406	0.0255048809098829	-0.0446360490352062	-0.00436055121230258	-0.00378232299499299	0.0446004390159272	0.0009918485503602	0.0510302686704033	0.0298853769556008	0.028643886160518	0.00574708032515868	-0.054009932581822	-0.0090261109752974	-0.000778389348115994	0.00913357191592807	0.0247767870293393	0.0112876791515842	-0.00279407403188849	0.00196275791834482	-0.0457029327678171	0.0374438913315627	0.0334933073307904	0.02557624612481	-0.0626766466408698	-0.00960478579076064	-0.0364852017435704	0.0103055613086631	0.0445010941851631	-0.00860121739724646	0.0145281505069729	0.0210546824434249	0.0142192402580739	-0.0209602829351418	0.0162362646664242
"A0A060HMY1"	-0.0275350717992207	-0.0159170841483374	-0.0125672170681355	-0.00155654204967539	0.0281546440460518	-0.045793414870762	-0.00551148388160636	-0.0370670675499287	0.0127926776119934	0.0231359785210503	-0.0101731925208348	-0.00880135808393904	0.00461637788512596	-0.000813164579952392	-0.00218304355684757	-0.00691865539556348	-0.0058983764756121	0.00737181162971089	0.0455794116004151	0.0105314322472151	0.0587304755574058	0.0461848871813057	-0.0530850369032424	0.0405610726514077	-0.0288923776969072	-0.0936489904613813	0.00983128036054666	0.0601280567777329	0.0702497936240674	0.0522982980333611	0.0237417883779348	0.0463735927072079	0.0562425715260053	0.0431478098028318	0.0182161339695911	0.0293403855013777	0.0258492339122667	0.0271689734614558	-0.000810563930238389
"A0A060HMY3"	-0.0141302428526181	-0.00153639942659332	-0.00614406491472868	0.00753987516269268	0.059247792330466	-0.0680737751960425	0.0252161762596827	-0.0798111101898082	0.048070766876593	0.0029736482239735	-0.0137960205718867	-0.0124193545969458	-0.0332902145754185	0.0088481721457204	-0.0125881023154222	0.00269150745683174	0.0206088137650197	-0.0188639823081364	0.00941666080189344	-0.027131944261664	-0.0140264875532161	0.0391991900623462	0.0142788124929386	0.00407985821996689	0.00241454318043626	-0.00128941571453613	0.0452402162558912	-0.00986021705277179	0.0289957540005867	0.0129713565819258	0.0339796140378894	0.0548694151050764	0.00163920223328143	-0.00198078120449322	0.0175805006111032	0.0283067956418834	0.0345008662338214	-0.050386812882099	0.0123496962459692
"A0A060HMY4"	-0.0385929975573678	-0.0226291141971304	-0.00673842928138179	0.0237553571106274	0.0188438730995671	0.00995196888260487	-0.0106858721966403	-0.0690653869605313	0.00274695389057388	0.0218396230310223	0.0259704686076675	0.0156274528817084	8.15830227458395e-05	-0.0285726865439946	0.0127639345500219	0.00670616273618136	-0.0100916243639013	0.0104708282537098	-0.0270411451035572	-0.016295466066329	-0.00194269562673401	-0.000386683279101862	-0.0166004551919296	0.0301245305471333	-0.00276139142876354	-0.0330892651490503	0.00284824619515144	0.0560912676868496	0.0347186718268385	-0.0119187815642123	-0.00168068156679805	-0.00431664391770279	-0.00860333007855238	-0.00879141338135182	-0.0292960388069848	0.019366135642755	6.00057688001051e-05	-0.0162091114064603	0.0179346515858781
"A0A060HMZ0"	-0.00586818515530579	0.0217283991175003	0.0291987155325821	-0.00235574386800356	-0.0457090253766731	-0.0114735472687465	0.0277282712141574	0.0227240892351223	0.0241064718718437	0.0363835849634698	-0.0569830538586607	0.0140552953588601	-0.0333799362186731	0.0057769162832899	0.0368203460568458	-0.0732517511074597	-0.0719122436953335	-0.0103020089206721	0.0526093645507886	0.0137925369614007	-0.0295988331810966	0.0202455677568894	-0.0361837677861943	0.0889570286215349	-0.0310769237646664	0.0603696855445997	-0.041083540158535	0.0107662971351429	-0.0537261899965514	-0.008139131535334	-0.0113315779140691	-0.0150989787696226	0.0255275148933813	-0.000201210147054381	-0.0187970974019462	0.042828959916975	-0.0100810822118433	-0.029915467047122	0.00937846301507441
"A0A060HMZ2"	-0.0134655453944326	0.0355775887616507	0.0272978027935445	-0.0536336663778543	0.0130631040066646	0.010013563701694	0.0313566482714689	-0.0296443881506405	-0.0236133268229056	0.00600992678175308	-0.00910299446811924	0.0193075990360726	-0.0609468588865704	0.0179536439492002	-0.0429579086589668	-0.0178207864011023	0.0193637091299132	0.00547221298908314	0.00845420650206042	0.0686496425475178	0.00823267852723917	-0.0412843787575182	0.0191617013483835	-0.0165243032103821	0.00645972528916783	-0.0226693347804627	-0.0293538022834429	0.00932181457457936	0.0324496823776675	0.0653389983299765	-0.00653706211945954	0.0514107471665876	0.00817998331339122	-0.0360957852631749	-0.0441810349662044	0.0168566991012979	0.0104340479708315	-0.012922414420543	-0.000770972571378088
"A0A060HMZ3"	0.0274632115495314	0.0128251605159087	-0.033173145842837	0.0513802132226899	-0.0212849245002958	-0.0518850291661512	0.0133625569722933	-0.017245357717141	-0.0229103873957452	0.0164442024808307	-0.0764486957430723	0.019277936045531	0.0347356803275405	-0.0128991439391169	0.00217982969416325	0.000277222602529026	0.00313062951269724	-0.00624002764990237	-0.0249072420163177	-0.00764707047128432	-0.0116227885229152	-0.00735657925348566	-0.00644985551365185	-0.028540029482635	0.00273230472091457	0.0102472604373717	-0.00334261392818308	0.019192558963923	-0.00757857018812532	-0.00698051007140825	-0.000908319836235654	0.019378355324847	0.00808837638108385	0.00790903339288557	0.0113341363443384	-0.0213284629031616	0.0022044172123974	-0.00737532013143064	-0.00442905860638844
"A0A060HMZ4"	-0.0443980322043099	-0.00321028231906924	0.0318536680416145	0.0115551319953141	-0.0210335092945454	0.0236232256684204	-0.0121358397073116	0.0331568683324431	-0.0164603033188218	0.0066306164603927	-0.00356845359108388	0.0207631711308878	-0.00307687225026085	-0.00180208477063561	-0.0174579652569088	0.0191549229281782	0.000594732149051391	0.00400293224686281	0.0211750874180996	0.00127871010033504	-0.00874379757841512	0.0105787275368266	-0.0146392725601226	-0.0242087039713311	-0.031874862804084	-0.00870869345460871	0.0359551711439715	-0.0169282756612578	0.0107463121265161	0.0213105066847691	0.00708208555026438	0.0139929955467156	0.00576816848947788	0.0132948701109586	0.0197199540446985	-0.0204331598030486	-0.0128603496093602	0.00866092425646654	0.00689420522704329
"A0A060HMZ5"	-0.023647726112529	0.00683394224714995	0.0208202798750893	0.0236828839258261	0.0253640561080559	0.0722308081450066	0.0514515745546251	-0.00039347705320919	-0.0174315418238473	-0.02389710031745	-0.0177911095880276	-0.0130893663792608	0.0185750009024204	0.0728735681355404	0.0113630777358523	-0.0412089070573687	0.0076908401299965	0.04437216771744	0.0113814005242111	0.0359833141720392	0.00536802664149167	-0.00393714816693987	-0.00399750455574391	0.00141005449948087	0.00991148437546158	0.0305861065410326	-0.0442281266534956	0.017430093187584	0.0129636414978615	-0.0298628480202793	0.0157931092358542	-0.0121509586586092	-0.00322203984993786	-0.0240356560550666	0.00122441836202147	0.0129546779816647	0.0560463707479889	0.0615247398318978	0.00270537105510758
"A0A060HMZ6"	-0.0145231186667023	-0.0507880128615051	0.0230642584953658	-0.0302950002020639	0.00881348615331534	-0.00972443672754824	0.03297962422667	0.0680022424836523	-0.00911291900580803	0.0350567488510171	-0.0133660759955444	0.0105813841172467	0.0241968243642422	-0.00401925349086896	0.0155584658772192	0.00935450506926206	-0.0198747556713608	-0.00420710263315254	-0.00407729915986712	-0.00509061898284633	0.0496046944542215	-0.00104627881866907	0.00437868214567478	0.0196975212017845	0.0150608013827047	0.0107046353582623	0.0409268982537529	0.000728196611213984	0.0304936013949185	-0.0295173342141905	0.0517548724962508	-0.0289700572302688	0.0599755732170708	0.0247970981287783	0.0171054240764011	0.0282735494980135	0.00938891197712237	0.00104144933878359	0.00832455194234652
"A0A060HMZ9"	-0.0321385202491011	0.0149518618999529	-0.0293146843136263	-0.0185980016302375	0.0132265548145673	-0.0246044655901498	-0.00490106593515225	0.0123554666452203	0.0339555737737375	0.0700055601786922	-0.00873984184218347	0.0512837636990674	-0.0336417846875356	0.00118346295564599	-0.0127889309718173	-0.0029713482268778	-0.0592062327921772	-0.010892561119448	0.0255341327301041	0.0241664305350589	0.0495955309225531	0.049566881621613	-0.0172876329260117	0.0182823581820021	-0.0134579114302907	0.00778813494036737	-0.0109821922047521	0.0121297227145663	-0.00623165160136679	-0.0511945968206624	-0.0282175532295604	-0.00241828104767255	-0.00402776234821199	0.00412143707474083	-0.0175255258154351	-0.0379396955024897	0.016186396387896	-0.0106918604262694	-0.00377037465804885
"A0A060HN07"	0.0156950229524173	0.0171186496642534	0.0008034545143441	-0.0292204294412149	-0.00921631114359752	-0.00635920677316417	-0.0191168865963931	0.00137903659341854	0.0641131278077991	0.0101975127134272	-0.0337135518125594	-0.040274535537771	0.0265781273266872	0.0324243726716782	-0.0965051681652781	0.0788627251376762	-0.0451397394442596	-0.00548884954866079	0.0320982088315788	0.0374429109429318	0.00352591786834036	0.0863095152506831	-0.0298559564689974	-0.0314393109858605	-0.0162841308530126	-0.00469976171419515	-0.0128277727428448	-0.0460270838687462	-0.00880679854089697	0.00105575966718627	0.00187989696233062	-0.0143389312717835	-0.0848954743232806	-0.00174672249852421	-0.0186953510886147	-0.0326977409156087	0.0238436316830348	-0.0259682193540674	0.0320461944421131
"A0A060HN08"	-0.0122996850249514	0.063374179624007	0.00141902643889927	0.0256946300400064	-0.0402627343613919	-0.00972560004426514	-0.00551420591525985	-0.042624661962496	0.0124764018816454	-0.030241909663862	0.0114477151766956	-0.0205893036625985	0.0343591419140476	-0.0089060983960899	-0.0029072671589763	0.00359660991518015	-0.00488599086134985	0.0192107082574022	0.0228653285408669	-0.0249701107011886	0.00352089638227655	0.0236441583564254	-0.00965162600798725	0.0145456217978217	0.00821202230548979	-0.025305497743793	0.0243007045720382	0.0100847334516031	0.000691420978705721	-0.0171611614335295	-0.00963169591725191	-0.0039299912839361	-0.0278686382837079	0.020111883599276	0.00274508211755583	-0.0182495029774362	0.000229020186501364	-0.00726780601898146	-0.00603895380415436
"A0A060HN12"	-0.016574473612388	0.0404059141297679	-0.0494450199279512	-0.00434694682825037	-0.0327888645482881	-0.0116397427966995	0.0063489912958625	-0.0462237219920639	-0.0115217818249795	-0.00400189919257321	0.00944220369825303	0.00158031855798254	0.0590343754446993	-0.0277303479412888	-0.00335676351134903	0.0417546971453241	0.0192173954846952	0.00959518416840737	-0.00622756778524587	0.0441002621835423	-0.000563768169137971	0.0150320114134812	-0.0249399650011116	0.00574978991523457	-0.00710561926015418	-0.0421615726642198	0.0212361761848784	0.0197176533291305	0.0274405067519903	-0.0132564018963227	0.0544195829573458	0.00895643475612797	-0.0360048568640993	-0.0464057253798094	0.00570330599786668	-0.0465222727473595	0.00618650631264885	-0.042033162842107	-0.0200980129399459
"A0A060HN18"	0.037363173334877	-0.0212988198530258	0.0391382903239279	0.0385116372743289	-0.00203854484851154	0.0147642485896642	-0.0103574823656254	0.00697375162817539	-0.0154653853946435	0.022984986027773	0.00234538523614004	0.00194949722047688	0.00666812245578796	0.0127769325810525	0.00686437456506231	-0.0391565756583379	-0.00994780293771551	-0.0356861544203442	-0.00450443439690469	-0.0163205606414789	0.00374446201018571	0.0136915527734567	-0.0161940809940081	0.007133776272945	0.020413726340737	0.0108535787320214	-0.0329619650269701	0.00550463728312694	0.0129532923729088	0.00990157142656264	0.0107158182710681	-0.00315736604926621	0.00430755243566053	-0.0136453401963778	-0.0208801194670592	-0.00460084805705869	0.0721698528904621	0.0492795570809053	0.0242814464942677
"A0A060HN22"	0.00709406584639552	-0.00415897475173259	-0.055440482550752	-0.0184877812406176	0.026958856838836	0.0138015561054718	0.0136942007802001	-0.0492450941683738	-0.0346883456107841	-0.0637404404411081	-0.0306503006600327	-0.0380966467922286	-0.0544281786320267	-0.020290915747976	0.0310876468106831	0.0215169723318045	0.0330525428383041	0.0312031534390771	0.0463242921889316	0.0740733412994222	-0.0231527088429514	0.0182245464707063	0.00169735343239954	-0.0300559108712027	0.0329474851863093	0.0302445059041816	-0.0131206923715422	-0.0181375986243	-0.0609268783224646	0.0124440719579298	0.0230371659365996	0.0169475825628812	0.0176309656823599	-0.0109328891612003	0.00691801104025945	-0.0287573251495417	-0.0162424920747221	0.0065283187142372	-0.0334999686598402
"A0A060HN26"	0.022595063612094	-0.0547645119302923	0.0271042494680676	-0.00543314016015329	-0.0281778388974987	0.024640282474886	0.00904678690764022	-0.0434184734038611	-0.0392663082283025	-0.00553694748788816	0.00201993165584704	0.0120943893855061	0.00705710802471576	0.0274600656341593	-0.00745325632105225	0.00893387557215705	-0.00785336135757255	-0.0452306450050662	0.0102497785790684	-0.00610366110952469	-0.00515131772715258	0.0282588826200488	0.00843601893543172	-0.0231060032096079	-0.00562177302351823	0.00562029114162532	0.0294349162319347	0.000363033584760318	-0.0428283539801779	-0.000378247212259796	-0.0150280145325937	0.0181721037599082	-0.0116022864895861	0.00558800802891945	0.023933747734557	0.0233671309737237	0.00470745315596297	-0.0262382536170177	0.000282336621777314
"A0A060HN31"	0.0233121621609318	-0.0279091586857079	-0.0149328865026934	0.042765035011442	-0.0278651502689776	-0.01596656871521	-0.0642264489623261	0.00217313840491925	0.0230173379124574	-0.0189430098166453	-0.00402165742918721	-0.0445736443375195	-0.0556329467020608	0.0313118830096552	0.049949849226141	0.024524810662705	-0.00946101864971723	-0.00206361840982773	0.016007146692509	-0.0324952674475787	-0.0145648561270995	-0.0283252942014266	-0.00457262051935781	-0.0037840751714012	0.0381627523428003	-0.0209846317147667	-0.00357159117219916	-0.00766041182724143	-0.0336401749536806	0.0197385445969202	-0.0470504091997001	0.00659326429602268	0.0123052229501859	-0.00902614645809698	0.0186302994967212	0.00403493028409724	-0.0177478820210813	-0.00485388168930576	0.0411952863783502
"A0A060HN38"	0.0143933627739823	-0.0590197373413955	-0.0418488332960091	-0.00741713184661506	-0.0227027364355924	-0.00673623202281791	0.00530477660854584	0.0042971687755765	0.0117432717739023	0.00101998559683384	-0.00381782014292165	0.0354051029914702	-0.00972774635396267	0.0204994747110999	-0.00343013083902589	0.00694796907752885	0.0171517293545064	-0.00858605210529171	-0.00886834394206551	-0.00151702088906832	0.00580593631143203	0.0322579480514484	0.0178040234302204	-0.0374477877675933	-0.0457532703095347	-0.0147352018788472	0.0124949463112399	-0.00572205456335243	-0.0583549942269943	0.0282996286702393	-0.0218405579560316	-0.00584082449796867	-0.0325034069915343	0.014853691959993	-0.0650911385050267	-0.027401131604596	-0.0290543071225033	-0.00366360988573257	0.00281645247445706
"A0A060HN41"	-0.00318820909923288	0.0300311086553256	-0.0101702559050982	-0.0356687238632764	0.0451939457032382	-0.0191174737720896	-0.013730176962292	0.0352733710254913	0.021654342047958	0.0715781344559542	-0.0153307955997181	0.0111781554911693	0.0193720306709214	0.030617065773722	-0.0323123737618092	0.0270861157717197	0.042830542775001	0.00874836819365363	0.0457294119709893	0.0105272133450078	-0.00500281784983062	0.0394187243950596	-0.0122445849966165	0.0137585698739413	-0.0131970301227858	-0.00303121881043732	-0.0615195971329388	-0.00206312831053162	-0.0835767516728879	-0.0597068276876711	-0.0948910907624478	-0.0179077604435838	0.0304238288260893	0.00921076200175336	-0.0374085316737877	-0.0207860400252757	0.016781818380228	0.00138405596586308	0.00331587595609404
"A0A060HN42"	0.00947603153695551	-0.0218914527237907	-0.00744541534928128	0.0796000138136252	0.0378130502534662	0.0339349979105411	0.0225272159167922	0.0126759095826053	0.00804852355835861	0.0155066941774155	-0.00761293641150805	0.0221451262102266	0.0015375340575964	0.0748002273759568	0.0116995100299512	0.00266652656042237	0.0294423566167747	-0.00306366549097248	-0.0193389295663989	-0.0237575377406216	0.00123520709454932	-0.0108606360749641	0.00525523432675752	-0.022249267840282	0.021918877834428	-0.0385882649379055	-0.00215360794495418	0.0135991924809141	-0.0148269128342437	0.00653200297086919	0.0382010551615065	-0.0221886542833855	0.0231435972097854	-0.00170740908569453	-4.22465112113526e-05	-0.035926431025938	-0.000297487281328985	0.0150408728680046	0.0292740499105634
"A0A060HN46"	-0.0318950667098176	-0.0351352349953123	0.00498411048419585	-0.0270538054603243	0.0351797159587249	0.0164105201053869	-0.0133972705902957	0.0105162037108718	-0.0369772569433322	-0.0144830195670778	-0.0179965616992743	0.0261758994360529	0.00933315594689084	-0.0216593699635215	0.0235540059167469	-0.0452167964803942	0.0238980691568794	0.00165047172737766	0.0145137934890972	-0.0102206566774881	-0.00690218249973181	-0.0389941575874562	-0.0133271888449895	0.0186797706067451	-0.0368180211641461	-0.0380211873334861	-0.00849098039317881	-0.0187012608877623	-0.0304821388048728	-0.0639587046981734	-0.00406680965789677	0.0587228257488732	0.00449411485408004	8.20058097252121e-05	0.0248451177799447	-0.0115551198212028	-0.0344835885226554	-0.00441748805802136	0.0126112960929909
"A0A060HN49"	-0.00355640746751097	-0.0595749066950695	0.025542907472176	-0.0268869162216749	0.0252802558723792	-0.038191554896253	-0.0284106988977067	-0.0330824491982618	0.01127351373811	0.0234792900398992	0.0161370137290422	-0.00203228936805367	0.0205472988553584	0.0565015020179136	0.00257022555543394	-0.0112738506492174	0.00380880786064544	-0.0179466015249785	0.00473344539698605	-0.0102488890941936	-0.0340465951566332	-0.011398304169168	0.0134982664536033	0.00437351221774386	0.0302620954064713	0.0092129558952335	-0.00860429835112403	-0.0124095170036266	-0.00660960121458123	0.0193011129295602	0.0123939797115704	0.0123928656224096	0.0115816240565029	0.00365551440171459	0.0622013535583545	-0.0229464275502001	4.80594699629233e-05	0.0165234508275429	0.0500572736535096
"A0A060HN51"	0.0382266488093498	0.0250231484605117	0.0136857176560024	-0.00757399943053656	0.00382920890539641	0.00429915109969352	-0.0492904725687839	-0.0180704193785236	-0.0128095710073207	-0.0484140411083323	0.0349516637166377	-0.0180613517218394	0.0242358876821436	0.0354737091094887	0.0188064368848545	0.0207481758156002	0.0264848421741796	0.00202885925214232	0.00205650708559157	0.0168264937508643	-0.00844253327243655	0.0132407898854823	-0.00691380520337147	0.0215320706215146	0.0327223002038317	0.0132861773875286	0.0451975188732109	-0.00428733294643116	0.0349783600987683	-0.0051720809758342	0.0181069105024394	0.0361684752131186	0.00453603545096349	0.00512337537102331	-0.0387171047924251	-0.012531421775613	0.0101925160099473	0.0123196965336025	-0.004165715895618
"A0A060HN54"	0.0283707428941385	0.0306688418389583	-0.00620986575019162	-0.0261631749217983	0.0423409420863807	0.0229365363349407	-0.0350302491751874	0.0143747671276769	0.0329416248347541	0.0135489700861443	0.000385754175341494	-0.00763651528343938	0.0193774734406261	-0.0301952253341054	-0.0186416142071884	-0.00834406413525974	-0.0255040028130744	0.086040669431989	-0.0104483306461283	-0.0386619075342142	0.0485099050565901	-0.0538122666037461	-0.00186023456263697	0.021685251466596	0.019661885375539	-0.00576570608086081	-0.00808817722982342	0.0152082617481173	-0.0439740414971056	0.00193214314616463	0.00173470298300131	-0.00165246814512035	0.0285044607691102	0.000783911247710312	-0.0204392000194349	0.00870883989503777	-0.00113088351596099	0.0217756005798042	-0.00633966981986672
"A0A060HN55"	-0.026881232643867	-0.0144788795770294	-0.0137399932288086	-0.0278514228832688	0.0300482793909997	0.0234767543222423	-0.0148251160792231	0.0561010662996843	0.0267616102102644	0.0128971906152454	0.0121084228031087	-0.000116531695766802	0.0289656134905599	0.0699457248421298	-0.0225358676749607	-0.00286464444073275	-0.00121068833624738	-0.0163216840586175	0.0379357824273988	0.000572000587765438	-0.0488729702187066	-0.00149026032847483	0.0733453879644991	-0.0344343053788409	-0.000655840752678451	0.0165440767025444	-0.00481616913317741	0.0170386534538556	0.0381343307946001	0.0468411768614187	0.0657732213853955	0.0143547346660754	-0.000807332714144867	-0.0228696686708612	-0.0432933721032754	-0.0643363635534085	0.0384070535381028	-0.0377220021479486	0.00948345664095472
"A0A060HN63"	-0.0449473365284845	-0.0176966695390946	0.0287644646842791	0.00951669529624237	0.000527593477265382	-0.033953851994748	0.0192524558520277	0.0141007121839375	0.00122957761031908	-0.00230952178091837	-0.0247654214683572	-0.00301631720074321	0.0264887688538787	-0.0137372857511524	-0.00837603049850166	0.00310356112906617	-0.00936717829866202	-0.00397622254366823	-0.0186185249050099	0.0244175004878262	0.00498979858407688	0.00682824543693528	0.00339750061655359	-0.00497629616969353	-0.0186578039711637	0.00681775124373454	0.0176394965024342	0.0186582111697196	0.00483198138443893	-0.00622100490073118	0.00530776686417224	-0.0301806703962222	-0.00180483120494989	0.0191178807050591	0.00499475308769135	-0.00451942184272237	-0.011136076671274	-0.00475362673536207	-0.000770189725198569
"A0A060HN65"	-0.0160661425690661	-0.00851597074359206	-0.0142247586999062	-0.0548320678864821	-0.0084340242748134	0.0673476981466123	0.0488291061812912	-0.0105179782797944	-0.00337047100585184	0.00358000720517876	-0.0207717964671932	-0.00542988426407021	-0.030363498234179	-0.0111418960808784	-0.011558073622679	-0.061820157137197	0.043601845178627	0.013948073771151	0.0236274187311112	0.0224840017088367	0.0288892582444898	-0.00950954170171271	-0.0250773982574688	-0.0147453625098865	-0.0362785887595537	0.0171329243253417	-0.0223224774404461	-0.0709951438493277	0.0616669831989696	0.00729452427100937	0.00420514899740856	-0.055342471820686	0.0147571597368464	0.00594815613947033	-0.0466456615112797	-0.0126798638627341	-0.0151744081193624	-0.0249650086063103	-0.00404123633070184
"A0A060HN70"	-0.0118576226148745	-0.003832401712558	-0.0162461874750262	0.0452997605829602	0.0434487218122807	0.0315975666144207	-0.0072141619570462	-0.0688456179918544	-0.022535635740345	0.0267868806323651	0.0465499448530503	-0.0176305861182839	-0.0134947664230307	-0.0501009218709925	0.0180766679056914	0.0365500006864827	-0.0718919037168938	0.0173441410407735	0.0163329060810995	0.00492260840019718	0.0296591466536333	0.0254067401312225	0.00395915362617377	-0.0770018394989834	0.00505395812646686	0.0474750275384646	0.052309656808002	0.0321795459092066	-0.00591750896361123	-0.0185708350487748	0.0163353516491198	-0.00765185906232078	0.00800624801556579	0.0135953173511605	-0.0280048950885011	0.00695623104604564	0.0269826007041424	-0.0168246955796973	0.0372287825938067
"A0A060HN71"	-0.0439777182474546	-0.0130387244248126	0.0376109317796498	-0.00357240459420991	-0.00257112808809836	0.0256122966971359	-0.00835186422545624	0.0186346423451214	0.00201203701375544	-0.0268758779070194	0.0328117761662752	-0.0183450098751292	-0.0271769179837243	-0.00239659514539157	0.0189830131180335	-0.00425716726182973	-0.00289503297609898	0.00655469471158877	0.0111267843003548	0.00785414129621826	-0.00548909326288749	0.0105519117275993	-0.0085016969340777	0.0259096941946584	-0.00512452034746589	0.00804285787271209	-0.00478354983930598	-0.012616086459556	0.00937664743904541	-0.0311500230078352	-0.0141656124272586	-0.00566487392432514	-0.00592612201737566	0.00526040093839526	-0.000237431116650613	-0.0243006098792169	-0.00697582051728404	0.00759322250577357	-0.0117202896040155
"A0A060HN74"	-0.0173784800901853	0.0348826362211431	0.0452759141329816	0.0313628155032174	-0.014656788516424	-0.0155814336389698	0.00132459708852033	0.00759404901760812	0.0488813929714036	0.012981431899691	0.00863587929288979	0.00765933512755862	0.0278041633774299	-0.00428854602430946	-0.0412279958337862	0.0140179329796939	0.0401805309756006	-0.035732428289671	-0.0745149875557153	0.00416398962387447	-0.00165251700542187	0.039417231571686	-0.0215387713634173	0.000401733525063739	-0.0369036291088164	-0.0170764114239958	-0.061757284557708	0.0226206701100091	0.00544712290120115	-0.0234515855002524	-0.0140403680069376	0.0479625519109541	0.0385920954121734	-0.00315799048905541	0.0672285492696797	0.000242475246646136	0.00943786499574721	0.0433648531187984	-0.00741182214757463
"A0A060HN76"	-0.0419655114599417	-0.00720215923361957	0.0267509964963029	0.0143627652452715	-0.0230752368457034	0.0354018837869292	-0.0143151952796344	0.0330041163525858	-0.0275017863047592	0.0184369079246396	-0.00585625530182654	0.0499389497039407	-0.00434684544520309	-0.0204922217168899	-0.00764374338070335	0.00981490768716469	0.00774547349038467	-0.0134991349076628	-0.0067303097650316	-0.0280467522349283	-0.0204039180028705	0.000997542467914078	-0.00800218174297672	0.00978807315162534	-0.0173030511024935	-0.00136130108538573	-0.0159877014392916	-0.0209869212144498	-0.00648516347861124	0.0152660368215402	-0.0224322474768389	-0.00868404171415782	-0.00225870615411545	0.0250282078264364	0.0257361326623857	0.000112072582137042	-0.000647194524696138	0.00254170480966427	0.00262249983855506
"A0A060HN78"	0.0149395849104266	0.0469976700893084	0.0454410606253664	0.0440580831493497	0.0172785216300285	-0.0338382985972963	-0.00037817727922566	0.0130563279062786	0.0221789680254002	-0.0169892190224822	0.0200139380677573	0.00744666204336482	-0.0320709719406893	-0.0337220455762025	0.0127697846145264	-0.00729202378587341	-0.0153291903737098	0.0484449264811823	-0.000922652629461362	-0.00561824950733696	0.0385964677721194	0.00438888853453209	0.0286869615734535	-0.00293722647745804	-0.0243955134168811	0.0165054707768713	-0.0120362859337669	-0.00304733678448771	0.0199906919035197	0.00745884861336009	0.0201254621634769	-0.0176560241439282	0.00811877752016897	0.0157629413805788	0.0129827526875857	0.00837687206697795	0.0182632138248104	0.018352042655371	-0.0154216643286416
"A0A060HN80"	0.00102446376899487	-0.0203698864317974	-0.0371173043851611	0.00214145591062058	0.0184250585543208	0.000179116016221151	-0.100416883345648	0.0591644678718749	0.0341349269274944	0.0178343759533736	-0.0136226347274995	-0.00304496749357028	0.0130118840752314	0.0138228125908229	0.0332419890562051	-0.0618349560806737	0.0303482314173413	0.0201656126588075	-0.00800311305448574	0.0362805878551863	0.00018848254968483	-0.0191848091386154	0.0160708666642937	-0.0100668882012736	0.021725828082208	0.00519815806933941	0.00556221923756496	0.00570273441894518	-0.0313117700463121	0.0113566542811474	0.0346621408183271	-0.0329646016368589	-0.0575882088234598	0.0527910176248731	-0.000926629324846417	0.0150458602806402	-0.019350656496768	-0.0301347885632346	-0.00669993202273309
"A0A060HN81"	-0.0392252011718341	-0.0278944446081984	-0.00859599365165879	-0.0219676211923403	0.0224594119379473	0.0159420218750891	-0.00440949781801812	0.0209925706196831	-0.0260007078812674	-0.0287302787895784	0.00250645853063104	-0.0196361502329543	-0.0297230490914692	0.026673416710087	0.00326376711961356	-0.00698856620684456	0.0173992919646845	0.0126923140629005	-0.0200804057053077	-0.00675315017560464	0.00835844708077241	0.0482030177532914	-0.0142801686302027	-0.0091154595382545	-0.0256118930922643	0.036948854478434	-0.0265065989825438	-0.0559434035096493	0.000485910774225601	-0.0444990224112177	0.00207968258003424	0.031158956585166	0.0135477290041705	0.0148601321557128	-0.0121264390215007	0.0121279184695849	-0.0285825570880905	-0.00695228836439846	0.0454272508446158
"A0A060HN84"	-0.00566216619449325	0.0538285217599189	0.0257044324929389	-0.0262530639269021	-0.0360350543638829	-0.00890845587102765	-0.0401270848475735	-0.0226108782121639	-0.0201002946637334	0.0206666659247055	-0.00544451915522831	-0.0278600282484973	0.020086706376014	-0.0706157535706744	0.0259748973083747	-0.0487259265225232	-0.0255668683254999	-0.0296963216130048	-0.0132262455958067	-0.00304561189480142	0.00289581649974045	-0.00213767820080737	0.002405368077859	-0.00289553292872635	0.00105863404252023	-0.0201300618258156	-0.0450532434557904	0.0190344351653705	-4.4788034816405e-06	0.0133010745736381	0.0284054820662915	-0.0124721878037446	-0.0375184023770349	0.0094949394762654	-0.013248732614344	-0.00941975084113732	0.0131653323920299	0.00532165001849909	-0.00304187219014021
"A0A060HN85"	-0.0483401646104831	0.0180446683631989	0.00518821367835922	-0.0143934268999604	0.00423378586747296	0.0132910494238561	-0.00787631783385113	0.00137360919294485	0.0307183815944155	-0.00305081181831443	-0.01088712894387	-0.00856351398180113	0.0129471734231208	0.00239091657389755	-0.00363745021060511	0.00311406083907958	-0.00391490330451845	0.0325612959586344	0.00417965768701776	-0.0125438941244926	0.00268551152664704	-0.000734550906356529	0.0142601980224597	-0.00549310376172047	0.0113931956573524	0.00309612097623299	0.00156566712436159	0.026753442705462	-0.0102706593268974	0.00523060051674866	0.00333234842659183	0.00545563086261393	0.0221589447316351	0.0276484747588719	0.0148995252735296	-0.00466768562664309	-0.0256215656924846	-0.0160244008392102	-0.00759592800090024
"A0A060HN88"	0.0250516554241552	-0.00662099741928155	-0.0504064180560177	0.0281051001156336	0.0142059716455365	0.00938016019562594	0.0302470399378164	0.00401380039724054	-0.0202067215645356	-0.0336651189934912	0.0126639980293622	0.0175427384395291	0.0329973624212633	0.0169368080815652	0.0286494567450208	0.027371671085547	-0.0603734329432235	0.0745889855886665	0.0383720354312266	0.00592031967896527	-0.0281889996641397	-0.0221664963355926	0.00312926666561091	-0.0517002945473491	0.0552130051341594	-0.0269366892877177	0.000319367010435663	0.0404678540511475	-0.00841054179926458	-0.0375798770282454	-0.0193104989248524	0.0141744443463256	0.0281849636397313	0.0119656645100426	-0.000145528363030809	-0.0227837709467815	-0.0404316689229473	-0.0303957627146247	-0.0699479651585537
"A0A060HN96"	-0.0227700470683895	-0.0247907276409427	-0.0231662479297488	0.010927107567649	-0.0531138474839589	-0.00985221433849646	-0.0194283994397072	0.00501746873274911	-0.0188900947446599	0.00389501173904017	-0.0760232869710872	0.0272524253878711	-0.0471683655384892	0.0157822839098299	0.0431393739974317	0.00190872262053509	-0.0670418030448719	-0.0699606709409478	0.0299368004638501	0.0307808961729427	0.00436245331509318	-0.00244355584859487	-0.026755080543499	0.0135409041255387	-0.00324752027047227	0.0198632136546089	0.014420788251932	-0.00859367180566194	0.0174368361509762	-0.0196926184501933	0.00494259432039555	-0.0241866549345851	-0.00175010550360117	0.0047516805564868	-0.0350977063084137	-0.0107833507848548	-0.0340898998991282	0.0153960726036447	0.0239823591217066
"A0A060HNA0"	-0.0454171535583567	0.011440542892424	0.00278518159527968	0.00243109618380962	0.00459483692593197	0.00887686877661232	-0.0288688532998296	-0.00394290220427334	0.0128271308786544	-0.0367459834808972	-0.00829898323559512	0.0319648215303926	-0.047326809094078	0.0122677325876533	-0.00982555548802604	-0.006698781434261	-0.0128695793241854	0.0441341504420251	-0.00385293307145183	-0.00863660450000295	-0.00867671634243804	0.0338829250859136	0.013126634382255	-0.0250682663386516	-0.0239819141874165	-0.00964445840893585	0.00613225337535517	-0.000424477500402333	0.0159605259662516	-0.0107295568315512	-0.0224923334040657	-0.013511473837117	-0.000993006750511664	-0.000539235574511658	-0.0203439105214072	-0.0147903508752331	0.0291419265210453	-0.00186513885439717	0.0193182197965428
"A0A060HNA2"	0.041089252113371	0.00987359362821695	0.0492346106663846	-0.00337374621127786	0.0173706684373266	0.000292546309910028	-0.0327973975223593	0.010229521173567	-0.00128812405240659	-0.000710862765585274	0.015221188495496	8.0869140100058e-06	0.0169039493093062	-0.0284932057104059	0.00782344938421852	-0.00242833909559631	-0.0131095617263703	-0.00566342438636448	0.0208300929721222	-0.026177562945029	0.00889852836611952	-0.0204191918294879	-0.00469196779336983	0.00315468427052147	0.000217042344956532	0.0123523958162289	0.00481518252408661	-0.0166044128649323	0.0224089336920883	-0.0206903148308058	0.0101822640476984	-0.027650103086545	-0.00876534241629019	-0.0331489522198089	0.027141307326679	0.0248996329430495	-0.00709148018093141	-0.0128823259303893	-0.00297382284252433
"A0A060HNA3"	0.0411257764115754	-0.00589890060898879	0.0544132295090398	0.00861996044138037	0.0275486955805997	0.0130732681377264	-0.0268694803226577	0.00941439120723262	-0.00533418851306075	-0.00224327157622579	-0.00525646845904678	-0.00117242813435082	0.01028769657731	-0.0154770797927492	0.00341062916602876	0.0207100214816093	0.000783589009701441	-0.00435696875765093	0.0147232051269167	-0.0113643806991433	0.00072662558178775	-0.00143541408206573	-0.0101030087835084	-0.00434832274833535	-0.0138313939023397	-0.00336132211432926	-0.00316150000820742	0.00392325697373549	-0.00539341452923459	0.00954698376598117	-0.00673628973954401	-0.000623929017372574	0.0085261393247884	-0.00686430683842391	-0.00832607966739814	-0.00508760002544523	-0.00238045916294426	0.000827277403195771	0.000919007628774207
"A0A060HNA5"	-0.0420337897543082	-0.00125030999229481	0.0188620498408697	0.0321212087214966	-0.0193785140212443	0.0159154656346123	-0.0194755677992308	0.0435792255616874	-0.0329531374728882	0.00864054953504764	0.00119512698360682	0.03200915363785	-0.0170578898999308	-0.0407697272655832	0.013650377587017	0.0241566638026946	0.0133483583179647	-0.0110827038637848	-0.0079159597113763	0.000268375057784825	-0.0140619354461112	-0.012729638742182	0.00261842978816469	0.00519140716527476	-0.00335371005313238	-0.00237928081802001	-0.020795079805909	-0.0168835844856838	-0.0166060109401779	0.0153407180065938	0.0095561580404913	-0.0069251390832898	-0.00470125198277119	-0.00903404302840696	0.0247353929301591	-0.00332264465200038	-0.0188209790339311	0.0215904330812705	0.00206712339526813
"A0A060HNA6"	-0.0385836282839157	0.00391947424563524	-0.0289667697505102	-0.016954475740687	0.0132494578542082	0.00744246285539297	0.0347855669660774	-0.0288635332759722	-0.0312588588254583	0.0519005543067093	0.0302728803328941	-0.02060153559986	-0.0285121204758594	0.0437372262300395	-0.00676939036784367	-0.0242567622650699	-0.0129208103800378	-0.00813385295272026	-0.000825072168005138	-0.00283929864415371	0.00106204842067506	0.00475177650124843	-0.0214952755461225	0.0194435247393031	-0.00886819199902242	0.0100437570137635	-0.041159190919223	-0.0346002077081203	-0.0304727702011851	0.00726136622698856	0.0224263829038812	-0.030501365393076	-0.000343030390231142	0.0125882998302777	-0.00189739611382595	0.0235151200885165	-0.0187190326662414	-0.031988264902533	0.0216517888902296
"A0A060HNA7"	-0.0205482939464203	-0.0230398967046731	-0.00303979776547325	0.0358864470618022	0.0218129107984797	-0.0184113290310341	-0.00957342836849727	-0.029676278360206	0.00363391503892593	-0.0522293766255308	0.0252886091640101	-0.0210525172286372	-0.0466567754110716	0.0115128300067984	0.00165207808146177	-0.0501666326830779	0.048928374898328	0.0494656423472394	-0.0402578153986958	-0.0473623031554901	-0.0728014042777935	-0.0497609418349066	-0.0471449668987151	0.0208503290188723	-0.0232002939444164	0.0240057139950066	0.00768511682764799	-0.0298085556433438	-0.0179452999614488	0.0281170486716214	-0.0553674663199722	-0.00379671643526131	0.020908389285061	-0.057887823962191	0.0467850931902047	-0.0302892818296626	0.0225125075898554	0.0582922418543956	-0.00438451672354388
"A0A060HNA9"	-0.0201794086224136	0.0274098345450509	0.0245570617749637	0.0434426587427973	-0.0238144604900163	0.000302238277880155	0.0110443285068685	0.00129445504059206	-0.0330630885175199	0.0248671487133624	-0.0320356663360407	0.0229946796501238	0.0155006079075995	-0.0296196279878722	0.0237559162534292	-0.0509590596553168	-0.0179150687133269	0.0205393731401328	0.01439959554809	0.0545051073464992	-0.00268039795199337	-0.0429790852627919	0.0466001473864829	-0.00244345620811853	-0.0271625249095446	0.0302404314427161	-0.0153051290067073	0.0147694107732917	0.0835801601868661	0.096699242366452	-0.0108721744676138	0.0225560214601653	0.0116744039698709	-0.0127482210022811	-0.0546472474504512	0.0409674974263716	-0.0393111266451848	0.00433253628531593	-0.000414663924458429
"A0A060HNB0"	0.00787678185408008	0.00505684416596916	-0.00776899930507519	-0.0379934664620181	-0.00725723866898816	-0.0474428389287152	0.049903950608256	0.0242208738209112	-0.02525920279269	-0.0415051020577774	0.00720585022621161	-0.0514262115400423	-0.0527588186598668	0.0838376283574889	0.00861721364918141	0.00461077146255492	-0.0275278308780977	-0.0322697710778045	-0.01595761922501	-0.00145592462915497	-0.0255884780294071	-0.0222210183040537	-0.0236158926457008	0.00501436088051968	0.0258282782053336	-0.0543583213636321	0.0300255020313804	0.0667968575250711	-0.0494539831441873	0.0619129735852479	-0.0337360441661182	-0.0105216353700349	-0.023134335228158	-0.0134312063683082	-0.00612024329092001	-0.0577591519066955	-0.0811519933519591	-0.0521605685415159	0.0331983061975405
"A0A060HNB3"	-0.0395771555771481	0.0097043507710976	-0.0030510795739465	0.0205067055700503	-0.0158652338450256	0.0124383621543989	-0.0338347593799335	-0.0716688828442971	-0.0239905614274673	-0.0101103659703553	-0.00312991583516836	0.00669481532088729	-0.0125577397160311	0.0188167872232098	-0.00362152981256143	0.0092675552976107	-0.028338432097588	0.0230729068302393	-0.0244224773202212	-0.0233165496920484	0.000349440186853379	-0.0181818937098642	0.00301813863270851	-0.0037811523367609	-0.0118171264424632	-0.000453438850207592	-0.0116897880128572	0.00215096821213669	0.0520691087279295	0.0358556269307993	-0.0500349271279359	0.0349379634265246	-0.00389228769475285	0.00568005467971309	0.0191234567991665	-0.00667582371906219	0.0175761358191591	0.00702382454420894	-0.041625415449736
"A0A060HNB5"	0.0102756753964633	-0.0684954002716711	0.0359840345653159	0.0178081614882738	0.017616990602771	0.0173299431586434	0.00586143027519682	-0.020421782703149	0.00119973397630968	0.0312930367647169	-0.00623919823185171	-0.0154211620017191	-0.000433422871218782	-0.0090351430530374	-0.0207637627917026	-0.0194061359103154	-0.0076171116356393	-0.00127125124490322	-0.0119932251705919	-0.0125487928703684	-0.0186407445385702	-0.00438427062151219	0.00702873018145569	0.00401866103563491	0.0152308984736891	0.00956863951734433	-0.00533295264164432	0.00722882278074269	-0.0195157121408434	0.00385090897257657	0.0167948813664311	0.0138873073702047	-0.00485703028073315	0.0196718591604863	0.0206882600976807	0.000814341833059927	0.00521702261241625	-0.00840756215653309	0.0317996962076511
"A0A060HNC2"	-0.0423468514480524	-0.013150803411194	0.0036606015889187	-0.00267562890440833	-0.00133489090107911	-0.00441500689053477	0.00808316523600716	0.00684610607439562	0.0577437788260763	-0.0177355102842638	-0.0177938686873769	0.00721397016201235	0.0310606442982145	-0.0431922517283352	0.0384730890918883	0.000272180670727107	-0.0336028391327539	0.0145496343562321	-0.00351578211655976	-0.00470846257615177	-0.00979655291305299	-0.0187541016153319	-0.017334851492664	-0.00725157780101063	0.00773389323051663	0.00572688721147184	-0.0171977898005064	-0.0422369908882344	-0.00847108941554749	0.0205508434060674	-0.0355832419303381	0.0527477424755365	0.0220228472981453	-0.0163798980072886	-0.0532516955646933	-0.0230660435940373	-0.0272120714303789	-0.00730735213552416	-0.0224438600562799
"A0A060HNC4"	0.0247738732576739	0.0390106180428074	-0.0455753608231005	-0.0155992220009614	0.00966657379899728	0.00699340802092333	0.00293727252813559	0.00951698594791982	-0.0280570253652906	0.0105158293604116	-0.0248854982949936	-0.0234659294469519	-0.00691687478929739	-0.0195011299828181	0.00178179454552435	-0.013996742718325	0.0349505346235617	0.0551047681404834	0.00126549978222004	0.0735668676618286	-0.00520933054331945	-0.0279366845293497	-0.00899473829800135	0.0202025020692858	0.0677417091371273	-0.0324775200403579	-0.000203357902777548	0.0097734738727993	-0.0374594726859333	-0.00780088743161317	-0.0245919894572661	0.0340312656039634	-0.0135551014666968	0.0021660983366515	-0.0408073194186936	0.0152266560820879	0.0269056626915962	-0.0309547135289319	-0.00529370727103781
"A0A060HNC6"	-0.034034616341141	-0.0238031650654279	-0.0383114580153661	-0.0345520523327389	0.0200215303276469	0.0166011638822709	-0.0226384285478357	-0.000141346133794315	0.0260018340395377	0.0130554236900758	-0.0181708695681473	-0.0270113001024981	-0.0182418892285637	-0.00985643312504293	-0.026241297469152	-0.0115457044451392	0.0214478155149989	0.0322220271005994	-0.0532178296019908	-0.00595309397619931	-0.014724597347282	7.01792329129534e-05	0.017473048023913	0.0399029146062985	0.014416612521283	0.013288007656206	0.0229604892833359	0.0369749168592148	0.0382896914448795	-0.0180373099614379	-0.0024573892232288	-0.0321008679504394	0.00639546970706148	0.00419396335211803	-0.00975494435350395	-0.0320156181728426	-2.35511072369883e-05	0.00400398841851737	-0.0357713973957995
"A0A060HND0"	0.00806856813376512	-0.0476471144434086	0.00149602096606402	-0.0173378287125758	0.0305782191762367	0.0228008144517394	-0.0249642463525419	-0.0110131522435137	0.0696169268264286	-0.0186011269197691	-0.0143081037593327	0.0022242658451247	-0.0164009785646083	-0.044832003414985	-0.0155728455742947	0.0136480354738868	0.0584009829402535	0.00965072434690174	-0.013940081831566	0.0815088912092752	-0.0273916678150623	0.0251700735136265	-0.0250215998259668	-0.0449301943765749	0.0108956426015723	-0.0521819097675032	0.00812487413796709	0.0181071608207301	-0.0333743807462895	-0.0192485319781086	-0.0139262751096279	0.0151171606226729	0.0170610623297529	0.0532853073449545	-0.0173501552760162	0.053205454198098	-0.0316713693210712	0.00593845759600911	0.0329379062971207
"A0A060HND1"	0.00317369341865281	0.00500015116073247	0.00947052526342043	0.0409319152308261	0.0279771186693435	-0.00104203509468793	-0.0555874314493428	0.0296187438716312	0.0295162459361661	-0.018847328879062	0.00895572730743509	-0.02008200064293	0.0891616015164146	-0.0228733138758718	0.0116961602280966	0.026200148828945	0.0297679015293796	0.00634534344020936	0.0118577605067192	-0.0264451986378038	0.0459966120233654	0.108332029022621	0.0176672202227615	0.0402823688011053	-0.0404227263306852	0.00851069286419059	-0.0407651109036041	-0.0350768731471556	-0.0736278149059812	0.0049919443778342	0.0223345444290236	-0.0074246292739948	0.0908054349328047	0.0167881265597834	0.0214742586757327	0.0237687589076399	-0.00665675955319647	0.0345366466962449	-0.00176859445809778
"A0A060HND6"	0.0377696541083634	-0.0222762644174761	0.0311700682652166	-0.00243587386406955	-0.0125132125197907	0.0273661827576839	0.0326106351320935	-0.0121230159508198	0.0063543374725428	-0.0546494008908163	0.0166045508611864	-0.0444678948512699	0.0176987205670664	-0.0365182055249852	-0.0157552706680085	-0.003199808462948	0.00639355635907296	0.00106188694660568	-0.0148878923122998	0.0204086945595278	0.021820927631425	-0.00811410559668855	0.0213619628200091	0.00506297839334851	0.00627607753625374	0.0127796046565574	-0.025003128068839	0.0117202772549836	-0.000850369828228959	0.0213016931171302	-0.0201705119778362	-0.0156542421372945	-0.0171020534328184	0.0366043291261706	0.012254081534258	0.011263903242423	0.014711452117073	0.0396051068512317	0.0289841392067683
"A0A060HND7"	0.020800467728132	-0.01588078294756	0.0402904123690899	-0.0269348830000801	-0.0378563137600618	-0.0165987019524303	0.0168736223146724	-0.0112425391411018	-0.00960926317612733	0.00995933970612091	-0.00600459678508569	0.02919559075276	-0.0260075220815451	0.00998036628632829	-0.0129106862142643	-0.0295583567372264	-0.0796034395037169	0.0415248256009458	0.0111940604624402	-0.0677508393049663	0.044441979041992	-0.0106529904398968	-0.0165217759525941	-0.0115982333739588	0.0492720425110304	0.0991797322685198	0.0044905398611069	-0.0209482308581404	0.0453783488386927	0.00190820111252397	0.00163368123787442	0.0327581566054512	0.022636821251054	0.0414126233009709	-0.026323131011404	-0.0279645003612148	0.0233681354801074	0.0173817492247688	-0.00171277832270799
"A0A060HNE3"	0.0235476252913434	-0.0147841664484967	-0.00205207654295939	0.00466255424811358	-0.0568616963875761	0.00446980693510567	-0.0651690288478552	-0.0286023395672911	0.03252924975266	0.00319121558740224	0.0271209370406711	0.00777260570851827	-0.0529053403782279	0.00941109416727496	0.0256867160996674	0.00786262834496334	0.00401982650535737	0.0116004643210884	-0.0511907156175056	-0.00908246965381456	-0.0300767132664974	-0.0162246692835362	0.00645546412777679	0.0870408571689568	0.0256287855184169	0.0086562984102724	-0.0241908473617266	0.0207138210820326	-0.0243121038283238	-0.0134233348648716	0.0258556056791792	0.0573570686189208	-0.00476759010774918	0.0171111411723179	-0.0557284199417906	-0.0251293431791334	0.0227784124921155	-0.0156649226405097	-0.0183871104857654
"A0A060HNE4"	-0.00607777279155316	-0.0399723331677774	0.0508902906450531	0.0197676692773653	0.0322933635783852	-0.0117742690315966	0.00338921002433567	-0.0505556182720895	-0.00528823019256554	-0.024083840508739	-0.0303140232522261	-0.0353676722734262	0.00997026225698312	-0.025598376060574	-0.00897471385097805	0.00208040307487289	-0.0254235738107166	-0.0240768285385653	0.0434859125100038	0.00272242125633706	0.0517745761888256	-0.0184296502219586	-0.0454707865951338	-0.0159592359924945	-0.0196336851534235	0.0137849915845314	0.0117478366979049	0.0277096503798722	0.0463581942244014	-0.0459404020335583	-0.0359999048438241	-0.020134809867926	-0.0780904711828169	-0.0238577874154019	-0.0220338352767029	0.00789447797887124	-0.00642342058660311	0.0199074616149886	-0.0287026488247282
"A0A060HNE8"	0.0340653542340476	-0.0520968472329526	0.0203228032139767	0.00837861526328755	-0.0176984431586404	0.00117516474747364	0.0215180834009954	-0.00604613235589791	0.0103319767633553	-0.0161936084732529	-0.0214463361363253	-0.00427624770870994	0.00258937227982878	0.0269387754275829	-0.029298980087738	-0.0243105322496541	-0.000578584812149237	0.0193788545035748	0.00547643074972232	-0.0138236021998648	-0.00538117827502182	-0.00515048971159928	-0.00190869765218548	0.00835284434396009	0.0255016411918068	0.00193187146209888	-0.0243913362594208	-0.0107335019177208	-0.013719743370121	0.0132859269986692	0.00874409866450647	0.0213460685944985	-0.0145965349934762	-0.00386001295024232	0.00150996951949004	-0.00533215737192055	-0.00365097713329372	-0.0260457608818366	-0.000721108963379749
"A0A060HNF5"	-0.0234917834763965	-0.0202450625849155	-0.0117937066444224	-0.0407665995798494	0.0426299429205622	0.0214158678485064	0.0275806768032496	0.0565820202887752	-0.00552698585898384	0.00113488907615854	-0.054566131110944	-0.0185548298170351	0.0012564423618773	0.00131652782991158	-0.0259740252582236	0.00906603803621628	-0.0249283952271527	0.00872657037916981	-0.00126388771626489	-0.0222206241220897	-0.00246963473789671	0.0239044603866885	0.0320654470319047	0.00126033152291401	-0.0650763137391601	0.0352334855830243	-0.0159975292188988	0.00255018048578133	-0.00222259374850872	0.0438769478526455	-0.0261805384375413	-0.00298428818677739	0.0594179859648341	0.045985073419344	0.0100826559719483	-0.0431509211257085	-0.0743835119598334	0.0339955446354433	-0.0503657722952175
"A0A060HNF6"	-0.0483576041066843	-0.0115253443552786	0.020160632938836	-0.00649514195987291	0.00341138052395522	-0.0051552114040732	-0.0103659586708325	-0.0030385266005049	0.00875673817633898	-0.0172242243868758	-0.0173878282065814	0.0224894409487387	-0.00214043646548514	-0.0204210762380845	0.00886579225642983	0.0118626715849378	-0.0115487591161485	0.0399867090075201	0.00281127310678226	-0.00695324835387374	-0.00448277586991084	0.00283690769267769	0.0184417290526657	-0.0027827255854713	-0.00195539368582749	0.0354972858631003	-0.00717426891825986	-0.00927723886772369	-0.00796268092208907	0.00989311556412533	-0.00692643677537488	-0.0032850921378465	-0.00877649607001442	-0.00435316212911686	-0.0198351377493757	-0.0210358990444478	-0.00500807436958892	0.0117910958280039	0.00688996523538255
"A0A060HNF8"	-0.0396806225013477	-0.0167097646310667	-0.00805095314585943	-0.0114412767960285	0.0327778485970133	-0.0358615140801218	-0.0255013461296719	-0.0217692819718448	0.00797774807155328	-0.0259489004031853	0.00458717799066481	0.038368819420674	-0.00240495363703983	0.000561145402087291	0.0212885033124139	0.0026540675658705	0.0154655193369431	0.0576498650065177	0.0205877166110164	0.0468655618965494	-0.00888493961780813	0.00732338501642768	0.00115631997900238	0.00177042362784243	-0.0502683097690513	0.00211893472771509	0.0220472815620242	0.0178150473307738	0.00265470805317256	-0.0146659366740773	-0.0247985641535632	0.0240548237006507	0.00301349774544918	0.0249353073823528	-0.00514628542826101	0.0160386644213839	-0.0164472189244663	0.0149494026813662	-0.00932269369628331
"A0A060HNG1"	-0.0152194765286366	-0.00763519762026	-0.00888343769441187	-0.0227701406080944	-0.0360897150548909	0.0541551165403722	0.0136570120362026	-0.00195339209519209	-0.0274585389246131	-0.0469557610083173	-0.0069689116522691	0.00443096441307176	0.00736994900687063	0.0358497360424776	0.0366927278828002	-0.0318306997124506	0.0492942200592466	0.0501469309551647	-0.0155152031324379	-0.0755261262851666	-0.0833095647782733	0.022915387259473	0.0119499519958566	0.00104368977191636	-0.0237875218144045	-0.0228927222655613	0.0188482223029265	-0.0109684412773256	0.0521753325464253	0.0136774222747194	-0.0174469875216153	0.00690942801606945	-0.0256524249870623	0.0632311527151409	-0.085231653121408	0.0190036419199625	0.104362429245007	0.0344111223028477	-0.00371091341672829
"A0A060HNG4"	-0.0375126995516016	0.00418686048370348	0.0116704139664185	0.0170232583451035	0.0334047629695136	0.0439669354669321	0.0354497939001125	-0.022881557045937	0.0204017577169815	0.0302102001766469	-0.0142443056424247	0.0232262445257399	-0.0294667847559854	0.022806692829703	-0.010529968099235	-0.0160401897112577	0.0225737538897531	-0.00118767999414702	0.0157099271715042	-0.0145395971358193	0.0323359149629196	-0.0155222362694998	-0.0533294511049823	-0.00625035106906006	0.0180770367253918	-0.0449754769095319	0.0416169201160199	-0.00995153429410245	0.0164880937255602	0.000647878587188175	0.00654705462027258	-0.026232104728328	-0.0472753115606146	-0.0147628457043325	0.005387890341219	0.00872614060404962	0.0210892901363264	0.0139494578975637	0.0420202466121427
"A0A060HNG6"	0.0211752622129614	-0.0423283177105025	-0.0268175099450948	0.0302581824665961	0.00608327645035188	0.0431592742282734	-0.00526734791095535	0.0127377470238228	-0.024026707210113	0.0238456742164832	0.0165343714675073	-0.0034082159871316	-0.0110239489370753	0.0154465582089364	0.018560032158184	0.0529286496310728	-0.0298130045824464	-0.0338403806582575	-0.0221474553713878	0.05553960855453	-0.0285755208759499	-0.049151317257549	-0.0250466181866506	0.012346228803569	-0.0322287635236156	-0.0324687152719407	0.0331406859386144	-0.0116294681411903	0.0252741309424239	0.00157991105582825	0.0250149844896	-0.0347412613610818	0.0525527700210068	-0.00551565270196987	-0.0428464993082875	-0.0470808135614573	0.00711529796389019	0.0197324348075987	0.0202329498482432
"A0A060HNG8"	0.0307533621692075	-0.00994769999475394	0.0402167265268063	0.00460982458228113	0.0206261612391356	0.00365118240302248	-0.0024590671388022	-0.0100796633432517	-0.0388834169548008	0.0776130156235496	0.0333172869652316	-0.0351129375563459	0.0224743935755634	-0.00708048934751777	0.0312121870099763	0.0533560906276274	-0.0069138282291265	0.051293111844818	0.0363644760246585	-0.032538549799346	-0.0334343693699828	-0.0259119562671654	-0.012581084039351	0.00200624901663403	-0.0407064445851045	0.0240367105294806	0.00129942324976137	-0.0104838220532133	-0.01080480932934	-0.0100984661201932	0.0130117547030554	-0.0193372736620724	-0.0105401926096969	0.00322134319491215	0.00184734761005493	-0.00882701590939733	-0.0106528181225212	0.013610238330918	0.00691959703402148
"A0A060HNG9"	0.00396827483644352	0.0571062182540892	0.0261433945723098	-0.000623615527040852	0.031332915722595	-0.0324756907096921	0.0326618867858143	0.0457827549927482	0.00455582847251898	0.00849929268482255	0.0317546482037872	-0.039322735596608	0.0108140173019405	-0.0175138276369499	0.00663335785652867	0.0223938169416918	-0.0161372881618198	-0.00331206876022621	-0.0406545780776844	0.0533674679165337	0.00648253939368079	0.0139201733719108	0.00978569723225099	0.00277554133444652	-0.0206122332510619	0.0292520220565179	-0.00623448103170403	0.0197513413122532	0.00919572840831088	-0.00757379856919862	-0.0133451945132752	-0.0718018711803984	0.0254545960170157	0.023728331262801	0.0177738724745915	-0.00880373379008628	0.0127395663516673	-0.0124736500787345	0.00337276645012776
"A0A060HNH2;A0A060HG00"	0.022556078515914	0.00307049141411503	0.0254554525652912	0.0117452581929789	0.0265768718246852	0.0384104923886131	-0.0429067417131316	0.0161943997505885	0.095967265426274	-0.0184900626720743	-0.032265817525298	-0.0224197330502702	0.0640441145203438	-0.0694442553698783	0.0342844684005575	0.00431625123796539	-0.000368833561773449	0.00934364991299223	0.000219814068445337	-0.0413669863548546	0.01997410580087	0.0065316146468347	-0.00642641253608068	0.00242186843863196	-0.0254196962740008	0.00420914102638353	7.46072457417068e-05	0.0022770615878261	-0.00728468662921476	0.0135450113901037	-0.0196114601103766	0.0203754148506428	0.0188653885757434	-0.00577475022960457	-0.0113265917436024	-0.0201367436199172	-0.0149790330312331	0.000624106077850003	-0.00636782618781383
"A0A060HNH4"	-0.00153493477118793	0.0537184174376183	0.0230753850522002	-0.0210621209134335	0.034136956107325	0.0218812657181938	-0.00166309747927008	0.0389048406314708	0.0304369077050256	-0.0154479705227922	-0.0388606553399589	0.012392323010306	0.0447645745757088	-0.0227645240515177	-0.00810286955810618	-0.00405781133499577	-0.0231347810393812	-0.0270935558499687	-0.0318627294926499	0.0360777366152436	0.0169143090293723	0.00921320686758412	0.00881148258304396	0.0208738973030117	-0.0350573625844569	-0.00370422287780735	0.0689098096906099	-0.0357550586821448	0.0270098809264593	0.029638496983323	0.0273472687027109	-0.0490260770983757	0.0183617829540319	0.0501252856132254	-0.00282780066422446	-0.020686050481445	0.0327372354729831	0.0232503089259536	-0.0108279488727448
"A0A060HNI0"	-0.03404902447356	0.0133688209719438	-0.0306528625738318	-0.0275434708600996	0.00752489043406778	-0.0196085939321961	-0.0106140637663719	0.0157744682289692	-0.0142502581859213	-0.0125985621039455	-0.0283522187364487	-0.00315445915266908	-0.0313989860529396	-0.00199280528550841	0.0235771477875886	-0.00998664818926667	0.0360529520583837	-0.00573173665439166	-0.0365176604886367	-0.0296166473863705	-0.0277383316997715	-0.00676164748371346	-0.0548695644669111	0.00355818392303403	0.0105948608660356	-0.02056040020339	-0.0307273691639798	0.0238131278663557	-0.0228823527482523	-0.0711556033401881	0.0495695678654664	-0.0662930502848561	-0.013642212610457	0.0506264614967089	-0.0297701678229259	-0.0424752976536088	0.0650057849001977	0.0372574415062561	0.0356234649347172
"A0A060HNI3"	0.0190822086609147	0.0171523692510992	0.0443158407089377	-0.0506212819763937	-0.0650026045734248	-0.00308692035458957	-0.00791743624223063	-0.0181829089299544	0.000613824832531176	0.0141497915169908	0.0514002515335972	-0.00814097334234144	0.0129669018227326	-2.8378732832124e-05	0.0145424700551201	-0.0179735186917667	0.00620353966228704	0.00333370181852529	-0.00712085036967498	-0.0187458239436734	0.00475664151100545	-0.0332537319753601	-0.0298009949781325	0.00504319153639058	0.0180072703396384	0.00538820797672985	-0.00137147635117924	-0.00791491015094435	-0.0188791214916671	0.0187392079597347	-0.00914240189011822	-0.0261245830069969	-0.0115739150194377	-0.0505513609847923	0.0087257142348794	0.0266224085419146	0.0168456555765703	-0.018037774475961	0.0115105689431741
"A0A060HNI8"	0.0155933877956076	0.0679052052593605	-0.00319670728626819	-0.0114603074401013	-0.00513851362078156	0.0242249814761114	-0.0253489045154441	-0.0205377043746057	0.0154927080872302	-0.0119853546589403	-0.0291669195138125	0.0107207628031606	-0.00670964095574266	-0.0329004657597342	0.0101535395925734	0.0211734786509215	-0.0084281495130992	0.0119168923840409	-0.0190815865044126	-0.0095346555465253	0.0128038021925223	0.0140602026896842	-0.00249412327520881	0.0116945330649416	0.00753160461816066	0.0361179300371462	-0.00983253346279716	0.0411983720016095	0.00929097958887553	-0.0509462544309378	0.0155263321710799	-0.017475411404356	-0.00186658325497967	-0.00495852988326068	0.00459452277838696	-0.0192820255528261	0.0154983687888552	-0.0267865836250687	-0.0298706708994652
"A0A060HNJ5"	0.021648538188902	-0.0317809466665051	0.0043307016420842	-0.0433845049469457	0.0084214520614852	-0.015025888403488	0.00554829191476789	-0.035360898131	0.00105219148848236	0.0351091251082489	-0.0229416152132827	0.0609416425735556	-0.0500540513003548	-0.03255283993295	0.0562761291750882	-0.0325078688907903	0.00390179493208698	-0.0132152109396508	-0.0118830084884643	0.00118246950421288	-0.00926353499494696	-0.0396853057188551	-0.0135755690716033	-0.0118218491611233	0.0156978750227156	0.0567082304803055	-0.0450139559844615	0.0210167292834895	0.0271564602327149	0.0703260763914446	-0.00835340459307524	-0.00129903255257703	-0.0136577554960005	-0.0100105864174325	-0.0600170925897681	-0.00845523230743559	0.0349741771541167	0.0462975189376807	0.00673910696574526
"A0A060HNJ9"	0.022374087210603	0.0339275638095752	0.0152587135982872	0.00959359399143137	0.00154961043548626	-0.0407207895231159	0.00388078254916082	0.0238634566152108	0.0295677048397583	0.0294341113359916	-0.00585741687298704	-0.0350333368672948	-0.017210654522782	0.0128459530476911	-0.0205641443943184	0.00817976271079679	-0.000268215070880887	0.0643818385003454	0.00410524101757244	-0.11051946376473	0.0878796469775472	0.0172438647833719	0.0483769405621941	0.0092226084832158	-0.00938984456911628	0.00785408586632282	0.0182362169657174	0.0104172553462482	-0.0113103070960586	-0.035730777640843	-0.0159983579929999	0.0518909323457122	-0.0472669209656182	-0.0208366583428322	0.0130996004533227	0.0185909948160553	0.00116473392157041	-0.0231737149470706	-0.000680631149849446
"A0A060HNK9"	0.0273416532528453	-0.025978827839539	0.0219300787521842	0.0198445874990204	0.0252659517985919	0.00771867706606687	-0.0215471700365268	-0.0472293043728221	-0.0365969066048474	-0.0219846691729521	0.023497292058753	0.0230002883508723	-0.0201177669817061	-0.0376525058308185	0.029640493793519	-0.00315045846760234	-0.0331699026708214	0.0346559931652635	-0.00287479265138702	-0.053910958525405	-0.0441508874714561	0.0534010380613782	0.0500299079200276	0.030533601824941	-0.0366591640316295	0.00765044513465425	-0.00415016532119651	0.0135677150708886	-0.0338917540899287	0.0313319315718898	0.0164474539058208	-0.0487773903663572	-0.047084903839129	-0.000304961214850751	-0.0167835184132445	-0.0457240918039485	-0.000211742610917327	0.0568966079718033	0.0175855259960319
"A0A060HNL0"	0.0289831018931809	0.0449515249181343	-0.0137285788324319	0.0311521371456044	-0.00628494833225061	-0.0168310044593652	0.0112911147210193	-0.0026349609912288	-0.0274719541726792	-0.00123177974733576	-0.00316626701612279	-0.0639059489722354	-0.00336305542242462	-0.0176208067437756	-0.0126850814870592	0.00768693771262671	0.00301111130842767	0.0130733765986063	-0.0105334207581493	-0.0205218792642991	-0.00650768216877847	-0.0149251607529628	-0.0128163543660201	0.0114215746201553	0.0391169620328591	0.0565451822382993	0.0420046175587516	0.0441707393915756	-0.0365721268172869	0.0324783166783465	0.0179568523796463	-0.00286401753339875	0.0132570393322825	-0.0510424323641915	-0.0355751815874069	-0.0157958838370714	-0.00788352986616653	-0.0137513715612653	0.0251208159683994
"A0A060HNL5"	-0.0109767586568922	0.0271747074958726	0.0266016025164518	0.0233772076933606	-0.0348736551937757	-0.0287024000244341	0.0209192963452486	0.0154279324091319	0.025745789796352	0.052587048131067	-0.0553748871235926	0.0308172696597311	-0.0034382703230283	-0.00684974975499474	-0.029330585696723	-0.0374981335959393	-0.0521370445269091	-0.0160307114403901	0.0316378690936547	0.0214542126159749	-0.0401301780740908	-0.00749424003445453	-0.0406834298854068	0.0416993179611174	-0.0177630141017313	0.0517651477123645	0.0769245076120953	0.0429390675817209	-0.0272693155485773	-0.0497750702387064	-0.0168334850601579	0.0731595249679204	-0.0448739709045922	-0.0265589097937861	0.000892090098156153	-0.00840399865885315	0.0620157084937395	-0.00356126058269527	0.00432816121145507
"A0A060HNL8"	0.0213701238988196	0.010019029070614	-0.000506909521038903	0.0327285005756809	0.0250937059449981	-0.0257800902358615	-0.00693564270794048	-0.0257650452417115	0.0363381428457204	-0.0272730168918769	0.01607574115249	0.0341981163944145	-0.0145958712006361	0.0203083066338354	0.0303997820673414	-0.090174327581591	0.00844877425039112	0.0325876836678785	0.0532923661212037	-0.00850575033451276	-0.0185397185869466	0.0608963945380237	-0.0177838852274414	0.00612864943530638	0.0150450477920819	0.0474932856935551	0.0332185152921316	-0.0548123035931957	-0.0310586906472812	-0.0639634872411216	0.0780468556778337	0.0377773087877168	-0.0259700330985778	-0.0672890469334017	0.00885245474882398	-0.013505192016414	-0.0738293771274072	-0.0255879497553349	0.00330124798459863
"A0A060HNM3"	0.0349602769177989	-0.0461001244970933	0.000750129144094718	0.0385941949957724	-0.0135795219634141	0.00819031707999521	0.00149335309955156	-0.00182908100034758	0.00220806420644667	-0.000468957395737156	0.010759045562131	-0.00501091415478883	-0.0279172635396721	0.0065400450359169	-0.00303905634763307	0.00546287556860319	-0.00461693108221291	0.0320998599045229	0.00181677868916942	0.0208402664094932	0.0182759546849679	0.0112819013076854	-0.014413818589259	-0.0459841787014236	-0.00261861617934972	-0.0112454931318337	-0.00790928452465408	0.0309061608323866	-0.0328347838910565	0.00870903751129366	-0.00163234940409116	0.0231732897542898	0.0219045166408833	0.0215603961847911	-0.00624746379536343	-0.0082911054649279	0.0155648897383198	-0.0171926820244157	-0.0432274283833698
"A0A060HNM8"	-0.0334617747743096	-0.0258800743375126	0.00762071410281936	0.0311953392832327	0.0533086298919155	-0.0186955397506056	0.00518758920543375	-0.0175598785633043	0.00567499849822207	-0.0418256515166656	-0.00696773628532453	-0.0210077020329178	-0.0335018142867707	-0.000164619679253182	0.0295424422368273	0.00459313096353068	-0.0424341559207629	0.0294886315464692	-0.0049020391471928	0.00654853889194139	-0.033845622653014	-0.00430208290710703	-0.00678491566555894	-0.00258309153995734	-0.0259280583916399	0.0138538451900364	-0.0138110388060784	-0.0116647255908205	0.0164293192319911	-0.0113168391345425	0.0348016198321754	-0.00024840161338663	4.48152385916103e-05	0.000153656994232769	-0.0311934227409725	0.0273878494306324	-0.0171327385915958	-0.0356569464318499	-0.00568745580612636
"A0A060HNN3"	-0.0209778031849236	-0.00740269021989697	0.0201094734827006	-0.000745808546110188	0.0273587756558444	-0.0413028363735806	0.0219660203784967	-0.0156670596445072	0.0422193467948173	0.0117519977314099	-0.0628374085271551	-0.0155522903640835	-0.0520843715290077	-0.00475001088681425	-0.0541836511104879	-0.0295523089489848	-0.061041873513113	-0.0021716079393427	0.0468601984470327	-0.00321283946868467	-0.0273730410402368	0.00263371624720155	-0.046719479441846	0.00788017524974466	-0.0572480960814791	0.0132093912145898	0.0172446037859926	-0.0146844962964584	0.0108343475273652	-0.0923907649849852	-0.0469759167493196	-0.00161293621415474	-0.0862580404818408	0.0181777205395576	-0.0324778980133473	-0.021787356740206	-0.0293368986380113	-0.0408688405725104	0.00921615443765318
"A0A060HNQ2"	-0.0288681858904477	0.0457729036993582	0.0188722381447664	-0.0229156571051791	0.0443777203904248	0.0212314157373722	-0.0236846383572757	0.0212482881715092	0.0107726926765213	0.0206411505128297	0.00124865683894581	-0.0169252170572533	0.0334045920248545	-0.00114619590715273	0.0235534870647704	-0.000713732818506988	-0.00360157967273932	0.0503075334221497	-0.00904860175619473	0.000361788136955554	0.0214719900764524	-0.0118383505973022	0.0185654060453725	0.00310018653890381	-0.00771567983493794	-0.00542535861329977	0.00165723777337873	-0.00886911201399361	-0.0274737568260103	0.0010314276897654	-0.0289530876932388	0.0325937707912017	0.00629412402225627	-0.00883022242773116	0.00710110499566161	-0.0068350950881321	-0.0115476616790613	0.0117613224723382	-0.00417654482629222
"A0A060HNQ5"	0.0286637069014456	0.0160585295963119	-0.000222184753816144	0.0279940654018047	-0.039889954805634	-0.00329482790465012	-0.0138089631598361	0.027056188621212	-0.0255224364586506	0.0402815330629208	-0.0151490137594477	0.054781981059819	0.027930325661275	-0.0286570942845086	0.0451179988244857	0.0112266594825268	0.0748962695601855	0.00738979398432611	-0.041290770968275	0.0196955863236691	0.00190298998075731	-0.0208008190932149	0.00176652547775137	-0.0113135590482542	0.0693986189971785	-0.0084696451530679	-0.00301379601351502	0.0345559914812895	-0.0386735172800228	0.0314778213109189	0.00831643673871808	-0.0340578827673251	0.0225065700556135	0.00170262535715382	-0.0152756102248991	-0.0672674141189749	-0.0101390189117918	0.00286752344992567	0.00274180479711724
"A0A060HNQ6"	0.0299219246623384	0.00947726612130873	0.0417303202544324	-0.0310186974747683	0.0011251339264971	-0.0135946353920809	0.0221766339057709	0.000219790459765959	-0.0412860813672616	-0.0225438402965704	-0.0191894067359544	0.00981472796017628	-0.0596886382872778	0.0462922709082787	-0.0316523235424432	0.0193512172006466	0.0533677289393775	-0.0137525559586518	-0.0219953641664133	0.015994460389487	-0.0102558688086302	-0.0434109255475799	0.0105403225976718	0.0264677408781656	0.0105060947548498	0.0139000819174419	0.0485488145790626	-0.0190392541572392	0.00400186761894097	0.00313247843035922	0.0170859656857302	-0.0499691314807871	0.00123908934897274	-0.0455265121177488	0.0387934567654524	0.00519240450253213	0.0143944005458272	0.0454006488248045	0.00101706722062381
"A0A060HNQ7"	0.022609292575042	0.00319548016995884	0.0257193816865501	0.0117955003588887	0.0263253381757799	0.0378567694615653	-0.0435259061209197	0.0171231673682428	0.096545869424188	-0.0205528648442256	-0.032730312095939	-0.020218576217138	0.0629003197441878	-0.0688898611860714	0.0333890157786286	0.00241195653776249	-0.000957914523030072	0.0100496347570869	-0.00023974122863631	-0.0429440540839406	0.0227905672260227	0.0063640568449761	-0.00554206338636852	0.00242479817922964	-0.0219442179833692	0.00458987464757029	0.00146095936675462	0.000847561146351064	-0.00439446411103957	0.0121117770650333	-0.0181058835601358	0.0188017356027737	0.0191369990471271	-0.00606503670231647	-0.0103777229669165	-0.0189193107144609	-0.0147521720825213	0.000546068932333103	-0.0114315712952534
"A0A060HNQ9"	0.0058650709083438	-0.0183856170490499	-0.0394389617020207	-0.00940874317089077	-0.0196419227568694	0.0316228496858713	0.0166510072842334	0.0554265954821579	-0.0253707028136879	0.00803469629736958	-0.0368505483574324	-0.0746043302509709	0.0189911168855017	0.0241188459833008	-0.0190646831815519	0.0150352576184899	0.0225925987064791	-0.0763024761242828	0.076049334399314	-0.000992508409306002	-0.0877172033300199	0.0279390327295932	0.00858068280085316	0.0184256046597361	-0.00646558057607519	0.0222744655580297	-0.0394059284926636	0.0485929441889081	0.0251971830289307	-0.0514948228434514	-0.017636915308083	-0.00882523840030688	-0.0414845388464126	-0.0147147342978164	-0.0557412647027036	-0.00655589325963453	-0.000996841131382093	0.00408115376837087	-0.0265345585157424
"A0A060HNR0"	-0.0171955967804417	0.0267970528599323	0.0201585380661195	0.0434120956108078	-0.0101327436410171	-0.0056290986736638	0.0213974420547672	0.00990293051728808	-0.0287898507225665	-0.00585322250653269	-0.0412726000985279	-0.0169257356406609	0.0429455599995385	0.0399423230333399	-0.0335718223293337	-0.0550172180356589	0.0291311419875915	0.0233716537828592	-0.0235307745642851	-0.042032477736929	-0.0483491875408702	-0.0154694060176499	0.0275696314417724	-0.0681907070784104	-0.0420959186754473	0.00308123239810746	0.0195035218882489	-0.0280379826476823	-0.044716336758752	0.0117527688075406	0.0124460514884285	-0.0112545378258007	0.0509319991158216	-0.030071348979488	0.0904712070809328	-0.0647097312100916	-0.0484560650408041	-0.0487853706174667	0.0114301838475952
"A0A060HNR3"	-0.0453948090385958	0.0253940182522639	0.0101979067958952	-0.0260650079407045	-0.00483129288284161	-0.0133592375623288	0.00513770874406427	-0.0204127603448498	0.0120068815511411	0.00204374946419203	-0.0233247743420729	0.0238638795287128	0.000738254756112818	-0.00502791988150476	-0.0205020258487028	-0.000517062754096952	0.00940052255149514	0.00247329881494923	0.0069151693131196	0.0148167624913784	-0.0260836717934963	0.0086638474221492	-0.00786734239618519	0.00681365915273695	-0.00600685174732868	-0.0220886050961113	-0.0214119854400917	-0.0129169880268905	0.0142968604986936	0.00616811500586314	0.0186450416688938	0.00178235056846619	0.0115355954740602	-0.000228009255611427	-0.0202911536960583	0.0103421653521411	0.0196693216505402	-0.00869321361882688	-0.0298526166290628
"A0A060HNR5"	0.0214725924873139	0.0219163659990455	0.0525990248748262	0.0176545258963072	0.012425689383916	-0.0026321158934982	0.025381553933409	0.00423842160832839	-0.0266589866630051	0.022829175351132	-0.0245252720904315	0.0271526032250834	-0.0271305246564017	-0.0397428705341226	0.0650166465794848	-0.0485547761615517	0.0513540690722101	-0.0250582362836076	0.0330464829623193	-0.00164861262022405	-0.00575367147977463	-0.0357460465289672	-0.00439715875018573	0.0127672627049974	-0.00318875084490391	-0.00192704181831769	0.0052514096084717	0.00183099208638858	0.0396598950122339	-0.0395248473200872	-0.0340679055949553	0.0108064812465513	0.00339239578998976	-0.00888450276159563	0.0192246594418521	0.0427397809284973	-0.0436956712118454	-0.101388801295475	0.00275832023069374
"A0A060HNR9"	0.0204720082619088	0.0248802508876451	0.0356704003286092	0.00611134372222091	0.0124936341829725	-0.0648630506043008	0.0122999177152911	-0.00571009621790779	0.0251368118530657	0.0107208953042837	0.0107553852747459	-0.0248534536398592	-0.0520781370695479	-0.0075127029638535	-0.0147751594386582	0.0342937474371795	-0.0200842088309368	0.0409123761507782	0.00980689625147847	0.0473441778984313	-0.02389395022165	-0.060790079936175	0.0602921299040037	-0.0317645442198441	-0.00120414543670133	-0.0463477108793805	0.0159925005520014	-0.0684085019122366	-0.0391265310000232	0.0242446771728713	0.000339476880565701	-0.0193203794733678	-0.0105365157215024	-0.0130685324658039	-0.0669968193646234	-0.0290197338642854	0.0178089683443234	0.00723151357221787	0.00226084726805351
"A0A060HNS0"	0.0301137505108832	0.0192854511025101	0.0179566714180348	0.0325370681019156	-0.00827656084311291	-0.0376108704149853	0.017499806105368	-0.00905277526928836	0.0593435879798775	-0.0245848300366229	-0.014503403569375	-0.00272053074205353	-0.0139500802500851	-0.0349333529194737	0.011692578171862	0.00554238622329623	0.00907953852753196	0.0307478890300797	0.0193600465147243	0.07894900348486	-0.0234154269216005	-0.0314974587296479	0.0363450013732999	-0.048791749549023	0.0126649641572482	-0.017319668009242	0.00484100556043418	0.0158833931006366	-0.0636479729037495	0.0366308500726813	0.00420133775477415	-0.0482102822327377	-0.00771878855696873	0.0369147500865159	-0.00233175319183198	0.00231788420968691	0.016939229596032	0.0440861808798751	0.00667896699976081
"A0A060HNS6"	0.0442110658452083	-0.00681146742080699	0.0376833927609782	0.00412333615509367	0.0271317817323014	-0.00676910913442154	-0.0312610810750979	0.00304656603124659	-0.0105703464499002	0.0083196180772375	0.00653262562446971	0.00968017701591179	0.00386317321699552	0.0102241581179192	0.00182416287792293	0.0015926943039073	0.0294220531611151	0.000138321314133551	0.000608819806654433	-0.0085893890093346	0.0373280531212975	-0.00572023955413338	-0.00184189993742348	0.00104444305263714	0.00125530302546652	-0.0278608747865871	-0.00298726434266206	0.0175568620341965	-0.00791883691166458	-0.00178551065482427	-0.0221046968919129	0.0114163741085533	0.0090642305032079	-0.0245665634485647	0.00488020987601186	-0.0234020035063956	-0.0090356788668001	0.0226106142116376	0.00379893827331765
"A0A060HNS7;A0A060HLS1;A0A060HQE0"	-0.0291201234802688	-0.0207185483405084	-0.0503583987061873	0.0379075161455769	0.0260571219640453	-0.00524537829897886	0.0067879496098987	-0.00626818293260941	0.00869472764590802	0.0466276405575367	0.0235026505227633	0.0160154857403342	0.018602889106105	-0.0231794978667224	0.0228879485176739	0.0206045359920577	-0.0493850648580589	-0.00531156418181876	0.000709252856964377	0.0022209694813926	0.00949411610300041	-0.0243296381910562	-0.00280963876575783	0.014152041529913	-0.0272991486293185	0.0301836030915344	0.0190317785566724	-0.035407537334853	-0.00678913109210692	-0.0113288059750678	0.00679600508826149	-0.0219602498996524	0.0510150757401216	0.0246999642533099	0.027011827035585	0.0159391580979584	-0.0223525318567199	0.00787980287940063	-0.00927376968622131
"A0A060HNS8"	-0.0225741424512937	0.0308221386149972	0.00675730989051321	0.0617535291279447	0.00231209450202126	-0.0367728521517771	-0.0108911618984672	-0.0039249113186573	-0.0358563423619497	0.0201936446365863	0.0057966048734994	0.0248326236158076	0.0632861818150115	-0.0163880956031017	-0.0180834351161348	-0.00605507865301313	0.0342047002744387	-0.0187558882866813	-0.0187467911636358	0.0177339651923339	0.0439295416201168	-0.00445774428293085	0.00378706930127332	0.0287402111983521	-0.0311222962135804	-0.00859276274895926	-0.0321240681204725	0.00230894764344298	0.0161214854369251	-0.0275094331496311	-0.00735436266438548	0.00192472036424575	-0.0428328914309857	-0.0419829240982239	0.0231164055886674	-0.00470367998611649	0.0270724192542668	-0.0401807908557636	-0.00035722141254948
"A0A060HNT0"	-0.00516918220697713	0.0119807556746934	0.0261998802948893	-0.0256393304728819	0.017606153782812	-0.0212763583680342	0.015046213229516	0.0191345920881753	0.0251540664476603	0.0276563445097158	-0.0396345724009653	-0.00641152327350772	-0.0117421314521746	0.0506453839627586	0.100655008106673	-0.0324824753673848	0.0589572214229671	-0.00653033146481221	0.0295265924935636	-0.032428788606318	0.0646549703855473	-0.0322470330069686	0.0655736162775337	0.0300497323224449	0.108024665303896	-0.0192598260987014	0.01065779018129	-0.0133528830200719	-0.063219773300509	-0.0462553536012912	-0.0231809534075049	-0.00564376606444745	0.0426523805053911	-0.00113222884259882	0.0373209172164349	0.0421651291870205	-0.018216798156219	0.0197065311937504	-0.011223233366758
"A0A060HNT1"	0.0392035357130786	0.000718408179828296	-0.0281798927816305	-0.0161164612572299	0.0202596319019629	0.0138828154713977	-0.015067900768059	0.0472408636822896	-0.0339207027989339	-0.0262095472257638	-0.00404527642769332	-0.00430172200342978	0.0108863311088571	0.00582712987514934	0.000106067268396032	0.00348984144068298	-0.0145119014248431	0.0404619320307544	-0.00985751884178284	0.000485013972979384	-0.054796031253432	-0.0188363867522249	-0.0473910683708147	0.0280134678177264	0.018906352324695	-0.0176533402429614	-0.0383538280055741	0.0106712450588337	0.00862580690037945	-0.00564648118215166	-0.0295364909057172	0.00531458656485822	-0.0333502919139592	0.0327086990618281	0.0260214191830554	0.0412203670989515	0.0264228335550427	0.0218770472365554	-0.00273788555708689
"A0A060HNT5"	0.00163760815502543	-0.0159556260585574	-0.0241366579960944	-0.0179308193692057	0.0538378861669439	0.00659373306390829	-0.0324103900654237	-0.0899345223112442	0.0253202496985423	-0.0350269348111599	-0.0257211615348027	-0.0219411295898297	0.0577851711241255	0.026496435396217	0.0525142151081843	-0.021421351363016	-0.015891935183563	0.0311024989065114	-0.0341369580551099	-0.0239714127882135	0.000808851779178121	0.0189572232555422	-0.043537060127917	0.013142950537889	-0.0574279160342521	0.00971307405746147	-0.0197176425925378	-0.0327181349507082	0.0243773240695001	0.0413159044101338	-0.00583048777367122	-0.0133979656025264	-0.0171396546014975	-0.00877485179863607	0.0223278240453324	-0.0297706242175326	0.0320608076565654	-0.00917924737622205	0.027795870490993
"A0A060HNT6"	0.0298566492607163	-0.00875266945295776	-0.0555442433927406	0.0458210741989117	0.030307877138885	0.00613952992549286	0.0194323663026579	0.0149409023078338	0.00342837576745175	0.00501347543549373	-0.028690772638142	0.0089991174020907	-0.00993437154975797	0.0323226934691402	0.0140571546234149	0.0221373337911163	0.0324151956655821	0.0151883157865536	-0.00958598308341415	0.0201769230092022	-0.00803092722971803	0.00378512945562368	0.0185129579371891	0.00621976701820538	0.0379851002954357	0.0241193179166224	-0.00516239155366574	-0.0227234834037176	0.00288450062750445	-0.0229170561537277	-0.0025095265949685	0.00625603496499152	-0.00453654462178796	-0.0182901114287852	-0.0206491783310508	0.00566941936458287	0.0104138315184831	-0.0462517888352061	0.00559221302702608
"A0A060HNT9"	0.0210263766383968	0.0451301624357009	0.0315703423223107	-0.0363731693818089	0.0347394702782539	-0.00286157505529013	-0.0240098649276843	0.0101470897952117	-0.00456332609997627	-0.0188983112692702	0.00078147008288494	-0.0134982087330635	0.000290089249106093	0.0357829003018993	0.0131269456437492	-0.00724604193157802	-0.00465238225318708	-0.00760118522646612	0.00301819442155122	0.0272003931791821	0.035042863554776	0.00881245679636439	-0.00692565276242418	-0.011508963757097	-0.021329634300783	0.0119368588304726	0.0236796005377773	-0.0314856074414393	-0.0487625026334463	-0.0793312690315122	-0.0382517288991104	-0.00632276858353113	-0.0357094598689807	0.0415849136045366	-0.0145189942596468	-0.0503314110570578	-0.0199982053260627	-0.0106218012292526	0.0053976432116759
"A0A060HNU4"	0.0102331710114903	0.0353723687132549	-0.0078699693375934	0.0212857505749805	0.00623086075188077	0.0292397966312537	-0.0746421215912371	-0.0390868383812412	-0.0527231620892384	0.00638194527792023	-0.0391909979361531	0.0184216140229757	-0.00212707901298706	0.019169517584893	0.044685553155179	-0.0162556131754925	-0.022178697824652	0.0115556780275265	0.0769643806718663	-0.0226824492934013	-0.00961595196276253	-0.0360548108636366	0.0228919764689686	0.0277135227657039	-0.032159219398148	-0.0116960423093474	0.0143416020842181	-0.0338723157422844	-0.0289832929481844	0.00732995241477733	0.0457992746611798	0.0547666969425641	-0.0308807282648632	-0.0272286865462435	-0.0456689694505448	-0.00308419609734944	-0.00981965395327609	-0.0475020835521982	-0.00882196086281943
"A0A060HNU7"	-0.0273829910033034	-0.0100629504136197	0.000689949267683536	-0.0171717588303114	0.0418493043082504	-0.0113180837415169	0.0314024650086354	-0.0102009980177247	-0.0228627506905828	0.066361446526386	0.00587098130091132	-0.0486236008165227	0.0619350009238946	-0.0227915021676139	0.00993666600775277	-0.00681774888778275	-0.00965264079723736	0.044008203345141	-0.0662158973037471	0.0172459862624275	-0.0238581194650216	0.0666713063207457	-0.0519085433965713	0.00841220375715072	0.0417149416733711	-0.0137725482081113	0.0333970183911095	-0.0119245850954982	0.0073608588772842	0.0169593463663937	-0.0176829951053785	0.0192868725239992	-0.00210317381281622	0.0280570437689021	-0.0179778543358399	0.033822942031907	-0.0197426126877202	0.00689980490334268	-0.0117080599159864
"A0A060HNU8"	-0.0234873175029596	-0.00715876224437214	0.0391123003449676	-0.0183960816621597	-0.0669693034640284	-0.0227374268621753	-0.0186532969419905	0.00788927338488428	0.032128517410323	0.00590717651774075	-0.0217744700341516	-0.0111131769327614	0.0595802762881345	0.0652483025109677	-0.00527378049854262	0.00542256970583556	-0.016185227802884	0.020578643594641	0.0209761656243685	0.0262493331723444	0.0235042847398556	-0.00151778704879966	-0.00151549684162037	0.0165445562085766	-0.0264480687105197	0.0265190158738054	-0.0122607317040375	0.0107295618773027	-0.0319411336220661	-0.0155929373368696	0.00303904989751524	0.0015870286610617	0.024252204943791	0.0348823200453267	0.00481907254141694	0.0105856818712592	0.0135942616541889	-0.0509242484419635	-0.0101004708744143
"A0A060HNV2"	-0.0399219179946493	0.0121596095427339	0.0240382418558469	-0.0209350865001173	0.00330538318172049	0.0203567719435793	-0.000946787167391064	-0.0154978672348351	0.000363556980574549	-0.0202371541509834	0.0305204815698373	-0.00283465885786617	0.00699975696511236	0.0430218103816911	0.0119400105616757	-0.00952886546638116	-0.0207184353990997	0.0187577109464279	0.0189242581290087	0.0202084572355321	-0.00460439851473455	-9.41116972740813e-05	0.0704858780482382	0.0397694899729223	-0.0318416193609106	-0.0131722207203691	-0.0252542744884525	0.00791993195394285	0.0572693851019233	0.0111698613906683	-0.0414547258986788	-0.0337360872850938	-0.0197170952886836	-0.030613706597008	0.00400414864247508	-0.0489154549470699	0.0240038345679871	-0.0266058961532202	0.00644476704743268
"A0A060HNV4"	0.0412060012176305	-0.0317484050959876	0.010349876401864	0.0113530487511663	0.0444504199685052	0.00567306121010101	-0.012887491375917	-0.00820700818571887	0.00936983206704851	0.0122493927908461	-0.0175747212161709	-0.0200715446933914	-0.012548731977349	-0.00384827812606314	-0.0135222023215163	0.00649281933203128	-0.0150673423312061	-0.00166916781236653	0.00464652435449196	0.0079414976687918	0.00545478835956087	0.00552927779296528	0.00846083206269932	-0.0061434652076245	0.0351503100708071	0.0152780951843114	0.00450560802274234	-0.0246329479630331	0.014693955377464	0.0124611489832378	-0.00580008054153207	0.0395465515126933	0.00260718451634086	0.0126794715612032	0.013355496335196	0.00850072541417155	-0.0152345689398672	-0.0214094067314419	-0.00948014325702952
"A0A060HNV7"	0.0127072463707111	0.0283877326690379	0.038590690570355	-0.00467835188852081	0.0718895880530504	0.0359517390840616	-0.0345872588113594	-0.0204717712725016	0.0171397604984274	-0.00254689375032458	-0.061503192534628	-0.0173278713093555	-0.00596143806824361	0.0100604362392241	0.0235854576381416	-0.0163799040111354	0.0255958496902481	-0.043397665103002	-0.0160113930531464	0.024558383315332	-0.00613091251307098	-0.0336848890931245	-0.0197015335484181	0.020743593594722	-0.0231724637077235	-0.000681921360588987	-0.0182489449045418	-0.00826668559696502	-0.0246881486719505	0.00496645616686643	0.0196574780097161	0.0185755523291868	0.0294559803737688	0.00422872476575644	-0.0122787456262233	0.0181772457531702	-0.0272286697429726	-0.019701361387578	0.02711904356478
"A0A060HNW2"	0.0152064330264449	0.0156798668383126	-0.0131637659421344	0.0793241853717399	-0.0134730578441033	-0.00292768100650048	0.0170504067389731	0.0159239639805557	-0.0338384400971817	0.0241298834838768	-0.0541580617456019	0.0146033886405233	0.0178816310945038	-0.0198416925014052	0.0812077923546312	-0.0169589144385906	0.0166528221681667	0.0119500286650528	-0.0186846731064599	0.0292860366266248	-0.0108613204573433	0.0257230901643195	0.00216783263714691	-0.015593955005025	0.0326128093865539	-0.0064923271266483	-0.00658510064041233	-0.0222185814053498	0.0103437253615611	0.0195338927121356	0.018192974246676	0.0120395805345347	-0.0169733558199885	0.0182900166584537	0.00154514534246757	-0.00333015420093319	0.00669972075210081	-0.0420356498676998	0.0126483405512495
"A0A060HNW9"	0.0461762121866701	0.0278801857057961	-0.0161146822855284	-0.00107541451315422	0.0175616426960672	0.00195333226592777	0.00421643511208159	-0.00506186007991672	0.0157784325229961	0.00724828757947704	-0.00667529024788425	0.0264491615775053	0.00207219221452634	0.0108274683989978	-0.0189541117525909	-0.00721606556700215	-0.0150129372611186	0.00854606943836077	0.00545703631435292	0.00676451172874906	-0.00710230855862272	-0.0136092705970414	-0.00141009939105182	-0.0100425765935173	-0.0140093263960041	0.0119385352114536	-0.0208403984369112	0.0183238263472685	-0.0211554501164316	-0.00125422942657613	-0.000922349102204299	0.0263988024609428	0.00547718232441725	0.00935423740160923	-0.0153694858320225	-0.0213683910723843	-0.0162474332817529	0.0164336573319703	-0.0119009074894521
"A0A060HNY1"	-0.0182727761629656	-0.0110779426939128	-0.034642844184668	0.00680942680776133	-0.00782632787419193	-0.0372753956526976	-0.0442144968067749	0.0141771820645977	-0.025283883255568	-0.0596824744554313	0.071132582905632	-0.0265133994753033	0.0078671484848511	0.0306003081730612	-0.0160741098326511	-0.00262506224998188	0.0142016416041081	-0.0411141642707112	0.00501850637295865	-0.0760733767784626	0.0186272634499592	0.0400907111591101	0.0155904488871889	-0.00683372586496672	0.006823083480947	-0.00868811788349152	-0.0526983022898699	0.00310566108509443	-0.0840679350682561	0.0197711235449747	-0.0273701214973396	-0.0383150320102475	-0.0233927120511209	-0.00880910170229965	-0.000125094285867116	-0.0147467837173268	-0.0539239087372348	0.0828271359100613	-0.00828432647010218
"A0A060HNY5"	0.0417005365534818	0.0108239517769582	0.000338651424307837	-0.0181865562091043	-0.0203230565729742	-0.00283055578926251	-0.0324725418770827	-0.0381437923551291	0.0275886136533943	0.0457364709069207	0.0266001788021478	-0.0139952435535956	-0.00232803068989351	-0.0138675653762015	0.000891316150672807	-0.00531087804857703	0.0151705391717866	0.000187545066546975	-0.0179409649487446	-0.00458510469888944	-0.00155639297947779	-0.0355632455985651	-0.0108430098120997	0.00561040308764953	-0.00357619891713676	0.0268917265450846	-0.0483068026772479	-0.00769376463993936	0.00723240802089133	0.0238737426328096	-0.0419374709634604	-0.0268455193441213	-0.0124203007455833	-0.0242848638263307	0.0121266300313252	0.0508487162349582	0.0108837268335289	-0.0104885411243764	0.00572928809868942
"A0A060HNY6"	0.0102141699906511	0.00221161449825277	-0.00152913397296114	-0.0306620720397542	0.0185882272855396	-0.0143821356673063	-0.0221527393588797	0.054504091175491	0.0150732896005926	0.098656800806797	-0.0533775016984968	0.0394033727503009	-0.0194358238019516	0.0624896045114541	-0.0144014028561232	-0.0631877725266743	-0.0287871959608451	0.0349174836548119	0.0354384900169216	0.0282586271029318	0.0220775380847987	-0.00475990519933745	0.0256985290639112	0.0174497576819739	-0.00835173388950909	-0.00754509177529368	-0.0426593531628527	0.0239299990025338	0.0325285928632945	-0.0346025461236599	0.050959601894876	-0.0316364412268443	0.0224737012548606	-0.0261176155252263	-0.0144658813918366	-0.0262865775607572	-0.0738952690194138	-0.0158335031113311	0.0204835159977536
"A0A060HNY8"	-0.0213064807047672	0.00336042164162238	-0.0163089465938119	0.0385654553633273	0.0192571061899815	-0.0549317233449216	0.0525555777911881	0.0494142016373693	0.00405194902381691	-0.00147592310111838	0.00501252931730425	0.0141995222138201	-0.0114361108101783	-0.00991808195605894	0.0486912182977378	-0.0354607501472797	-0.00166414650498691	0.0168473159824584	-0.0107991622176828	0.0274472005034538	-0.0189358397984207	0.0907460160092399	0.0141615586863564	-0.0209821629022296	-0.0528498390807286	0.00141020627033135	0.0675563925817968	0.0044306535282466	0.0250464619064493	-0.0114168326326306	0.0121438617937573	0.0483147848244487	-0.0218821079372643	-0.0139303887304029	-0.0296896241793941	-0.0067605232515264	-0.0456482556115451	0.0219276938488119	0.0116091138589597
"A0A060HNY9"	0.0271528842655945	-0.016309398658223	-0.0211213323384627	-0.0367749268877351	-0.00832589816795449	-0.033620927407267	-0.00375908269115275	-0.0287004302602208	-0.0475100890284179	-0.090966042163606	0.012112473819656	-0.00177812480989917	-0.0123521144317297	-0.0101783701551734	0.0205667503780683	0.0187718254395966	-0.0372779530961162	-0.0453816037733479	0.0234622318361791	0.0496085118685024	-0.0349044335857415	-0.025599862732155	-0.0258746232892698	-0.019836254519525	-0.00223886185105614	-0.0222457490775545	-0.0107314522719674	0.0095544314310986	-0.0126816801776139	-0.00444107264705285	0.00929887628982762	0.000830554968445631	0.00628148304756461	9.52268501991566e-06	0.0346674696204037	0.00856627026386391	0.0244399579656088	-0.0285577788835778	0.0287906139351043
"A0A060HNZ2"	0.0116352139423115	-0.0669204894402279	0.00995115710989036	0.0129073514638528	-0.0339701960203891	-0.00788470664636468	0.0155055199885419	0.0223856114935507	0.00572748382715578	-0.0402873333204095	-0.0382445931170456	-0.0127231024231391	0.0370592935668806	-0.00257170902628299	0.0105226235908953	0.00708149211203328	-0.0101042935058342	-0.00874403152297536	-0.00958523208579433	-0.0186074333712197	-0.0171406614327462	-0.0170656809829935	-0.0137228293000307	0.0108997207634545	0.0127484784465941	0.0137051456017838	0.00395096341713186	-0.0268404096361042	-0.0195706098740471	0.0204903198592728	-0.016999396965603	0.00626478891469556	-0.0132806578796115	0.0129195585569405	0.00280693462373563	-0.0104246057232121	-0.0250356691917143	-0.013985404798399	-0.000295687558691708
"A0A060HNZ5"	-0.0385147000256345	-0.0174846591590658	-0.0232676396683499	0.028946208515221	0.0344931808257183	-0.00240046967918485	-0.0123948228303114	-0.0336492051160156	0.0162963922609201	0.0358899068378672	-0.00174665007373045	0.00743684011157357	0.0281136400192865	-0.0112822212593155	0.00991129731577507	0.0249043125801838	-0.0243920729089493	-0.0145703192310542	0.0373226863172975	-0.0106102036579762	0.00288572855844979	-0.021006547337898	0.0135797365701883	0.0327040655186932	-0.00924830235249914	0.00591590106810433	1.72690565627244e-05	0.00313838233156573	0.0121318380742495	0.00117273252273357	-0.0582662563796903	-0.0148675876261374	-0.00374113773605076	-0.00429984662103646	0.0406268959134319	-0.0110807249594461	0.00989829545358076	-0.0366556119339409	0.0071060837468618
"A0A060HNZ6"	0.0480250389868461	-0.0251457010939417	-0.0035908933130688	0.0079185455494778	-0.00718088189567282	0.012788720077276	0.0183837538123172	0.0132622615330491	0.00234722039772305	-0.00969983547467212	-0.0145574047725233	-0.00487062828555229	0.0303448922665475	-0.00961633751953114	0.00189547834775761	-0.00597682839647393	-0.00865834347954229	0.00580479058566034	-0.00998524946805951	0.0094267190100572	0.0107583093572358	0.014964686150101	-0.00932536677116635	-0.00113226501807757	-0.000777620050177049	0.00156173364619049	0.00118812569043381	0.0113528366927942	0.00481045650343559	0.00668747378151481	-0.00974720855552294	-0.00666941821840563	-0.00421024297210953	-0.00316387688299804	-0.00361443947278449	-0.0115012654279856	-0.00464765060967284	0.00517504040978476	0.00710709152669192
"A0A060HNZ9"	-0.026040884437923	0.0189241273748958	0.0187305417097602	0.0164624576178892	0.0154579397159207	-0.0146662941271377	0.0184041891347587	-0.0347799101932817	0.000498973831462823	-0.0565392700698009	-0.0360819810182858	-0.047542758657355	-0.000877244317539876	0.0306272100034249	-0.00208245879810685	-0.0155779770520663	-0.0573435592436714	0.0627367760139789	0.0172656088298713	0.0524934402487203	-0.0338989886916405	-0.0581491143104981	0.0302415897615441	0.011728282663399	-0.0194170960303264	0.0383420372773853	-0.0112536855831129	-0.0549487151450189	-0.0387225862297472	0.0127239873245708	0.0417647443751374	-0.00492814072650186	-0.0149225128308537	-0.0151399933208701	0.0414017942445326	-0.0433637892681556	0.0821293385308403	-0.0173955246383162	0.010922857894439
"A0A060HP02"	-0.0222044114740458	-0.0314463967488698	0.0123964917403967	-0.0388838588219341	0.00505870633818546	0.0289147093326089	-0.0269992553300793	-0.00544475275901686	-0.00546066868861051	0.00507237863670812	0.022295713755625	0.0705931923184583	0.0277178385222216	0.0274528811440305	0.0383208308936596	-0.0144778656287392	0.0426732359833698	0.00160700371941519	-0.000324252587896905	-0.0205998671993681	-0.00611731690304003	-0.0301319657339376	-0.0307289215786872	-0.0273092628081426	0.00446924594177967	0.0118276338409837	0.0658232378132666	0.0678316754993842	-0.00178737174777854	0.0350417959014813	-0.0167814319835586	-0.0156060556208431	0.00250194558651437	-0.0636382891654523	-0.0632898241604479	-0.0111547147901365	0.0319259842921166	-0.0849007471865948	0.00237490553457429
"A0A060HP03"	0.00520186619489778	-0.0160240213296107	0.032619240454404	0.0185478969039237	0.00700720659101824	-0.0656774890990451	0.00257823182182156	-0.0155633176500049	-0.0125351744601493	0.00220996057370249	-0.0666778132920208	0.0631499893782672	-0.0636396303458781	-0.0409955410077709	0.013363131891399	-0.034705242951939	0.0539725394848055	-0.0167347523844382	-0.0164608472712881	-0.0168257065214905	0.0269188708057418	0.0225838830549253	-0.0399955922530153	0.0472372486200874	0.061530388716263	-0.0126426962609801	-0.00962223782295319	0.0724922388502085	-0.00750413877899078	-0.00411792507402615	-0.048154251806881	0.0316092960311935	0.0239388641975247	-0.034013814076788	-0.0355871189172505	0.00712139846846725	-0.0288217780744401	0.0382425107247001	0.0084451247684788
"A0A060HP07"	0.0167968820932694	0.0536337208529112	0.00645841532516571	0.00258833182535678	-0.0323945604972212	-0.0358511847738934	-0.0168449796620927	0.0126566778958352	0.0673156546045593	0.00675776552233353	-0.0101883157332343	0.00537632203756672	0.027288784980079	-0.00645171567725076	0.0135829050625578	0.00678113598065658	0.0303267503184827	-0.0115122170333329	0.00928760446782585	-0.00274659694096948	-0.036332879916145	-0.0322470435481998	0.0046125426997219	0.0386357277046679	-0.00704669457712851	-0.014708874617482	-0.0166097344890235	-0.0395327120365613	0.049001546383756	-0.0097019186999698	0.0143887581425259	-0.0237575367069537	-0.0457143167666673	-0.0260331670202296	-0.0354305160428722	0.0457867605603282	0.036050925448027	0.0177072421689483	-0.0101530076954942
"A0A060HP20"	-0.0150533288929128	-0.0253491720443606	-0.0276263039400297	-0.0467048370497254	0.0299213606022324	-0.0346605746215719	-0.0260825677574777	-0.0125045827588576	0.029342392553491	-0.0475025400145498	-0.0292415318463791	0.0542326018975134	-0.0270330922159378	-0.0203049323281258	0.015902654086823	-0.0300158937540513	0.0131017050690445	0.044653470690576	0.0469199545107361	0.0354326071340814	0.0539787140250722	-0.0245188135402254	0.0147455082783902	-0.0126840540418811	-0.0312233156197241	-0.0367045452949668	-0.0300021402487698	-0.0453007178276703	0.00979461433975374	0.0128690428202778	-0.0233295344298852	-0.0183509727341377	-0.0339470608934101	0.0372754172826708	-0.022913039230251	-2.51340563052632e-05	-0.0365308350742993	-0.00415410018265877	0.0526278774321805
"A0A060HP22"	-0.0397948681831007	-0.0131178592405311	0.0148155333415845	-0.0115323093475633	-0.0251892714602024	0.0205989929113677	-0.0381338263833609	0.0446268354843559	0.0259114953438699	0.0255699451246612	-0.0235171217475411	0.04496220866013	0.02281089099987	0.0255877756796612	0.0212887119907305	0.00126983383083886	0.0389873003253694	0.00703501325688503	0.00909399313807208	-0.0198076674604757	0.00188680406840302	-0.00481323715492593	0.00404769765657485	-0.00756218778708258	-0.0261752129985757	0.0308496759162	0.036605462818414	0.00286209613708922	-0.000432533216871776	0.00523161293999736	-0.00673185970898638	-0.00806876595195583	0.00193063118534362	0.0164544970111984	-0.00808498451740202	-0.00659967518343067	-0.0134222289911651	-0.0123181528928364	-0.0145494783791399
"A0A060HP24"	-0.0238637885655553	-0.0590520883710347	0.0219097726610542	-0.0222582349235844	0.00126096248656781	-0.00968824024848281	-0.0252314964068755	0.0300296044418167	0.0206543102471144	-0.00267593572101501	0.0199528256063204	-0.0372591974087009	-0.00614028892872818	-0.0152859346524096	-0.0178003635979481	0.0168803724306189	-0.00221033875546893	-0.0127370085999943	-0.0272895009036497	0.00116616270061153	-0.00507407026853887	0.00924488929330105	0.0208038204954783	-0.0277162439134501	0.0254149136270079	-0.00130631427120197	-0.0258731777936486	-0.0101463139079877	-0.0143077802439809	-0.0041295377426994	0.0128197957436544	0.0166800472792175	0.0204093826141059	0.0254653251947716	0.0252426864069964	0.00523301903234681	0.0160571306862849	-0.0341775343016029	0.0380068948137874
"A0A060HP25"	0.0139659867485333	0.0275578464626144	0.00110207274684723	-0.0658019673462482	-0.0531846293955386	-0.0231156274952847	0.0196637682547231	-0.0413493606637971	-0.0227919166123107	0.00501572174602762	0.0427994046575198	0.014615878531327	0.0320458910375213	-0.00539161630521317	0.0291218749173276	-0.0371628555368125	-0.0270880219655843	0.0111810095153532	0.0202312480521867	-0.0152869771957546	0.0116942596438412	0.0322085409724213	0.013581073384514	-0.00619354309865708	-0.00343910174774883	0.001993579700749	0.0105001113877807	0.0156690230331005	-0.0125805457217679	-0.0208347266282311	-0.0122145899304659	0.00882823097160722	0.0124141469368198	-0.0253901012175274	6.10362930052677e-05	-0.0506938629843371	0.00576654771236883	0.0101230661381136	-0.0615769424334159
"A0A060HP30"	0.0414977813319708	-0.0256108832154345	0.029150394262607	-0.00185615430518599	0.0322840082197139	-0.0016797647931328	-0.0241687317460002	-0.0161739347033804	-0.00764296218359793	0.023842684480717	-0.0163943092116379	-0.00566352816314116	0.0159703284980302	0.00449635932984831	-0.0134512824080319	-0.000138404352962701	0.0125252362058307	-0.0368395783888719	0.0123395864466801	0.0178178801675249	-0.0187473943122633	-0.00683116483129869	-0.00769356073784667	0.000176758554433835	0.0249532686627755	-0.0109125071206554	-0.00356055933566465	-0.0050461911300366	-0.0160177961826341	0.0242442277490402	-0.0117350550315779	0.0266498174367267	0.00727722847233811	0.0248426951931838	0.0342804254510665	-0.00868221886209626	-0.000187992685782956	0.0229226758051087	-0.0129843267016463
"A0A060HP32"	0.0340024860294616	-0.0299170780227155	-0.0179416897536668	-0.0215076483660461	0.017621599722394	0.0185780337544651	-0.020491218207045	0.0535852502978716	0.00811958537828133	-0.0402675903465767	-0.0498453348882535	-0.0174153009041469	-0.0365258252381227	-0.00486227819414831	-0.00820188247606701	0.00664818156837119	0.0263109113242351	-0.0349107653407183	-0.038652508055675	0.00631643763493867	0.00489693820942334	-0.00661863804455448	-0.000130771770406203	-0.00699805137289244	-0.0161165789877208	0.0221931621548371	-0.0123079389098182	-0.00389467380941052	0.0418544674485004	-0.00694367747071963	0.0167014887711998	0.00487074657960977	-0.0206345858217603	0.0117594513186794	0.0103671802000073	0.0359468381544465	0.00303633570196939	-0.0277478469305336	0.0135496735158104
"A0A060HP33"	0.0430378316483888	-0.00162278863560888	0.0277583084037217	0.000675303206106461	0.0132379765291464	-0.0204441840646979	-0.0212403295811478	0.0142596166168552	0.00122567644506226	0.0133911886738641	-0.033971368221971	0.00346495340558882	0.00226690201688103	-0.0350238673356969	0.0037069838874686	-0.0064717486300074	0.0303580387989907	0.0355688574786239	0.000307336951708028	-0.0665809845225693	0.0272721699421335	-0.0185399718535552	-0.0202177532947862	0.0193282164495464	0.023326564334149	0.013087064327197	0.0132790810107137	-0.0135891714588212	-0.00809906523919695	-0.00710447922706809	0.0211745037893956	-0.0191576301693948	-0.024762504960749	-0.0218692040345037	0.0220236071727744	0.0184125228745452	-0.0216701810605444	0.00300555644691803	-0.011945278321881
"A0A060HP35"	0.0258334386017971	-0.0085337133319697	0.0401728767152435	-0.00723387211562012	0.0114885588572155	-0.0209411271622162	0.015202535156306	0.0132674805030006	-0.0794347925511687	0.0177725517918675	-0.00873829819627477	0.013098643906406	-0.0585557367440315	0.0356444015761998	-0.0355236196003105	0.0328829587862844	0.0187031801759607	0.0492637515163937	0.00379552772465994	-0.0240352438023248	0.0639265656778638	-0.0180254393098122	0.0192726702492665	0.0127035851724512	-0.0248944688980855	-0.0348041710670904	-0.0284051674635321	0.0389807656909231	-0.0494035717603557	0.0424528551708143	-0.012225197993442	0.0404639313747282	-0.0186606619617213	-0.0292853804789182	-0.0135502991206316	-0.000106318391867675	0.0260641278531723	0.0167913429184263	-0.00178633393569833
"A0A060HP45"	-0.0318091089043416	-0.0529899014606832	0.0142116821050339	-0.0134071002619757	0.00934723030976097	-0.0126193196958595	0.00890165604729533	0.0220137230303378	0.0445011452146836	-0.0154431950022605	-0.0134905899844752	-0.0309271708928703	-0.00635790546771991	-0.00552581583484103	0.00806325958534323	-0.029545793791948	-0.00871179239350903	0.0160163920062583	-0.00325492244963449	0.0198338004489213	-0.0249764451005039	0.0143845678844617	0.0268185711972745	0.00889525173943232	-0.00485346890069979	-0.0142726424835187	-0.0100192947300018	0.00130155651011957	0.0230123244279219	-0.00853448428906488	-0.00796868380816009	0.0010808671968505	-0.0242470458495554	-0.0042284624557544	0.0256919384345293	-0.0258479584735034	-0.00080484524044728	0.00294036740271723	0.0291381210977965
"A0A060HP48"	-0.00268898426462235	-0.0495625348320654	0.000621737117775421	-0.0405683430714352	0.0335262760825488	-0.0308320894284607	-0.0115356873506794	0.0285731646702619	0.0500845060383562	0.0469889601959218	-0.0380641391382908	0.0402786094624272	-0.0230467743754181	0.0171951590916949	0.0155279156290062	-0.0163162720110079	0.00307593952039115	-0.0306683130441088	-0.0148418053436536	0.0241040080826735	-0.0214540665049681	0.0127980717301272	-0.00188580195073543	-0.0218009408175063	-0.0012933096834719	0.0528327759748681	-0.00470022078882393	-0.0270097089109792	-0.0113517021610851	-0.00369237580120156	-0.0121892112260144	-0.00296247503063973	0.00864822293108189	0.0157878607534934	-0.0495090184832449	-0.00709864780831746	0.0291865360665485	0.0659676742341155	0.0142065964278843
"A0A060HP51"	-0.0426590851008087	0.0274415417332436	-0.0073880065928059	-0.000107922532279748	2.8012175670259e-07	0.0131345401645569	-0.0529202206816326	0.00514828667111591	0.0405006814741074	-0.0277778135713188	-0.0265017221212757	-0.00463966868043916	0.000128750578380227	-0.0158518986247866	-0.00363766381310384	-0.0199256209076128	0.00996562929878585	0.00601305586232453	0.00731031908464943	-0.00609804820569393	-0.00514162779015855	-0.00497536044409442	0.0153283885097695	0.00548784192742965	0.0183602194111457	0.00553786672553015	-0.0156899255589722	0.01873827516113	-0.00190677983942168	-0.00130742311983494	0.0101556659831001	-0.00108672526513407	0.00264704730398906	0.00619773468133609	0.00509598296417915	-0.00273819909914083	0.0112211246302435	-0.00121245641808981	0.00770907633109958
"A0A060HP53"	0.0247490806898768	-0.0296687835935459	-0.0394274216410263	-0.0156776615604622	0.0113351988259885	0.0550870083630804	0.0095090309570462	-0.0386528439631703	0.0109226964749693	-0.0364643027405264	-0.0386535059712934	-0.0192173407894128	-0.0360178347635882	0.000153522741133157	0.020048696804407	0.0189416602297618	-0.0440528241433098	-0.0292311046286294	0.0181351089380495	0.054282078291425	-0.000941036927205736	0.00699242952073689	-0.00528495835018726	0.00391487884826931	-0.00169068897873056	0.00344646484632211	-0.0296627192129979	-0.0308301375174971	-0.0192802499402266	0.0394113953652284	0.0104040881775961	-0.031074404772981	-0.0347111444022678	0.00112894389150004	-0.00797930669854479	-0.0280881125300405	0.0286329355822995	0.0428724516868623	-0.0598198675869182
"A0A060HP57"	-0.0296361926219305	-0.0167508265186849	0.030249840749209	-0.0179968814705796	-0.0242365977227984	0.0173790392682733	-0.0386330716854119	0.0331171214548113	0.0123368384351893	0.0230599598032263	0.0633060131900704	0.0529025221366814	0.0098592243646902	0.00999576687182017	0.011898587947319	0.00783224281730569	0.0262912826397449	0.0174268637893905	-0.0584604337662121	0.0412249270171848	-0.00606249212208382	0.0342944205336812	0.0222853219284333	-0.021956526439176	0.0145368733586557	0.0288361329362332	0.00538380881483734	0.024638036157118	-0.032046017197907	0.0270007269976246	0.014242513831811	-0.00361477478936851	0.00160407679052186	-0.0293266010432659	-0.0213112480145922	-0.0754559612866846	0.0307701427912993	0.0218922737008808	-0.00396647182147593
"A0A060HP60"	-0.0104528511671376	-0.0286620353304815	-0.0146832535177429	0.0675173428321868	0.0077545152271774	0.0216365246602828	-0.0512098629311361	-0.0517186115224659	0.00306058753540629	-0.00424545198999275	0.006420105637881	-0.0240074949435765	0.000852034236453874	0.0267607020486706	-0.00875576468709845	0.0324627511738024	-0.0579724477594835	0.0334457395524865	-0.0069407851305974	0.0323252922877545	-0.0174486298448667	0.0559130200142701	-0.00349350714749752	-0.00761510010160225	0.00987500039997453	0.0116877170430197	0.0286997924444719	-0.0010609180499032	0.0491776501416177	0.0493095316518503	0.00830360788549654	0.00991068447172386	-0.0213137221672977	-0.0171291435004409	0.000295781485216067	-0.0281599628802382	-0.0040685033535113	0.00447905455973583	0.0202627124757164
"A0A060HP64"	-0.0231512820850814	0.0336927506489244	-0.0114051797795949	-0.00328304272054636	0.0288337426573289	-0.0468621396068833	0.00324806943053517	-0.000467452326410906	0.0154716896779408	-0.00164615986846947	0.0215038603446727	0.0064407990087217	0.002032138680786	-0.0237950283997479	-0.0433742108451629	0.0754054298573392	0.0194581900533293	0.00327682049576025	-0.0376180486291195	0.0228222129684061	-0.0309488435933698	-0.0506751721549247	0.0798438773559127	-0.0736904212240152	0.0574667247856787	0.0301538477909772	-0.00559705809455379	-0.0267514618829297	-0.0109828334113262	0.0245056185628567	-0.0398864973957023	-0.0111111117160562	-0.0242905561581898	0.0133551462855097	0.0147198697336327	-0.023235986630335	0.0109263158130263	0.0220045479096691	-0.00520406072235318
"A0A060HP68"	-0.0172870477609957	-0.004909865472702	0.0241335569564017	-0.0217662858994152	0.00674271228885467	-0.0200558332978933	-0.0526115249857992	0.0219318412841473	-0.0149970868848257	0.0239452166174491	0.03567446426179	0.0109527549034536	-0.0177472549110947	0.0369391094593915	0.00220533775695461	-0.00476227530978878	0.110292031591175	0.0296278546516183	-0.0102625804771672	-0.0120200902528323	-0.0594291775208958	-0.0194967043221897	-0.0146701003401234	0.108936972958489	-3.85975292152594e-05	-0.050346711028732	0.016133724067905	-0.0327355431145568	0.0315691631840225	0.0654127986590897	0.0531332341331435	-0.00718091332742205	-0.0544182078843246	0.039066077458758	-0.0218586625968896	-0.0174594268766177	-0.000790469497913411	0.0132723897463967	-0.00499053225079578
"A0A060HP70"	0.0198420402364755	-0.0439523451233178	-0.0471441822387166	0.00944747256906982	-0.0200911499326685	-0.0202857497737915	0.0404853762456078	-0.0195139792544959	0.00914287944293236	0.01538502204253	-0.0443728036973227	-0.00248158511081129	0.01537327147195	-0.0109516493362271	0.0320828150265961	-0.0539112715982262	-0.0138861583430908	-0.0500328669478972	-0.0305004302340018	0.0267878243996203	0.00892294546142162	0.034664142297899	-0.00537481998721362	-0.00892073997043529	0.014988579390905	0.0263984694511913	-0.0122273181614537	-0.00673888429879915	0.0087008308932977	0.0224312525650703	-0.0216186842942112	0.006809425550809	-0.0128125605616244	0.0200416682821409	-0.00417634086979832	-0.0281326025784581	-0.018516341376538	-0.00138617331174539	0.00369706852464662
"A0A060HP71"	0.0266610250534849	-0.0240689052165547	-0.00352150194891114	0.00121316665826464	0.0196915131673842	0.0242809200691416	-0.0154508114683172	0.0153476468406654	-0.0196409865251098	0.017455582393767	0.0554050368672701	-0.00632414219184406	-0.0119676253269405	-0.00670552225031279	0.0625805528555664	0.0541060576363716	-0.0607999110840276	-0.0316385587363665	0.0109699582427236	-0.00134344359935848	-0.00210329441013239	0.00341575920831044	0.0216192155264497	0.0710142438485521	-0.0115073466293015	-0.0787553502476541	0.018455375242955	0.0830698800244434	-0.0103141212502641	0.0145610711512813	-0.0540895048270711	-0.0132308461523782	-0.0329555971836606	0.0686616462134622	-0.000616236014580948	-0.00308069838443146	0.0186069417481383	-0.0362003146825809	0.0235852327312994
"A0A060HP73"	-0.000134595032658845	0.062520699034826	-0.0439525985808526	-0.0113392161694975	0.0246405112229109	-0.000181406019809616	-0.00494572643103612	0.0328564923977941	0.0280878476019714	-0.0199219483930739	-0.00485563010797201	-0.0169747910660708	-0.0105850862706136	0.0129630584888529	0.00732817698638142	0.0152737511878125	-0.00042922529958627	-0.0264670374749096	0.00244382836019174	-0.0160535956549808	-0.0174840408471975	0.0234291491984205	-0.0226110382161345	0.0258361217770064	-0.0196018909045149	0.0275117742399103	0.0306514949533752	-0.039288108867417	0.0321633039442915	0.0150265075585646	-0.00124021495047992	-0.0220213421420215	0.00138618733454497	0.0305861016073871	0.0141639795727814	-0.0350239281127926	0.00266417055622093	0.0170322485826868	0.00497031115238257
"A0A060HP75"	-0.0318510880343958	0.0404198665260143	-0.00898111298014779	-0.0194672423145231	-0.026608594946767	0.0368887051287572	-0.0165677770486426	0.0118737022865992	0.0234181454811295	0.0509909188446621	-0.00737131123273844	0.00166522056098886	-0.0045690563110134	-0.0222168556849129	0.00351413606166039	0.0226599692022001	0.0209092040442381	-0.00194337185777196	-0.0409102925937041	0.0294931493281833	-0.0412714168893436	-0.0171820255940955	-0.0256142897695073	0.0104191964232397	0.00153056900495017	0.000198801851901336	-0.0222722505061257	-0.00857888888586205	0.0112194666285633	-0.0202466086412627	0.0114129958551073	-0.0201315948010823	-0.0372384167594931	0.00993837167687478	0.0539287032083665	0.00918168779961713	0.00574687202950937	-0.0122482130685256	0.0113209362481139
"A0A060HP76"	-0.0043818461404001	-0.0159892652291463	0.0532251626993928	-0.00132319506352016	-0.0433135423932842	-0.00981067212877168	-0.0394234317726032	0.0125822455829033	0.00832365985618817	0.0201921274150043	-0.00938604397992636	-0.00711255046780292	0.0022253418790882	0.0180427717810052	0.0773254215190916	0.0259104766454338	-0.00460217698546839	-0.0295736403062491	-0.000393580971788751	0.0263980469183827	0.0305006346746587	-0.0119995770470643	-0.00352299634614527	-0.0144307965132902	0.0797365768706639	0.0563539974114845	-0.0450941489776046	-0.00499573267430399	-0.0491119891187338	0.0241351958703565	-0.101496841430919	0.00529060814534579	0.0492522810685968	0.00536095051058522	0.0469061874334879	-0.02175144391262	0.0313056991093912	0.0595576460590317	-0.0601716844113737
"A0A060HP82"	-0.0209450202978054	-0.0546981685985703	0.02272717909286	-0.0455369631539919	0.00855839197570661	0.0448726367427128	0.000951976582947425	-0.0178359712782395	0.0115823884838877	0.0158243683627121	-0.00291403236420539	0.019178803309053	0.016481833442668	0.00949640393686249	0.00977623490291054	-0.0239722167857129	-0.000816595100006115	-0.0162854245723548	-0.0125100745919142	-0.00593830204334262	0.0218751185748849	0.00455139982874114	0.0282586276404471	0.0276972157195619	0.00937498530642209	-0.0132646571819973	0.00833488709648908	0.000797346857352355	-0.00211502065345989	-0.0074185669240743	0.000773381159024362	0.0184984964329823	-0.00496820693390062	-0.00293790524203885	0.0141819488518388	-0.0123755863102456	0.00109648811606745	0.0295167785275326	-0.00394935958706289
"A0A060HP83"	0.0130868871855171	0.0537220853092831	0.0390422653684267	0.00855975630052083	0.0236337411115997	-0.0456339751709031	-0.013643663675039	-0.0344091613344896	0.00692382735000238	0.0397284731720044	0.0230190543534215	-0.0102487383047796	-0.000285282176279144	-0.00867604421713589	-0.0158476268546063	-0.0213844647612642	0.00487588433519517	0.0250922973069361	-0.0389598978068665	0.0120222141034777	-0.017383078549358	0.0403853047047653	-0.0196762942528796	-0.020926330043195	-0.0166014730738115	-0.0254535470936495	-0.00671510092158193	0.0249719792634812	-0.0396245346093722	-0.0167584183248628	-0.00352881529556457	-0.0378189691927566	0.00839346905819794	0.0194924084868685	-0.00935737829159484	0.00424964278870027	-0.00843409093701388	0.00882239368729039	-0.00679261047399156
"A0A060HP86"	-0.0196811561870428	0.0551394376767743	0.0235189595997296	0.0122654654148109	-0.00453949447802002	0.0138710582170663	0.0319357661177266	-0.0468009620466471	0.0289850864985403	0.0244215739597508	1.98827331167917e-05	0.0245364512961089	0.0405131077614672	0.0256001092123349	-0.0155364832013764	-0.0225306812961784	0.00905317332029506	-0.0165276095662592	0.000942846195293433	0.0374823248896884	0.00275654543021295	-0.0135940374859445	-0.026743078170388	0.0325941096264052	-0.0274046630990505	-0.00524893726133834	-0.0355948575708846	0.0186624827276467	0.0418717001776899	0.0211857110012645	0.0112251368537374	-0.00407287591055103	0.0105777972451217	0.00342373052948114	0.000341842686158314	0.0360077330776347	-0.0258614088614187	0.0277487511379489	0.0135339504405141
"A0A060HP89"	0.0446114868851767	0.00838556394765288	-0.0469636993414038	0.00274339545975379	0.0096105531133979	0.0146077716101044	0.00142700199100011	-0.0120298758986142	-0.00416574173378422	-0.0124420352141296	0.014021515950207	0.00984628006692605	0.00267212555916992	0.0208701948842181	0.00499914651650896	-0.011464263812911	0.00546902737428496	0.00599371303926469	0.0193946412108984	0.0160689207711285	-0.0113289505968422	0.00157136508811119	-0.00733764581218617	-0.00452361685649762	0.034483881016395	-0.0139261661037351	-0.00468846283816646	0.00887641630854531	0.00416196144014913	-0.00259116541448757	-0.00350263395581964	0.01649118682537	-0.00499516675316271	-0.00175497987973066	-0.0120962969873123	0.00640107860574442	0.00615950271873069	0.00642651903670328	0.0190932568368707
"A0A060HP90"	0.034286131311528	-0.0049847775223517	0.052602922590936	-0.00318340307366256	0.0215226997775722	0.00452682845936076	-0.0651160996939862	-0.0111802570060146	-0.00257857920494189	0.00327417847323438	0.0289793902916286	0.0123766612745068	0.0152845559512978	-0.00595986402243822	-0.000110347603917867	-0.0212602193437909	-0.0164300926438142	0.0190731843712595	-0.0432302820966818	0.0247571388661733	-0.020315807266272	0.00751760773420627	-0.0290187402769974	-0.00803138809033633	0.0119653500139271	0.0344113104576446	0.00491930324922106	-0.00263355150269002	0.00634423210644095	-0.00136461849461719	0.0220893260075162	-0.00327092675150036	-0.0110644216547757	-0.0118511034769469	-0.0105729653129445	0.0137370056900029	-0.0163441387864343	-0.0156308126635661	0.0253292798460843
"A0A060HP92"	-0.017848252686902	0.000386778708511446	0.0270173043329383	-0.024898531969386	-0.0235946137106378	0.00331437305636867	0.00426135693981903	-0.0221733962107712	0.000181838377664113	0.022939063769328	-0.0804484901834112	0.0422700713985825	0.0147680746397804	0.0234564318529333	0.011723042636335	-0.0187432062061063	-0.0227797596613353	-0.00554054826216441	-0.0169741830061454	-0.0343665987488823	-0.0231218811680859	-0.0139651106356017	-0.125642630059897	0.0181333172516055	0.00354712712569	0.0645506513673936	-0.0736188530608868	-0.0583944514041185	0.00634402363487263	0.00587648430921676	-0.0547636226197122	0.0232953068827009	-0.0165864196997746	0.0385891917146315	0.0323442746172544	-0.00229112604353217	0.0960486582414724	-0.0206017814673886	-0.00260743564097743
"A0A060HP95"	-0.0139578498606325	0.013722059010995	0.0352771686719692	-0.0163427950577487	-0.0543188050665685	0.00116480005963404	0.00862652190692198	0.0460261586429108	0.0465800162342249	0.019179604192086	0.022863911376483	-0.0116507749028611	-0.0232326416545089	-0.00436410208513284	-0.0363427055119544	0.0398477733414539	0.00312458428945728	0.0175297177799328	-0.0355712496117854	0.0434529207234624	-0.0289494319090928	0.013815283977721	-0.0321683242709333	-0.0387946297584937	-0.00901293423638394	0.015273441109504	0.0215842428266142	0.0390098646221966	0.0021024549044846	-0.0622106651664104	-0.0746645489233339	-0.00642875837745533	-0.0424234115415445	-0.0695759103987388	0.0449038099115267	0.0736317092196788	-0.0462816432079939	0.0663648542868742	0.00206497276859601
"A0A060HP96"	0.0400767229293003	-0.0054156291824295	0.0326929479979185	0.0114864076464579	0.0249178455444843	0.0251620960469526	-0.0182151108452089	0.00991496767304425	0.040536438108012	-0.0122160371980456	-0.00454752288146456	-0.0168644685955774	0.0537449189425052	-0.036839328029347	0.0277149507496102	0.00253658850735622	0.0161369745025844	-0.0193221257735573	0.0086105712432451	-0.00560391942387617	-0.0396617690543193	0.0273773097723053	-0.0229934856654005	0.00389511034051511	-0.00317731742671087	0.0208795950843734	0.00636805864896714	0.00102523252261672	0.016555069583116	0.0128019584442932	0.00605713200929831	-0.00529830936661498	-0.0216525528861136	0.0218297277083342	-0.00472209400872866	-0.00534375384012201	-0.0285857582145411	-0.00264126695528374	0.00253169266406622
"A0A060HP99"	0.0151349416868219	-0.0361582456824037	-0.0432145487857639	0.0105100822830148	-0.030183810871984	-0.0008678828935845	-0.0147400091292121	-0.0668941970403506	-0.0761980465359343	-0.0248664264283025	-0.0102387914474061	-0.0320976486910927	0.026189945327361	0.012719771345795	-0.0172203348363498	0.0240846213345743	-0.0048986122183272	-0.0172158469006806	-0.0165922943307048	0.00435986537727586	-0.0138141796547829	0.00488494794611988	-0.00805291750158511	0.0392537778191718	0.0330600970891351	0.0132435350828387	-0.00767232957058557	0.0141013716940818	0.0117341240954447	-0.0176225835023764	0.0334395285728498	0.0273072428426176	0.0397002034418175	0.0230561645073886	0.00133799796290708	0.0414691468104011	0.00831221968293523	-0.0139436803900528	0.0606192605187675
"A0A060HPA7"	0.0206254581653235	0.0319077434847785	-0.0138429398118599	-0.00295816063782946	0.0468810794370256	0.0562352800437314	-0.00876180796736472	-0.00188410721653429	0.0893723777864525	-0.0100505581261307	-0.00981906352911627	0.0180030187624218	0.0300184203267283	0.0219960855576797	0.0140798350633798	0.0237478574833417	-0.00983981127765783	0.0450724366465854	-0.0188835827147955	0.0200511368617009	0.0180268585803133	-0.0324736806519423	3.98305176455724e-05	0.0422948210134728	0.0219181285912881	-0.0125194796720784	-0.0210490594755805	0.0103446950642554	-0.01321208471372	-0.033111001130211	0.00518319255140263	-0.012086243182657	0.0311293059298101	-0.00283370681069016	-0.0231626635815813	-0.00138241199654491	-0.000694638134862749	0.00436232557228752	0.000483778875942679
"A0A060HPB0"	-0.0480876408945584	-0.00127660612945473	0.00127709047878807	-0.0262082883285592	0.00630734891695452	0.0233315268683175	-0.0260896049464603	-0.00924732215423178	0.0156198999445306	-0.00840793431367054	0.00451422298601786	-0.00349384955449343	-0.0226739295299015	0.00566543255358485	0.0020696334923266	-0.00376628650860297	0.00010607831727379	0.0221033667327416	-0.0125625694675627	0.00795160672218705	0.00715858474822029	0.00630613779749682	-0.00263793952659031	-0.015909860954854	0.021376414751682	0.028475097303468	0.0086042087347454	0.0177449072417448	-0.0104689131109302	0.0122349142538243	0.0139980956552281	0.00205667113354625	0.00130820312296191	-0.00122564593976692	0.0117587944168258	-0.0143340808113643	0.00345237359755619	-0.00457844866798473	-0.061813668525212
"A0A060HPB3"	-0.0100540905830306	-0.0259795239335671	-0.00438070720016521	0.0736624465124828	0.00975100641273191	-0.0448968328936572	-0.0294808687755802	-0.0188600309720338	0.00171756354234059	-0.0600349414133184	0.0142561876550813	0.00771455741429963	-0.0399930762618459	0.00339496032314349	-0.0401165262800259	-0.0255340050265135	-0.0257588725085897	-0.00570635504416409	0.028087296238769	0.019021411890725	-0.0341159723061149	0.0302357382491601	0.021150522989353	-0.0319152470008372	0.0127635947557089	0.0202576028307168	-0.0363288773353981	0.00296260411649621	0.0241986523671004	0.0212995833021772	0.0115339097635224	0.0191933386373806	-0.00979390441400818	-0.00636220246145957	0.0212569062477994	0.0212677556200513	-0.0113622720837766	-0.0136896445612072	-0.0110681743132091
"A0A060HPB6"	0.041034235324744	0.0403623710094481	-0.0170319385180184	0.00125841072577528	0.00352680317575196	-0.00678794580014082	-0.0149841594399269	-0.0267791426915123	0.0097186617339296	0.0234295635568128	-0.0215428273783515	0.00279719944412366	-0.00598193305488097	0.014059451024279	-0.024960605555684	-0.0184828823449262	0.00291088460272883	0.0205798802789326	-0.00853974476093818	-0.0045115819213507	-0.0232198803653895	-0.0108676545112821	0.0123448364500097	-0.0114036192302813	0.0294458661013332	-0.0127055623786914	-0.00455141398526789	-0.00493936834762402	-0.00437833105125295	-0.0091762899436497	-0.016706841046458	-0.0124554324599905	0.0217167004807543	-0.00879481062708648	-0.00914366404461623	0.00162039732969725	0.0180985419974781	-0.00554847060549759	-0.0600051752493003
"A0A060HPC3"	0.0245916509339769	0.028112832283736	-0.0151428439233275	0.0465828365834915	0.0151433012434587	-0.0154699799534078	0.00179428896927241	0.065719950983216	-0.0140478822441956	-0.0377538786664063	-0.0253956092498072	-0.018657398724701	-0.015789123717381	-0.0224849097825994	0.0347046425914819	0.0204609804231591	0.00539221919644113	0.0264365265513264	0.000884218474482015	-0.00809338586772154	0.0516606607819776	-0.000209325074577904	-0.0620877419198244	0.000838669388415443	-0.00700583404704703	0.0503356867060094	0.0204709425376733	0.0197327045828882	0.0132137543972937	0.0225900595819553	-0.0627191985953313	-0.00273459381906401	0.00640227129383694	-0.0523184731761747	-0.00664336614198318	0.0159174347035862	-0.00630395804893057	0.00476853373930386	-0.0014971624337398
"A0A060HPC4"	0.0124283187607571	-0.0104081948910559	-0.0219808236693635	0.0514225149476329	-0.0490960206891942	0.0069113218656734	-0.0354138012069781	0.0349561061101269	0.00483940613927695	-0.0445446923775304	0.0473459773404623	-0.0253313940574919	0.00936311467844497	0.00844130118218797	-0.0309085558160283	0.00402554471294527	-0.0192055281169321	0.0156595757084225	0.00881743415704536	0.0290552388097151	0.0152190487076535	-0.0522470152135572	-0.0533312008649491	0.0549228053628743	-0.0143551852868511	-0.0519361934387791	0.02716080674521	-0.0384005542270256	-0.0544315983424806	-0.0174496759677491	0.0220266351226187	0.066215073424432	-0.000841670199031514	-0.0597698439152181	0.00767064130223484	-0.00734648325714057	0.0129623145475697	-0.00628387588423263	-0.0218568721459839
"A0A060HPC7"	0.0168270805107314	0.0313522861584339	0.0573246125318097	0.020603929603117	0.0161606353136614	-0.0476062506955932	0.0130485833650595	-0.0503198343581883	0.0614635048518653	0.00631645812025827	-0.00976947613374826	0.0161672425317199	0.00962293925934303	0.00076972229437895	-0.00485023600359552	0.0359617446467467	0.0162502344683821	-0.0257867735107465	0.00608236146656824	0.00297093279682588	-0.01247443073365	-0.00926842176648838	-0.0230594439374778	-0.0247258631374393	-0.0143646816145681	-0.000490058571792823	0.0138974255491351	0.020290454182453	0.0215888946286257	-0.00297156118735873	0.0144539198305096	-0.0225946319593903	0.0130204049740048	-0.00562388677785268	0.00762655955196119	-0.020508117229677	-0.0393271102658376	0.040066463553307	0.0100913172647082
"A0A060HPC8"	-0.0241877726277217	0.0070210565293854	0.00210924882936274	0.0121647540021254	0.0528423180282734	-0.0625497440852688	0.0116470971443609	-0.041807580688197	0.00487920491970142	-0.0212420049455299	-0.00221181280304422	-0.0825518120733998	-0.00758873454036533	0.038533923190892	0.025737070561977	-0.0343370963231274	-0.0369110469849185	-0.000849696059661886	-0.0274816098076139	-0.0220775846288751	-0.0289038964584289	-0.00779039010187082	-0.00868480791236246	-0.0199689673840508	-0.0450995663948763	-0.0152115027763653	-0.0073342878228659	-0.00600785989065956	0.0328796957205209	0.0210899378871261	-0.00305350949374546	-0.0205889369342329	0.0219364766196425	0.0437124020756829	-0.00853825045869317	0.0229902900506284	0.0199136366314024	-0.0216732516249064	0.0162357814464609
"A0A060HPD0"	-0.00167023366078308	0.0186382927774063	-0.0715604531430222	0.0381424783201717	-0.0252095278043338	-0.00576734844465561	-0.0243648315379705	0.00800793231322068	0.0316037978724552	0.0160064461812325	0.0348314573808437	-0.000149141337780133	0.0151070061856708	-0.0292667946005298	0.0688675850280727	-0.0148929525515753	0.0157749587952461	-0.0071727915244263	-0.0175014678377028	0.00975965163941377	-0.00685611010448972	-0.0312335603492017	-0.0179011307827453	0.00316292354048608	0.0238064442909991	-0.0159091899683512	-0.00696828688861413	-0.0634837002431386	-0.0168501423926557	-0.0316150602202863	-0.00128690806814968	0.0259962974802045	0.00401617445985166	-0.0278972219594026	-0.0468867466657435	0.00315691655971095	0.0321899696067909	-0.0199168458832947	-0.000677381001372299
"A0A060HPD7"	-0.0200934273078345	-0.0510089882531116	0.00721515040609424	-0.00666028502567722	0.0247685642318596	0.0314181527513498	-0.0212738668315407	-0.0615213167809699	-0.00779144773225808	0.00511833171056634	0.0157763210656111	-0.0287145039853555	0.0245897250521158	-0.0283509291369032	0.0631352242387824	0.00983795692656124	-0.0316957388127377	0.0109866808802534	0.0229506130253347	-0.00369180570031189	0.0174633098772551	-0.0172160167666809	-0.0275163299585773	-0.0254492982332553	-0.0115599055860466	-0.00272011459490802	0.0227927408424501	0.0139092081497295	-0.0126345059901009	0.00687823021219751	0.026319788599123	-0.0616381237737364	-0.00766487301166819	-0.00247690697989976	-0.0100016739286417	-0.00484639148086541	0.0139362559653242	-0.02186099761101	-0.0240361981611228
"A0A060HPE4"	0.0441221038146247	-0.0164848510862547	0.0257992049455898	-0.0128846830149637	0.0180686323874804	-0.00426357405094121	0.00818107133300617	0.00553733934238526	-0.0407927908731791	0.0126986799791175	-0.0358919282312381	-0.00470120769559434	-0.0183168232471703	0.0232651409731858	-0.0171019603066104	0.0214424295586084	0.0200399099197573	0.0204789967689275	-0.0100090385811297	0.00346274976669377	0.0164949830748443	-0.00255850042807371	-0.0214657792192471	0.00721139395708538	-0.0101115441522876	-0.0189930223047777	-0.00253889631572429	0.0223237876737261	-0.0274651259663772	0.00934966755327079	0.0106485915976745	-0.00191241061627662	-0.0221717568477441	-0.00275737930356438	-0.0152000912199401	-0.00425490223256909	0.0212446352008294	0.00557881123845495	0.00167754327526772
"A0A060HPE7"	0.0329973359795705	-0.0355502592489242	0.0285164659186023	0.0306273620279596	-0.0322565690914326	0.00702783848332377	-0.0450293740726906	0.0121711701358634	0.0107947249490054	-0.0237398903744935	0.0109171559939187	-0.0123486957397641	-0.0123011075445301	0.0109308547347286	0.0357185827950043	0.0182857873358952	0.0187288932384753	5.50217268729182e-05	0.00911772855409125	-0.0144406718097361	-0.0135278704185702	0.00731599919601486	-0.0191106347618609	-0.00796960178714871	0.00343918679976118	-0.00451238314342531	-0.0206991185183509	0.00147733826623542	0.0127902617522013	-0.00747208761897099	-0.0106965466528524	-0.0147091698768	-0.0275643899593882	-0.0414531936553112	-0.024568821432973	0.0341596313526918	0.0116357454638691	0.0173128941764952	0.0348796505472197
"A0A060HPF0"	-0.0162029460963082	0.0544631701827477	0.0163851640631193	0.0277103837606174	0.0316050495967924	-0.0381940067565043	-0.0306171583179462	0.0119265376508481	-0.0316869626446485	-0.00968921497163216	-0.020619059450989	0.00381614941809276	-0.0142524991124067	-0.0305100548491849	0.0300984986531522	-0.0219418716661656	-0.0255611601156354	-0.0345301860156571	-0.0260188844793667	0.00226110338664011	0.00446443260863856	0.0227011194556708	-0.0209437108394612	-0.0345110728164119	0.0184681712675348	0.0179408170135337	0.00284396292779304	0.0107480345855919	-0.00589150418992821	0.0168601308860537	-0.026519006187121	0.0229111130786216	0.00366512483516261	0.0277754085707188	0.0465708101016799	0.0133396579943111	-0.0418534266522519	0.0119736659836577	0.0288826574370666
"A0A060HPF4"	-0.0468739979557686	0.0109847514984332	-0.00887910659111958	0.00615538875022861	0.00451538254527922	0.00859603580039218	-0.0319758041902188	-0.0262085772177659	0.0143651795208874	0.0176779606742796	-0.0261872818194224	-0.000750239353497867	-0.0204928083174137	-0.0166016363773692	0.0229161209386145	-0.00130624652045896	0.0018214331408545	-6.08575560821841e-06	-0.00702728640191828	0.0100154136310534	0.00614579955578191	0.00730615388413688	-0.00763297318655096	-0.0275113382170868	0.0230221132095007	0.0137369288434937	-0.0248317579085701	0.01770142144447	0.00295621629651114	0.00993089257814792	0.0104750377604232	-0.0276715756541368	-0.00205653606359343	0.0525299115592532	-0.00896312942837453	0.00301597193871286	0.00358317164939327	-0.014114151329558	-0.0139578061231196
"A0A060HPF5"	-0.0289721419471857	0.0026998398146226	-0.024775090429619	-0.0458013880994838	0.0339658355370656	-0.0080378986590014	-0.0288600175895717	0.0361252476885461	0.0292921145617682	0.0360782991378355	-0.00291835176496741	-0.0289669357162918	-0.0127344378871215	-0.00973244998331682	0.00764945556972657	-0.0122562852069228	0.0440155271812351	0.0337554139565794	-0.0232791827422045	-0.0165658559364079	0.00685598392955636	-0.00604866040037224	-0.00596962032937746	0.0735031987120311	-0.00173403301394186	-0.0415584807302553	0.0376610016834687	-0.035570406597571	0.0334761608361962	0.0453327028277103	-0.0124188835670606	0.0154514493739277	-0.00431220317318064	0.0151575288723413	0.0100472738379009	-0.00758835993632019	0.0176676227356972	0.0671719972835577	-0.00741076379448633
"A0A060HPG1"	0.0415777940322627	-0.00180922115578199	0.00616345204859197	0.0230849599376028	0.00110852630198297	0.0263923678578875	-0.0303073766368982	-0.00223161189872349	0.0275669857317293	-0.0483656320165404	0.000841902559493927	0.0258956244809075	-0.0348138388028818	0.0376014883759762	-0.0100863718758051	-0.00829375095356135	0.0135807726928557	-0.0264025681679412	0.00979348258210258	0.00943257247454208	-0.00996203563961337	-0.00312931770100904	-0.0267282812566895	-0.00196214699257951	0.0526852420002954	-0.0203964425188774	-0.00693556250616415	-0.0304837801634645	-0.0087794638095216	0.00019256896928777	-0.00851380569599186	0.0348028340325605	-0.00530843003693851	0.00580820291228738	-0.0427058604972358	0.0205547264530864	-0.0355385252488135	-0.0190624657416108	-0.00336397584436618
"A0A060HPG3"	0.0468702154019371	0.0224129307731985	-0.0166215590344263	-0.00263120007858694	0.0176246274447882	0.0163248184301448	0.0114440930262971	-0.00843200719717067	0.00937005506267124	0.0102521133897112	0.00356857546867598	0.0202164187109974	-0.0167169867952959	0.00771420438126575	0.0181265544485786	0.0108781370354526	0.0216185753995422	0.0162740863504085	-0.0135308644413648	-0.000324298897116738	-0.0170773698892982	0.0258061846129583	0.012983193932976	0.00146951472432178	0.0132298037173877	-0.00727979650263734	0.0043099356227049	-0.00973504955844254	0.00687147968724876	-0.00036040341130316	-0.00233177008375058	0.00306656016190762	-0.0158902350885762	-0.000853929413591947	0.00117561697515469	0.0275038387785212	0.0148382950668077	-0.0203878989189591	-0.00244590882953767
"A0A060HPG5"	-0.0407628817596859	-0.034079766990455	-0.0227288919475238	-0.0205702599649149	0.0199159422442072	-0.0105607109512147	-0.0031054653754902	0.0181199606436643	0.00720868240919866	-0.0221754071271602	0.00771869386202433	0.00849658747106811	-0.0135027908578511	0.0137173170424954	0.0119035090567288	0.0110074643312211	-0.0154413160022245	0.0104435795198775	-0.00923103846000299	0.0249111826141549	-0.00396480106388395	-0.0285836591238182	-0.0171341956797192	-0.0145977297514096	0.0126061578675068	-0.0136506213957538	0.0211890027069397	-0.00505724196155267	-0.0373084745691343	-0.00140180691171626	0.0123260679931265	-0.0136081121601608	-0.00746293582622456	0.00486586492896119	0.0143147658034115	-0.0544805734882123	0.00680619145826512	-0.0064046774965083	0.032538805460509
"A0A060HPG6"	-0.0249837502368553	-0.0242935067202006	0.00767755095316809	0.0129258323509334	0.0530482162433711	-0.0580830021557271	-0.00707744358389825	-0.0480872329930011	0.0128244927427405	-0.0229824218561874	-0.021814541854642	-0.0138903590331525	0.026443582324827	0.0231352789495578	-0.00871882873573598	-0.0232204029931273	0.0263820263131439	-0.00862126446455536	0.049304347649886	0.00190961010482386	0.00272903205336418	-0.0443085817521148	0.0309793207484178	0.00163547778971229	-0.00563221227818892	0.0187781840174185	0.0433034508296525	-0.0180297444820731	-0.0436935650127059	-0.00938103742535876	0.00683039471259598	0.0268767714628431	0.023887704733557	0.0296429147979947	0.012822843193548	0.0310916992920952	0.0677628140047949	-0.00437172383369899	0.0102693846384269
"A0A060HPH1"	0.0260142808304057	0.0441314627579758	-0.0109651208398581	-0.018075580255582	-0.0334155280192264	-0.0179593062267793	-0.0308689215399564	0.00312824145004763	0.0269970541555736	-0.044332631603365	0.000121436670984211	-0.0229772258426298	-0.0464199805627814	0.00993501208845843	0.00364496936645419	-0.0196519438912953	-0.0251883099035129	0.000333914243211532	-0.0215533007585616	-0.0421601442898981	-0.0132665670336996	-0.0329467087967819	-0.0122039720426459	0.00604959049392199	-0.0385327147885826	-0.0380163815567753	-0.00615909561529489	-0.0448186466596223	0.0196532677419207	0.0257388203747508	-0.0550336898903379	0.0278433544108072	-0.00493043071325709	-0.0268487826538948	-0.00842746159524008	0.00434057522372515	-0.0217153008262076	0.0251463963568273	0.00619399513291138
"A0A060HPH9"	-0.0299858506495424	0.0164118897822119	-0.0296475547472914	0.011707602291692	0.00658501999285156	0.0699833663583282	0.0244422052329625	0.0202439469076763	-0.0160616086345814	0.0127464984852577	-0.0160818691676111	-0.0131095343099547	-0.0126219907560211	0.0649803295368828	-0.00856464748791161	-0.0237333108483942	-0.0175399757327814	0.0151348366534672	-0.0459608699300274	0.0373386501189783	-0.0193788772094134	0.0307540492712281	0.00969839865803406	0.0254386713004855	0.0395925843935197	-0.0216443739947357	-0.0361424876451122	-0.0348406217182259	0.00911883635767775	-0.00368364001770784	-0.0151691758702887	-0.0333141593100476	-0.0144134785583226	-0.0215738306786979	0.0189884611281703	0.0197815570167198	0.0435366404402605	-0.00429819876940728	0.0126071340816937
"A0A060HPJ0"	0.0200596071907252	-0.0240146674291563	-0.0404199492482658	-0.0456762940943809	0.00771957942745278	-0.0459807446626651	-0.0333728654326339	-0.0155623348201413	-6.41853105134531e-05	0.00684627248148815	-0.0185337618984423	-0.0279801929789414	-0.0373596940651631	-0.0317912108215703	-0.0579764682251658	-0.0271000564707622	-0.0255553277494097	0.0288292519658483	0.0182186729421859	0.00757443479165129	-0.0315962398389207	0.0352724773225748	0.00438467608700249	-0.0473523115725078	-0.0238726239867095	-0.0429928929423375	0.00521240305664606	0.0125783291347464	0.0121271904013209	0.0153720443717522	-0.0159231251994727	0.0358289521167076	-0.0455696537228926	0.00549049263709273	-0.0267216172030474	0.00542735141564199	-0.0228917101901276	-0.019132242857033	-0.0152877385541067
"A0A060HPJ2"	0.0262819588128918	-0.052601576236313	0.03408730926757	0.00465142581668305	-0.0348449123784722	0.0234310731872434	-0.00915237771841367	-0.0214626096204484	-0.0271108520927963	0.0135078492321111	0.0376715641410753	0.00481953113838908	0.00899813802329901	-0.00695061401748951	-0.016739056982799	-0.00300644019680084	0.00913734761826449	0.0089392107295429	0.0105578996257431	0.0110662941359938	-0.00933388147784653	0.00249886040220795	0.0129040676811286	0.0150435885821737	0.0197098788388451	-0.013751458424587	-0.0250763724824465	0.00671237109702756	-0.0345013120877281	-0.00951426181251038	0.0241378023540075	-0.00669020067898326	-0.0147773897333854	0.0143710799084769	-0.0176744303612678	-0.00367349032098543	6.72577581398205e-05	0.0054163218148676	-0.0206903864118782
"A0A060HPJ7"	0.00420686962307882	0.0306487355863273	-0.0221552115551776	-0.0069130305532382	0.0223986294216552	-0.0233838920502268	0.0238506275280891	-0.0530522524092347	-0.00542847439462627	0.0581074008834283	-0.0469588610082163	0.0107312197136317	0.00761660132890738	-0.0050009603610122	-0.0457363647391094	0.0506474391668076	-0.006221439813878	0.0130893041649636	0.0255719835975761	-0.0780708778153796	0.00194539450046969	-0.0143743897142739	0.0656733242298746	-0.0296243198989559	0.0137887795735589	0.0492435970452949	-0.0190706310348624	0.0835716855750453	-0.0266188772958242	-0.00512879145146486	0.0633640800001597	0.0547111478941621	0.012867047823974	0.0366152502405182	-0.0363936006657165	-0.0787979553212605	0.0217107682585683	-0.0110218337906951	0.00733458468804153
"A0A060HPK0"	0.0304256091907822	0.0194607220634305	-0.0238603496868764	-0.062330646709655	0.0266214718288391	0.0256699543333321	0.0193855244655036	-0.00369023239400978	-0.0116528257993734	-0.0141693699478854	-0.0109583961882282	0.00433602543735374	-0.00770008827730423	-0.0130691807817235	-0.00719960337356009	0.0453905473618951	0.00126294961668059	0.00865248449328305	-0.0033150074621849	0.0467412128817301	-0.00414443829351026	0.00183572665195095	0.0171271294015153	0.0635834099483591	-0.00800239606663653	0.0198277958223311	0.0151775892865229	0.00258025283651666	-0.000454391520911834	0.0278689558315648	0.0178721558029337	0.0175701107145715	-0.0229898733364889	0.00157259425666032	-0.0129904441006908	0.00879056658996898	0.0137170399102435	-0.0156871954780909	0.0107394520792168
"A0A060HPK1"	-0.0188332309042876	0.0519311540904741	0.00244394040198956	-0.0606023292314603	0.0200165696979521	-0.00520390586612836	-0.00388941383284886	-0.0352200915281727	-0.0239094761265429	0.00113255908374319	0.000768944012266792	0.00995596094183566	0.0131711198555663	-0.0089004175982208	0.00101275709430039	0.0131071772081587	0.00830865135794615	-0.0249427047390154	0.0277426256944604	-0.0440402612608776	-0.00399817815201051	0.0116853544246633	0.012372215808716	-0.000543612623595417	-0.00128543306383645	-0.0443602372004763	-0.0020245538191551	-0.0143016772568797	0.0267011737158003	-0.0179250117190617	-0.0168691066286091	-0.017733030170864	-0.0028117239292831	-0.00863585702793261	0.000230834065509689	-0.0131792615319768	-0.00304990845674288	0.000997971763202881	-0.012286413324522
"A0A060HPK4"	0.0370833350844786	-0.00110830857665332	-0.0406361128262272	-0.00971444055965884	0.0239140727218047	0.0170068999659245	-0.0516920374799519	0.00538548060575136	-0.0210382941477699	0.0188284479057112	-0.0249750647153245	-0.0471053468448813	-0.00602419126063611	-0.000950726900528684	0.00720291210036273	-0.0533715669384949	0.00717401985161654	0.0110738491144498	0.00970658902798505	-0.00286582790163701	0.0178948891295252	-0.0317003583170029	-0.0338784279146374	0.0118878102244434	-0.00262236005203697	0.00151717029574318	0.0295748268729993	0.0176362723387074	-0.0021230161572173	0.0150757500260118	-0.0170856742380721	0.00195766261100907	-0.00689141451036664	0.0156036807667318	-0.0101713263237408	0.00605620704948615	-0.0127935977183089	0.0254526943097055	8.21865874697953e-05
"A0A060HPK5"	0.0354821897498961	-0.0242006578029828	0.0053510835370443	0.0294398412978223	0.00517335267715581	-0.0350914107913329	-0.0459170382392029	0.0304319174220896	0.0077311778171088	0.0184172885490194	-0.00319926551120846	0.00677113922028636	-0.0271871234293944	0.00690663652876548	-0.00460240343722124	-0.000662506606897164	0.0508846963981059	-0.000822007306725059	-0.0463549218670386	-0.00452510204381378	-0.0408868482341875	0.0145243302248191	0.0209845608222345	0.0271185750567601	-0.0536043100781767	-0.0164120863164356	0.0166290821687856	0.00143913799144146	0.0350083919596344	0.0065818991650599	-0.00969713407965155	-0.013874485738329	0.0278167918107356	0.0401577034213642	0.0322706196220573	-0.00943830646354614	-0.00820167515203724	-0.0119725493517422	-0.0274231834262024
"A0A060HPK8"	-0.0424208611409062	0.00506541016931387	0.0458538841012801	0.012807400061731	-0.0236862500903718	-0.00906174583084543	-0.0277177794225795	0.00481363827481919	-0.00707923258084599	0.00404780395655691	-0.00424541510812962	0.0192208500078497	-0.0069155176050163	-0.00392551635696116	0.0153622597939932	0.0224405574176455	0.0192625882374161	0.0134741333825415	0.0127534154727349	0.0133116991198268	-0.00216631763848733	0.012164750650299	-0.0153976922361724	-0.0238965354902375	-0.020902584096966	-0.0147212347429681	0.00889818966633833	0.000590060732964662	-0.0176081062289526	0.0153913132090108	0.0126669720474483	-0.000861015329908566	-0.0157177018820328	0.0289674506066824	0.00084695677532591	-5.78716964724603e-05	-0.0274973547210855	0.00458348065783719	-0.00462052248799011
"A0A060HPL3"	-0.00748780870700897	0.0471790609942583	0.0261893150073716	-0.046281968699088	0.0219961007497612	0.0316058008813762	-0.0469606473772914	-0.0203900557046793	0.00663387729663245	-0.0286416760181696	-0.0331303444978473	-0.026037773987288	-0.0127103670011928	-0.00414476385972815	-0.0131970471585924	0.0109791784374245	0.0546659412842581	0.0133342946570798	-0.0196195037962975	0.0296596079095132	-0.0533567073730906	0.0128108125970895	-0.0112278804277202	0.0357914406860345	0.0184077893410703	0.012803499001525	-0.00195940732645291	0.0115430430486137	-0.0240403464308198	-0.011997402696397	-0.0149822902855674	0.0054034146870996	0.0472095263522029	-0.0161784161656672	-0.012556131902922	-0.0121599841668368	0.0373350433464411	-0.0091034594665805	9.25813844333575e-06
"A0A060HPL5"	0.0262082564250069	-0.0166326182628123	-0.0184244377729527	0.0287983170812696	0.0348383422427849	-0.039102396316263	0.0135748298076629	-0.00197487897297384	0.0141604086479003	0.00241343419937096	-0.0059359590529404	-0.0376265577756122	-0.0350485141093743	0.0111298888268654	0.0302011396550579	-0.0241339453107649	0.00051186127989597	-0.0253858676732359	0.06768796161571	0.004482617588255	-0.0103334404281767	-0.0199744221533002	-0.0432741114588197	0.0722611590208672	0.00380558554415328	0.0363912215013826	-0.0252430316343468	-0.0113318650261648	0.00083152259400805	0.0330778624722284	-0.0685869782843326	-0.02524854002607	0.0184205614557063	-0.0557839114057288	0.106585644486533	0.0245307747756682	0.00522230735234199	-0.0213514437900966	-0.0122223450892435
"A0A060HPL9"	0.00342414511080459	-0.0127336017243982	0.0264080475989832	-0.00664757575081988	0.0157565303543041	-0.0293554515971863	-0.0184515278739603	0.00466414636689469	0.00641988029709807	0.0272314764521987	0.0379041125130269	0.075059646620226	0.0571513799448963	-0.0104954645052335	-0.0343453928346067	-0.0832216425722586	0.0425770316983316	-0.0500872099308511	0.0330672784766728	-0.0641932524923244	-0.0543213943594288	0.057857431044731	0.00669940212047623	0.0730498380989263	-0.0132791881754589	-0.0435305023777264	-0.0714736478585102	0.0189216346005235	-0.0500138653794654	-0.0210360681154087	0.0262622809845681	0.0102900997597757	-0.00978046629436554	-0.00539549028223306	0.0222257663919353	-0.0651175224351778	-0.0230840376956543	0.0481749771943916	0.0042019767539971
"A0A060HPM2"	-0.0193756173275402	0.0134633322719187	0.00379306496635153	0.00941766398665275	0.0261240051268326	0.00080317173676804	0.026108941858424	-0.0548257157614393	-0.0287027013557885	-0.0318546500830756	-0.0311430516044105	0.0156541846931368	-0.00656778169609109	-0.0196157994580446	-0.0022974613746981	0.0246303979674673	0.0458649356154986	-0.0080745396749391	-0.0448156990798462	-0.0394797780057939	-0.020409806744604	0.0459657789489421	0.0639552515455597	-0.0319097257349514	0.011089214723279	0.0927943090932587	0.0250755712951899	-0.104036914140718	-0.0428706247954879	-0.0358283598363678	-0.00451296803437399	0.029377769021584	-0.0458941681433443	-0.0243809333261824	-0.0105049555135208	-0.0775218272710616	-0.0142460492835713	0.103350818791005	0.00400297979024707
"A0A060HPM5"	0.037487362836322	-0.0271012705177199	0.028693832105381	0.00800931089374838	-0.00579892356293019	-0.00579621261476216	-0.0081099479008413	0.0256946276741884	0.0355334620187786	0.00846468189087325	-0.0031482706070102	-0.00607425257875467	0.0242650790864064	0.0358239037457516	0.009391419642735	-0.00302821343462942	-0.00117644603238935	0.00892375617369258	0.0256773844669873	0.0292588424134802	0.00903304036888828	-0.028644500078378	-0.000254781318848418	0.00180067808120456	-0.019913640010971	-0.0252517878632496	-0.0302816079604143	0.0408460495519754	-0.00872140577212721	0.0470840355466496	-0.00960375878168933	-0.0895455806495181	0.0468397260687724	-0.0311184021408648	0.00199508176743066	0.0305935953257639	0.00277379572663481	0.0243811879494401	0.00803030311209785
"A0A060HPN4"	0.0369954164989215	0.00533314055857125	0.0102831065898834	-0.00975180347104173	-0.0299021316565892	0.0115037238806715	-0.00579362857192166	0.00692466766869237	-0.000683803269594673	-0.019644663712278	0.0470381193609256	0.0216490019192904	0.00868359862918725	-0.00717276755749599	0.020893455927332	-0.0630237410499241	0.015047513273076	0.0160630356425959	-0.0401186403267801	-0.0420650955143708	-0.0371832125714958	-0.0499072135119876	0.0223948446385176	-0.00758683336461228	-0.00724297976242921	0.0113174628510368	0.0482287640567039	0.0533359492209342	0.0204794458641199	0.00303212777373193	-0.0433259470367841	-0.0222601149394364	-0.0517703331525634	0.0258520121964827	-0.0377920887076727	0.018460921137318	0.0359798565744172	-0.0680860828564837	-0.00589292830025564
"A0A060HPN5"	-0.0368149048184645	0.0149243897577373	0.0385455126520091	-0.0156475056209125	0.00330420044682687	-0.0244239629538905	-0.03762956130238	0.0224740129825621	0.0211027378417156	0.00187844812463869	-0.00678412975072981	-0.0129142038845894	0.0361777967756359	-0.0533182568372285	0.0173076208678613	-0.0171262863559764	-0.016431855658404	-0.0277613363259671	0.0224379896611709	-0.0274809674961088	0.00885230728154828	0.0315076892718255	0.0199601657079627	-0.0263420252653895	-0.00685859619143612	0.00227491243867456	0.0196704448725578	-0.0191876762243499	0.00526727986321821	0.044824580022809	0.00493078340093793	0.0431331792530087	0.0111879286527886	0.0205144711570579	0.0126101397193718	-0.0115859418970478	0.0170967531733624	0.0288335513870714	-0.00676149271916538
"A0A060HPP9"	0.00303108718646479	-0.0215679464911971	-0.0552518455007137	-0.0296511839485738	-0.0113790871802675	0.0445080327374173	-0.00520852280811323	0.0108209664432281	-0.0110939005500346	-0.0158196215490677	0.0257174471835283	0.00840665496411474	0.0168387535452547	0.0142463740420698	-0.0637236389109328	0.0569644389693617	-0.012830611245639	-0.0051656521381229	-0.064848575090393	-0.0404319471736011	-0.00190455595589922	-0.0346794811559957	-0.0183197859572574	0.00242823298870178	0.0534549103932211	0.094735974128116	-0.000121859758310726	-0.0239910916023722	-0.0143842417680646	0.0639701582443449	0.00182308830210107	0.0251825477371907	0.02311291167376	0.0328998024561251	-0.00305696732685515	-0.00610190489681206	0.0297271138120866	-0.0323628768473851	-0.0118314353177682
"A0A060HPQ3"	-0.0366166082359254	0.00965915694355036	-0.0204016693605205	-0.000662653811005322	0.0511245106314279	0.0308719608439617	0.00465542266081617	-7.67100391658487e-05	0.0359148273757643	-0.00140027629613175	0.048791644393301	-0.00959349095619913	0.0438171322322995	0.00285731207851066	-0.00904005542845487	-0.0506341866449145	0.00363168759304505	0.0111869202722226	-0.00725066489329937	-0.0226572329579942	-0.00166888315765669	0.0255047929748604	0.0074744148947079	0.00505213938584377	0.0116688250138019	0.0100794333256204	-0.0062606596397044	-0.00879398254915901	-0.0544805043838979	0.0187612328428702	0.0282301399027137	-0.0141399116797945	-0.0137522960998732	-0.0280084453296569	-0.0119811677056337	-0.00614633570518759	-0.00347530791018904	-0.0242708371243969	0.0342015438469313
"A0A060HPQ8"	0.00664025380379279	0.00630588132394572	-0.0224474108646161	0.0742906969261442	-0.00465922884691151	-0.0208157716524507	0.00881570106193559	-0.00154265488844032	-0.0124940420000368	-0.0327268810868587	0.0255929392900448	0.029236388830909	-0.0429534932845313	0.0162208758465599	-0.00242335732955431	-0.0420401364207995	-0.0115682241084127	0.00244106985267507	-0.00938025635125271	0.00657897236908212	0.0233334043562283	0.0165909362183286	0.0460694992563675	-0.00148158693297751	0.0614400755247498	-0.0196477454642565	0.040380380070176	0.0249582430085221	0.0141339036656914	-0.0669345869824823	0.0828974878805827	-0.0650560308568952	-0.0108890985598377	-0.0245898860379281	-0.0747038392296208	-0.0182546832881829	-0.0510801548840873	-0.0316721981309872	-0.00611395792664765
"A0A060HPR1"	0.0424219295972042	0.0146187941747139	0.0089989729157606	0.00943903793773076	-0.0127065569509711	-0.0241523815716073	-0.00896938196679567	-0.0340420401746237	-0.036308697511683	0.0319525130800783	0.0134429895458794	-0.0205631313131692	-0.0106312698871679	-0.00723707380988278	-0.0259028533440402	-0.0232234614754493	-0.0115870532160112	-0.00626680965728713	0.0113753311116703	-0.01529788189925	-0.0169145098019613	-0.0276180897528185	-0.0453023869034195	-0.0107184927330752	0.00804805175912997	0.0295480020748001	0.0515641450958523	0.0100765167726689	-0.0166275977710275	0.0262198023378865	0.0309410277179157	-0.0359792793796769	-0.00111157745331506	0.0256540520801511	-0.0195404873775195	0.0199628924679876	-0.0178902777492373	0.00344768532074598	-0.0243886495896163
"A0A060HPR4"	-0.0203587804159423	-0.0489613390482546	-0.0546697140946597	0.0291106319999527	-0.0160559231997317	-0.0239449983479744	0.0119930530255914	-0.00507092007010781	-0.00255150922766548	-0.00854013885816358	-0.0367348590091754	0.0159675915230859	0.00521821837849755	-0.00315052780401321	-0.0250415873677407	0.000371424773752213	-0.000108110066709114	0.0158267177969782	-0.00392367150510659	-0.00134109375652389	-0.00317862272495379	0.0132543591505132	-0.0279386321833887	0.00103286575301837	-0.00515599332176267	0.00785816759989396	0.00293778148364095	-0.0377243083979266	0.00317744345500738	0.00754521763505978	0.0108241139784243	0.01555170778653	-0.015563227981173	0.0201859360526261	0.0089181104241683	-0.0428760329060072	-0.03129195069575	-0.00170419026590407	-6.19710541661658e-05
"A0A060HPR7"	0.0234880286854733	0.00106859326558796	-0.0021707408827571	0.0289197367102105	0.0177893878859943	0.011974332713989	-0.0327857081441071	-0.0577040731998392	-0.0307089716061534	-0.0712384225423995	-0.0301456156008304	0.0335782051468943	0.0261745901614857	0.0503257217915308	0.00212404095237162	0.0640951669284611	-0.0125685125850921	0.00754495262516043	-0.066373912010473	-0.0294576770430405	-0.0412309827538486	0.015281813655903	0.00816154709874126	-0.0129453497790866	0.0355157463933863	0.0250261585519279	-0.0510249875557205	-0.0253283341087505	0.00867239689288796	0.0270655148317649	-0.000387579444131016	-0.0226960655877613	-0.0426539616924387	-0.0289060678222143	0.00642002074139655	-0.0549471044510733	0.00544852113036972	0.00256897588415447	0.0643134855087673
"A0A060HPR9"	-0.0417129600575787	0.0242324961252476	0.037905512671499	-0.00903635102219933	-0.0168445384960496	0.0049606462413124	0.000628240447587672	-0.019818335919303	0.00884910654524287	-0.0193094485406458	-0.0360365812778271	-0.0211364966071505	-0.00651285295490328	-0.0241480834440176	-0.00282421203119476	-0.00236519929166858	0.00381338682284238	0.00453095611911936	0.0227362798224422	-0.0103700588760883	-0.00586359514287503	-0.0137706742714585	-0.0186634605205813	-0.0244166793723764	-0.0136882320467174	0.0207924473943136	-0.0289283415057862	-0.0124801217737464	-0.016226375806939	0.00949380934570018	-0.00500195128382445	-0.010961661067392	0.00981213730673281	0.0186895120716281	0.00957310687561844	-0.0287419936901939	0.0141955019590847	0.006775138353739	-0.0278618969784332
"A0A060HPS3"	-0.00899712909206616	0.00268103645145069	-0.00642381790242997	0.0436593685270081	0.0201157853200105	-0.0444479376672378	-0.00771409008631502	-0.0306580660950054	0.00705747557916765	0.0483824341307469	-0.0130288154806765	0.0534400362951698	0.0477139062175399	-0.025945109318402	-0.072068750277692	0.00921878719043306	0.02389719491101	-0.0149740637414859	0.0657723439776007	0.0153202796013773	0.0118900517656039	0.00297273808023575	0.0623527703780709	0.0145230306868344	-0.00223145011568292	-0.0073530535306029	0.0130791771543671	0.0335013721886587	0.068166863488837	0.065050000817152	-0.0453784426596002	0.00159392211098674	0.0306276344048928	0.00556162639663661	-0.0635309202119277	0.109547585548211	-0.0126519894373271	0.0267761077712119	-0.000550402931549308
"A0A060HPS6"	0.0482390074536096	-0.0110388616986858	0.00692809629616395	-0.00338810212652378	-0.00604809080987415	0.026572577352148	0.000816148451448833	-0.033231017055829	0.0081161055506998	0.0162487106045081	-0.0126500512873721	-0.0106452187647774	-0.00668786829721981	-0.0226967200415304	-0.00828919589240302	0.00177899616963169	-0.0177440293851219	-0.000278387433022635	-0.000604801244611907	-0.0197942073662051	0.0128847544641286	0.0185377510947217	-0.0036336749707551	-0.0229096014673685	0.0330412866818136	0.0126870976304237	-0.00268139992720213	-0.000476841343769668	-0.00758904508433154	-0.00366912920143545	-0.00140474550096263	0.00200027547270712	0.00450466105798717	0.0183649652462521	-0.00694192494416996	-0.00231925868956701	-0.0167163730474225	-0.015291004853427	-0.0121891866824309
"A0A060HPS9"	-0.0178264107980787	0.0147006631364691	0.00205878100168549	0.058331594025345	0.0102184665805203	-0.0590601551673904	-0.0226401018883858	-0.00672075594932393	-0.0160657252563443	0.0244167212910481	-0.00698674302670712	0.0298267818200903	0.0641367299470154	-0.0128661029123435	-0.0522200991510045	0.0173713347701435	0.0247836670399921	-0.011418713507635	0.0231186947951963	0.00765961656776865	0.0314111510283331	0.0513465715442336	0.00408211493281463	0.0522819512049576	-0.00751822421616012	-0.0106024468064878	0.00612382945030583	-0.00628252981629856	-0.0540670795383833	-0.0310018069505415	-0.0343805160301027	-0.0193404239790767	-0.0274457376325605	-0.0141488159917244	0.0553781768059738	0.0156311005391464	0.0107381165918642	-0.0609168264985857	0.0158597695362094
"A0A060HPT9"	-0.027451332081614	0.00439781396977323	0.0373346720261466	-0.0112274260577227	0.034715690661539	-0.0610367911864841	0.00458739277128986	-0.0296430052428539	-0.00693008108045055	0.0123822096867446	0.0102028766975703	-0.0748934175506701	-0.0437859218083302	-0.00765056753588713	0.0152826135058987	-0.0229430090684438	-0.0166319810591481	-0.0525756460650869	-0.0155074250263734	0.00887210264112563	0.0137270534828179	-0.0266910941581563	0.0130505874629316	0.00896024710917168	0.0372450680918585	0.0302491709122707	-0.00160371955508644	-0.0190903129489271	-0.0106097079128727	0.0343055228019819	0.00102301988273964	0.0457210289261535	-0.0098250036649173	0.0171895163053686	0.0248013787206294	0.0134454110032491	-0.00164644774499492	0.00786305128754267	0.0100663446528548
"A0A060HPU0"	-0.037768048425945	0.010894137720656	0.0173770138408812	0.0506858880970825	0.0335044833419862	-0.0166870252807724	0.0235590072630012	-0.0212287496809441	-0.0287946671499913	-0.0396775872189743	0.00199694409423002	-0.027241965681473	0.00370662954265257	-0.00394308197276052	0.00831916117794429	-0.00577826074644884	0.00510458542862136	0.00725480826399227	-0.000808338997483183	-0.000145096864006989	0.0213679265165332	-0.0183723385709301	0.00836133159566413	-0.00613504306253528	-0.0208936423454807	0.00570888626282084	0.00367812909732572	-0.0105763793843845	-0.00069789131506155	0.00606284426553772	-0.0136430672628098	-0.0280643016314772	-0.0192484064861154	0.013895159054585	-0.0196040448215618	0.0057680217383777	0.0102246101603533	0.0120361522480871	-0.0301023411202348
"A0A060HPV0"	0.0181066667643873	-0.0649561201983388	0.0123686165554063	-0.00862099732455078	0.00807177484209169	0.0261147913598171	-0.00543402491837586	0.0280711461187483	0.0228095199121915	-0.0295717587417359	0.0242113907734209	-0.0306557487032432	-0.0020394685846153	0.0216006366721015	-0.0124739514080545	0.00942499248625192	-0.00446276378420786	0.0100880033653266	-0.0225871353699025	-0.00477969514178526	-0.00648495228634561	0.00040929713535793	-0.034654918840717	0.0257384231969261	-0.00769336899515136	0.0231499576919619	0.0159985191694443	-0.00783355413067183	0.0127446624303836	-0.016683199201758	-0.00933460645304301	0.00312628998613853	-0.0383940582559756	-0.0144515604441453	-0.0385814842798882	-0.0193428135694899	-0.024607798457941	0.0443206774665186	0.0193577506436978
"A0A060HPV1"	-0.00721839127932425	0.0315345770647267	0.030783872643568	0.00401341923240056	-0.0557141609797941	0.0070939313954706	0.0253104522353345	0.0361123754741883	0.0127665043588402	0.0201369050001009	-0.0376985630442873	-0.0107372024295715	-0.00249676744795033	0.0336814083407663	-0.0112687922276112	-0.0267691551343163	-0.0609783582103716	0.00600102297731182	0.0257453268942114	0.0140522407921271	-0.0483166492005902	0.0154898020972788	-0.00469547372872373	0.00605059466762299	-0.0375582723790622	0.0445189192226078	0.0914209775232034	0.0373631178897041	-0.00191145742180535	-0.0108361107872724	0.0335746170698697	0.100500206262354	0.0467740285747669	0.0123658980771068	0.013779099600679	-0.00414790504167502	0.0139324116756722	0.0550410409862579	0.00180711725517641
"A0A060HPV4"	-0.0479482626142211	0.0163921539723052	0.021939946860655	-0.0179298031796908	-0.0120796442847182	0.000450975746045503	-0.00335121354220103	-0.00104507702901978	-0.010262407907792	-0.0131425668075504	-0.0284883316312163	-0.012134278493213	0.0149400236581275	0.00218006994114472	-0.00115397110662715	-0.0033866354465735	-0.0199741318921871	0.0006581677548081	-0.00464266929828139	-0.00842609641132991	-0.00370928056475744	0.0032166459079414	-0.0189317047864212	0.00261986846057464	0.00383965998966344	0.00338443707318449	-0.00629446517160222	0.0118656978308479	0.00410568787593923	0.00330622089257915	-0.0177060423312116	0.0029632576351638	-0.00118646869696828	-0.00682279632872316	0.0121468436932919	0.0052617695395893	0.023646877593913	0.0057075218154757	-0.0247401326628194
"A0A060HPV5"	0.0420796821731183	0.0198408144567745	0.00129958488579976	0.0188636354124308	0.0301651177149398	0.0326018629198672	-0.0168089573010201	-0.00937800308248509	0.021584474620555	-0.0387319576030008	0.0199757322227626	0.00444713841136271	0.00357819243009741	-0.0122352870376488	0.00534334043685999	-0.0314566719173612	-0.00563669759570222	-0.0262857814845338	-0.0147142025993773	-0.0124363629762182	-0.00342675285682263	0.0184277137014024	-0.0307398663278113	-0.0195816713094258	-0.00515156413413216	-0.00388573950083697	-0.0113792193967391	-0.00852407613878772	-0.026515610812196	-0.0160943782317624	-0.0262193457968584	0.035460285039704	0.0261400847730422	0.00612020449814756	-0.0106998902060547	0.00242351800985674	0.0180245696338158	0.00461870401093257	0.0225468009950767
"A0A060HPV9"	0.0323294411176028	-0.0282322819521096	0.0203889876868794	-0.0230580069954598	0.0248858737392192	-0.0106704151993386	-0.0375376128123177	-0.0109998080220548	-0.0323676174057059	-0.0249335539322229	-0.0561532333088696	0.0166739656365325	-0.0203687077381238	0.0566878819841332	-0.0170948750209529	-0.000435785416544775	-0.0326667046472874	0.00409385659791759	0.00309217531225663	0.00965923433008099	-0.01228077363661	-0.00412677750137999	-0.035065388652065	0.0161279114429555	-0.0377115913754671	-0.0481650753417557	0.0164679444700474	0.0170721524964435	-0.0328180743693634	-0.00238614516745534	0.0147355614636481	-0.024790911687161	-0.0331354406784347	0.0156226196027854	-0.0314591151745429	-0.00556427983838096	-0.00477065536814692	-0.00871892824464774	-0.0212006279200145
"A0A060HPW2"	-0.0017370380086624	0.0243548353102687	0.0314012387264086	-0.0360305354589084	0.0540212343612379	-0.0179117578118868	0.0421556797225651	0.0198755246563005	-0.00791606519274659	0.00771315723622424	0.0269125938817168	0.0173279489547154	0.0928164785394762	-0.0279550551147493	-0.0068960970024483	-0.00524463559394468	-0.0279577323756884	0.0102117414410041	-0.00133606148364362	0.0300326970643247	-0.0678915613498243	0.0034528053111997	-0.0342148375524319	0.0339127366765122	0.0433346263358623	-0.0211166369611776	-0.0347194250392999	-0.0151212191611306	0.0240241955226267	-0.00554690284589909	-0.00456771356923767	0.0180616914225933	-0.0031700316773856	-0.0200819810621809	-0.0651350311133094	-0.0189322440317598	-0.0345095997919388	-0.00637723340620045	-0.0240922425604873
"A0A060HPW6"	0.0392760928233824	-0.0213385503599514	0.0161557865050921	0.0174447189384966	0.0117082163637478	-0.008617608961969	-0.0440037226424096	0.00454837811242839	0.00756181309341109	-0.0242146399447258	-0.0194650807316381	-0.0120375858642723	0.00808313244590567	0.034525073081483	0.0106807504115686	-0.0501407585871497	0.000432905528509453	-0.0204741740666739	-0.00200111107060513	-0.00349679509103304	-0.0123804056661697	0.0528711827641132	0.0389204515954786	-0.0262524293849262	-0.00185950502049925	-0.0145156369788678	0.0238429486849049	-0.0207560849870118	0.0479559558879982	-0.0439379656760215	-0.00487556032890549	-0.0134896713274454	0.0295237643771234	-0.0104662999361734	-0.0071989554258389	-0.00656401262097941	0.0380951105980169	0.0100216660718038	0.0202297666847482
"A0A060HPX5"	0.0135109333977284	0.00897790516259028	0.0465729086626402	-0.00276498790890095	0.0188898140710492	0.00358697241562521	-0.0591117866985053	0.0014945571247569	-0.0392706659860166	-0.0035837010262305	-0.0441387383759606	-0.0246803025487709	-0.0234049360077763	-0.0440306130650694	-0.0337157021585923	0.0410537352094847	0.0502668955799707	0.0057933369669637	-0.0186525394410578	-0.0360050547621879	-0.0275965631521441	0.0148052165869139	-0.038404386099218	-0.010249339647889	-0.0608043135945221	0.0667836674003785	0.0455262974640261	-0.0109059394893434	0.0194684748773966	-0.0698349287122552	0.0341313841303624	-0.0368546583173065	-0.00706091294203484	-0.0702228761727065	-0.0243879522475004	-0.0672469800975319	-0.02193630373934	0.0224034904027186	0.0206115642072814
"A0A060HPY2"	0.0292789257140631	0.0129622866117041	-0.0599520679395615	0.0232149511204755	0.0105590459404916	-0.0185006772011848	0.00537163913769376	-0.0372481243374894	-0.00795489583893926	0.044555066479636	-0.0403862197971866	0.0318354241124756	0.00364358488052411	-0.0109395216479922	-0.0095087923402922	-0.0142057308197118	-0.0204976952861385	-0.000590336910232967	-0.0182920271504477	0.020639258177723	0.0165749974428364	0.00397338583859648	0.00160305161014502	-0.0291133762160983	0.0233421634900947	0.00404558354273862	0.0339150573874132	0.0315121439685968	-0.0320278276700036	0.007108435640886	0.00112431114354169	-0.00112225703603795	-0.00691358509153943	0.037655800894972	0.056495109723737	0.0193772574041945	0.00367137975296472	-0.0112325250695448	0.0214867386026844
"A0A060HPY4"	0.0106930348550838	0.0503076203546052	-0.0501386808458308	-0.0442068117774334	0.0350731953559667	0.00896055153453415	0.0117508863152194	-0.0169701451818598	0.0109817157144579	0.0138737519043854	0.0337430498679487	0.0172545489097689	-0.0257632382442999	0.0169651425683648	0.00493031886911701	-0.0104406514694588	0.00844455328223515	0.0147021840823549	-0.0116735657906499	0.0116803989577705	-0.0149495130416192	0.00374998884626013	0.025538439539752	0.014819432473185	0.0269044728086499	-0.0143160698031515	-0.0111892321746944	-0.00550404854656163	-0.00318459507032393	-0.0149315685242761	-0.00170154369702328	-0.000249579007562279	0.0119878470639437	-0.00535600874729491	0.00128879314841139	0.0116392613545373	0.0298932410789378	-0.0016492211865926	0.0013254869080228
"A0A060HPY6"	-0.0177375716182793	-0.00163372842715096	-0.00335233532600156	0.0370161524609074	0.0250749155874941	0.0295850740508485	-0.01755446835682	0.0776565401840146	-0.0670683843846501	-0.0164345788928947	0.0539629687256283	0.00990975316804624	-0.0167344097886414	-0.039494891978203	0.0900454640381419	-0.0243971815194417	0.0104101668573396	0.00824653880598202	-0.00531177577011383	0.042116596768543	0.0352267617552546	-0.00632697180405795	0.00396030511715077	0.0185229221918398	-0.0110829818649428	-0.0175849838657214	-0.0148291855929208	-0.008729155593255	-0.00221093994312698	0.0243038764370534	0.0368841318149941	0.016245675236222	0.00246185286481927	0.0137425377335265	0.0153531960338698	-0.0353310782420195	0.00369599838407812	-0.0221983798975874	-0.00922982187243711
"A0A060HPZ5"	0.00558160032051832	-0.0118310066747337	-0.0288902377490214	-0.0652871846628015	0.0244168146530694	-0.00469610908655157	-0.0169375641673717	-0.0370099824835498	-0.0136971640019799	-0.0461291083131566	-0.0096052319372472	-0.0203405726687892	-0.0402034350393521	-0.064047867558996	0.0340335784887544	-0.0165143544861008	-0.00816802101223188	0.00996322694357277	0.070013361588658	-0.00222884018456485	-0.0119913175368877	0.0220531488596184	0.0621674279535379	0.0216343709924946	-0.0114841879685853	0.0227931623573069	-0.0158689087909616	-0.053185251645003	0.0190718751111446	0.0173360907453243	-0.0175899714778519	0.0527059449841679	-0.0134801989078868	0.0635482327451795	-0.0207346654505693	-0.00745597928326494	-0.000900325201420803	-0.0363763260359518	-0.0126494738588975
"A0A060HQ01"	0.0185504601872763	0.0332652852066164	0.027539251937891	-0.0500740073948454	-0.00279328156637562	-0.0298070117141584	-0.0485685264540696	0.0259722436693425	0.00896567026051069	0.0376637675627488	-0.00671240072490545	-0.00683668583618268	0.011211691232208	-0.00819893753868147	0.0251312676980658	-0.0558698948847241	0.0326623762679808	-0.00633406741893126	0.0271415956405188	0.00776598736257182	-0.00924866690248493	0.0179948784968432	-0.0260350664594011	-0.0868095448886297	-0.0271718217491518	0.00614904964420545	0.00154780979794485	0.0206487261487887	-0.0474197625812389	0.00135885395132735	-0.00638349109747604	-0.0162888442304147	-0.020595618095393	0.0143734760399698	0.0122665735248113	0.00630688620840981	-0.025776852587736	0.0121722779581057	0.0433535233706204
"A0A060HQ02"	-0.0417026316266817	0.0286454040069267	-0.00227892384130903	-0.0259978064513259	-0.0115936883337472	0.0241104803014999	-0.0115114875964527	-0.0156587884495418	-0.00714655539568201	0.0319531362155685	0.0257916274520144	0.00499030582449204	-0.0368627180975325	-0.00432445109095614	-0.00737444204256746	-0.0232513727726744	0.000580194567571709	0.0102879561255453	0.0176427797020434	0.0318839982470222	0.0351463827629898	0.000135217137491262	-0.0282383909753225	-0.019804526441208	0.00481736154541672	0.0197898054294389	0.0179541097500228	0.0141881841340856	0.00198353690158022	0.00248370596535597	-0.0174203874356473	0.0144527437430647	0.0153719035200915	0.00454304628063114	0.00179270732627414	0.0162229229678018	0.0126168413295385	0.000637832737520317	0.0443213979253191
"A0A060HQ07"	-0.0196408362143099	0.036106217865163	0.0229255234988262	-0.00100900164740725	0.0168336924801014	-0.000253772025657862	-0.0621483321727428	-0.0208776223776066	-0.00957847641404524	0.00977040312664408	-0.0531259483199014	-0.00388631638378859	-0.0178217560182246	-0.0190376802274595	-0.0107335459486047	0.0225917210945076	0.0285624235521985	-0.0565806718916402	0.00464283830523909	-0.0035522122053654	-0.0119188305990008	-0.0166576041857185	-0.00264039635052646	-0.0174067577498273	-0.0462978032620457	0.0654348900424102	-0.0406738555917906	0.0695036756796738	-0.00381085465069993	-0.00524655905900002	0.0656763692704063	-0.0374145583482185	-0.0619058831233602	0.0533257048158594	0.0429514910933461	0.0101419505621714	0.0408542641267059	0.0201863810035658	-0.0204217425915368
"A0A060HQ08"	0.0108117999118628	0.0438949627460545	0.0352023433939246	0.000269642719256006	-0.0108405816410245	-0.0468736291103465	0.0171462970359436	-0.0172824534699496	0.0316289540326152	-0.00443715648594676	0.0341973815758762	0.00671425085215782	0.0393296623846486	-0.0045310968420564	-0.0597211109272162	0.0325354127505279	0.0329445136553813	0.0372880948784609	0.00470377211635594	-0.0188425496436008	-0.0384800619911715	0.0754571750924141	-0.033114732384929	0.0314094164394828	0.0400481071402112	0.000842249213701902	-0.0225337186491192	0.0531615991277759	-0.0180024464704777	0.00200314494850171	-0.0145094027967823	-0.0495105734077384	-0.00143039270847427	0.026162650252297	-0.0358237678743549	-0.0184564363847928	-0.0183226248001215	0.0216570620929978	0.00672782936148469
"A0A060HQ12"	-0.0301646384688692	-0.0227951740811467	0.0364016731740438	-0.0119560076515019	0.0316459575998684	-0.0146221468142574	-0.0438167758929938	0.0170472048455767	-0.0300291094547094	0.0201889211199596	-0.0189517009335243	-0.0187959928281896	-0.00193004426538557	0.0468306285089791	0.0234341930170136	-0.00968699415215096	0.0165821935738472	-0.018973163190124	-0.0113045434514295	0.0472624542886439	0.0274095803570174	-0.00769749809747742	0.0262282417060295	0.0439867740705751	-0.0328692071682847	-0.0257463652624431	0.0270474294668085	-0.0396334548285444	0.0267631124936825	0.0185731852915108	-0.0166151308379805	-0.00543018115575155	-0.0580045921885658	0.0284258544756767	0.0122226051139975	0.00481135518104365	-0.0535474190150736	0.0301654939631594	0.0175904865255708
"A0A060HQ20"	0.0346313867849382	0.0247831341671359	-0.0138421473867037	-0.0191941037371182	-0.0309595406952113	-0.00674130222494729	0.022495111646959	-0.0329356488488292	0.0201939133316889	0.0046185006172139	0.0115668614592948	0.00226693581787343	-0.0503316577995785	-0.0699555437121018	-0.00773469935714836	-0.0337435178531513	-0.00230179784764321	0.0100918990766233	-0.0174313802218126	-0.0184515755063992	-0.00331220793831307	0.0358423049685629	0.0356955787954697	-0.0231026042834184	-0.00634912803906266	-0.00995053630282866	-0.0231223994063863	-0.0163614193019049	0.0192609044356575	0.0311477765225806	0.0342430379143161	-0.0138799626892414	-0.011741174992906	0.0440972132186533	-0.0418911898161552	-0.0010095289949212	-0.046132892001163	-0.0102781218153434	0.0821968242707281
"A0A060HQ21"	-0.00958707862503849	0.0504336723619323	0.0274144636873822	-0.0454819731317838	0.0413024425854933	-0.0193601270754622	0.034153297023558	0.0207611885041774	-0.0198882320374416	0.00568834405064431	-0.00756076353945761	0.00628487333863883	0.0331429112486835	-0.00424482815453528	0.0190720762709314	0.0155053514410944	-0.0364216992809203	-0.0234392719492935	-0.0365522155921844	0.00153122464150837	0.00558169326700041	0.0297548465898639	0.00168796295997522	0.004364985286447	-0.0116692397865721	0.00637923623686251	0.0358475554209497	0.029405821137191	0.0142345353527172	0.00555890538450376	0.00903550699100035	-0.0610796679317369	0.016194974308336	0.0177349458762323	-0.00151238260006455	0.0140779934491197	0.00441592965901683	0.00827547410708554	0.0225575281754833
"A0A060HQ32"	0.0410996636401303	0.00463056471896062	0.0383618026345709	-0.0119720942563571	0.0304762954880882	-0.0194281530830509	0.000156795275469879	-0.00246115291626216	-0.0604637128563809	0.0229508036770011	0.0197479822413565	0.0092585891989931	-0.0316763881268958	0.0124617939225373	-0.0056593049077925	0.019347644910651	0.00525290439339599	-0.00782624743078145	0.0109710192579203	-0.0135987141683815	-0.00739419031763302	0.00474959573025281	0.0110186582516931	-0.00583080315411518	-0.00955119349267911	-0.000720774632056292	-0.0045871412943383	-0.00360596345159053	-0.00846716520912314	0.0104754288338112	0.00401563224102583	-0.000231931037141668	0.00194972004607688	-0.0119961077511622	0.00343432229758575	0.00651729454445645	0.0130987780751553	-0.00151717830343543	0.00614772477632652
"A0A060HQ36"	-0.00815166026686821	0.00410454598726309	-0.00147146385144872	0.0313220666146752	0.0211694011722863	-0.0238870349528669	0.0266957997083847	-0.0154990848925519	0.0100227483114452	0.0580663416146076	-0.0352398973105723	0.0420857779246701	0.0202702808325881	-0.0573038003378145	-0.0850478676665963	-0.00832800541391634	0.0678776778931969	-0.0312857857636032	0.0839619457876412	0.00829655734902763	0.0316315789207093	-0.0527492531384973	-0.0446226826266909	-0.0206915043359085	0.016923029247177	-0.0306993394717827	0.0406495684393801	0.0020266046707317	0.0554589827485515	-0.0314293538248316	-0.0383829740073866	0.0168935556098858	-0.020551677246467	0.0359557466659651	-0.0563977283282413	-0.00958099168371811	0.0507705257205456	-0.0685879246856662	0.0106762089619599
"A0A060HQ38"	0.0285023607147821	-0.0256385615560516	-0.0198853285965606	0.0142166572668579	0.00586096737789678	-0.00752139491728988	0.000705692660997003	-0.000483813509271208	0.0471041143335101	0.0339243946321395	-0.0723487342466285	0.0395595987284335	-0.00562458967196592	0.0593376609142809	-0.0508580515351437	0.0297687774410606	-0.00654119201012714	0.0196983214033545	0.0088356919148245	0.00465710776062065	-0.0377349148406788	-0.0181997621112775	-0.0328304112287387	0.01439903320553	0.0208446803491925	0.0264130800923436	-0.0498508037233379	-0.0285067894554623	-0.00124191487093121	-0.0443409799269746	-0.0594275307248067	0.00646233323478371	0.000318475994737824	-0.00482296956573694	-0.00171825630066651	0.0413594366460938	-0.0497190374075686	0.0171288856388851	-0.0101825819301495
"A0A060HQ41"	0.0243244417844061	-0.0470326291440742	0.00978214305709661	-0.0189762477358881	-0.00462063087066868	0.00058077918908938	0.00200873305323081	0.00177543029685386	0.0384167042428848	0.0343314592415391	-0.0184354308009293	-0.0370762526378008	-0.0123008400175578	0.0150848908474453	-0.0117858404212827	0.0017173261070141	0.0299265322493184	0.0163078305425622	0.0319216157334329	-0.00247016380774005	-0.0389562121152493	0.00739171428147512	0.0315090308299094	0.00343113965531103	-0.044153607447102	0.000921770770089763	-0.0523178127355541	0.0420813199197764	0.0414847696969624	-0.110348535075624	-0.0326879060339609	0.0146649901786467	0.0353595378820812	-0.0171354674401214	-0.0220685133423412	0.0150830997295646	-0.0174850925815355	0.019243999841144	0.0194856722933894
"A0A060HQ44"	-0.0383520207392836	0.0387020548945557	0.0022454723901754	0.0106328323481593	0.0351626422346068	-0.0350560889673006	0.00995036551378369	0.0057363769484815	-0.0291366431006523	-0.00683694057789131	-0.00769483756815552	-0.0236753460859596	-0.00721968008358212	0.00101050139921928	0.034872867632888	0.00153244905042165	-0.0145687958008957	-0.0134825323062429	-0.00753641535447763	0.014946521767777	0.0141587860481852	-0.0164794369249199	-0.0024391512255873	0.00543009177343231	0.0153376391802585	0.0164209850524336	-0.0219324065247756	-0.0176417703503688	0.000593801154697702	-0.0104093985428058	-0.00555838955937243	-0.0041995936012573	-0.0119798634328384	0.00217083508269028	-0.0109313898177755	-0.0143920182259322	-0.0274703221033701	-0.00615744546516781	0.010374722057176
"A0A060HQ49"	0.0389100601760031	-0.0318674358548692	0.0149939612098536	-0.0226751004412669	0.0321592937036463	-0.0047099681456678	-0.002108257083685	-0.00452321158224369	0.00314823743167519	-0.0054704588199971	-0.0477776578984859	0.00163618063790782	0.00573985027886022	0.00774633324267807	0.0526902863431786	0.00769488813808408	-0.0150882786311155	-0.0130430502924084	-0.0141403300635215	0.0167412621659406	0.0153470464458631	-0.0057523194043065	-0.00146004310035054	-0.0116281317933234	-0.0322350646918232	0.00453773692911649	0.0464194813897635	-0.0319785868168715	0.0150484123826883	-0.00772156311555195	-0.00917042415893927	0.00257338882870626	0.0140313096347432	0.000760265151187034	-0.0114102302702262	-0.00408262752053852	-0.00509608196805874	0.0148142641697646	0.00734327656535387
"A0A060HQ52"	-0.0276694901710334	0.0365373801268543	-0.0312957125414433	0.0485754943562828	-0.032070715857296	-0.0193219255802494	-0.0222545498981908	0.0114807586231856	0.0445959613899719	-0.0127872310891519	-0.00982796966651074	-0.0242620471351032	-0.00940411928975353	9.63774806384887e-05	0.014586232897646	-0.00709635911337215	0.0120499123851079	-0.00800999293138012	0.046004224067066	0.0212372703698465	0.00604053585197974	-0.00738909825107509	0.00672278201114035	0.0182736812026793	-0.00292248501609199	-0.00876353103057502	-0.00672771638269632	0.028821404877214	-0.00341681194014377	-0.00633259409832422	0.00100797848351153	-0.0128129071244898	0.00684375728104131	-0.0245678925333421	0.0167825336677496	0.0143339379524465	0.0109265614913	0.0193059886614926	-0.026561524031156
"A0A060HQ54"	-0.0134125820653109	-0.0475204785719519	0.0221446091221481	-0.0202226811697154	-0.0143555083149664	0.0613513208968821	0.00296589337989406	-0.0508937192825056	-0.0429011427902229	-0.0181364900430671	-0.0375848754371877	0.0607505005969701	0.00395758561196424	-0.0212262413197054	0.0164002791209107	0.00400910212060753	-0.0137390630183667	0.0111081816244164	0.0204808526411229	-0.0238266077644408	0.0323111693555364	0.00715175249081805	0.00262050717655503	-0.0115441400228289	0.0124793903082669	-0.0147845619502037	0.000862126094230283	0.00144839283932309	0.0156442504356938	0.000931624749360833	0.0213271416407409	-0.000535765176836684	-0.00992684758218918	0.00272035176220182	-0.0219854962101316	-0.0344088130098477	0.0190394988517318	0.0408098995426979	0.0345978444231919
"A0A060HQ62"	-0.034541607655512	-0.0147581459820321	0.0167644705647141	0.00661498480771	0.0166137576760583	0.0254696385517419	0.00772595302785879	0.0173947126648906	0.0050982290561798	0.00582255294155513	-0.00191102080304286	-0.0381823071779569	-0.00350801652103665	-0.0374425281625893	0.0479450795529187	0.00888910252357399	0.0231769993504653	-0.0611547373342609	-0.0494882064835063	0.0228164521219796	-0.0435653642915437	-0.0340906412452187	-0.0471653678475415	-0.0735689030839404	-0.00147052984673323	-0.045304667851971	0.0509411765662068	-0.0312161839658028	-0.00518824167605287	-0.0104450241232431	0.0386261403061007	0.0134673850617893	0.0309949897063265	-0.0534235157417524	0.00542797342708588	-0.0213434037381483	0.0195349422196728	0.00339219090982986	0.0154461907837184
"A0A060HQ65"	-0.0188452210503159	-0.00405026677223352	-0.00639202561323251	0.00389047102597524	0.0355090174822377	-0.0204981244112458	0.049235574214123	-0.0123333905269063	0.032999585947207	-0.00900006455455738	-0.0142658851602578	-0.0309461808383314	-0.0635554594999752	0.00709154877471543	0.0303570761366942	-0.0544527123758312	0.0325972498001246	0.0511731092731361	-0.0279599808095662	0.0262524588271906	-0.0780800831456692	0.0138902973808581	-0.0355779362249979	0.0488437916324175	0.082719026704231	0.0751135421152267	-0.0303385684864895	-0.00431032301698859	0.025349361332384	0.0422145544620169	-0.00425479514817791	0.0406510102060216	-0.0137507484849858	-0.0807952344920996	0.028578409511526	-0.0282031235925951	-0.00177548435379115	-0.000720237462430504	-0.000908725590634536
"A0A060HQ70"	0.0335164849749109	0.00555378688424975	-0.0263985905542791	-0.0278199990693857	0.0482201200189624	-0.0174397871144365	-0.00324823881658086	-0.0371485423101463	-0.0146355787731878	-0.0101530219544334	-0.0292207003513128	0.0147242463052651	-0.0249156333241944	-0.0633099752230256	0.0233466933765988	0.00693862168871254	0.00689573319902703	0.0143183862393248	0.0488159375235681	0.0337038739804218	0.0153522617500095	-0.0134584122821365	0.0362608594189117	-0.0186802964952628	0.00313413329548772	-0.000289024987868871	-0.00537105312131844	-0.0472845584756524	0.027588410198296	0.0057494093286756	-0.00343924355270394	-0.0161065401867029	0.0134152191331446	-0.00965812876050377	0.019859495587546	-0.0194380412255897	0.0300458788848771	0.00464730303477088	0.00395096352109929
"A0A060HQ75"	-0.0145506542466663	0.0447687431204673	0.0239436675242082	-0.0450251346105908	0.0144579107294353	0.0428511354801335	-0.0688085424200682	0.0134193027907265	0.000252942687117369	0.0125826626384134	0.0164495618360835	-0.0242085827782478	-0.00713126560869802	-0.0097567249796686	-0.0345685940036454	0.0264629396901664	-0.0212112018747692	-0.0126130649102166	0.00282489530798423	-0.00445518575371605	-0.0335065783673419	-0.00891709197304905	-0.00850971989964585	0.00544616117317464	-0.0128716653052458	-0.00937605398309302	0.00766493432670399	-0.0139478292795449	-0.0159309461220405	0.0199874518975831	0.026443225994888	0.00108438238992147	0.036779531158106	-0.0152184420203857	0.00718892679269804	0.00245390784063828	-0.0331840081257969	-0.0253730822298482	-0.0480701642300782
"A0A060HQ77"	0.0272520716175382	0.0454451692027464	0.00121401141628639	-0.0140378199593239	0.00396317398264211	-0.0373054139364653	-0.0268214225960379	0.0246870505967581	0.0318197371344626	0.00496326906068174	0.0354175851906025	0.0229086809228732	0.00211915284870838	0.0127052301308529	-0.014618796952423	0.00548329668132156	-0.0446518320239171	-0.0169369239281505	0.0183338877803879	-0.0396251670016221	-0.0256089257424331	-0.02570576993214	-0.020322747728345	-0.00644285979726792	-0.0153976909215612	0.0142450560438122	0.0380656495610426	0.0314702871105897	-0.0467564015399421	-0.00587815596423726	0.0353858822019291	-0.00349180487442561	-0.0725421925961573	-0.0228508022393608	-0.0091798854568818	0.0225056556456533	-0.0530981828830677	0.0259812119121905	0.022543067629482
"A0A060HQ81"	-0.010297612788311	-0.0184520704089713	0.0195171900190893	-0.0151415621113021	0.0118747242219009	-0.0218023413542255	0.0138662964683118	-0.0163803811013733	0.0568268657113281	0.00788811072722002	0.0447594176884013	-0.093774028173706	-0.0512376366815473	0.00486455305368811	-0.0271941892818511	0.00511108305155363	-0.0014295759805399	-0.0580679590683913	-0.0113226998373664	0.0165696106176008	0.0237740675429589	-0.0377718310656203	0.0683512528020633	0.048981436086613	0.101421492539236	0.0329018302644624	-0.00996604725070127	0.0143047604905905	-0.00245525253377692	0.0204391756833726	0.0016403076669494	6.3814182640498e-05	0.0512871534560727	0.0115668800441186	0.00361369902995752	-0.107757381273977	-0.0230019371845362	0.0321636365777094	0.000304762993854136
"A0A060HQ82"	0.0455084864651506	-0.00975146399483288	0.00648235972405996	0.0263488533038583	-0.0093024784100625	0.00752010239935455	-0.0196399767081647	0.00686257535813728	0.0101239215012139	0.000652222726068472	0.0226665399420518	-0.0247934775805076	-0.0341774944461669	0.0147977806317929	-0.0202496342480278	0.0215164071435032	0.0106388805317345	0.00921857136481398	0.0211149785522957	0.0171973813041614	-0.0164632625572795	-0.0153212619371944	-0.0137010062072055	-0.0379752161901401	0.0155384725185636	0.0222516719093952	-0.0105176727611226	0.0334304656992017	0.00711295114220407	-0.0109267917060889	-0.0191358368916927	0.0221308796353637	0.0025186640826692	-0.0114322948505426	0.0165535045702739	-0.0180866178050043	0.0212667183321994	0.0407069064123186	-0.0103526271509043
"A0A060HQ85"	0.0117418975830582	0.0463799825709045	0.00712856292903743	0.0372866937294244	0.00284732148439007	-0.0534152579561275	0.0057519596273285	0.00641465055329508	-0.00523895328376676	-0.0143456153221411	0.0028356508490169	-0.0268757809218751	-0.0128784823085989	-0.00322309080928581	0.0413452679168689	-0.0273873843249472	0.0536477065192511	0.0203813315043837	0.017410982110253	0.0075448401684227	-0.0262184554268001	-0.0180309446170261	-0.0533160268925484	0.0774826491839205	0.031926005953508	-0.0358623041548075	0.00153500672039876	0.0114927842567686	0.003862364774809	0.0526778924589008	0.0538935319589737	-0.0309181714220032	0.00457232569190858	0.0478758151407649	-0.0299299989440554	-0.0378627347843882	-0.027724199335093	0.0386361245175099	-0.0155961186839839
"A0A060HQ90"	0.00735067450369322	0.029562502182087	-0.0217740168470299	-0.0183716703535857	0.0241544656711816	0.0010809345738005	0.0463076412416022	-0.0353333594258533	0.0296253675980136	0.0251813988210618	0.0235567460444137	0.0331435498203292	-0.0583840002142312	0.0124680258851801	0.0708210373176204	0.00626839647268668	0.0644454704255884	-0.0292332831644569	-0.0354172610349928	-0.0232364590071137	0.00716451816464759	0.102609885275145	0.0343067505551688	-0.0126715922213998	0.0122302462470985	0.00916922315133131	0.0464440774790861	-0.0512289734635877	0.0151497168960681	0.0248299742122066	-0.000431384080100339	0.0532754192339222	-0.0327451718796851	0.00988534090969531	0.0322907617311142	0.037096210235682	-0.0169504088258407	-0.0362517239425448	0.00368905573413528
"A0A060HQ92"	-0.0455684889635463	-0.0161838093850227	0.0186412011823274	0.00313751143559976	0.0193955349765294	-0.0274512082432933	-0.00195069848208566	0.00485057132785363	-0.0147293967567134	-0.00662515544833648	-0.0104091238020488	-0.0230417536494757	0.000678924884018437	-0.0327969056184147	-0.00990643181948861	-0.0118829419438178	-0.00467029432886704	0.0149154790139165	0.00115385534308176	0.000237763543676188	0.0240238082181095	-0.0019952785117187	-0.00338433390473759	-0.0183301629061313	0.0306053985103915	0.0249238613642982	0.0109877658032435	0.0317322156212619	0.00192011869087343	-0.000361241519935191	0.00229427007045765	-0.0105352345573716	0.0308582806390344	-0.0144738912042115	0.03890632505666	-0.0262294576667185	0.0333505683256486	0.000803945226682294	0.0163659690179561
"A0A060HQ93"	-0.014361362299419	-0.0205222705189088	0.0148297434284434	-0.0028449634202645	0.0369457052293731	-0.0180458590394231	0.0126447983059785	-0.0167547666778161	0.035859757832193	-0.0263846925571024	0.045390303613036	-0.122259420934898	-0.0436817947003816	0.0414798189623174	-0.00774454262770519	-0.0427848676921232	-0.0270894570114266	-0.0340205694109628	-0.00824119747383215	-0.0111398035781505	0.0270547796554799	-0.0230311241588524	0.0512764454999717	0.0175235892758749	0.00611700633359182	0.0252243560370233	0.0267510889027961	0.0236350827933161	0.000767733198273154	0.00450588209210973	0.0395879573648137	-0.00566227928128864	0.0260154244246087	0.00809212683463733	-0.0571435286222583	-0.0205038567569183	0.0442054803352695	-0.0721776164066911	0.00201387508407971
"A0A060HQ98"	-0.0373837624041451	-0.012870486202047	0.0259142375279254	0.0152003458484869	0.0139535001964278	0.0115144086344014	-0.0482812299309493	0.0520266636019664	0.0467925304052927	-0.0169698667450424	0.022013907673411	-0.0312400246551213	0.0196052429135545	-0.0193265573745382	-0.00682535456482602	0.0138743412849345	-0.0234913956717888	-0.00660748174178794	0.00426983792776416	0.0143354198389629	0.0014459963789133	0.0293042587824552	-0.0361542830161874	-0.0232723968849264	-0.0097648011162725	-0.00349988273663385	0.00551651617461319	0.0363553796817641	-0.00141913107395644	0.0186449929479271	-0.00582006675346943	0.0072769724571352	0.0161778585666103	-0.0361857776946595	0.00860144552567321	-0.0109365943592237	0.00844866548797786	0.00543604079348172	0.00916640726919274
"A0A060HQA6"	-0.0132356392946419	0.0103239305923235	-0.0134548077268937	0.00699015795200545	0.0462640239684302	3.45879793364277e-05	0.0197015074413922	-0.0377116039287702	0.0195971884109056	-0.000762377123520357	0.0138419807244739	0.0418904216945386	-0.0331880528601489	-0.0189503422231657	-0.0205817913606961	0.0282078548250837	0.0337140491922688	0.0280480290233421	0.0119631477652311	0.062887016055098	0.00848974831978978	-0.0699303418754855	-0.0358278535451349	0.0939663233513498	0.0641711135766813	-0.0150706057230151	-0.00341183885483844	0.00491340897496739	-0.00374569994407691	-0.0819241032116416	-0.045874534240422	0.0299760133453716	0.0149602561873393	0.0586656567585497	0.0781648174504098	-0.109747427396415	-0.000326768235498445	0.0571312034959324	0.000356086818762688
"A0A060HQA9"	-0.0104207094402939	-0.0139054014704842	-0.0599078043831774	0.0278170032006933	0.0198917602528798	-0.0416028483156622	-0.0426350990733045	-0.0247114817797987	0.0295592652876698	-0.00247995102491185	0.00140573321886829	3.42279934070886e-05	-0.0172835967795852	0.0243424297294326	0.0312949440060301	0.023164254968996	-0.0354246823671341	-0.0626792370002475	0.0188946344176634	-0.00366105835348816	-0.0472169820420149	0.0136750638328825	0.0452663637603449	0.00150043609613354	-0.00392535225578689	-0.0331211981641596	-0.0414753432653274	0.041071379060171	-0.0790055599372307	0.00540540124035685	-0.00955539931675007	0.0215650589895402	0.0162903249642297	0.00899248457634652	-0.0123145941598755	0.0522092582919538	-0.0309483675744028	0.0144363443520213	-0.0466921349334399
"A0A060HQC0"	0.0419624132696233	-0.00319122546571887	-0.0122531161955009	0.00483337934766303	0.0158722677673145	0.0204944818023085	-0.0346562185773238	-0.0123253818847252	0.0126392314002198	0.0065318187281035	-0.0237383937296418	-0.00788062933924294	-0.0415375778512388	-0.00162932623779768	-0.0164130156677387	0.000281618809065165	0.0608666389326635	-0.00938088361168533	-0.0332687238669845	0.0414909775382051	-0.00621449840163713	0.0202793535380759	0.00349696925478274	-0.00457645478041487	0.000662146566947062	0.0313677062100071	0.00596897927239456	-0.0162216566882004	-0.0314011671978476	0.0028933339787488	0.0213112000100675	-0.0432081677028484	-0.0396152163950375	-0.0249498408780431	0.0175051840185047	0.0168244324292613	-0.0649264822633943	0.0163092029114323	-0.00671089824045687
"A0A060HQD6"	0.0277281328336297	0.0381625789170356	-0.0156257386862961	0.00257510991084236	-0.00869512970505943	0.0214573326250354	-0.0411946311256208	-0.00253271352756433	-0.000726833203717755	-0.0158617759507076	-0.0262541593374764	-0.0528424368764618	0.0240393158572465	0.0531126460274353	-0.0089995934693221	-0.0242320861377747	-0.0272234849825198	0.00431483347784452	-0.00961760620978267	0.0020874367258743	-0.00895692206814631	0.0120906261800173	0.0272672401687588	-0.0416058382618073	0.0424431511774741	-0.00323596142025522	0.0644420684801095	0.061077829969322	-0.0222679769262128	-0.0237663798861921	-0.0429875502705199	0.0370969996943538	-0.028369301038487	-0.0408914657798693	0.0055128679785268	0.0142158762268192	-0.0416914370094838	0.0442459700430449	0.0689658422264002
"A0A060HQE8"	-0.0306526681816193	0.00993325567627205	-0.00230537983176536	0.0448385473780413	0.0406599628257978	0.0583044105528762	-0.00559386665439208	0.0221741210206271	-0.0119890400755351	-0.0105954492047859	0.0143497143119048	0.00879617476028284	0.030081681182969	0.0172233145136908	0.0312635128774911	-0.0290312707240219	-0.00266520993258408	-0.00649204063306686	0.0213684469510555	-0.0145318453954677	-0.0099338779769576	-0.00942745309866333	0.0427769273210869	0.00742214323315072	0.00302946553619823	-0.0228574201405958	-0.0351028775530876	-0.0253160436752123	-0.0636732127847045	-0.0488554049101375	0.0250756295047557	0.00371427552657315	-0.0069940411683226	0.00419773933878957	0.0204639954838354	0.0141654770684014	0.0323830755914257	0.00631366571990319	-0.0140349965924213
"A0A060HQF2"	0.0122401315139442	0.0181248556548519	-0.0269073877953629	0.00945297509706131	0.0270547397611402	-0.0192362669204418	0.000382259511499007	0.0537665943700205	-0.00802269563303366	0.0112937881214783	-0.00119561778542364	0.0194570364647931	0.00502189110054805	0.0461978767856613	0.0116395940282339	-0.0179865000407587	-0.00433007178118907	-0.0358832308206024	0.0316330139529697	-0.00733398715623922	-0.0407904673245686	0.00265742174998258	0.000917162413109814	0.0403771844737226	0.0149594637835311	0.106432575761728	0.0902614180500628	0.0499571824184343	-0.0390544038383837	0.0208350400730596	0.0592188539135319	0.0738941535578857	0.0878916227483772	-0.0475217196817746	-0.0354894406569828	-0.00490985659411114	0.0810487814326151	-0.0872003760032139	0.0206844083972218
"A0A060HQF6"	0.0391469106276105	0.0185515590182025	0.0244407227033525	-0.00830076385174324	0.0417124671112982	0.020096523948212	-0.00358234133862692	-0.00783141787754127	0.00607527515462212	0.012459803217041	-0.00609424211673948	0.00612174198174619	-0.0234425164312118	0.00747770032124642	0.0411627529813463	0.0181221544383184	0.0302262000507651	0.0128364571428463	0.00841410790918292	-0.00442670894642657	-0.0239563741476512	0.0634983857631422	0.0327326155015643	-0.00068664339244779	0.0424601915163661	-0.0307972147922823	0.0105978238448452	-0.0139854716572309	0.0214699256984385	-0.00997695334776756	-0.0247921028947586	0.000811372374611062	0.00394208921587029	-0.0191883402318152	-0.00132489993434112	0.00825816716219967	0.0413935937412633	-0.0153398925138751	-0.0038533549227982
"A0A060HQG4"	0.0206436403020937	0.00503726301125717	-0.0606548449774911	-0.0100368371531746	0.0155740040971316	-0.0405556606939221	-0.0089593413999	0.0291302761215052	0.0235489376933608	0.000242412329958845	-0.0604519417524831	0.0468709486704267	-0.042550679468772	0.00136628059230491	-0.00113393412812293	-0.024262634033607	0.00767329564160803	0.000836303096680557	-0.0297675241229316	0.0372161251727321	0.0153089644688105	-0.0410248628314651	-0.0308277348680783	0.0258616149219573	-0.0365060164615033	0.00395420461164774	0.0465235926842346	-0.0340263463207489	-0.0395594393387422	-0.0112360367866001	-0.0138839783186727	-0.0249136703694945	-0.0075144930996843	-0.0597519503410627	-0.012593183131146	-0.0234853794529183	0.0227003365580845	0.0142732643341441	-0.0151118345837426
"A0A060HQI3"	0.0128936462241449	-0.031096568849196	-0.0241309256975459	0.00614195065641777	-0.0234330845409072	0.00370623285638799	-0.0588732315577281	-0.00121110601311779	-0.0404062381609498	0.0714741674508078	0.0377020057752272	-0.0420831056008722	0.0543865199802989	-0.00251561720815794	-0.0190741187034078	0.0172155444836094	-0.0348749913092178	-0.00565578897165408	-0.0282135674205219	0.0343488502620198	0.00733084640591522	-0.00215316237388988	-0.0499161824827993	-0.0138676775781503	-0.0194055175128129	0.0225196924139568	-0.069750585722092	-0.0117863513299994	-0.0590318830030324	0.0339279586557626	-0.0311386366836732	0.0192348807629823	0.0568574716079677	-0.015301878204032	0.0124640594311717	-0.0242178143372155	0.0354516856665233	-0.0155748953951155	0.0159732430267419
"A0A060HQI6"	0.0104486115023061	0.0333687753427662	-0.0384216799785543	-0.0560978945757741	0.0059741666501374	-0.00355807276327039	0.0157995217849688	-0.0759270539280204	0.000168336187832595	0.0115568182983875	0.00475591102365226	0.00962091598723166	0.0186648661696764	0.0305817409882291	0.0221566468238533	-0.0471343783422851	0.0345112852820835	0.0330327763252217	0.00699893564698158	0.0255432035582587	0.0193933298432719	-0.005112180591878	0.0209107012196313	-0.00161573528398704	-0.0226726676604851	-0.0478691278411303	0.00617324384710352	-0.0286514973575051	-0.00833879983322728	-0.0231814398996527	-0.0133278856796222	-0.00453346389261239	0.0388145984018609	-0.000200977084061721	-0.044541019226225	0.0280176130257635	-0.00358718809165206	-0.00603891949385902	-0.0408153589996246
"A0A060HQJ5"	-0.0394791199758783	0.00593742127388356	-0.00889040717840051	-0.0301370679171586	-0.0282652277744844	0.0228482396101263	0.0204152070422323	-0.000667532338648614	-0.0217412035441134	-0.00271907829525105	-0.0227648293826265	-0.0114706734253635	0.0128156721633504	0.0482410609145605	0.0499099659506226	0.015678515458546	-0.0050850482430544	-0.0058425040616062	0.023417804717939	-0.0114447923301503	0.0229968428398942	-0.00423552603421928	-0.00550790123581398	0.0062302941307318	0.0131481615003185	0.0768744507120734	0.0190259006634708	-0.0255192029123652	0.0238403577314928	0.0155908184113343	-0.0240136423627233	0.0193938415185943	-0.00296191424272366	-0.0109174106752023	-0.0349285792023102	0.0404586040200234	-0.00498462550163811	0.0276327565357317	-0.0401131799102519
"A0A060HQJ8"	0.0384603784879115	-0.00983024137743248	0.0504986009737139	-0.023024589922464	-0.0181556416653389	0.00266577157818593	0.0261121851889062	-0.0101932061287028	-0.0224362571642968	-0.024344629981253	0.00516173646716913	0.0192584083140631	-0.0077910658282099	-0.0126425602896952	-0.00448924026552594	0.00469994277673672	-0.00116672106051297	-0.00877373060856292	-0.0234434028231868	0.0449009754957238	0.0219182660174445	-0.00197407896930655	0.00296913105382564	0.0322983325651375	-0.015246852345759	-0.0182231214036835	0.0239659985400715	0.0290285656554092	-0.00385670178195302	0.0154846223832971	0.00380236722139383	0.0147572911698282	0.0142963532145461	0.016568421915308	-0.0226877442836067	-0.00601408649134458	-0.00987150908706574	0.00825675049757108	0.0196684378149327
"A0A060HQJ9"	0.0480710730305489	0.0184913868241445	-0.0221657832885272	-0.00231148670441749	0.00841934139387919	-0.0099025908798372	0.00819428952132735	-0.0142083241727794	-0.00473462410760952	0.00906347192538335	-0.0164724415426121	0.0154914398453398	-0.000986381409904269	-0.000975065869646676	-0.00373301381877691	-0.00221726003363331	0.00539101816147466	-0.00417712487316118	0.00460163990649869	-0.0192731893908356	-0.0216732800892078	0.0172622455736672	0.0093455334630058	-0.0228976424247186	0.0033035387548112	0.00748046967680023	-0.00498487589579239	-0.00132331855726475	0.0161061165240495	0.018626912528108	-0.00098850740093744	0.0148276601764727	0.0152361776304545	0.0266759167013774	-0.0103323719628199	-0.0163760071533337	0.0105335740948981	0.00882617365770097	-0.00640698456170707
"A0A060HQK7"	-0.0100076950686994	0.0514198597323374	0.00794160283305033	-0.0143909879679059	-0.0493246322789068	-0.0298474220904793	0.000810299318020151	-0.0494906327750503	0.0271093434273066	-0.0124186405444619	-0.00590127571713519	-0.00859101881398585	0.0433296791096563	0.0520544035332324	0.0109512798104476	-0.019904464055199	0.00346451311240779	-0.00549745282888611	0.0275582601453227	-0.0169572726083619	-0.0541272529403341	-0.0456330403983437	-0.016764217131942	0.0159807207695461	0.00373271280997551	-0.00817734863188455	0.0518389776434125	0.00717622969820829	0.012639238530134	-0.0167449901218915	0.00377913886038921	-0.0127133472759643	0.0335193664913349	-0.00364111171861001	-0.0408634274736409	0.00968997431045131	0.0158291607150312	-0.00592230040621731	0.034096961319265
"A0A060HQK9"	-0.046537153077232	0.00229418400430163	0.0255559266371312	-0.0070578565292337	-0.030281368114736	0.0145859756400812	-0.0190939334976112	-0.00530601859805473	-0.00141980256527834	0.000587794047803369	-0.0317140487398191	0.0222598900421098	0.0216145264485326	0.00140070389314614	-0.00653200496894877	-0.00214180731497525	0.0118354712793307	0.00332407509445508	-1.6737681112459e-05	-0.00808516194496524	-0.0102883154522858	0.015794051719359	0.00506445193472058	-0.0124398608471842	-0.0058681829272594	0.0101043420754742	-0.00728596889315754	-0.0228007028339938	-0.0160790431274597	0.00540648094315815	0.0226721224458304	0.000940085024674773	0.00647651982705611	0.00178505157440723	-0.0150888865299315	-0.0243229211144237	-0.000836675727023399	0.01095012900114	-0.0282300758552869
"A0A060HQM4"	-0.0414738308706373	0.00186247928618108	0.02783704348961	-0.0067929029600617	0.0210639527765076	-0.0132437359645726	0.0118530431472535	0.0126942617806842	0.0374023586536095	5.83847409383251e-05	-0.0320981836659686	-0.0168812858656981	0.0196149306631775	0.00664543330869245	0.0318418235456221	-0.000413639582313019	0.0279137339058756	-0.012392434419364	0.0232973098689879	-0.00699785215178653	-0.0155697121473291	0.0503525761330207	0.0104577027711289	0.0114968750437131	0.0511598503992929	-0.00133059243119962	0.00624202795907829	-0.0238167484311218	0.0197999432491893	0.00141335648692976	-0.00854640978687769	0.0355107950890847	-0.0402309046032576	-0.0487793837128842	0.0227254992986924	0.0441500171460389	0.0141295849178793	0.0153842997797418	-0.00281249135383357
"A0A060HQM8"	-0.0327727358172296	0.00120878407505247	-0.0228048240086373	-0.00336935439976464	-0.0179791140034166	0.00313851931852815	-0.0354253544619072	0.0071367877539151	-0.0398998265488526	-0.0356058484929864	0.00990490588679092	-0.0474179936922268	0.0668933932796623	0.0177019855835468	-0.0383146693704791	0.0609977837091622	-0.0543622269536454	0.021448928472125	-0.023329563489565	0.0156037276326066	0.00970827842497464	-0.0303306608150231	0.0133809324187387	0.00443049180480322	0.0206255071961982	0.0192559995333368	-0.0102780396986174	0.0205531613989969	0.0207290724958149	0.0467830882685163	0.0349366478923492	0.0158097244396563	0.00368080347341864	0.028367022621926	-0.0142925563969939	0.0203956105789757	0.0520696872505156	0.04504512806334	0.00203067929978662
"A0A060HQN5"	-0.0466246735969632	0.0253305361558368	0.00437591360629524	-0.00124623719948565	-0.017619074213714	0.00149778983010083	-0.0250157195240027	-0.0163749236096144	-0.00277569218107739	0.0182309883308377	-0.0204931348157549	-0.00523204363049268	-0.0284964417648735	0.0203052935253054	-0.00157604743326458	0.0122994180321315	0.00165789613084315	-0.00245352523376391	0.00319458471799866	0.00651463458438752	-0.00728323190620606	-0.0181530028274427	0.0115848870587386	6.63134509023139e-05	-5.80106869654891e-05	-0.00300695803892144	0.00302359219197077	0.000740868336926769	-0.00778184813321894	-0.00182179932432988	0.00961893544535919	-0.000871352676358116	0.0233615830156382	0.00270867947159511	0.00621792450053846	0.0352894251664694	0.00198998002184704	-0.0115421252493146	0.0129119021391674
"A0A060HQN8"	-0.0449247477015801	0.00536701672182655	0.0383889124744331	-0.00934529764502388	-0.0304099812992019	0.00832884301786896	-0.0139804495852326	0.00414874816027494	-0.00766218335789819	0.00525189425799502	0.00362534418507973	0.0261443864694515	0.00885177665972426	-0.009604530126579	-0.0142567863294815	0.00757692171172402	0.0169181035994901	0.00170221302197386	-0.00151025124193233	-0.00724368851693322	-0.0130981829091305	0.00615702106954368	0.0116635849891105	-0.0269616351902725	-0.0169810336852181	-0.00423446908568741	0.00258950058090519	-0.00119013105127882	-0.0063171818343477	-0.00263243162238149	0.0141858438066246	-0.00786581064276299	0.0057293893493179	0.00120541378212968	-0.0303166221303051	-0.013268160606651	-0.0200569754164043	0.00657897520752314	-0.00524523003257308
"A0A060HQP8"	-0.000548703147386753	-0.061980404754241	-0.00424039564644962	-0.0322196159092895	0.0300003152367698	0.0108610966567195	-0.0135351039740631	-0.00344070710427657	0.00341262939899471	0.0288123713331906	-0.0307647043341976	-0.00812911724262048	0.00361328525370653	0.031938512595597	0.030078255195772	-0.0785102578589309	0.0136055164410609	-0.00705449351086866	-0.0282455922689271	-0.0100119556046717	0.0270359668208574	-0.0317736845628993	0.0149079837261191	0.0402802216806172	-0.0321156254608781	0.00613857163095196	0.00810164986966929	0.0194858572837249	0.0263489988680128	0.00433988259533818	0.0100686346265662	0.0144460358984545	0.000733090214651827	-0.00194390135430991	0.00221505227443211	0.00741661284478285	0.0180819266612926	0.0107929931199888	0.00121163762183932
"A0A060HQQ8"	0.00962687084454519	0.0345637086518849	0.00162991316827292	-0.064845089795353	0.00229192487921038	-0.0167981254601725	0.000477923219213771	0.0289755258971832	-0.00041135479797591	0.0224949302221319	-0.0378641228624056	0.0164823765777735	-0.0275425133605841	0.0173318926388631	-0.00673952392694388	0.05205189822057	0.0201546243561288	-0.0123364752236896	0.0824122732191916	-0.00468660747861302	0.0408576933594329	0.00689344532838606	-0.0118006484593147	-0.0351866942624091	0.0356748988585562	-0.0590157970268671	0.004449765415581	-0.0162041497242332	-0.0119670969483698	0.0245958910771446	0.00786136108948742	0.00839787314986524	0.0703949240842235	-0.0211072499125535	0.0166696842611364	-0.0425728580652579	-0.0576762594823358	-0.0330473484157488	0.0620421460626068
"A0A060HQR8"	0.0432585066190703	-0.01862303568962	0.045886351539442	-0.00427446962745935	0.00718605407230112	-0.0147993783764276	0.00412781366811587	-0.00721010801557194	-0.0325287272141628	-0.00802369438533978	0.00520007076984712	-0.00568726127467664	0.0129092936788103	0.00682526671183588	-0.00402474763339082	0.0219989522166732	-0.00346648066108116	-0.0164198155773613	-0.0052902818197717	-0.00727691168295746	-0.0049142710324425	0.0140753093801882	-0.00973545236893477	0.00166502469069159	0.000719726019741216	-0.00861669852935196	-0.00860701804608657	-0.0169916182982508	0.0051093665567046	0.00126684350383848	-0.00824463044554975	-0.0157056764497709	-0.00564653810552915	-0.0220408986639923	0.00285292170293208	0.0240967948026715	-0.0121271748394043	-0.000210305922810195	-0.00390396359420915
"A0A060HQS0"	0.0362811125612336	0.0344977903294397	-0.0217074788047147	0.024976583074056	-0.01997244354016	-0.0187965973038868	0.0126325479186456	0.00293315610094023	-0.0137445762590392	-0.0146661845704761	-0.0311846964459663	-0.010570537531607	0.0576482897628049	-0.00779523807520811	0.0113758974277656	-0.00112138848051523	0.0323776450958363	0.028100713692894	0.00397747181694386	0.00101082663063617	-0.0264540385955506	-0.00493016767306208	0.00770912838555469	0.0297229895459377	0.00752188052544301	0.0144706786967424	-0.000198235782147004	-0.0200228308530127	-0.0321863237390961	-0.0227043729555733	-0.00255742101248116	0.0134108464591255	-0.0234875291411822	0.0552166957037588	0.011395054719374	-3.6488313570183e-05	0.00909852509247953	-0.00441973329909055	-0.00044458689649282
"A0A060HQS5"	0.00724792864962939	-0.00510227928547932	-0.0665697251201259	-0.0269076989067146	-0.0136045448954205	-0.0196410823913133	-0.0248157246550631	0.0740837799014293	-0.0108561580652129	0.00856679210042125	0.000530460601889462	-0.0440228727472948	0.0124310434111437	0.00398199382536958	-0.0196783093308267	-0.0317887359917397	-0.0220417088721306	0.0036563960453449	0.053087539620566	0.00171280147844773	0.019712008820068	0.0604141965331987	-0.00592136346623895	-0.0474077282930581	-0.0144437219868891	-0.0173490712250039	-0.0175660251484221	-0.0121959407878768	0.0310177213138631	0.0194449901667113	-0.0284256186692201	-0.0245654195610062	-0.0477911841889214	-0.0380909217331662	-0.0173721905595986	-0.0282108529644758	-0.00843557690445295	-0.0428143499814018	0.0235821658190232
"A0A060HQS9"	-0.0369794015860635	-0.0203873052680983	0.0195015660550882	-0.00531563757971006	0.0374282334225962	0.0030369960374408	-0.000981171285528719	0.0265296528848113	-0.00479798981490261	-0.032832749690769	0.0221814935127375	-0.0611565125938013	-0.0380296756128954	0.00783566383316833	-0.00629416349021258	0.0341459139660567	-0.0251974652274392	-0.0161975502741283	0.0197470686320849	-0.00859014603694336	0.0277686639348607	0.0176967541571272	-0.034228015072096	-0.00380618475846822	-0.0070657478259716	0.0237871689021888	0.0223833967863807	-0.00722469094974873	0.0363169683570509	-0.00491183415483625	-0.030174629292169	-0.023734191633939	-0.0225730835359542	-0.0283286284909412	-0.0307712044156716	-0.0111828953429431	-0.0500773199024293	-0.0117703886703315	0.00394908640973633
"A0A060HQU2"	-0.0294365238281291	0.0179001844716148	0.0377035502006733	0.0107445138232463	-0.0394758155395306	0.00576111645701249	-0.00627838437068959	0.0457513806412489	-0.0170122075044596	-0.000654982287624521	0.000399673777099094	0.00197693181628741	0.0229313838171493	0.0145978417237563	0.0284593538682084	-0.0220295776985684	0.0289088265001721	0.0539977629359187	-0.0264451205406765	0.0616814602097718	0.00485031755834684	0.0112609080122261	-0.0328379277843172	-0.0645179867215477	-0.0605251670421101	0.0362367661664534	-0.0198389934031972	-0.0253401166136611	0.00140120558857008	0.00499710976648618	0.0135660410147277	0.00492756667058058	0.00999889183131274	-0.012732278848171	-0.00476215774312744	0.0424139858597872	0.0279758061132355	-0.048614733521135	-0.000132517307935776
"A0A060HQU6"	-0.0106223005379507	0.034128817416252	0.0343999917745987	-0.0104262887306657	0.00737489171570531	0.00549058956639543	0.0399407097637156	-0.0578212778114832	0.000176144949869461	-0.0197313972878738	0.0155760889940334	0.0165816393197693	-0.0195700091387854	-0.0341860786385351	-0.0261838964982362	-0.00188898309824384	-0.0071459787680946	0.0301822083153312	0.0399150756984324	-0.0635928510301516	-0.014983796772655	-0.0551047044979419	-0.046060075366862	0.0227701614936199	0.054801101707748	0.0228730808623625	0.0776566701409093	-0.0200633390517193	-0.0101303757780578	-0.0598335335825156	-0.0351899860148144	-0.074701419831209	-0.0186750373872671	0.0230158286873417	0.0442716196752232	-0.0160706380076224	0.0657909613311937	0.032634458173424	0.00742135077585537
"A0A060HQV1"	0.0274592066174027	-0.0242115093598101	-0.0304946654260656	0.0226819607854374	0.0132023065688924	0.0424271176748558	0.0203078340955891	-0.0206552693335192	-0.0351782376733988	0.0176674784061167	-0.0190571877366115	-0.0109038677699867	0.00544807965875388	0.0712732017523826	0.0176833944288168	0.00113938813895556	0.0126212015731861	-0.026199660500805	0.00519400440370257	0.0674774010906459	-0.0611980880444418	0.00514093785879612	-0.00249052221135776	-0.0138752460520185	-0.0181973331192397	0.00237091578432012	-0.00606785500400481	-0.0196366923848252	-0.0249489555342654	-0.0313612738022222	-0.0358217013150954	-0.0511058218668464	0.00402508264325516	0.0643573309766706	-0.00295060175959816	0.0195984437035508	-0.0308798211573297	-0.0366088290634647	0.0245956279390874
"A0A060HQW8"	0.0166540670606922	-0.0442284076040589	-0.0169278023860012	-0.0127481411323217	0.0166019883939337	0.0301509667972712	0.00266964933632655	-0.0815747739272912	0.00609176433801751	0.00979577526393177	-0.0120618461571647	0.00928924864933081	0.014456623398916	-0.0258561253900647	-0.00802102834077868	-0.00324301016538601	-0.0468842215945524	0.0367879029417874	0.0214524836745615	0.0144772761440026	-0.0199774387476924	0.0185419931504138	-0.0350343740862825	-0.0376762763654839	-0.0453781173100161	-0.0317334381729607	0.0158035642354256	0.042040749611218	-0.0219924231861824	-0.0380712683748455	0.0129055918533421	-0.0708210744146598	0.0194824685938358	-0.0487049067366451	0.029216289228695	-0.0243419019469876	-0.00084949541673357	-0.0371895466265876	0.00622850635368462
"A0A060HQX2"	0.0254454820785805	0.0262739150581659	-0.0285039854266579	0.0173839285301969	-0.0263240598961493	-0.00874340874358507	0.0349928240305056	-0.0416622704448978	0.012734111176848	-0.0421216074864664	0.0115422245897479	0.0207334986240249	0.00962421140302615	0.0129517599216614	0.0192648020354329	-0.00698135186925965	0.0529085793576413	-0.0245925971480956	-0.0139034685219862	-0.0335705084942963	-0.0418874343451354	0.0202051501150397	-0.0570790618915771	-0.0448401611342913	-0.0410462499178179	0.0609882551162763	-0.0453551385074982	0.0079566099966587	-0.00155916024157927	0.0467439884432925	-0.0147295285044438	0.0177561260205592	-0.00383621774823689	-0.0462086532766929	0.0790526958148244	-0.0123446375294391	-0.0146603423414771	-0.00732392670822822	-0.0288124501279163
"A0A060HQX6"	-0.00987015261163062	0.0217469335267661	0.017863553445621	0.0154320009602127	-0.0205668732342615	-0.023893847404211	0.0194600557877129	-0.0340856450547477	-0.0136713377254012	-0.00474656646758474	-0.0661478650791489	-0.0218253546749359	0.0405990946273375	0.0023901081013072	-0.0272163780903357	-0.0247581380329834	0.0587517601921987	0.040310280362604	0.0265466880300732	0.0196016049795401	-0.00275862065634853	-0.0192058576399077	0.00396532549332777	-0.0290294957986638	-0.0154356498468565	-0.00373658862247591	-0.0651914797661677	-0.0581660089279983	-0.000385582526886823	0.0296488644968945	0.012047743477981	-0.0531666152158155	0.0652178021583183	-0.0686474614878297	0.07167538604808	0.00435515515732476	-0.135817383727654	-0.119880069163555	0.00589667104817433
"A0A060HQX8"	-0.0476914509960965	0.00105345658748508	0.0231887291825969	0.0166317558753976	-0.00206406162956913	-0.000739607816575498	-0.00583949474205761	-0.0272022160975435	0.0064262307999393	-0.0128427394706725	0.0353945200251419	-0.000864237248782884	-0.0190988628960709	-7.15214942356599e-05	-0.0142809562121646	-0.0154022732813064	-0.012210570730752	0.0324566478806022	0.006952118559709	0.0229467098134581	-0.00440431060398044	0.0101752298618648	0.0199878877170151	-0.00209467490692344	-0.0079304008502157	-0.00713530143561539	-0.00207751675659568	0.00639955044228597	-0.00497798841115607	0.0126783621539838	0.00449034461750531	0.00420873915364343	-0.012662123824248	0.00286381745256172	0.00530199867277889	-0.00974560226210665	-0.00229181801983164	-0.0102799797370386	-0.0157407160959043
"A0A060HQY0"	-0.0280545420159664	-0.00182749297266192	0.0248739604368133	0.028610897012547	0.0124350985763449	-0.0243293746675931	0.00450175062085758	0.0401472975293859	0.0106293631988946	0.0205892505006467	0.033301761224043	-0.0249023893083664	-0.0289064963013188	-0.0523281047401123	-0.00500417745893075	-0.0145197005251488	0.0286409625571775	-0.0241421604400596	-0.0192228454702406	0.0592971073251245	0.0254734844528135	-0.0525397527383906	0.0395423597907713	0.00612408475830457	0.027023258905517	-0.0243243471670579	-0.00890285297465102	0.000213145892911362	-0.0349989771796721	-0.0779260310463773	-0.036617969038132	-0.0161655055335606	-0.0816293620395294	-0.00546546076692536	0.0357218525441003	-0.061507630631141	-0.0374060148829705	-0.0745908200804736	-0.00712260826384695
"A0A060HQY2"	0.0341660445774358	-0.0166627040822451	-0.0244009666755133	0.04061198364654	0.00995223187280236	-0.00322316603583887	-0.00738772357704024	0.0317249313445198	-0.0081330218522142	0.0169156688708827	-0.0141527387714475	0.0278104283247863	-0.00729688368381922	-0.00572617913486992	0.02914389189402	0.0158605852131325	-0.0391716839160523	-0.0336362603210763	0.0186605800896214	-0.00513481449042946	-0.0367176917609367	-0.0209878559876818	0.0179125340151453	-0.0169546264287422	0.0104989447499801	-0.0651971326649534	-0.0169196615908244	0.0469209673939728	0.0551622972733028	0.0485115930529279	0.00523249211696113	-0.0127912545855849	-0.0514534614500934	-0.0450788666126268	0.00070540589624504	-0.0320995049290031	0.0412021102299151	-0.0138986719785582	-0.00401333241550997
"A0A060HQY6"	-0.020628958223635	0.0389784514636382	0.00585633573762337	-0.0253630234340376	-0.0318590709788725	-0.0140084583222018	0.0380975989393809	-0.0663580335916752	0.0129897798559661	-0.00180393449804295	-0.0079786928773129	0.021911002350432	0.0253277854504106	0.00498142111738785	0.00449232512485347	0.0302533058226559	0.0268918929679714	-0.0500000340089386	-0.034686079143829	-0.0129250874455718	0.0429066279871214	-0.0310675896141087	0.0149544046004127	0.00721030916890477	-0.00123670378777988	0.0014698273669819	-0.0480922222626836	-0.027292112657137	0.0499983152359324	0.0353092648811471	-0.0172776678526569	-0.00312809717609428	-0.0246312528495616	0.0671489022973602	0.0290139089317441	-0.0501963330462455	0.00350861476095945	-0.0246822341106234	-0.0153829122227594
"A0A060HQZ0"	-0.0409070021733235	-0.0166682272243027	-0.00500362574951068	-0.0283947529487948	0.0300142629293797	0.00284583783693523	-0.0209157009655093	-0.0190571935887567	-7.83738161484841e-06	-0.0143644316162285	0.023825604596791	0.038918839335242	-0.0187479812975762	-0.0267233540135301	0.0119119040820248	0.0233768656152945	0.0223900656996093	0.0311559523593533	0.00571837349144905	0.0226951312254146	0.0251864502190228	-0.00288279085366796	0.0110919609507276	0.0214025199566456	-0.0053658253307349	0.0012538870587531	-0.0413037912424074	0.00341038520635133	0.00845862712899048	-0.052206231872026	0.00939609978480667	-0.0253342431385167	0.00731203427122157	0.0428348971917666	-0.0171942306875179	-0.00925202842075761	-0.0300953674412107	0.0125036277997014	0.0215766775422322
"A0A060HQZ5"	0.000596807152273419	0.0173161285558192	0.0137359553635468	-0.0440139366651408	0.0630911962999985	-0.00101893595804186	-0.0027529970355975	0.0174065711142164	0.0279798093162051	-0.00332400829078544	-0.0169318009148008	-0.0128669388416489	0.0946021269589197	-0.0676516107170028	-0.0306901600197413	-0.0177086836562723	-0.0412955692533213	0.00452587525554677	-0.0543497052029682	0.0261621836654579	0.0183117775731587	0.00666355497165284	0.0213127542106714	0.0278752217702391	-0.0449264186397407	0.0187617297887353	0.0158342303556488	0.0286214364944659	0.00776996493201724	0.0181203178289699	0.0154593847153718	-0.0434501780642549	0.0522045007931319	-0.00706355683607774	0.000576350941122736	0.0230322642557207	0.0144528131783434	0.0160916313944931	0.00495853588790577
"A0A060HQZ9"	-0.0142089768257932	-0.0141469192933381	0.000893935782770068	-0.00626694743295589	-0.0254238413351108	0.00436459494650582	-0.0674642375216632	0.0261639141432777	0.0405093720046886	0.00329818198312202	0.0364499470619218	0.00799741766463345	-0.0029545300805061	0.06117022042001	0.00777784260264902	0.0228758837439518	-0.00124934696405109	0.0404984441598926	0.0452928380640886	0.0981542952571011	0.0217991020388092	-0.0288493305348665	0.00798679495656563	-0.00212469536281548	0.0141096359399479	0.0699421502714415	0.0261096778677925	-0.0288076967353174	0.0890554044850752	-0.000799892512511726	-0.00515851970176657	0.0479065932329708	-0.0156082753331912	0.0119731163579331	-0.0995299770813415	0.0192853644739247	0.064420809524177	-0.0393683931393814	0.00261336847995418
"A0A060HR06"	0.027858497550173	0.00414189892376947	-0.0250619285914669	-0.0245840915946091	0.0202172710038421	-0.0373497500086978	-0.00381907733211035	0.00895723262717763	-0.018612038144234	-0.0623154944472018	0.0586739041085095	0.0544977986826747	0.0134635600417431	-0.0207008354498842	0.0150794639761373	-0.00431300682426821	-0.0582071049077208	-0.0274250080860954	0.00692738960028367	-0.0124063505323362	-0.0142097152159052	-0.0427262691544511	-0.0703267481156219	-0.0602673474164211	-0.0208635442012676	-0.00317132456971417	0.0184580810674537	0.017233642956473	-0.0157285417130319	-0.0309427103606469	0.0305590641002423	-0.0051054741739967	0.0113149948015771	0.00174828046353605	0.00560287255165375	0.00831252109589211	0.00964404710545083	-0.0536361158794255	-0.0137808735877024
"A0A060HR12"	0.0371676288828309	-0.0273533914184955	0.0340925122407391	-0.0270636894387453	-0.0274871979556124	-0.0308850723433993	-0.011397234266495	0.0193421673868771	0.00833383831454199	-0.00345824056229962	0.00789317462738961	0.0117752389039202	-0.00868602588309538	-0.0185321666142417	-0.00210578380597771	0.0167803545822658	0.0162031194416296	0.0235353241749556	-0.00107129345381826	-0.0365172406255935	0.0295330072098585	-0.0118655787364301	0.038463198941467	-0.0265513549425099	0.0150082757665205	-0.0184122136083939	0.0196075598535336	-0.00853386715016531	-0.0101230474545888	-0.0177834956594538	-0.00326543147211527	-0.00824867644630604	0.0334912054461036	0.0176003955097366	-0.00303079976959976	-0.0026917254990999	0.0285326774194747	0.00298022081829507	0.0220934363020618
"A0A060HR17"	-0.00962470991566757	0.0479959030662672	0.0181513221033797	0.00707492527154626	-0.0398946701937315	-0.00569853182080456	0.0170467319237549	-0.0250801766820836	-0.0090042139855177	0.0160737564266168	-0.0751667416655871	-0.039727029580666	0.0316245934469073	0.0200913797581971	-0.00930741983116029	-0.0156335617008694	0.0205055559272363	0.0552306836411405	-0.00132103323767053	0.0552093967666644	-0.03187850203752	0.0214029084896532	0.0154499528719873	-0.0170106887014754	0.0345076837520261	0.00238742275570571	-0.0280411078155876	-0.0239902224490015	0.0260940144261654	-0.0326796956419192	0.0134366623141178	0.0133950588747602	0.0246599307678358	-0.0852480163047031	-0.00387363799683952	0.0100519828685462	0.0518692413730117	0.00362991212981651	0.00497537336430508
"A0A060HR20"	0.0212624969981055	-0.00441430321050032	0.00841895625214514	-0.00206554232239874	0.0599296010295811	0.0668158703261642	-0.0370267360052227	0.0029666427704521	0.0266261962486628	0.00865591549646391	-0.0398932611892775	-0.0356475768546428	0.0246011652174271	0.023415052407752	-0.00408545431211614	-0.0369837981452995	-0.042640659081189	0.0516326111418719	-0.00351658968768509	-0.0239090538880252	0.0138072815090426	0.0152796249983119	-0.0139032765290674	0.00966715540986234	-0.00803615619959076	-0.0534127319867089	0.021360851855232	-0.0238954425957715	-0.00756875638807993	-0.0286319986504027	-0.000683026277745218	0.034177356484895	0.0221941685889306	0.0606203519507445	-0.0242061521487828	0.000364161624786848	-0.0315584876700207	0.0517457876598747	0.0102857810224659
"A0A060HR24"	-0.00542345315899926	0.000181153486657941	0.048318716832625	0.0192950964435409	-0.064419982751244	0.00731750932558484	-0.0170666500951513	0.00308772009729473	0.00682517197939009	-0.0797572692121736	-0.0198438438020034	0.0491280717474957	-0.0413943427009882	-0.00518287832843106	-0.0548727037834491	-0.0218570676765347	0.044626159519759	-0.011585596975513	-0.0312931681794113	-0.0224415667556335	0.00295508623630645	0.044710267106719	-0.0115918806379443	0.0136533955589969	-0.00206250149391054	0.0267570191874372	-0.0147337671489196	0.0128203968860197	0.00876362385824403	0.000725412116244946	0.0429321516827457	-0.0130279758830056	0.0182889054731884	-0.0171149960298877	-0.00114778229514609	0.0143663122662487	0.0300492557673794	-0.0347124890538374	0.0125941128831001
"A0A060HR31"	0.0196257169124441	0.0148078504765229	-0.00254728295316355	0.0130706606820069	-0.00915302094838214	0.0360376924448232	-0.0219030253843065	-0.0364877956445211	-0.0382190461675535	0.000229101824808285	-0.053952138805026	-0.00174953808870855	-0.0588510285173995	0.00532384143326544	0.0484244832729161	-0.0575619436589241	-0.00941310745650644	-0.0016500024974829	-0.0434448426455618	-0.0376971815164627	0.00742739927109237	-0.0651902218974531	0.00161379543451036	-0.0590292569765912	-0.0217038107819109	0.0295497090698838	-0.096520026140795	0.0634248698276178	0.036368301305167	-0.00215662656582714	-0.0301793022066063	-0.0523832969721393	0.0125804862892278	0.0459543385465548	-0.0709403514373089	-0.00561950890396017	0.000878820133134908	0.0389884463942768	-0.0421182450992091
"A0A060HR44"	-0.0125780934643568	0.00958576067489313	0.0152249796408733	0.00465493407527572	-0.015760024929617	0.00374306459553584	0.0156023561711946	0.0570779758741214	-0.0108676242475299	-0.00155516055635809	-0.0311906302264579	0.035725886357681	-0.0487282893055058	-0.054389954848826	0.0982678634341004	-0.0130512478386667	-0.0649173063838029	0.0196374921850114	0.0756690956120854	0.0901648226080178	-0.0189907747313529	-0.0432060765032271	-0.00376181597919073	0.0332825908278001	0.00294672863420843	0.0457091759888011	-0.0162711554696441	-0.0286247742966235	-0.0305426205220619	0.0765751751692997	0.0418211674522477	0.012762690505059	-0.0217432735001122	-0.0134302518418262	-0.00767409449577396	0.0152091637603015	-0.00422601212877846	-0.025331910196034	-0.00286401586105354
"A0A060HR46"	0.0319797159130907	0.03786243245377	-0.0435298020772387	-0.00690571337546442	-0.00981006031072993	-0.00747899090620913	-0.0160887625434389	-0.0214746664133377	0.00773060986207008	0.0416324025239908	-0.0341493226328025	-0.0119829563229973	-0.0423882760909746	0.00292574105852252	-0.0263258792617371	-0.0152387858111982	-0.00341180262490267	-0.0136449304985823	-0.030316220748043	0.0191211861113102	0.0115593848607631	-0.0309893895873394	-0.00723382043557792	-0.0291426317214731	-0.0147343445088422	-0.00365033951817443	0.0151745090195463	0.00331014383714722	0.0138760273900971	0.0118384563847976	0.0248011752577206	0.0200760871145003	0.0365903469626031	-0.00881938133915548	0.00714878664796934	0.0238000792274912	0.0102766462458095	0.00529016792333939	-0.0550256090397713
"A0A060HR58"	0.0292026168284179	-0.0210308607544182	-0.0133204715399127	0.0192008607731475	0.000784339677093403	-0.042883707398795	-0.0156652971260213	-0.0286673084340282	0.0392768917354037	-0.0234826219664635	0.0330350089803938	0.0344091750868377	-0.048234664609949	-0.0610780204018637	0.0434564248399673	-0.00703402011054392	-0.0411711044379081	-0.022614104581016	-0.026346861436434	-0.0182177373517793	0.0378056555662596	0.0462024167116182	0.0109833854390334	-0.0627712187632338	-0.00279022347490659	-0.0195446244682879	0.021042225122487	0.00356340088823006	0.00376731453430011	-0.0292409054949271	-0.0219260738492643	-0.0191732953895761	0.00165590700449118	0.00684117336859469	0.0249665958297099	0.0383978515017228	0.0406225664345885	-0.0247753086860586	-0.033628268500608
"A0A060HR59"	0.0313643509546729	0.00185808714443524	-0.016552676679541	0.0579600295911771	0.00693423085485028	0.0293188517556766	0.0164020247544292	-0.0162820557511921	-0.0323080979868964	-0.00201237654567169	-0.00637811923720318	-0.0332609522605661	0.0369428448409705	0.0296105291339798	0.0170702713952202	0.00180028962107048	0.0356525035067052	-0.0411221538917966	-0.0251714699354827	0.0393117217377498	-0.0138616796916219	0.0135825219311926	0.0144269310566836	-0.0252803499042321	-0.0372074195132148	-0.0262626976412147	-0.00807599151327553	-0.00546683486184874	-0.043701995718536	-0.00106634446639446	-0.0150958192200003	-0.0161420760344585	-0.0257780209076802	0.0273785916441534	-0.0391848759663818	0.00238641955020276	-0.0249094515700423	-0.065945449502548	0.0354338009545033
"A0A060HR62"	0.00228083976041091	-0.032472410096618	-0.000931528022137181	-0.0408019679375472	0.0447373065446476	0.00607465437530816	0.0588113825106018	0.0161731951364965	0.0683298893556063	0.0418985920067749	0.0179526225424899	0.0127848358714178	0.0145296433834395	-0.00730746040886749	0.0153866656657113	0.0352146022014196	0.0325054578013754	-0.00641842420255415	-0.0220029229574532	-0.0641431673768188	0.0480023336348724	-0.0116464876985392	-0.0200670061201397	-0.0101265366535698	-0.0256949358798511	-0.0404700085208927	-0.00976288890012655	0.0082980471416364	0.0368271795035808	0.0099751752273797	0.0269144364363097	0.0309331566994864	-0.00374559724188945	-0.0617804012448342	-0.0296649260636118	-0.001819034568966	-0.0297025637715626	0.0213277009475747	-0.0142705662867921
"A0A060HR63"	0.0136178647888155	0.0399999314905555	0.0174964646228599	-0.014037820296851	0.0257809304237085	-0.0530020361733221	-0.0160070280829049	-0.0487301991184852	-0.0170995415261611	0.020498098014923	0.00789244303428185	0.00532692701731197	0.0144142671590783	-0.0201199740214113	0.0288137118997078	-0.0100415294001278	0.00759357827865327	-0.0100538292826585	-0.074832651040343	-0.0199828647190304	0.0267809610068779	0.0868293591094731	-0.0104595232897635	-0.00813704236903829	0.029589733199606	0.00689265582495609	0.0537611938792956	-0.00871095314676954	-0.067492173248836	0.0116386427537884	-0.00622423291087203	0.0149574664627224	-0.0306986238128744	0.0119994213953592	0.0157473511520193	0.0763136127109575	-0.0340235545263901	-0.0164331656303085	0.0184688661422527
"A0A060HR66"	-0.0110132105897484	0.0694493439557543	0.0224501097862721	-0.00478844664206179	-0.02547641493548	-0.0157186972549231	-0.00770713793817648	-0.0152412008771133	-0.0168451320286933	0.00138443797971484	0.01499169601472	-0.0107504038365919	0.0337445922232471	0.0121726357043339	0.0130242744268377	0.00155084567941629	0.00856039303560345	0.0076301863366396	0.0292111989191044	-0.024663308198754	-0.00604092614302303	0.0544768775895108	-0.0253744901724918	0.00265681885818876	0.00151611670504437	-0.00450182421267886	0.0031372130466938	0.011577389431518	-0.00428002816435244	0.00051324942865863	0.00156778981403299	0.0119428161585565	-0.0329259017773791	0.0200526295795289	0.00296914124926142	-0.00166990426097966	0.0101927149889173	-0.027072155415161	0.0219974526233875
"A0A060HR70"	0.027380002985596	-0.00929302318651012	-0.00173273821670246	0.0423821208030587	-0.00332015017636413	0.0287268708861291	0.0358795287583361	0.0108027435302962	0.00261032519633443	-0.0688537863181763	0.0361986762148772	0.0170045961432217	0.0254140446068929	0.058124728114912	0.0196695511833779	-0.00300078229886886	-0.00725425766481658	0.0524904169843492	0.0165019167419376	0.00120787584388104	-0.0205298607014014	0.024322735049633	-0.0740970214625649	0.0235835876166649	0.0261030946264331	0.0470985096734497	0.0195607597757764	-0.0234236147838765	0.0154195830418139	0.0169887507679741	0.0527792079539098	-0.0127160983308579	-0.0266013551904067	0.0123509254750289	-0.0238463887316006	0.0461673868675378	-0.00150621919226873	-0.020716351375271	-0.0586444765367706
"A0A060HR72"	0.031336702923065	0.0233206502987736	-0.014481444513312	0.0409195291405493	0.0037038126209762	-0.0291336358582342	-0.0193509318089979	0.00905144315952085	0.00500723024149876	0.0166877051619497	0.0119441088741506	0.0208381673580854	-0.0304993153739669	-0.0044308326513589	-0.0218984799075247	0.0106773609819061	0.0100173408196886	0.0268998901493012	0.0335769513420615	-0.0151160288707453	0.0471050977005769	0.0631696443399946	-0.0319434046605558	-0.0199764024491122	0.00259620566768949	-0.0562957421027744	0.0667527608219399	-0.0352528168232704	0.0616402356243387	0.00587364239320261	0.011139302334592	-0.0219754898734796	0.0467872101894221	-0.0286836546043702	0.00865059452296137	-0.0410201434779118	-0.032737239969041	-0.0053857808452295	0.0766822786356156
"A0A060HR74"	0.00591054556205936	-0.0413318623907675	-0.0327504600702281	0.00227966619176819	0.0442684452193145	0.025264322444432	0.000539460086311268	-0.032375748190863	-0.0204374628533129	0.0535133174223264	0.0240204146182169	0.000542714610709905	0.0295175452036722	-0.0409012295570906	0.058504754293394	-0.00145010328708142	-0.0357395399805016	-0.0137593430889346	0.0381073939142209	5.51423777676966e-05	-0.00551633745570849	-0.0157752508183006	-0.00689416525710575	-0.0420063682865077	0.00317332755248234	0.0630146151311625	0.00200972802846072	0.0544120907869112	0.0241147730765394	-0.0275996379945513	0.00487213328852719	-0.000940918884613832	0.0207618136446044	-0.0357599836003667	0.0842294470196583	-0.0276766587256501	0.00115020473219706	0.0209502677299714	-0.0218622060564217
"A0A060HR82"	-0.0397407912960121	-0.0100698700880568	-0.0126098737874269	0.00599042000224134	0.0175072496008073	-0.0142715460315337	-0.0692394514012693	-0.0346353673268558	-0.0352509605882654	0.00611361837891497	0.00338450138086799	-0.0175926197685914	-0.0180898442244845	-0.0283133604869179	0.00611571416921557	0.00153220957622592	0.0222477445270893	-0.00562121021108465	0.00295744673139979	-3.05391748307511e-05	0.0325578738201909	0.00846684737533767	0.00717362809685241	-0.00866532309644519	0.0263936984172192	-0.0138790807369311	-0.0327058418315848	0.011851980608759	0.0159752076907793	-0.00969366176585029	-0.0206246511454895	-0.0210162587621163	-0.0211146835202295	-0.0244745530020795	-0.0144206133451527	0.00882820515013759	0.0421718066779293	-0.00120139465514665	0.00665795594063671
"A0A060HR90"	-0.02158105653996	0.0440505189777511	-0.0109435930637026	0.0273576444697869	-0.0218991457913379	-0.0176183093818426	-0.0460778473945962	-0.0449958224745382	-5.37764948801852e-05	0.032447808091398	-0.0628537307719714	0.0208829397313255	-0.0565193914594583	0.0124483588102289	-0.00164416260323118	0.0302172602388906	0.0198516598020722	-0.00302600209675545	0.0346693690627791	-0.00099327694015561	-0.020115904993244	-0.0417785215489699	0.0100819471892921	-0.0103344257684137	-0.00644135925326817	-0.00822997349400595	0.00250328754410438	-0.00157794570712159	0.00140422155813787	0.00250424769817167	0.0054392828438739	0.0148769615452839	0.00800338566966526	0.00471338914607326	-0.00782850835422023	0.0145213271576234	0.0249876359317931	-0.0271292320215225	-0.00679909202547862
"A0A060HR96"	-0.0138721855688758	-0.0178570065893221	0.0114816554025215	-0.0202613847767747	0.0788149090530445	-0.0387820351285389	-0.0201514050694083	-0.00178554642818197	0.0143192687994986	-0.0168736448131118	-0.012660495239606	-0.0630958083267816	-0.0269177257163299	0.0101796958040938	0.0325086345197406	-0.0552410178857426	0.00155991742405148	-0.0787273300589273	0.022486295737035	0.0211974637976289	0.0207618287604006	0.0237598234747074	-0.0141323033980787	0.0171522779637353	0.0146983696410963	0.00848825564176752	0.0138418749866214	-0.0163900504407848	-0.0334572274377541	0.0190676070974897	0.00487737034240553	0.0141886551626606	0.0133604258396321	0.0198892421800632	0.021330677944797	-0.0343332882008875	0.0183663681833686	-0.00300931598694949	-0.0183803936185062
"A0A060HR98"	-0.0228669476205525	0.0467061861512988	0.00484991965916909	0.011225082794258	-0.00622330159550125	-0.0566454692231384	-0.00225805805458023	-0.0241050693898811	-0.0351763932777108	-0.0128952881147071	-0.0385526412738686	-0.0205094819435708	0.0239444588686024	-0.0382830493006494	-0.00352549091463976	-0.0169698249684254	0.00259562196295451	0.0240709816169324	0.0498667340640403	-0.00713833639041964	-0.0175858546650998	0.0437880131754095	-0.00829832827462473	0.00695206840894731	-0.00445172188736431	-0.025012772905278	0.0216659519385506	-0.00610960646091697	-0.0163764750492939	-0.0357940582289373	-0.0564910664396739	-0.00506429971754169	0.0116270429668829	0.0252551150191261	0.0450485113356141	0.0134270185695565	0.0310070568463671	0.058993339889679	0.0172017301462364
"A0A060HRA1"	-0.0245031920702516	-0.007094598551014	0.0125868959526476	0.00327038831166358	0.0502012477599875	-0.0344591016308216	0.009558236736122	-0.00804733361942414	0.0195547019294237	-0.0184953741893507	0.0114086630857472	-0.113591750802551	-0.0335361649490593	0.0203046193164796	-0.00205288552366091	-0.00935185704145377	-0.0316150735073881	-0.0575728438686513	-0.00935205116617564	0.00351412314066311	0.0292381049285971	-0.0357633858649369	0.0584220103313555	0.0236920371510826	0.0367225226219771	0.0378897963236078	-0.007442527777046	-0.0159439382161039	-0.00177512354512327	-0.0151608930341964	0.0270625151839741	0.0122967478292282	-0.00487920252318321	-0.0100379772139621	-0.0380756538498976	-0.0080697722597347	0.00211633866550683	-0.0456490691289951	0.00210675694264757
"A0A060HRB6"	-0.0289687887679468	-0.0473869027396494	0.023073175917219	-0.0369320373543343	0.0248520854321158	0.000212601835846064	-0.0175904103852364	-0.0073590186401407	0.0280191595521569	-0.0102296754055761	0.0368025251807917	-0.0289909443537001	-0.017067256663433	0.033166804859195	0.0120163190771144	-0.00906300281735753	0.00398225972413571	-0.0327406991315572	0.00624520368978093	-0.00489927694428731	0.0163566355602766	-0.00308554697717073	0.0115561494664582	0.01379091613854	0.0272082668188575	-0.00294199239060472	0.0119633526192477	0.0107103382693102	-0.0127184308412916	-0.00406333187919461	0.0318188178328969	0.00745504399317119	0.013642901689846	0.00765506145617697	-0.00883797691099122	-0.020151784997857	-0.00163653322840098	-0.0150488720142045	-0.0170413129182076
"A0A060HRC6"	0.0360708662752789	0.0185569860966442	-0.0101065770298666	-0.00864371403231508	0.00224039501537829	-0.00249794852890182	0.0264855413465057	-0.00819086134726743	0.00833803882397972	0.0257832745632403	0.0194676433120594	-0.00802146229600908	-0.0265237216631579	-0.0631271751431355	0.000267630993876883	-0.0835399059261667	0.0271326656676882	-0.0148265746035171	0.0110189057585137	-0.0105132967385271	0.0272865905318662	-0.0411890984464399	-0.0323563709017557	-0.0605511626083191	0.0207493761513818	-0.0336608126501184	0.00446923962414187	-0.00388523279870021	0.000791223199124077	0.0149412514899193	0.0515365338235939	0.0472868720231622	0.0094332527193341	-0.0150816938298785	-0.0440714254357362	-0.0107093691144546	-0.012836116542944	-0.030040896398513	0.00690911545916904
"A0A060HRC9"	0.00526861252689355	-0.0179357646720393	-0.0402770824067519	-0.0297975518688081	-0.029937351251454	0.000381653367478254	-0.0502329243117619	0.0092266218108909	-0.0304276502135939	0.00302585534193068	0.0190220264541391	0.0145019667079824	0.0821204904600274	0.0506783863068692	0.0544998089866994	0.0341043004069465	-0.0114869086662832	-0.0623743275286525	0.0279892273337992	-0.047869024400063	-0.041345854863787	-0.0450145885496146	0.00564133546278431	0.00130753255949371	-0.0213277580354881	0.0522476632582309	0.00704128442965458	-0.00839374309360826	0.0241304607881469	-0.0214256694059409	0.0207092289319708	0.0437540417722095	-0.0470949441381201	0.0293805196580595	-0.0346444247977312	0.0306613041604177	0.0265440983277224	0.00416803911837533	0.0306973493861887
"A0A060HRD0"	-0.00597336935470249	0.0191846538398056	0.0661244253477526	-0.0312318717457791	0.0284304255949616	-0.0320645552179835	-0.044350813821856	0.0208212158878822	-0.0250426306874071	0.00149195301040901	0.0394083186203082	0.0131466208289731	0.0126182625231887	-0.0643148699956653	-0.0108704745269915	-0.0117110565912178	-0.00436417780060825	-0.0551371759349117	0.0146709496056821	-0.0414006648354607	-0.00908435278019029	-0.0213842131013427	0.00258303483514494	-0.0234019790911989	-0.0396134242167271	0.00769593615437723	-0.0196414289589037	0.0126213033895045	0.0150546457216763	-0.000504509748086663	0.0164522669829169	0.019657038125164	0.00668780751567237	-0.0280329212193489	-0.0034563415807117	-0.0103068103331855	0.0225684570781855	0.00323856673308636	-0.01417684196741
"A0A060HRD3"	0.0271846594069912	0.00959974604631284	-0.0282185712656663	-0.0353713386746726	-0.00117270281750209	-0.0376736526771702	-0.0179923726159454	0.0622710643922393	-0.055937030204529	0.0204420268626908	0.0296298887819614	-0.020613184132231	-0.046700703978484	-0.0269266887154306	0.015143389041861	-0.0401446326854718	0.0152491157238613	-0.0103037010729102	0.016355886696648	-0.0288430440255025	-0.0363544677687141	0.026655425438714	-0.0359363471157181	-0.021288156128674	0.0165545087013092	0.00931427556877892	-0.0229823886946352	0.0205968615983287	-0.0133528383100305	-0.0183032377431832	0.0149451213824191	0.00176252377539389	0.0611961099417637	-0.0206242796617621	0.0212278687206532	-0.0130857480306273	0.0150424214131335	0.00408828352879839	0.0642673511202181
"A0A060HRD8"	-0.011600454387784	-0.026029589625831	0.0371709863060999	-0.0276518334195809	-0.0276323543438399	0.0188199106138929	-0.0015995608788788	0.0413594421558186	-0.00366737204181049	0.00820001148298318	-0.0485424098242017	-0.0658666623283251	0.011459136763933	0.0569629638837595	0.0747578610516083	0.0333776783556034	0.0365525832657892	-0.00625107703769832	0.0214880594066539	-0.00506965716620318	-0.00358525933975731	0.0450779470117999	0.00614639392594618	-0.0289144915297517	0.0432246291617545	-0.0173204076078734	-0.0349352534967972	-0.0320302117193853	0.0244019025961398	-0.0350426348552121	0.00687424534577178	0.0235682792102782	0.0575872178818383	-0.0152851957590832	0.00268411817513929	0.0582216344651462	0.0455029378707768	0.0240531256230782	-0.00696669539606722
"A0A060HRE1"	-0.024639438922118	-0.000779842875236151	0.0120528992878651	0.068003785033604	0.0205746844373792	0.00446595911345819	-0.0251621304877996	0.0273688271900904	0.035366559191681	0.00800028313053353	-0.00055549076290955	-0.032028612326392	-0.0570629683972997	-0.0131635789676884	-0.00321383126993997	-0.0100452033605999	0.0115598485712043	0.0457643395463462	0.0152377955041462	0.0473020078661282	-0.0128658873023826	0.0480964305906838	0.00980448659304805	0.0131013716429615	-0.0164344425029146	0.0296055720722783	0.0599597137896387	0.00955636503360124	-0.0187674248912368	-0.0191501300948252	-0.00570728650160114	0.0449914661068618	-0.0223214982993145	-0.00446593765370296	-0.0107938323031124	0.0378657839708903	-0.026765554242802	-0.006211282273068	0.0898824585761082
"A0A060HRE3"	-0.0291411038407783	0.0178763214319494	-0.0108104581619647	0.000715402975104128	0.0131916501250414	-0.0159661029497244	-0.0936984118521649	-0.00748267011993412	0.016328678906702	0.00481426125263432	-0.0206631552803408	0.014687053914825	-0.0082514360151343	0.0682137998932614	0.0184200635043552	-0.00714895620386603	-0.00232006201433229	0.0255430960498304	0.0332298899048693	0.00305001512135604	-0.0126197310844618	-0.0129484537825316	0.0308366369528095	-0.0428098841521159	-0.00637751152566947	0.0369830873397781	-0.0590584440054504	0.0263627026059033	-0.0234766952083397	-0.0217614005161675	0.00745284163018856	0.0284295431648613	-0.0213323894901059	-0.00539467709463006	0.0284221895898526	0.00568372022923384	0.00993188111605831	-0.0037259558932787	-0.0528497354050978
"A0A060HRE8"	-0.019133171813702	-0.0279265564223654	0.0114457797759094	-0.0118727744698065	-0.0202538409988525	-0.0633553177271025	0.0169038077535875	-0.00838559594389667	0.0724068892366456	0.01305511363467	0.00219252687926664	0.0401362183680362	0.0249014385161064	0.0228038054398483	-0.0310880894038407	-0.0267868077949575	0.0392359326721053	0.0265164373310381	0.0341410031357672	-0.00286317470025436	-0.0575007240375515	0.0227658796183974	-0.043255230857818	0.0129454540615753	0.0313293218690077	0.0156621971002996	-0.00571088481789005	0.0800415205523715	-0.0261722338735112	0.0275763782471612	-0.0174204968273787	-0.0364404571194615	-0.0121998761008209	-0.00655732796785861	-0.0625941502010523	0.0099737088681319	-0.0313466125199618	0.0138955451101921	-0.010552864910058
"A0A060HRF5"	0.00956470406639276	-0.019019862331064	0.024348358318392	0.0325649028914784	-0.0347823493110075	0.0101750767733841	-0.024771363490723	-0.0279413233781649	-0.00408078110633752	-0.0120703072532671	0.0888262770917058	-0.043830676739607	0.00670752458820085	0.0316590728924407	0.0368256288410475	-0.0114004638677303	0.0273574412919988	-0.0434269957503551	0.0519260134492573	-0.00244412490341672	-0.0953765237201441	-0.00709180940723459	-0.0784371454209248	0.0161241883684546	0.0501406736643011	0.000935100564593018	-0.017538937926851	-0.0145001119969821	0.000534380947796385	0.0376609996986579	-0.0338044459095177	-0.0224258273564904	0.000425598219910381	0.0586020620902773	-0.00653474404946698	-0.00546358085017387	0.00221684674759427	0.0279656162282766	0.0194886671792439
"A0A060HRF7"	0.00316197126848964	0.014226929238614	0.0560488642333102	0.010723309060629	0.0356928440263912	-0.00741013459115917	0.0233430678990415	-0.037856807030107	-0.011503522466824	0.0694935073826626	0.00806627736465884	-0.0802608289156939	0.0220943273010544	0.00865380418466536	-0.0175616405655031	0.0133455097806764	-0.0149899184375713	-0.0189156211072382	-0.0507691515057464	-0.0183940413800217	-0.0412295735593216	-0.0436324554466503	0.0266100451638408	0.0223075913471315	-0.0254164012752502	-0.0122812782844157	-0.0669623430119443	-0.00700475078676165	-0.0052859852244362	0.0247204073430996	-0.0406707263189801	-0.00383064233670736	0.0226077718030733	0.0336051602840031	0.0112006512892301	-0.0171309513370272	0.0477178075625904	-0.0364927719303423	-0.0198752171905966
"A0A060HRG5"	-0.0269701615314588	-0.0389146538763199	0.0181431785177432	0.0327185679847252	-0.00485281630899478	-0.0272743381688268	-0.037073706022047	0.0109947511590739	-0.0358079920562407	-0.06028029102482	0.021574851174894	-0.00145420888701851	-0.00348846717452299	-0.00328608401755193	-0.00713552065142437	-0.0112874467417515	-0.0355188399194064	-0.0299828358922156	-0.0427561343755361	0.0421226447204727	-0.0419548524055881	0.0163612834528343	-0.00455414635006304	0.000791417733862166	0.0405039561952486	0.0147801145966425	-0.00265562201821206	-0.00751476088276411	0.0118602049264697	0.0113703959504083	-0.000701879677682414	-0.0436319505730852	-0.0152899347724724	0.00713346500947066	0.0180597056708393	0.0172520238444053	0.00457438362784989	-0.0250479714708252	0.00243023331931371
"A0A060HRG7"	0.0407780325721788	0.0212689338648277	0.043150536309943	0.001849650496697	0.0153147878370916	0.0179069349465875	-0.00191540802099483	-0.018457403508843	-0.0169489002014132	0.00272217855703503	0.00761553893846921	-0.00701316159259222	0.00867460503483973	0.00602784116742095	0.0156374598115643	0.0263851092192921	-0.00446485177823679	-0.053288874029662	0.00294770782637414	0.0310950422124916	-0.0390402170719843	0.00268251201505401	-0.0157124038676312	-0.00968370802702397	-0.0246774655731344	0.00380614932451699	-0.0167046043105483	-0.00836971540456761	-0.00498984715222887	0.0148165751892455	-0.00578984420003662	0.000515074236313559	0.000110385639102835	0.024184848233291	-0.00342839962829421	0.00290185376103905	-0.010944713722159	-0.0134019101713799	0.00445355558311904
"A0A060HRG9"	-0.0321315453484856	0.0305755623319157	0.0113472045404972	-0.00460409895781422	0.0313249431000401	0.0310623723176985	0.0192910898363555	0.0208580852761632	-0.0128588979130867	0.0293553675771078	0.021900564104405	-0.00538270154871685	-0.00519426378738914	0.0225643650669928	0.0318452288662642	-0.0390407199017969	-0.00620185613403524	-0.040136543136578	0.0219018027024991	-0.0409246347752898	-0.0480018508649487	0.0415853275532404	0.000395976169598245	-0.0200437596047799	-0.0172441972408064	-0.0347299558126892	0.0255900333354097	0.0296668720988619	-0.0205763724450479	-0.0417422708336297	-0.0433646558814967	-0.020452529503708	-0.0368536684127251	-0.00745774316899266	-0.0127745392109747	-0.0311254233063398	0.0732521718127404	-0.0273753938686888	-0.0174612944378795
"A0A060HRH3"	-0.0446938071742125	-0.0179434228751171	0.0182441750024903	0.0271130944789075	-0.0132353359942611	0.0017173135957608	-0.0225465705735733	0.0164013094928923	-0.00868254275371246	-0.00735039750216115	0.0230883113603056	0.0238425003947961	-0.0171231749076626	-0.013335186970709	-0.00186565650481975	0.0120720670592055	0.00373634774255609	0.0129753235620956	0.00951691486406659	-0.0156489286586572	-0.0183304479765329	-0.00223925095747263	-0.0386861673537126	0.0103938788580915	-0.0164878228741235	-0.0243187657651497	-0.00684450330440505	-0.00203192744573884	0.013475901134761	0.0119714922291435	-0.0313390258367317	0.0248002646101278	-0.0216293976999848	0.0143586670583075	0.0115690245458398	0.0199365715847868	-0.00390368118848359	-0.00735065073616133	-0.009465185870701
"A0A060HRI0"	-0.000949034063298074	0.0370675393544663	-0.035800927992632	-0.0265392801186931	-0.0168649214321809	0.0501468164160596	-0.0530375051715529	-0.0265595216303552	0.0576665396451163	0.0264333174317272	-0.0165340994141076	-0.0354277523154891	-0.0480990496623345	-0.0102157471782488	0.0178221747089282	0.0145944916271892	0.0191235248169206	-0.0101506967974201	0.011105083035756	0.017740039548385	-0.0327261726456309	0.044298072663585	0.0399433764431127	0.0191835907785204	0.0223510537016544	-0.0454020950935087	-0.0259991945013692	0.00198535554032711	-0.00503659372670821	-0.00288784942277563	-0.0408564345179337	-0.011923892774458	-0.00707038686800722	0.0233386718966539	0.00939643992456275	0.0078432559163328	0.0572523142764531	-0.0127342388551965	-0.0665235055696704
"A0A060HRI8"	-0.0130702787693399	-0.00489930641112547	0.015697432955996	0.0315289005137176	-0.0817030374542999	-0.0438234789091384	0.0174969369919137	-0.021404449204011	-0.0707518069944554	0.0160365576327935	0.0197095020176921	0.0184670676856232	0.00537354597885954	0.0223087685488106	0.00622219163737823	-0.0109173516637733	-0.0225005234250398	-0.00280915505235172	0.0441560520269544	0.0214467739079068	0.0326574236864986	0.0150075659300993	0.00907624439876428	-0.0125465442664057	-0.00842692415787942	0.0162749797242442	0.00059914868103517	0.000185240567794997	-0.0185254846214036	-0.0317816330151693	-0.0152977877502121	0.0359578076705335	0.00266660209923883	-0.0303854086936586	0.0103935562551464	0.0242247951230639	-0.0271578308465854	0.0357458443970062	0.0555681170761591
"A0A060HRJ3"	0.0323163045556289	0.05007321052013	-0.0293843239726714	0.00556722778964779	0.00126873165636725	-0.0138688696973726	-0.00396702011864555	-0.0306628980159912	0.0324726389978173	0.00829574374138915	-0.0325380464399473	0.0263821513805908	0.0293252444057508	0.00606407361097508	-0.0203652098452701	-0.00841357377723568	-0.0128315974514171	0.0107052797830449	0.00140462997922318	-0.00628124175858353	-0.0230538951900663	-0.0287066183997479	0.00438824702598398	-0.00471224097187438	0.0163148375172341	0.0167260774946691	-0.0176478696231008	-0.00387311316373785	0.0131063725192437	-0.00944333813546113	0.00721891023809636	0.00431080315493127	0.0100761770462134	-0.000335674684182144	-0.000233895778154678	0.00258451640372025	-0.00895233354848723	-0.0099845969078457	0.00129217050733147
"A0A060HRK6"	0.0417332011540302	0.0202281991685422	0.0185512415854593	-0.0153837110262761	0.019505076410378	0.0331521190185987	-0.000844543049875947	-0.0100259397558715	0.0353341929682581	-0.0125048097836256	-0.00884572325891403	0.0123396886876634	0.0333126307661109	-0.0311265983522464	-4.47454621755641e-05	-0.0374565183828769	-0.0125127911331481	0.021749655535777	0.0170476026948744	-0.0235309627412785	0.00803952316340632	0.00343480650324737	0.0227257648336113	-0.00786592618840053	0.0300514300326788	0.00684083143309799	-0.0482625623145295	0.0188968797915947	0.00775940980293231	-0.00511098233838744	0.0124924357109773	0.0217036501752649	-0.00605842461940475	-0.00520929446380634	0.0157691418049352	-0.0162750444492978	-0.00555676891380546	0.00388710972985789	-0.0138423404776107
"A0A060HRN3"	-0.0236136344081081	0.0204424591454188	0.0439850984465603	0.00489807332344645	-0.0386790853033901	-0.00859587601911743	0.036091075549157	0.0291020655561033	0.0369470899352688	0.0311553122088744	-0.0181218788891947	-0.0472817214006779	-0.0181286001216842	-0.0123484135660772	-0.0407297854413873	0.00323896469098897	-0.0299335629322243	-0.0315447448689698	0.0177106061885115	0.0435173857559372	0.0195511798255221	-0.0188219159826759	0.0366236122034565	-0.0473302612908597	0.00854858312046609	-0.00328999213878757	-0.0154090840064115	-0.045457522343186	-0.0108984381000653	-0.018591692466966	-0.00535819919668927	-0.027604387699304	-0.0630565983001611	0.0553294262815676	-0.0429490209285972	-0.0218217333245609	-0.0137427223800033	0.0127287036577275	-0.00381833629459701
"A0A060HRP0"	-0.0428536724669373	-0.00488456137334579	0.000925771744057514	-0.0326133105220438	0.0234062139497807	0.0184276029214572	-0.0033935295780052	-0.000212049391994201	-0.00984593483136213	-0.00711989419610895	-0.00291015796891765	0.0186749799470289	0.0242366303686355	0.0452352454902716	0.00881287615115886	-0.0352696664572998	0.00873973913258149	0.0393170773649037	0.0432343272380495	0.00161207871044656	0.00517750996831995	0.0280490333506492	-0.0333931928592676	-0.00679483008485387	-0.00112984053822029	0.00306367809873051	0.00396806561930197	0.0263482954010705	0.00956726592990555	0.0153729496166957	-0.0107575729319394	-0.00250433732454615	-0.0179764937638376	0.0168060851171202	0.029201561833439	0.0396491909680084	-0.0176569778482917	0.0312506728507096	-0.0264518481278551
"A0A060HRQ3"	-0.0152087718160626	-0.034982618636612	-0.00986991283766832	0.0581026308922308	0.0046731574491966	0.00265694742486731	-0.00464499658607688	0.0338465452977984	0.0447705200791155	0.0114792296732649	-0.00361357615348739	-0.0028164889145868	0.0679858275565173	-0.040578670019796	-0.0163816514908873	-0.0114130618235589	0.0250787299460527	-0.0276539345230098	0.0306922155972677	-0.0669038901802813	-0.00152833303116471	0.000519540641687351	-0.0303472179282706	-0.0119441526868067	-0.0066384658583528	0.0254128090718393	0.0264205422868075	-0.0251575080183308	0.0115911759481425	0.04590477450947	0.0356471660870348	-0.0339665318071877	-0.0478045946915614	0.0350695400848155	-0.00699491971900815	-0.0373937574522012	0.0461532188591195	0.00103651561565419	0.00281727804172205
"A0A060HRS3"	-0.00591845863003576	0.0216968481778885	0.0289470012751737	-0.00272040828820356	-0.0451209959079255	-0.0108086429140478	0.0289951814734539	0.0224783183631481	0.0229817607118579	0.0348716371329812	-0.0591535877517305	0.0148535616733751	-0.0335245088171809	0.00741238508274412	0.0369026153527992	-0.073379873080834	-0.0722500410060149	-0.00856202189960798	0.0555634706738554	0.00961910179230892	-0.0313753077880412	0.0201500309830677	-0.0344083028833128	0.0865175158114748	-0.0325619744377929	0.0579901504832443	-0.0430130467470512	0.00946601284116188	-0.0514121649563749	-0.00296562747005789	-0.0124976397610517	-0.0188403645600885	0.0328546690078687	0.00931322891220069	-0.0186430358839615	0.0360885630667332	-0.0173806195878621	-0.0346172372536054	0.00825689270781317
"A0A060HRS4"	0.0109710909272036	-0.0545975868662985	0.0359682064450743	0.0396993831497674	0.00824204835240061	0.0261062363883824	-0.0151525162327449	0.0124141678524712	0.00192408318021416	0.0306611960266276	-0.0422570928711507	-0.0254869737989679	0.0102435458736075	0.0445243849152992	-0.00769529258690071	0.00735879379148895	-0.00923090229329024	-0.00659493719012033	-0.0311929594683556	0.00975415625203324	-0.00160722705563333	0.0115931144831644	0.0191514791647693	-0.0226237136515266	0.0400696634284811	0.00649076667282204	-0.00347097729265753	-0.0318105916386353	-0.00745694412808379	-0.00803866710458725	-0.00807636195529459	0.0288931168512098	0.0080721149107315	0.0354326735349648	-0.0398953693701011	0.0334695509373394	-0.0249108636170731	-0.0103129955328666	0.00920244695028392
"A0A060HRT5"	0.024134158956177	0.0421800091572593	0.0394913232055878	-0.00297988685380772	0.00596753656882667	-0.00272782134003571	-0.00653091597992864	-0.000904193803765825	-0.0200504964899975	0.0291557475889616	0.0511563785726867	-0.00316500394355486	-0.0517499934912783	-0.0107183888400309	-0.00102559359287566	-0.013820415189839	-0.0586979229497837	0.019743420961461	-0.0198410106637804	0.0597748535594338	0.0309557355665427	0.0140810115904753	0.0222358015738986	-0.0239270086893186	0.0138848451680625	0.0354032519152493	-0.00575450138340469	0.0344735447089878	0.0109630666810979	0.00820594760941349	-0.0470786571882616	-0.021538412589687	0.037199529490857	0.0325032106360017	-0.000987056463049999	0.00543948381619576	0.0238673156022057	-0.0291407845828059	0.0138133034234567
"A0A060HRU0"	0.0279579183468809	-0.0290821790407092	-0.00681951304408022	-0.0556367124094559	0.0303621935841264	-0.0267852491277959	0.0252919743047251	0.053003856877632	0.0301764273105881	0.00332750048986894	-0.0143155972018367	-0.0350342574743428	0.013331740044227	-0.018597760178751	-0.00330262976107868	0.023303487717336	-0.0107560335282343	0.0259929142621037	-0.00833043658522297	-0.0288397146625413	-0.0176621681528072	-0.0197419728830466	0.00527269573010707	-0.00977818545166822	-0.00961487722704169	0.000562586714811154	0.0169409080963899	0.0207312937562587	0.00340487309869038	-0.00252639675512177	0.0290829156325678	0.0225086026804948	-0.000604292047261376	0.0208074505083642	-0.00499503728976914	0.0207845691189187	-0.00369020018228192	-0.0131911226839773	0.00842806655493045
"A0A060HRW0"	0.0325275188505889	-0.00724524692113052	0.0120060336799832	-0.0447373483063784	0.029756041503516	0.0008702883932856	-0.0166638599756427	-0.0658299170322784	0.0254541447055239	0.00148467053159138	0.0114495430509115	0.00784473420189163	0.00278672081291606	0.0222238968220893	-0.0351568948186481	-0.0417314952111531	-0.0166601325405481	0.00463127144242758	-0.0337707298983625	0.00935086011627803	0.0209051454532996	-0.0095673165666641	-0.0279359487529332	0.012228895938494	-0.0542455186723939	0.0210061614468228	0.0466413279056601	-0.0211192620666817	-0.0288834885153032	0.00795608888431648	0.0289670565766725	0.00927221698006616	-0.0155830239951955	-0.00658941770231976	0.0237744982416853	-0.0206128048450448	-0.0443074647058371	0.0180240362906516	0.00346518404431632
"A0A060HRW2"	0.0409860591861514	-0.00936721933915961	0.0488692816784833	0.0116461881859119	0.0264563739815419	0.0011361473640323	-0.0158826934260774	0.00383194866493299	-0.0304448554126453	0.000978841606986787	0.0195869978853727	0.00600110398525188	0.0180770514957355	-0.00179182349980956	0.00132471543458502	0.00723578764834605	-0.00884538827667716	-0.0244913924007046	0.0156041867570255	0.0125917752164774	-0.0399633319128763	0.0033165540221006	-0.0129284160900617	-0.010754572701467	0.00913510043937195	0.00674145703735489	0.010408062808909	-0.013426180881838	0.0243495723711956	-0.0045068487680312	0.00394444140188057	-0.0289873653588475	0.00568531534894755	-0.0020646586606487	-0.0100093747828869	0.010261296980766	-0.0096031154064437	-0.00646604775238381	0.00490161109593769
"A0A060HRX5"	0.0294067933800172	-0.0389362704518698	0.0183475910899365	-0.00256144044096464	0.0151768898070478	0.0327003590261832	0.00365027698271535	-0.00958337717047608	0.0318471290126098	-0.00836644994243196	-0.0356367594015713	-0.0121910482840228	-0.0215415521707748	0.0218862932276794	-0.000669736090061803	-0.0153253582536625	0.0262952688438614	0.0305271124496259	-0.0147005632710283	-0.032223353444115	-0.0456599668272312	0.0617246806613553	0.00342803059897922	-0.0398931050405368	0.00630010313243038	0.0102462378225324	-0.038413067121312	-0.0550329924458316	-0.000292493357125308	0.0495554066985421	-0.00763797776238056	-0.0622148836485344	-0.0177621471807264	-0.0160516167613004	-0.0326052781573603	-0.0564355818754248	0.0237487715343633	-0.0066749650086954	0.00663910815786376
"A0A060HRX8"	-0.0469738415237793	-5.01761858740316e-05	0.0180393636022739	0.0279358641344283	-0.00380526724711225	0.00269841781836434	-0.0162095860385469	-0.00500490728238778	-0.00975907480532833	-0.00285486253156321	0.0225563059235528	-0.0304347192179284	-0.00487642912297465	0.026944585647532	-0.00694653922992246	-0.039545839488878	0.00189070923832791	0.0089491185076127	0.007829400188323	-0.000944410193263762	0.00931593070146879	0.0312625928036489	0.00140005514986127	0.00699249070141922	-0.0100134250025681	-0.00853552814384853	0.00372434570698049	0.00377415719094295	-0.0016032024831764	-0.00514446567117842	-0.0116489923756692	0.0238134452132281	-0.0114600460807555	-0.0023775721092472	-0.00846047752418686	0.0104986013312198	-0.0159129656040098	0.0102411873271372	0.0268390660232631
"A0A060HRZ0"	0.0407697831129219	-0.00434446514318772	0.0498601507203518	0.0039956111294172	0.0282020121108564	0.0259775879288967	-0.0172425525738606	-0.00022188597366668	-0.0092161423393491	0.0128967266791039	-0.00234837152819475	-0.00801158480036871	0.0229068775297437	-0.0234741855033698	0.00827167800271655	0.0114593568666706	-0.0156871013788923	-0.00204021089529301	-0.0063068749691263	0.00822120667634587	0.0186371156991501	0.0115992580460648	0.00610681696174815	-0.0205107094217671	-0.000104776633184338	0.00617919654345735	-0.0132835457800791	0.0269060619508215	0.00423672019875829	-0.0143812033204689	-0.00159972058408088	-0.0233055273553954	0.0213933735539101	-0.00328014656469232	0.0309455228836191	0.00348940363958737	0.0234820494618857	0.00393100840757217	0.0127547696898017
"A0A060HS03"	0.0162012514775752	0.0423513720903407	-0.0154308573943371	0.0138021729130625	-0.0359845789376526	-0.0209331169404839	-0.0174590672227302	-0.0561888061899362	-0.0149629772664957	0.00844169820217681	0.0407352405950291	0.0262615753119598	0.0182940247140876	-0.0284960984542874	0.0219291390778298	0.0406906731644239	-0.0126534867446455	0.0249961207385846	-0.0681862143209033	0.0220754832320909	0.0404055311910101	-0.0259352436432298	-0.00721232301305155	0.0440180837719879	-0.0360677641412989	0.0322553981446102	-0.0145856777580378	-0.0263986630625947	-0.0221062198244283	0.00106963991637447	-0.0240080200501114	0.0342333857967267	-0.060933009142479	0.0155126222775694	-0.0476822627549652	0.0326326981479807	-0.00353338979160464	0.0452685489652159	-0.00320944149828222
"A0A060HS06"	-0.0432938619774465	-0.00200994752671377	-0.00539956782642752	0.0322690201964205	-0.00417926210808658	0.0260076737704005	-0.0267368905930289	0.00541317231202389	0.00516301990927328	-0.0149789350155236	-0.0172671289116271	-0.00103728081425701	-0.0204405187988273	-0.0241722252170032	0.00745624807179312	0.0263942567516679	-0.0219858710937476	0.0268269996204195	-0.00353977703743336	-0.048702213870372	0.000615555614314769	-0.00481559100914966	-0.019282269371206	-0.0119035145419383	-0.0526716362402099	0.00698746857615675	0.00974968287080271	0.012981883485116	0.0289990950913626	0.0406441323195838	0.0187272416971515	0.00790479992027867	-0.0182822767716853	-0.0222628081451719	-0.0144090421218887	-0.0199945403963379	-0.0105488333181516	-0.025988710697079	-0.014660916025528
"A0A060HS08"	-0.0375378176985737	-0.0255093195434453	-0.0105768769570419	0.00838614769127752	0.00821589368958768	0.0161623954527701	-0.0248415462236062	0.00228500381211295	-0.0444718206097633	-0.00991132173842093	-0.0084940300622197	0.025787557830028	-0.0174604397830495	-0.030398200567107	0.0182389078449798	-0.026175164610602	0.0461570094855453	0.0280475788834935	-0.030882696808982	0.0327132097544594	-0.0106735940613916	0.00071129159637554	0.0187705162384576	0.019253867220306	-0.0157832193881981	0.0309392590648631	-0.0495527434311254	-0.0225778338473315	0.00768718092609473	-0.0697009736532138	0.044967121544347	0.0261344217343733	0.021967734059973	-0.0434740155652049	0.0295041085043356	-0.0130606842219483	-0.0122679531766733	-0.00323837235950455	0.0115247192669076
"A0A060HS15"	0.0142018466714748	-0.049042900853837	-0.0260100545948435	0.0165746329943282	0.0286368803834899	-0.00351010742356147	-0.0429520539480921	0.0100321355956164	-0.0023875409843553	0.0287284143850078	0.0199783481381447	0.00591001727919021	-0.0254736239234535	-0.0458152219071403	-0.00311047503899549	0.0152966439847679	0.0345619841882126	-0.0279722959975914	0.0101730904244186	0.0164070787795346	0.00207273242510409	-0.00027636956312876	0.0128180458245922	0.0338689813421105	0.00782787277622304	0.00945368292497534	-0.00553812172336566	0.0220017157625653	-0.0577765166708014	-0.00956845520224386	0.00597540262438578	0.00022054264353958	-0.0463273572846288	-0.10643945889905	0.0498146902131443	0.0589341286331215	-0.0120934397053658	-0.0590402536606775	0.0192417187783475
"A0A060HS16"	0.0291044711081388	-0.0325471372770577	0.0226707402190555	-0.00919114633279174	-0.00838538003950269	0.00168702196101845	0.0298144490042566	0.036865969384232	0.010403507526265	0.000450327327399593	-0.0542770203460142	-0.0169327402675216	-0.0307478122781773	0.0391573781972811	-0.000445504922572518	-0.0130355354799196	0.030987618810236	0.024894833818882	-0.00763043369672452	-0.00647934629699253	0.013729947332904	0.0263158837780832	0.00443577734757367	0.102202442150421	0.0169722927244509	-0.0151054714335819	-0.0242873355657813	0.00125651295585997	0.0283583049385415	0.0212532485411407	-0.0707487837428078	-0.00244635298707267	-0.0274994083476428	-0.022506790607351	0.0539400754856587	0.00590753386793353	0.0299739282668987	0.013957132087608	0.00686255964814532
"A0A060HS25"	0.0336131628454423	-0.0117866913641762	0.0291131617566001	-0.00520828329267249	0.00988875488642379	-0.023210056263987	0.0370501058733587	0.00240858876161995	-0.0776650808859682	0.0483227220837182	0.0256945427062807	0.0080689933329742	-0.0329771547125706	0.0366199676888616	-0.000545537967018449	0.0270667304171574	0.0162566770873481	0.0584852556933333	0.00612864904755542	-0.0304350584264903	0.0186681211138978	-0.000781827391625545	0.00790761652057462	0.0140104114874629	0.0045316774209335	0.0100597412386181	0.0104709638739494	-0.00381475542814076	0.00210131166544787	0.0113632195262221	0.0269116216879447	-0.0049311845852339	-0.0439272586031044	0.00183033020019695	0.00981128677779416	0.0170774524100969	-0.00379040110184623	0.013342833466903	0.0127236519420116
"A0A060HS36"	-0.0416169617844005	-0.00800373465006781	0.00654076950352984	0.0384219248731599	-0.0130921784018738	0.0186167466610417	-0.0421648183520782	-0.0145250581391912	0.0385035958448656	-0.0133048578899458	-0.00343104901558673	0.00697664045137397	-0.0292912559603986	-0.0189256106875824	0.00306987665201968	0.0294975173605552	-0.012506875535586	0.0195388304086243	0.000850804979018042	-0.0108726667770184	-0.0245285351699398	0.0145579328560067	0.00429251641945186	-0.00745801824849574	-0.0139046737424928	0.00671561076737157	0.00127217195428888	0.0181581797506245	0.0207186923411772	0.0081903846175085	0.014757593889674	-0.00975552490305643	-0.00071035468780696	-0.0216083329931843	-0.0169349042083242	-2.48630604102998e-05	-0.025745237569307	-0.0482225812178443	-0.0340331939794055
"A0A060HS38"	0.0278612135925831	-0.00304398357529198	-0.0137963333251379	-0.0551595372218913	-0.0172573659711942	-0.0281560602274409	-0.0516336854024011	0.0176603133518817	-0.0232547065273599	0.0223027786041953	0.04591918909281	0.0492237573757698	0.0246308613664318	-0.012943786673089	0.00317425975453104	0.0284449406076953	0.0106132796085075	-0.0124458386265741	-0.0380065482174555	0.0118867672710566	0.00186326572406716	0.0182857775035563	-0.0406491758376169	0.00893329812956958	-0.0317591852418719	0.0354902541099352	0.0100306743991407	0.042629728741203	-0.0138180145481902	-0.0549701925569591	-0.0131183198514312	-0.00170025327757673	-0.0118498201167474	0.0176972647945375	-0.0194738180732998	0.00411078005256831	-0.0145803573142443	-0.0116660834247981	0.0132567413050669
"A0A060HS43"	-0.0421760838861929	0.0166903176884125	0.0112341708909507	0.00564396649538638	0.00925781727569312	-0.0429958312810613	-0.020524951820345	0.0049269284432334	0.0170258094610027	-0.0101530166914423	-0.0120443643372173	-0.035093890501836	0.014487604130403	0.0179053300509862	-0.000348530906771986	-0.00115210941891369	0.0167334035424472	0.0468290292708616	-0.00373931244115934	-0.0336822998017054	-0.0156563024182195	-0.0207658128866641	0.0116485409923992	0.0600769832570539	0.0060819859479257	0.00399536078769248	0.00858115713504642	-0.0145099445584693	-0.0131116332567858	0.0369538314324762	0.0119332617706911	0.0182557291599963	-0.0244676775775182	-0.00348319468929978	-0.0419682532551798	-0.000998364573088002	-0.0171156497960179	0.0152248454967082	0.00526966778613242
"A0A060HS51"	-0.0458556057698791	-0.000848080612159905	-0.0292852011063447	0.0124699422150735	-0.00169070000296164	-0.00627162795357342	-0.0244793664386438	-0.0335956443296097	-0.00614606418502577	0.00807328932384687	-0.00694939752603381	0.00187174300015115	-0.0323321658856894	-0.00885242977511659	-0.0249581282118202	0.0102057361450167	0.0118828424940756	0.00883303971718095	-0.00769115945598491	-0.0126051303639062	-0.000660813691558987	-0.00130213175110397	-0.0162775370063649	0.00259768770541926	0.00561627680438213	-0.0343919033928982	-0.0215635083814789	0.00836102869217328	0.0235882631555425	0.00420136521104181	0.0223370175512898	-0.0185662485942153	-0.0187679564292254	0.00253745623269593	-0.00963924127902385	0.00584670001587953	0.0114631695325736	-0.0327831431394631	0.0184519745742237
"A0A060HS52"	-0.0177959286344978	-0.0156542767424529	0.0277296289209466	-0.0568579302522916	-0.0364632951308758	0.0377528486869869	-0.0144005181239235	0.00246715042316896	0.0137303201600737	0.0182167994453207	-0.0172957365419121	0.0606995875647151	0.0384152172438846	0.0488373258805702	-0.0154729812288383	-0.00612131019071603	0.0122260362817134	0.025740472476481	0.00689967034311721	-0.012290259616582	-0.0332111500950251	0.00882510387054028	0.00805438874611679	-0.0412505523793048	-0.0391904756203823	-0.037066920591131	0.00137542334756202	-0.00921043082900305	0.00527998060219083	0.00616040931317539	-0.0344011977174388	-0.00100922287764625	0.0130675960640575	0.036051667069682	0.0441570580760723	0.029737481191443	-0.0574869885771818	-0.071657160377293	0.000826940458587547
"A0A060HS64"	0.0314429340163979	-0.00443423767917666	0.000128259343623686	0.0714759138633402	0.012962121440365	0.0359774283887079	0.0204750911107413	0.000693281180204669	-0.0334510631319778	-0.0146403125674223	-0.0149930213820924	-0.0190630464442539	0.00506131969021584	0.00740824704551616	0.0090394963506418	-0.0286368765548224	0.00590282828337776	0.0154850841401451	-0.0043991409601896	-0.0511073514162159	-0.0189459201029279	0.0149319891105161	0.00224284347345859	0.0361784896576176	0.0230903374528565	-0.0159469439185963	-0.00497616818519237	0.0100625706568099	-0.0150314459560852	-0.0205807263480505	0.0161636789077834	-0.0110353993872084	0.00642444929732146	-0.0238256604912254	-0.0151326839104252	0.00287329364082149	-0.000161921014079819	-0.0107062235999507	-0.000470851062133944
"A0A060HS70"	0.0288639192442665	-0.0525395518362353	0.0083867139664714	0.0319093109895123	0.0130705310581027	0.0198486850444105	-0.0199056468016001	0.0116886072254407	-0.0137103844478806	0.0148893071168477	0.00645430508616153	-0.0095941276145056	-0.00772776742224911	0.0241320238508313	-0.0218345750045221	0.0142448370691578	0.0215508053667596	0.0151443437092741	-0.0139077777697577	0.0043528138167091	-0.0199068450688601	0.0535830483947008	-0.0404940009892513	-0.00593042620988651	0.0339384266914438	-0.00355924763771892	0.0333790093671764	0.0045716115907165	0.00777304338452399	-0.0225901015130202	-0.00985787914127001	-0.00321574119985342	0.0144224036420988	0.0136203010437515	-0.030462586279249	-0.00966978694895469	-0.0055168288698402	0.0183991084495727	-0.0604820079487591
"A0A060HS74"	-0.0102723916532534	0.0122242713764867	-0.00540273851374746	0.0594218095411191	0.0328315179120765	0.00667488976675115	0.0458108505238369	0.041914240511225	0.0113471932327149	0.00733235734485987	0.0237983679525277	-0.0352018996386841	-0.0236620850464017	0.0144077251632034	-0.00780275760868257	-0.026834946313267	-0.0157594229357626	-0.0531965676797919	-0.0513104595899867	-0.0503339894017734	0.0272577996825793	-0.0452101939509535	-0.00929796342622818	-0.0573087936299083	-0.0298644862984579	0.0412638089061482	0.00446000079338208	-0.03173420398158	-0.0744985161351356	0.0691396498971811	0.0388872222916292	-0.00646583753756161	-0.0013993551170182	0.034944810527349	-0.0126806879906492	0.0419522992703345	0.00671870719497373	-0.0309406325025998	-0.026192512650723
"A0A060HS79"	0.0161861552524449	-0.0196539219579988	0.00163582708193777	0.0310386236269631	0.0558648572837522	-0.0324667960307914	0.011382027467093	0.0546179727095195	0.0243967014873426	-0.0288231019360541	-0.0134967077907191	-0.0107314305189544	-0.0538002160449699	0.0109525171525368	-0.0624401855205665	-0.0132580495852872	-0.00973798303204234	0.0389927229281902	-0.00311307473311327	-0.068653959144243	-0.0791240160851867	0.00711959037745583	-0.0128092856040101	0.00520862036161091	-0.022708777180009	0.000413971736863771	-0.00709563794587031	-0.0130691719811709	0.0218336574567367	0.0284201006930979	0.0227408767306696	0.0256285662469565	-0.0437288439016355	-0.0127580307262147	-0.0173430409393038	0.0371526419733813	-0.021303492177622	0.015046428090159	-0.0571956306419488
"A0A060HS84"	0.0271595439756422	0.0480248961736192	0.00320886716014082	0.0108838728788917	-0.00868524486033051	-0.0258373981619677	-0.0285067370666783	0.00681742268827841	-0.0104368086864689	-0.0103869976933909	0.00136992097063803	-0.00351353492502869	0.0190937120826652	0.0298890578785902	0.0152253853385284	0.0351824699329407	-0.00232432020698933	-0.0173448041269595	-0.00843764151858544	-0.0449416751584179	-0.0406948044098498	0.0110292871594387	-0.0366671850818318	0.048641272982343	-0.00379783021050037	-0.050196210836019	-0.0112887752275071	-0.0510312295443939	-0.0654176887509669	-0.0439970014748606	0.00863535545516013	0.0280586458954988	-0.0156976352994692	0.0389344455620555	0.00814671374257968	-0.0396657983552105	0.0208162774438678	-0.0307840890776148	0.00209922355823204
"A0A060HS97"	-0.0129550124943643	0.0179933948756028	-0.0203929193134285	0.0533272872427559	0.0549492986383221	-0.0297225410127352	0.0201293311893797	-0.0142966095564099	0.000533771004013542	0.0176732603928063	0.00866528455717247	0.0836813008161395	0.0282360702682448	0.0160503818824814	-0.0124893480487063	-0.0057316075286509	0.0486768606162634	-0.0255142588135053	-0.0279046587003593	-0.0157557287441087	-0.00164852027064645	-0.066769862704078	0.0281138280446882	-0.000229303029140714	-0.0273317130515105	0.0253604667060521	-0.00366557101099117	0.0119617620488515	-0.0429287687496486	-0.012551997812595	0.00778474744922982	0.00475677405634237	0.021169101872722	0.0124009256542207	-0.00193020697603077	0.0499313198078361	-0.0194805262400322	0.0113038164783261	-0.0030398820581673
"A0A060HS98"	-0.0362303306506847	0.0303241755705165	-0.0117086010512973	0.00132602694784384	-0.0461060220196322	-0.00189126407966803	-0.0147913905569893	0.00703735463143347	0.0209839804876195	-0.0356074700444121	-0.00668838780994358	0.00550938983875913	0.0287381715274997	0.0168102094565122	0.0488440399139016	-0.0235241287903455	0.0111676800973349	0.010500470382516	-0.0331469402878838	0.0261861814764996	0.00806363190315789	-0.0122556496383043	-0.0406577394954629	0.0154880441096805	-0.00750587411841778	0.0181942907544871	0.0258124120269023	0.00241861319202442	0.00468033959366583	0.028696643449513	-0.0160622127531512	-0.0135372521905727	0.0561853034433241	-0.00673796038005586	-0.0188711517531022	0.0166419270546552	-0.0125686502642614	0.000470291762232923	-0.0327710138527143
"A0A060HSA2"	-0.0445623537435123	-5.91092991280624e-05	0.0341874894516687	0.0135453250582143	-0.00709531238376626	-0.0173105700436464	-0.0116479297837056	0.000791444095361515	-0.028426771644503	-0.00885279488113719	-0.0125164136725721	0.0244064643109588	0.0345833845547377	-0.0136969570716899	0.0106091010292401	0.0286427707079899	0.0194618211379973	-0.00566504004991433	0.0200521093288787	0.00712149298413878	0.0179219373934837	0.0106437784978103	-0.0124089839198857	0.0151338383892216	0.00292800202914025	0.0173209325830223	0.0274625873734885	0.0155888329280809	-0.018460263923002	-0.0217372426742072	-0.0138015341419447	0.00202032246235539	0.0132653897552854	-0.00243772542302167	-0.0164654770424901	-0.0158663405814045	-0.035674827043169	0.00568839595508667	0.0113311922286174
"A0A060HSB1"	0.0253306703083464	0.0584880079946111	0.0033470486226765	0.00971719083101819	0.00821587767897499	0.00299677705677492	0.0317975953231028	0.0024340786656737	0.00156357982358449	0.0137656020811299	-0.0285496287967695	-0.00333727303553573	0.0628914536215523	0.00847511347007053	-0.0129691453713115	-0.0472796047966165	-0.00588766263409074	0.00630716855530835	-0.0460401543498487	-0.00095929404011921	-0.0274672482211348	-0.00681708709427162	0.00414476913673097	-0.0057845428588375	0.00740054690181415	-0.00783247860186593	-0.00933617491122378	0.00833692995253469	-0.0156860713296606	0.00313622513487767	-0.00124254683001842	0.00300427424788224	0.00427751517018271	0.00780840522061075	-0.0186768862935595	0.0166944468154538	0.033742714740015	0.0143515877090845	0.00417880632154775
"A0A060HSC1"	-0.0409815105084807	0.00814350825540915	0.0278745989001338	0.0383964957615992	0.0122302473161963	-0.047389069887106	0.00102574253184183	0.00410172175732576	-0.0211768244728976	-0.00821944429435923	-0.0295073796135859	-0.0105734123485342	0.0240610581071309	-0.00996050897326583	0.0215816700527581	0.0133934821874595	-0.000812989397011672	-0.0179520133088858	0.0106890612335786	0.00802602661473164	0.00908232701612303	-0.0230710416965139	-0.00337281718068961	-0.0118321029980175	0.00620834178171611	0.00515426927535087	0.00710671139899995	-0.00236571094068321	-0.0130887034287219	0.00273532267714063	0.0178100643657251	0.0174838508965982	0.00497648137824884	0.0139541771776875	0.00275707896487506	0.00614864754398172	0.00681681395258865	0.00830622966076025	0.00702536782721956
"A0A060HSC9"	-0.0107826591072221	-0.0570017661248632	0.0482560374609461	-0.0169193873466858	0.0166598670718076	-0.00711819275977855	-0.000417067921554759	0.0337228680408377	0.0111517526516541	-0.0190822029530398	0.0136570718971941	0.0372663110472841	0.0377702943203968	0.0217995899057505	-0.00488291957218831	-0.0269205714283459	-0.00056709632492372	-0.00320348406409919	0.0222950488611883	0.0067692508923546	-0.0116761259618873	0.0278593650291533	-0.0359096525819568	0.0158418338193478	0.00995213433911731	0.00414866577241632	0.0392021148630826	0.00609706102615034	-0.0152386408501882	0.0254688165574566	-0.000412768343368817	0.0216052560402933	0.0410100514021705	-0.0234045714250818	-0.0132518173559733	-0.0106248083311736	0.00966588384435576	0.0001027846412316	-0.00923892392949863
"A0A060HSE2"	-0.0310148517088377	0.00853015221671562	-0.0404114477567651	-0.0397468817633288	0.0134538558020541	-0.00617020705200252	-0.0089102778457688	-0.049613937325888	0.020255530477121	0.00663904856710241	-0.0418896429396544	0.0459352320402792	0.011977017677088	-0.00843381820777503	0.0446660449877417	0.0128742049129339	-0.00868339114830552	0.0172383218795135	0.0153754777391353	-0.0151788284102415	0.00543629966606092	0.00697547150080447	-0.0239744617076455	0.00994925585524284	-0.00418869933203001	0.0120333819433877	-0.0421604599724424	-0.0419961792629133	0.0233050089286663	0.0380823798619195	-0.00377088534603451	-0.0530738529842091	0.0292682577587894	-0.00424560563378547	-0.0446439024852047	0.00918486256286812	-0.0313104266825317	-0.00103326944636061	0.00158877641713817
"A0A060HSE5"	-0.0248077175129846	0.000388808638677661	-0.0236032091550129	-0.0479230285274515	0.0638790757241727	-0.0101076409974801	-0.0186665222101763	-0.0285802359137982	0.0108902585813895	0.0142620840844275	0.0311822774038225	0.0463024703709578	-0.00744763914201168	0.0269025112467244	-0.0121105812964925	0.00243621889535962	0.0431102283119001	-0.00730652597567567	-0.0290997158021765	-0.0136030426742519	-0.00338967312656275	-0.00356108062669401	-0.0195457507259577	0.0210926758023796	0.00705379885768481	0.0105533679524599	0.00370260399335781	0.0264390625191528	0.0157684812603228	-0.0579952669718643	-0.00706260781114229	0.0397800887153611	0.0407931335319823	-0.0146741041712474	-0.015768588863429	0.0153288044977105	-0.0357735506653018	-0.0264957576179749	0.00504298994827067
"A0A060HSE7"	-0.00290482835938204	0.0607901786283525	-0.00424488275426736	-0.0399158655586842	0.00849726503592434	-0.0110207976446664	-0.000516508985194624	0.0357594140013744	-0.011988733660194	-0.00258495094679011	-0.0121002527771529	-0.0498220489200556	0.00756048648657127	0.0442570085867305	-0.0111981072851601	0.0372852098884307	0.0121432430321252	-0.0205894506446112	-0.00117149447376557	-0.00141032821873305	0.0284600880149232	-0.0383007029373665	0.00943869018328481	-0.046086638777893	-0.0217972010204784	-0.00974879083723003	0.0401205021145388	0.0316237884330381	0.0173776439005839	0.0106253965044826	-0.0373583481231791	0.0524543381443498	-0.0102138825938123	0.0163159676291887	0.0129798539521784	0.0158037225706454	0.000964565968781208	0.0157937605326143	-0.00852117610473377
"A0A060HSF1"	0.0212340625407935	0.0134463064700938	-0.0174772124500019	0.044885032136986	0.0218224243031361	0.0353825380023367	0.0251896114468791	0.0515341185798733	0.00172174926574988	-0.0283090850837621	0.0160524650906679	0.0343227325914157	-0.046375824936172	0.00927418271982162	0.00317670925462092	-0.046055496001434	-0.0154713460957277	0.0207530041733666	0.0625114401572852	-0.0193356917529919	0.0137975903230044	0.00483247502307917	-0.0718988325377652	0.0325932097351231	-0.0242395435587825	0.00311022249060094	0.0464122053978603	0.0164500655145377	0.017229290086274	-0.0106542841516893	-0.0626804725006199	0.00437276600129363	-0.0191824238518802	0.0430362156588937	0.0553202747921659	-0.0211872350690446	0.0542911389602911	0.027970913737799	-0.00925135601498639
"A0A060HSF4"	-0.0191050377896305	0.0129164112618878	0.0111573963717124	0.00598193112325799	0.0195522078272402	0.0368583932512848	0.0405706339092905	-0.00714095833204277	-0.0387681910918243	-0.0437078010499359	0.00874960890180504	-0.0421967244605834	-0.0298617280582102	0.0249218461971922	0.0626062056069161	-0.0476711879726976	-0.00845045146441264	-0.0230713905547325	-0.0275317134928915	-0.0728423752301868	0.00317519053582316	0.0206685208020729	0.0620552196757404	-0.0335345716478925	-0.0556445136746425	0.0366438386925832	0.063310607404517	0.00116930214440031	0.00535543318253614	-0.0210320866313917	0.0273793124312386	0.0126220915944743	0.00464080777789597	0.0522153146887692	-0.123761225854298	0.0084548341212894	0.00255538502159355	-0.0185776478644158	-0.00108710472982419
"A0A060HSH2"	-0.00206465392824396	0.0138523296138724	-0.00428853952205443	-0.0363537404369406	0.0126334105791861	-0.0183845954698518	-0.00290894657842002	-0.0076931867764161	0.0177337447560503	-0.00355368247606343	0.012863982825418	0.0455183874244195	0.0229646829412544	0.00627562898002415	0.0350669004476177	-0.127576159216031	-0.00208824283314844	0.045870516034435	-0.00382548526290643	0.0283416855221924	-0.0373944054534673	-0.0283657196629668	-0.0222641565756331	-0.0475375525295989	-0.00220580218718097	-0.0312705442013288	0.00435530150140019	-0.0991769938499586	-0.0165946572314833	-0.106434281985949	-0.0675243766560319	-0.0560313329081574	0.00114616014836094	-0.0344709311410913	0.0704530553254354	0.00974310099019612	-0.0508427778890034	0.0237413870629012	0.00322920407786161
"A0A060HSH6"	0.0265584998729142	0.046859097016878	0.0119196962105361	-0.00182640188552129	0.0210799919555816	0.0412861701055293	0.0244231967830197	0.0131944101518169	0.0109088858662175	0.0621560276926426	-0.00935500145897934	-0.00564631643620683	-0.0150984877497322	0.0150544378294046	-0.049238714669777	-0.0276178249785295	-0.000855949785523665	-0.0407030997144724	0.022658489372781	0.00858584951133025	0.021075000373625	-0.024741876413762	-0.0129517323795261	-0.0160625362694375	0.0175168072388032	-0.00527407800184067	0.0201723318848979	-0.00193848469622606	-0.00234134234403163	0.0163300342398365	0.0345056041101123	0.0114902152678297	0.0207189731495662	0.0250504445268219	0.034056771500058	0.0102169921834645	-0.0107049277542257	0.0272602876451121	-0.023717990265564
"A0A060HSI0"	-0.0373247704145091	0.0371647566666572	0.00303398605642397	-0.0269587413748189	0.0207712925341299	0.0148899140972098	-0.0394410197158176	-0.00785560496990338	0.0132534848248937	-0.00629966854632943	0.033020206370554	0.030283495726567	0.00640840526129474	-0.000264203215671696	-0.0323176520339961	-0.00123198989252052	-0.0149244298808038	0.00839682693464249	0.0340372123471998	0.0115205425124731	-0.00351549591541141	0.00819632423983972	0.00416265315307457	0.0109782296734428	0.0259128882550091	0.00627236349681992	-0.0285105791618296	0.0341324480235056	-0.0082180427080696	0.0201775443564659	0.0135340224351688	-0.00937112159742901	-0.0136480879235131	0.0137772410933975	0.00183857421994789	-0.0156248039936345	0.0101643762157388	-0.0173368098824256	-0.0113332668797542
"A0A060HSI9"	0.00953059792788979	0.0510076361829929	-0.0245282975800338	0.0396734399286923	0.042238369923197	0.0290773131387844	-0.000615651853257198	0.0201245594390123	-0.0137591386251986	0.0130103130229788	-0.00260297086487264	-0.036424702797826	-0.0302014594115685	0.0511301159890646	0.0174558735399966	0.0228451628200102	-0.00424254816835062	0.00523663747834305	-0.0130293540559913	0.00575064776365049	0.0370374384279307	-0.00200486597898551	-0.00361924417611727	-0.0116165543142228	-0.041204103270326	0.0443003049139614	0.017413794442979	0.0262528817136023	0.00398192865696544	-0.0181620332816766	-0.00530677138072651	-0.0527521520251028	0.0144695879890457	-0.00428687516600764	0.0264520182901617	-0.0135507638165651	-0.0231483808505044	-0.0112918580489655	0.0158304689694205
"A0A060HSJ6"	0.00353641172256767	-0.0483419353802193	-0.0386162769511845	-0.00954465828910292	-0.0254009224493353	0.018163332981884	-0.0112183980458215	-0.0337435243041292	0.0396696465127276	0.062518631041732	0.0134058044435605	-0.0184050018159827	0.0349891914495406	-0.0213821370117954	0.052645258669162	-0.0197421070185918	-0.0159588170067251	-0.0100262591211435	-0.0144811562577346	0.00337448144345342	0.0124546559251461	0.0055383394643197	-0.0537146373791877	0.033829747959237	-0.00243328452596462	-0.0325221925081234	-0.0331584927034326	-0.0443444977299315	0.021266844581635	0.00699476750424028	-0.002494455857294	0.00194048055185405	-0.0249069562485608	-0.0182467420444144	0.019753202560869	-0.0276147079411532	0.0207049242678168	0.0687732481946573	-0.00576137472917783
"A0A060HSK4"	-0.00957828453888253	-0.0603101891402334	-0.000119432130136819	-0.0155871465575044	-0.0555381364725325	-0.00784942926444969	0.0410843971902698	0.00278718548742045	0.0205828381584312	0.00226448515936692	0.0149645723621848	0.0125027266977475	0.0127700576905585	-0.00967156289382781	-0.0210591208636838	-0.0304299805825452	-0.0226181141123264	0.00129638056931623	-0.0465706775366757	0.0221596532060496	-0.0336592187853557	0.0124123976593671	-0.00302783054146373	-0.00363578255557633	0.00742466526244711	-0.00324046619551586	-0.0353492607304499	-0.0117727521147112	-0.00125899343627109	-0.00983639073650112	-0.00294804682018146	0.0047658069544774	-0.00120978747981062	-0.00239979673355485	-0.00556210506853839	-0.00113404392714691	0.0282774487006384	-0.0385837103870103	-0.00821551288315092
"A0A060HSK7"	-0.00950816281796163	-0.00143866629151927	0.0384414471325839	0.0164467257451526	-0.00407412204419128	0.0211030118956832	0.00593430456286684	0.0620097514295946	-0.0059742025822422	0.00788352340229417	0.0284923965226327	0.0185376912471358	-0.0449601783280964	-0.018294937066706	0.0471241960610068	-0.0934535368076179	0.0149412926148558	0.0592885587675172	-0.0632238194380815	-0.0204368992009175	-0.017766780830319	-0.063358752648096	0.0750728669059806	-0.0187018904259461	-0.0427304217864265	-0.0105961312752712	-0.00749397980303613	0.0536609013214583	0.0139746400001287	-0.0560660451646185	0.0119840442126025	0.0473724563899056	0.0506483794849115	0.0524102626379891	0.00135036929555454	0.0133898875254749	-0.0102031805445308	0.0201242124856125	-0.0184117789588547
"A0A060HSL0"	0.0381924935780758	0.0283863246075402	-0.0335629675655455	0.0344568062818777	-0.0240712981955187	-0.0222470504472564	0.0108107564836362	-0.0121092630503444	-0.00618463118050343	0.0245451066422455	-0.0441723257114096	0.00741524846399004	0.022451670134611	-0.00988651743615244	0.00685368652397736	-0.00707959383553556	0.00255172720806885	-0.000525376862408893	-0.00211815676983797	0.00364106125788119	-0.0176799005372137	0.000304349709953405	0.00228431109084694	-0.0117942758189192	0.000436792506217605	0.00550850312686964	-0.00490138517026379	0.002704484762501	-0.00474225172470413	0.0030978946863576	0.00518099525958767	0.0241444065008575	-0.00727445653485673	-0.00200449836770123	0.013277501757366	0.010445377286271	0.00644790302545503	-0.0134223980213324	0.00706516642203917
"A0A060HSL5"	0.0207020998891287	0.063580742848591	0.0241351080458999	-0.0312155815263075	-0.00730467071430322	0.0103821454589601	0.0115960771503502	-0.0239213711360478	-0.00699362753163585	0.0204086879423219	0.00678847979464051	-0.0163995856276424	0.00942214562481517	-0.000345104766889123	0.0313760952008084	0.00184449146183111	-0.0182237393907009	-0.0190915373575066	-0.0147959596718581	0.00640442233069152	-0.0160628378343148	0.00543800773688287	0.0095202011108461	0.00195132859354875	-0.0144474865616998	0.01011895067061	-0.0166414455728611	-0.00242795394571594	0.0149833155765664	-0.00643131269893563	0.00537948089595156	0.015814676271433	-0.0288086632510745	0.00762078906656273	-0.0001000706166308	0.0237353207142326	0.0300840118913178	0.000514050061336436	-0.00409273792101631
"A0A060HSL6"	-0.0158693381404102	0.0151327345474761	-0.0226240547923309	-0.0236815148931803	0.0248953036444351	0.0387541676358821	-0.0535877017579979	0.0746999411036911	0.0134059829002708	-0.00875801327139883	-0.0506637944881051	0.0141236240545492	0.00452422943464535	-0.0123343604288235	0.00706638133875098	0.0554148323490932	-0.00777983471986374	-0.00671993903525225	-0.030110590362224	-0.0452720679727133	-0.00244119952462643	-0.0348336125578681	0.0587936588077814	0.00638245498181308	-0.0120898947883341	0.0114194297876828	-0.0259079990982686	0.0405049491557788	0.00307499977726613	-0.0865065156628109	0.0207701725257967	-0.0642235102864221	-0.0147234138427756	0.00692022376751281	-0.00606287570859651	0.0391775632671243	0.00309033379217965	-0.0172778535775037	0.0321885929975601
"A0A060HSM3"	0.0326144372988998	0.0394437015311248	0.0085422591371775	0.00185398208081527	-0.00953847402550118	0.0261946904864255	0.0475334256977448	0.0311824886370203	-0.00943330314254264	9.50103019148499e-06	0.0217749536233871	-0.0156123856357374	0.0419024571344034	0.0146228868040614	0.0372222781523515	-0.0389509089003728	-0.0444842080144009	0.0108435928243789	-0.0346901762936426	-0.000430832487048627	-0.00319901665796001	-0.00719876786984227	0.00261448390682673	-0.00886568605731475	0.0161062504133827	-0.027483361468177	-0.0125225326734915	-0.039306510553187	0.00276752853534255	0.0379191035293245	0.0163989520034792	-0.00679646051785887	-0.037006262362112	-0.000402434032742921	-0.014122467015933	0.0136306302161985	0.0204941771990574	0.00282487173065746	-0.011096330110157
"A0A060HSM6"	-0.000123484688469412	0.00773748773089206	-0.0364075442927144	0.0633112402871548	0.0459616433015896	0.0174532571806353	-0.0340298190178814	-0.0406445526949164	0.0268841206600067	0.0423860356022182	0.0217115137308009	0.0403044123364462	-0.00939705063396845	0.0299810621123687	-0.00973289112745569	-0.0150600182845976	-0.0260220799136944	0.0156651746077882	0.06050191225847	0.00329075458511701	0.0143178044342288	0.0292429897457806	0.0292012048404381	0.0274572034871733	0.0555055062167621	0.0347134929634432	0.0214244347565129	-0.00262386374116066	0.00688280479182722	-0.00235667054064684	-0.0231136484732395	0.000301779875123912	-0.00133599357084602	0.0190431045595011	-0.0134818960710781	0.00511364716349831	0.0135224185564603	-0.0339254548397806	-0.0451808833266429
"A0A060HSN4"	0.00869931757131309	-0.0174475533519372	0.0696083012394229	0.028676892660264	-0.0319267158963723	-0.0121119397666492	0.0197253489696043	0.00175751723758794	0.0194670461805637	-0.00214638102103849	-0.0428567137996657	-0.00519242828373453	0.00942247646970788	0.0181235436953425	0.00577024232218968	-0.0143265576649343	0.0285134876469983	-0.0195316110147499	-0.0291089496261869	-0.0150503582289225	0.0573607961889565	0.0552158206174541	-0.0221246953068369	-0.00909136869884792	0.0221612978216435	0.0369139242565187	0.0263323901399237	-0.071330496551868	0.0214607979156216	-0.00797237472564582	0.0312700444550834	0.0335157675661611	0.0113693005465815	0.0443270176617463	0.0147522009769521	0.00925560392594169	-0.0304236132609132	-0.0589428640343466	-0.00723830163017383
"A0A060HSR2"	-0.00606504311198264	0.0195603381178578	0.0185562601385148	-0.0511840387583029	-0.027807952531099	0.0727591460243528	-0.0107389977179072	0.0295574255154591	-0.00211536903759475	0.0409763573429233	0.0297989021552732	0.0718186005054052	0.0279400422359085	-0.0313314017959946	0.00868654857805583	0.0195114882424606	0.0381295511632273	-0.00443433062150495	-0.0115572651645375	0.000471557651949537	0.00370135269343216	0.000952719720041981	-0.0350483656942021	-0.0129486809426695	0.0399312209779951	-0.0507846040579106	-0.0150384510772301	0.0150032093160781	-0.0170211880087172	-0.0241762702415485	-0.0160844779175041	-0.0174226241384829	0.00814209309429049	0.0472806954688944	-0.0205971656091306	0.0419038264470635	0.0206419797253037	0.033774962670795	-0.00120503449703434
"A0A060HSR7"	0.0202282373145434	0.0535511174591787	0.000784921746771342	-0.0292294479072259	-0.0516464171406361	0.0232319885021803	0.013386665798188	-0.0138812357550815	0.000912943099886176	-0.00593497969234619	0.00131986844318256	-0.00366513261862768	0.029355069783791	0.0551538996537796	0.0060472003959577	-0.00239428192201259	-0.0126963879828957	0.0155394719526821	-0.0164986855462751	-0.0132274063355297	-0.0402672633801032	0.000988780785771417	-0.00542028792295954	-0.0294808066593176	0.00812706010974737	0.00974376317694961	0.0153094577653082	-0.000877722840287904	0.00903947458515719	-0.00751015537925747	-0.0220146246682758	0.00463645817828497	0.0120884235815076	0.0320974801347373	-0.011956153988405	0.0327268675143475	-0.0101905318314753	-0.00286066684403905	-0.0266916237628145
"A0A060HSS6"	0.0371259231043682	-0.0234561597227452	0.0360958494873581	-0.0263949096681628	0.0158461979049222	-0.00121708452072166	0.0216112133337199	-0.0405088426327174	-0.0162672844198847	-0.00376653234857931	-0.0359687506052518	-0.0215738611497252	-0.0126203546323283	-0.00509444617327279	-0.0248194567901974	0.00598458958902454	-0.0128236351625235	0.0259242921613241	0.0083199863724556	-0.0238496380245326	0.0243440305049481	0.0143287357780782	-0.0123017790332491	-0.0364559978217321	-0.019002250232427	-0.0014203924912627	-0.0197309103296069	0.0046381988594483	-0.0241481594097836	0.0272217562134606	0.0135239942602303	-0.0205313237591588	0.0376846276083836	-0.00287889105232194	-0.00861786990412677	-0.0314087805090508	0.0277745944456267	-0.00253997163746054	0.0145262968131192
"A0A060HSU3"	0.0336414748427421	-0.00199981058552179	0.0527186690220177	-0.00064945124894325	-0.0314777820177754	0.0113162020272859	0.0138162398913136	0.0143198431062837	0.0347080778519179	-0.00553962749926871	0.0176154349776181	0.0302374459223178	-0.0140880473118749	-0.0195839749365707	0.0378284141220325	-0.0274894655573254	0.0444053926617745	-0.0134270847869718	0.0233447188585472	-0.0377542136383638	-0.0120590757593397	0.0301640420514887	0.0120553566128748	0.0536327507071742	-0.0246598969158017	0.011328341792353	-0.00658346561320401	0.0428714378381021	-0.0105073964262955	0.0185032352605874	0.0103525348196985	-0.0172782387168713	-0.000724991631208571	0.0155406301915543	0.00777361212043865	0.00163683834870217	0.000807785914858996	-0.0094587145300719	-0.0412568061836895
"A0A060HSU5"	0.0303886871740597	-0.0221431113297371	-0.0363176045926661	0.0225061104931234	0.0623587551180013	-0.00437454661954547	-0.0141692216879608	0.0167172295058805	-0.0294752013637084	-0.00986672805064691	-0.0192760085197628	0.00488754307200528	-0.00755143698239761	0.00620318206003206	0.0164462539924428	-0.0117710194633386	-0.00600425436145611	0.00806903818724116	0.0185920481829549	-0.00469415686208126	0.013324099565043	-0.0176371551898598	-0.022486405509352	-0.0143653712494851	-0.0275781272725069	0.0141328397910508	0.01700558218152	-0.0348093723138889	0.0404800089539507	0.0164249835435107	0.00380886795979965	0.0108589176994466	-0.00162490467028331	-0.031918658282784	0.0278087455980258	0.0446310534212216	0.054147838128425	-0.0343781887921419	0.00600680099977415
"A0A060HSU8"	-0.0212543620613331	0.0211103705709869	-0.0601720491664438	-0.0183515510386099	-0.0109779209774928	0.0364504381732053	-0.0182405888196619	-0.0139254188373516	-0.0221123097045344	0.0595773318709731	-0.0529247850525931	-0.00646736096351454	-0.00745086151666345	-0.0440242431754969	0.0290996319609823	0.014987581915614	-0.0243503990225052	-0.0390808746581811	0.00928180044328479	-0.0125388874859724	-0.0155475221801481	0.0106806835128407	-0.0192881226349178	-0.0237582679108926	0.0167371645324904	-0.000899767264202928	0.0235700777946978	0.000658319512309196	-0.0126052977208351	-0.00179455061201694	0.0248867455768155	-0.0163178140978901	-0.00942197479666509	-0.0501939930832121	0.0241609532261189	-0.0217500781506271	-0.00342641817875569	-0.0076257372043031	0.0157526719181745
"A0A060HSV6"	0.0435383920531815	-0.0149138178558868	0.00886568818195157	-0.0190768044942223	0.00101906043985768	-0.0117520717393622	0.0319671893750306	-0.0252732942558464	-0.00474940308980871	-0.0225465996932948	-0.0427559225941168	0.00481673596928215	0.0118784895080536	0.00332370024544747	-0.0302502153242821	0.0234303781021657	-0.00669988184175754	-0.000534542023051334	-0.0110391150942045	0.00334313405305132	0.00813091492033643	0.0167994120705881	-0.0232114680154111	-0.0475930661528551	0.0192424739803815	0.0175160290145796	-0.0216544618095046	-0.0117076455435848	-0.0249391784648964	0.00914813296665267	0.00791573990222121	-0.0398149810431073	-0.0200738668396486	0.012115082858845	0.0283394535367903	-0.0363053220781382	0.0133384337666548	-0.0105342852497109	-0.0245852965717356
"A0A060HSW4"	0.0141162557663588	0.0705232543914748	-0.0113501214877512	0.0113547595791851	0.024690994042381	-0.0211094331097255	-0.010405829464007	-0.00333590078651825	-0.0180053065474577	0.0196352328449418	-0.0265027744163719	-0.000822660235476539	-0.0200564521856707	0.00120815949448885	0.00065564302511366	0.0317103717536831	-0.0155354154664156	-0.00250075451617135	0.0200970275459853	0.00758244784909301	-0.0312589718495809	-0.0145070352165423	0.0220089097600339	-0.00589539339845413	-0.00566586372590726	0.00153388911175336	-0.00596444886799822	-0.0243205999544194	0.00318277362443155	-0.00544783469533588	0.0141611648589535	0.013572139834471	-0.0140254038106487	0.00507305914906669	-0.00530899406031559	0.0163706569228615	-0.00410540933394799	-0.00745880679584942	-0.0395518390662396
"A0A060HSX3"	-0.00928417673221608	-0.0187284096388942	-0.00828864576754334	0.0162139607989271	0.0496562340108349	-0.0329561434552512	-0.0119579049240226	-0.0668842108000838	0.0239377431364685	0.0414935830661079	-0.0059990469100008	0.00103374305352827	0.0100654591690405	0.0292771765506699	0.0239213356431762	-0.0119577817816091	0.0563352608762496	0.0254751677310972	0.0111839210620751	-0.0379924203430177	0.0320945975858304	0.0586749291398012	-0.0685755828479441	-0.0115891403321367	-0.0444074876522757	0.00620230860925774	0.00536424012279119	0.0972939616891822	0.0149109530685789	0.0405585256092011	0.0222432085149195	0.0574297255395835	0.0175452989822941	0.00101717928375055	0.0754849125739001	0.0115720745421242	0.0401752292108528	-0.0390568513173476	0.00780470529759062
"A0A060HSY3"	-0.0169753970637161	0.0369917657918842	-0.0333732476073469	0.00139870946478823	0.0143898933038572	-0.031197316764714	-0.0289614904448249	0.0304245486182736	-0.0436471208365432	0.00661581117483765	-0.0317402401193176	-0.0141841652834761	-0.00585867427840891	-0.00141485024205855	0.0647240338707823	-0.0057486161321378	0.0796430907216288	0.0368648324543986	0.00520075100098472	0.0278996295064843	-0.0435859927563563	0.0353019221455457	0.0215239786337452	0.0158507114192153	0.0308809687649607	0.0135289386109176	-0.0351698331515551	0.0212143476271283	0.00304764379113213	0.0281367268299145	0.0600103308265726	-0.0389900053901869	0.033473234057695	-0.0496334172823237	-0.01007084043242	-0.016410984788079	0.042557528114173	-0.023102448633391	-0.0641516529062157
"A0A060HSZ1"	0.0265190377425495	-0.00697091803401676	0.0398829000517515	-0.00536030326992435	0.0114716202345539	-0.0158423198875035	0.00928401603932382	0.0116362584892234	-0.077045652764497	-0.018863358928855	-0.0181126381419718	0.023396275355743	-0.0636895388775039	0.0384511768309514	-0.0499647248170237	0.0199852638599445	0.0239522841562369	-0.0126069000147191	-0.00506770605084478	0.022764464683063	0.0399577183940805	0.00223087792025898	0.00870856042997167	0.00292483908641667	-0.0211512223874179	-0.0495854358473968	-0.0356354237106149	0.0497958869805587	-0.0539429710126095	0.0529870769586462	-0.028686271645684	0.0470686724154107	-0.00783344857633633	-0.0253162077596266	-0.0221140259207656	-0.00083522225418746	0.0279541861555379	0.00402102758442393	0.00191205900556983
"A0A060HSZ7"	-0.00239053905218578	0.0472091499078285	-0.00690219725596422	-0.0570629134429714	0.0322115545616191	-0.0458845062797918	-0.0190595844392717	-0.00867776230795966	-0.0132624382442529	-0.0424200086072868	0.0407464183956898	0.0183304748280623	-0.0106057380173866	-0.023516855457497	-0.00720728557380645	-0.00793104235635662	0.00564397328710791	0.0251198943115472	0.0286347078738904	0.0176602328781493	-0.00381419292829093	-0.0174733172251505	-0.0134390355738023	-0.0121696635117915	-0.0451306434196113	-0.0330439169964469	0.0318169707341767	0.0300464250288902	0.00570899285496254	-0.00643782221815184	-0.00287364373983038	0.0281507531634463	0.0209035901491908	0.0148607084419854	-0.0166140826707825	0.0145924063735338	-0.0236710562380768	-0.0333783497570814	0.0334320459307245
"A0A060HT02"	0.0181334139954305	0.017244485510716	0.0215040534865471	0.0417526439957123	-0.0173624554031778	0.0222775395516009	0.0191943629594881	0.032958988873185	-0.0140565877811423	-0.00368146487081889	-0.0388045361434574	-0.0754068974565984	-0.0233422331255793	0.019475116134475	0.042189780026752	0.0271248352050858	0.0206458285842833	0.0212358851014109	-0.0591275123840668	0.0324426547038824	-0.00579405255226666	0.0374930802188582	0.0178371073983606	-0.00452817294490372	0.0807336757278657	0.0761882104969202	0.00582056762042464	-0.0349727407891941	0.0152200763270203	0.019281998891555	-0.0426451527420765	0.0128347471304583	0.00439949223407277	-0.0373157678043161	0.0353922058710302	-0.0777469925248209	0.00874195093780412	-0.0235220085905208	0.0162968566863942
"A0A060HT08"	0.0230696429319132	-0.00872251226753231	-0.0173623704448978	-0.0147709336970226	-0.0360872675205186	-0.0229861754835788	-0.0582364835171816	0.0556556719649338	0.0186018220194988	-0.00644971459323086	0.0536113037556101	-0.0360120359877887	-0.0176167116119204	0.00893827302242774	-0.0465553455060761	0.0204409844115039	-0.00717165054991027	0.00757738405715004	-0.0396239377583642	-0.013866497692935	0.00644784985307744	-0.0355035698369166	-0.0510279347398263	0.049174531790872	-0.0333382566399381	0.000584604614562407	0.048442701686823	-0.0869089342375716	0.0234811645882862	0.0287863692832894	-0.0294518872294681	0.00934917464196899	0.00558487213177696	-0.0142761708244282	0.00821976342571826	0.0171341249030372	0.0086758771030428	-0.0396817660693519	-0.0106620958435084
"A0A060HT17"	-0.00300059039010622	-0.0272235558024104	0.00941929357498597	0.0152299374240266	0.0394775663764236	-0.0826815104481433	0.0291457709058501	-0.0103641229769797	0.0448262707387801	0.0125890651202505	-0.043400070628389	-0.020690012607465	0.00224869860192704	-0.0204548948694068	-0.072735195143007	0.00340449466401043	0.00933250479059895	0.0392279587392641	-0.00800913044412289	-0.0141320133555634	0.0550488575206108	-0.0101820005807561	0.0328531266048459	-0.000740509317771767	0.0105192242143767	0.0244100716544696	0.0479634674017812	0.0372271645025423	0.0412135375053542	-0.0157827686677873	0.0128322149180244	-0.0526022902884685	-0.00670283781451241	-0.0194164704235915	-0.0249548919645222	-0.041883331902645	-0.0110191741696172	0.0151951985752161	-0.00278585814168571
"A0A060HT23"	0.0232409653924315	-0.00796298288548559	0.0330940228538409	-0.0040755058961625	0.0184208361680871	-0.00338574196130442	0.0102591687030809	0.00713523911694404	-0.0332629607273206	0.0702105637716817	-0.000161909525749739	-0.0313013703039594	-0.00330278468828294	-0.00559219119373843	0.0121383149635941	0.0574741714057224	0.0119781736169521	0.104200585460522	0.0177034376426459	-0.0703429548247684	0.0517730237199591	-0.0330773785966202	0.0154696397038554	0.0211563535278094	-0.062464413012751	-0.00835608012647587	-0.0239229421766339	0.0279733183940831	-0.0581135855348333	0.0341746694140137	-0.00893702569673598	0.0409743314053232	-0.0225810786105979	-0.0237909760805335	-0.0114883588009041	-0.0169837042801043	0.00878552062773436	0.0277688533593713	-0.00469700350945212
"A0A060HT28"	0.021175459061978	0.0282556166775366	0.0188875943694033	0.0294898617933905	0.0540049164969558	0.0118574158259069	-0.00613763310739509	0.00750183250216266	0.0485291364740692	-0.0201630106723734	-0.0607743283815506	0.0422746570532856	0.0313606286499683	0.0103734202346142	-0.0190291493765696	0.0297802542739079	0.00722138993624304	0.00964981987157733	0.0080996128078005	0.0072804567586884	0.0167781509890526	-0.0152697284902075	0.0166205568135282	0.00382630817380827	0.00896630596290402	-0.0499942546665485	-0.0339193068269452	0.00141310988591947	-0.0861754291061237	0.0523444699162154	-0.0150367940903653	-0.0188060435986168	0.0227138796111147	-0.00650763834317818	0.00671783692423694	0.00517033523528527	-0.0134072055028036	-0.047468308450256	-0.0082935072249607
"A0A060HT32"	0.0166850279744876	-0.00936843665489925	0.0109415877188903	-0.0188968715447607	-0.0230288278235255	-0.00751569558767735	0.0458809516356566	0.0369792406378244	0.0660463727672444	-0.000376189306352709	-0.00646002032627507	-0.071342742769344	0.0330344294878767	-0.00552939515715804	-0.0104433930427694	-0.00921586722945764	-0.0210476194499556	0.0759782017365012	-0.0281393745755874	-0.00620688938031865	0.000672098775446321	0.0177013749288804	0.119111359858659	-0.00586999318441898	0.0258562728574666	-0.0571215180818437	-0.00252404170194359	-0.0111137511039771	0.0417894182161431	-0.021431277520125	-0.0217692526002929	0.0423150804345655	0.0182673995388921	0.0137889777546611	-0.00689543585121726	-0.0548068799886605	-0.0291876878911786	-0.0709919429305062	-0.00178552978244067
"A0A060HT36"	0.0213718136610236	0.0085893338632988	-0.0117392770217172	0.00866873929991793	-0.0212338723915061	0.00812771196549017	-0.0252393616142644	0.0220077976612724	0.0223186144049533	0.0493467381847126	0.0633716198705576	-0.0181299253905654	-0.00903974239400099	-0.0199915178779128	-0.0897330721185679	-0.0462089030038791	0.0246898989970278	-0.00667172194470722	0.0147635410099316	0.0552650157831078	0.0830462815899238	0.0603438894539667	-0.0608738269192865	0.00664907715566727	-0.0223353545858537	0.0236698139882204	0.0493246472660756	-0.00473959644892396	-0.063142845188651	-0.0506639129285788	0.0153952911023374	-0.00755707784717919	-0.0117842421785254	-0.0295019340171737	-0.00936679476855239	-0.00391262245545286	0.0242862363037647	0.0344942788876082	-0.000380145600616579
"A0A060HT42"	-0.042969731716819	0.0125882263029123	0.0497011813078626	0.0110000538495128	-0.0113317410040634	-0.00224523543595036	-0.00587970419619496	0.00162825817986063	0.0209812941493234	-0.00751215983822434	-0.0104888249748204	0.00470576386074169	0.0178016057296956	-0.0180377875220257	0.0128592137243408	0.00678518274488527	-0.00238298703686651	0.019577984923879	-0.0184282137289681	0.00310925401470485	-0.00422602536863033	0.0190903652108203	0.0153836522928625	-0.00451077932571938	0.0143781992043817	-0.0255655777999411	0.000724543001619702	0.00230744047668063	0.00841083866382245	-0.00444579377422311	-0.00466495284641268	0.00219958910353317	-0.00169396854770483	0.00793599577045037	0.0266241261968124	0.0115337212044417	0.015898140238239	-0.0153766179080749	-0.0111142274948659
"A0A060HT50"	-0.0411422034170053	-0.0200577661429229	-0.00352684708935749	-0.0345927535488772	0.0227584612511478	0.00593497043172094	-0.0338845843227202	0.0183198577977255	0.0203153972910202	-0.0089492765258073	-0.00378917302920374	-0.00797464405033057	0.0372959431997858	0.026367076672657	0.0245039938172765	0.00831399143380618	0.000512315433143538	0.000259032820902279	0.0119604440864073	-0.0208282154666151	-0.000973120647065157	-0.0175357913537993	-0.0403894198279823	-0.0362792372102632	0.00238143220491255	-0.00743291677694021	0.018477375744604	0.0107613216883226	-0.00915144486422685	0.0085268205293425	-0.0152756145472124	-0.000688680204587762	0.00700090762652968	-0.00273742689276533	-0.0224176305470864	0.019059555544024	0.0360375596643121	-0.0300724695311066	-0.0133510617889533
"A0A060HT52"	0.0273564808908439	0.01101612458365	-0.0171256372011484	-0.00405169712733804	0.00660519654749424	-0.0490364218528646	-0.0376655537149397	0.0204369342618309	-0.0103255576173482	-0.0202325994936068	0.00798728808663621	0.0478825412462487	-0.0265751863454015	0.0831155671494217	0.00326754749786657	-0.0278875090434424	0.0426445170974988	0.0335059601033995	-0.0273910569914971	0.0523930816404017	0.0241391417520508	0.0260999623606527	0.0398360679509431	-0.049513687867342	-0.0551924465283912	0.00601578425418653	0.00499459592327085	0.0461994631297572	-0.0138980361158369	0.034173239408699	-0.0136517520036104	-0.0358449138825827	-0.00851853523785072	-0.0189415082098752	-0.0573070992695054	0.0265629295747984	0.00399340583403341	-0.0242695672483511	-0.0204506533053381
"A0A060HT70"	-0.00584966370297849	0.0217229551639689	0.0292521044733501	-0.00224840383697713	-0.0458488610490183	-0.0116586724398118	0.027342225521626	0.0227801032794024	0.0244164623548962	0.0367976333934244	-0.0563152953570014	0.0138143465768571	-0.0333155880757239	0.00529872739409116	0.036771755943395	-0.0731653934448672	-0.0717659769602581	-0.0107997099287941	0.0517172968270018	0.0149936273909582	-0.0290637503377678	0.0202596765503572	-0.0366743740499174	0.089604772177407	-0.030625365145016	0.0610192357833028	-0.0404963620526927	0.01113616637848	-0.0543612036074126	-0.00963405306816592	-0.0109857927220091	-0.0140037833143162	0.0233853921814404	-0.00296039494218376	-0.0188291520711598	0.0447550023163315	-0.00795734353917204	-0.0285317950354944	0.00853431922065455
"A0A060HT90"	0.0412253990910188	0.0384130364011601	0.0218965158230502	-0.018128373971046	0.0238119727688658	0.0236916187906347	-0.00645663717871313	-0.00234314953777618	0.0109206686314595	-0.000529840365477175	-0.000744630369432796	-0.00224797863228775	0.00449496967952033	-0.00504169922556903	0.0169855313230055	0.0138924591780449	-0.00272344909328028	0.00582572265306987	0.00675727170487612	-0.00485991735259864	-0.00449620614358273	-0.00481376494466142	-0.015446334314652	-0.000538805794974391	-0.0130806937553791	-0.00170592607272236	-0.00747523194873071	0.00252564561106882	-0.00444966105989741	0.0159849985228474	-0.0317264897306574	0.00416183797916612	0.010829587488218	-0.00369097166751868	0.0011166290579348	0.0168442878753101	0.00959061152358893	0.0237711435952876	-0.0193482155105446
"A0A060HT92"	-0.0152734358524955	-0.0257396374420959	-0.051587326300079	-0.027677989367408	0.0121508095631038	0.0403216319703173	-0.0465998368654102	-0.00878324963548485	-0.0294596044072625	0.067139908166654	-0.0498733363620608	0.0294547827877066	-0.0295808715158124	-0.0094808510054903	0.00936546903587564	-0.0362490550046701	0.0107839157066905	0.00404974542060422	0.0155622337757678	0.0373962589028808	0.0272021315080947	-0.024371088214455	0.0171508229023608	0.0037340140062518	0.0152602933395791	0.0230320056056878	-0.00324728417892212	0.0106487899694919	-0.0136255524241126	-0.00133511000875053	0.0127044823831397	-0.000820028703425783	0.00165203298772986	-0.0297006489745646	-0.00581455487916655	0.0274434059953955	-0.0118618772569958	0.0405925099631285	0.0617978170683188
"A0A060HT99"	-0.0204237570961267	-0.0308134601648143	0.00739244121684418	-0.0310162954779799	0.0370341014132236	-0.0389069319134874	-0.0230736940611029	-0.0223469076563774	0.0311721827557072	-0.0251988039285033	-0.0320719518506821	0.00401479195091091	0.000237196690079793	0.0562096587884542	-0.00658663849329139	0.0186278513850667	-0.0288842208140949	0.024490141756756	-0.0108152655299569	-0.0323996771946808	-0.0386169060553703	0.00730040375245363	-0.0743248262742904	-0.050099642488308	-0.0567561671563126	-0.0156473750022442	0.0254958457637024	0.0051218592107631	0.00394521264561087	-0.0500240423707372	-0.0130862886324345	0.0174633759440876	-0.0454008873840302	0.00988444302207375	0.0234304772741016	0.0499058793809307	0.0390280940123022	-0.0532540127272554	0.0129747801252138
"A0A060HTA0"	-0.0348439899141595	-0.00942888518678273	-0.0492968478492972	0.0360806715113969	-0.00651681165230677	-0.00241826332664366	-0.0232172677301826	0.00808443474786806	0.00965503455206502	-0.016881325936876	0.067743584099472	-0.0135778138729518	0.00780173416720448	0.00502398353620791	0.00334204725872981	-0.000279737296706408	0.0249342103278109	-0.0128279602498357	-0.00755540824251306	-0.0231946326676923	0.0101329116452363	-0.00556375579772087	-0.0317990396156606	-0.0138179003895685	0.0115416071118352	0.000843945986558168	0.00149921773609659	-0.00443132253813276	0.033380648843346	-0.000151227847090256	-0.0498239330852642	0.0087432398796985	-0.029426607878042	-0.0016502176196737	-0.00949521627045366	-0.0069872887529503	0.0107429585488101	0.00609929516742321	0.0444636636044781
"A0A060HTC3"	0.0240593350143004	0.0484037421823839	-0.0144617853157065	-0.053158217307674	0.0229505365483262	0.0146815065623536	0.00277813330089499	0.0117238990062402	0.000134739685572996	0.0131503707901384	-0.000416000346773806	0.0107214853438951	-0.0224102968146893	-0.00212593704670388	0.0189706696348153	0.0442449157151646	-0.00183009682054497	0.0149740492925121	0.011636272931397	0.0191550799596798	-0.0184330860759195	0.0332540888311231	-0.0203070008226806	-0.0308314898836546	0.0261689471284248	-0.0183379413427957	0.00562974202654513	-0.00555196556034185	-0.00720526953718962	-0.0282489382528395	0.0395941150557089	0.0181179644308927	0.027989286160236	-0.0208234052133841	0.00399246619035388	0.0120964950841078	0.0134924530556835	-0.0262997178732027	-0.00638341690257485
"A0A060HTD4"	0.0395400529148827	0.0178726506217213	0.0430756582376104	0.0158925086594351	0.0258748774844772	-0.00134699279421865	-0.0288671580622282	0.00716302684190332	-0.00679148020232607	0.0201237378217535	0.00154409657140212	0.00724939279931078	-0.00971004030700056	0.0030922870512411	0.00280163576136138	-0.0235171888730273	-0.00327445556404583	0.0311042480697424	-0.00687249267829046	-0.0134142645226958	-0.0165102365599966	-0.0392462370605172	-0.00522177141335953	0.0333999146991466	0.0122047732218948	-0.0075736807171043	0.00206325745974044	0.000231782331968521	0.0230610207071115	-0.016434958010703	0.00747746736934828	0.0322033265355972	-0.00818427164527693	-0.00207634036630779	0.0171418009260093	-0.0228598613691002	0.00214624320142019	0.058330179882502	0.0451542228625731
"A0A060HTE5"	-0.0491387889039824	-0.0120912101716787	0.0138293885887641	-0.000251344142403338	0.0160694180433152	-0.00562413434728073	-0.00182914305338927	0.00242104774121701	-0.0163835413876157	-0.0231821485942576	0.0181582463885059	0.00311496372741822	-0.0015410459890748	-0.0107527275611798	0.000757382232882099	0.0226238101629563	0.00612661147449351	-0.00247230817277422	0.00411935878119414	-0.0140137726516273	0.0105146610749492	0.0189533008316855	-0.0236167318969726	0.0011968261377151	-0.00864491652308315	0.000132284450756839	0.0178267227798703	0.00763512835707946	0.00854132054964882	-0.0101063814847535	-0.00314651666526265	-0.011131513196364	0.000162505921386831	-0.0211465798962672	-0.020916759873626	-0.00764268113013108	-0.0273932855216412	-0.00435379467845879	0.0120364480570768
"A0A060HTI6"	-0.0155423360193143	0.0284040072489386	0.0223186818887169	0.0367715544824805	-0.0226911629004884	0.0154245882308814	0.0171546501194994	-0.0114042968818823	-0.0448799362582621	-0.0153400972566284	-0.00549365460282609	-0.0578375875183704	0.0648746088656952	0.0164526226612802	-0.0159337726779061	-0.0239238600781911	0.0594846613321258	-0.00561586748893943	-0.0703313320531575	-0.0244043358924633	0.0308618981914058	-0.0395270612082764	0.016575621441642	-0.0927104398302471	-0.00863048560800146	-0.0377041024439573	-0.0188586783210789	-0.0447958170002909	-0.00511238697182775	-0.00580502417836762	0.0211485626758943	-0.0255558016748737	-0.0194791432746494	-0.0214328352363657	0.0360911810990526	0.00857109634573625	0.0154482687787073	-0.0146150051641653	-0.0139145524606681
"A0A060HTJ2"	-0.032588353795834	0.0380322992494874	0.0135900890686855	-0.000853841214005887	-0.00251803695910908	0.0210861039519015	0.037534327257135	0.0100635964407133	-0.00647886257396471	0.0444339985898681	-0.00743768253714149	0.00428048439769455	-0.0160942236934194	-0.0191626128388173	-0.0504525543078503	-0.0397064637163609	0.0340687695115756	-4.551153782812e-05	0.0243314753485415	-0.00546502125710298	-0.00686681089260376	0.047569303604767	0.00538014224346535	-0.0519597807786421	-0.00429286071053613	-0.0036303879860126	0.037265904209313	-0.0278377403872553	0.034648322469706	-0.00438907838795157	-0.00645442456852208	0.00360654225883768	0.0075975042581725	0.00483315527370339	-0.0697714109824649	-0.0247586238188178	0.00933122115473278	-0.00991780662517884	-0.0105499142011241
"A0A060HTJ5"	-0.0121309255147349	-0.0432829132236754	0.0231038490998974	0.0378426551514195	0.00219352677526746	0.0034159271945818	0.00936682099778304	0.00922141404469401	0.0212510117610703	-0.0277466470059803	-0.0393493235034564	0.0283747411624501	0.0286247783934712	0.075688785237766	-0.00710625007440353	0.052353268057073	-0.0193513658679549	0.0382699616184832	-0.0376538505967097	0.0257864114467737	0.00110648802235698	-0.0237769481916007	-0.0177202884268669	0.0654758462983751	0.0168019745911743	-0.00198762461452856	-0.012377798338246	0.0220887518830468	-0.0149020484873458	-0.0033628711195688	0.0363868029821792	-0.0646492378353998	0.00811117335027116	-0.00391067550561151	0.00331538924234963	0.0530844967622061	-0.0732774793832518	-0.000930515960161481	0.00239920427987985
"A0A060HTJ9"	-0.0452493011609253	-0.0169221177109183	0.0016553712003668	-0.00729237121062742	0.00634849227451322	0.00188989694572421	-0.0233927746557078	-0.0212033313352878	-0.0228532195457966	0.00157544471666197	-0.0400032800214417	0.0114254713830024	0.00180512540768865	-0.0253763791983576	-0.0402882873589581	0.000754402558104039	0.00898618968920347	0.00987533819250771	0.0267943741252145	0.0118337836234666	-0.01340866774804	0.0157563423005607	0.0423686067812367	0.0151145593885426	-0.0216625400863529	0.0179551238186977	-0.0067423242900247	-0.018911060585364	0.0212759324558922	-0.0335567676538403	-0.00873650631797286	0.0135210117138656	0.000708894816739061	0.00716750631851971	0.0104119635495063	0.0252771799614222	-0.0186137586495588	0.0104794739870366	-0.00223250396897175
"A0A060HTK4"	-0.0351166425286632	-0.0270288532525713	-0.00770453649257443	0.0266617556154865	0.0358587226059835	-0.00960981080415434	0.030710333169763	0.0302915395424573	0.00382667550738955	0.0239443899476122	0.00524933785313341	0.0357317179104542	0.00474814750031301	0.00757985941365144	0.00605838892290573	-0.0586499320279264	-0.00823463274119397	0.015160777687594	-0.0169533713281354	0.0107848167635263	-0.0187149505559419	0.046611710284175	-0.0339064723341527	0.0557974854337909	0.0346819674346517	-0.0177033107605202	-0.00655256743174218	0.00559464397197854	-0.025686039442417	0.0147267581303282	-0.00964116180546596	-0.00428404902589699	0.00479745807107392	-0.0090196518923603	-0.0166218859469747	0.00228868330312444	-0.0295648250963349	-0.0139933407282619	-0.00652558206309604
"A0A060HTK6"	-0.0053369780823599	-0.0444713395299014	-0.0289143393163433	-0.0303451480412146	0.0336185182899396	-0.00316005271690239	0.0279424498775524	0.00281540587801745	-0.0252100475910295	0.0633903229221322	-0.0641782669793114	0.00981712141344695	0.022937645674148	-0.00865041246015974	-0.0213882138084762	-0.0350457644061888	0.0260848593252866	0.0214635650258252	-0.0247016135346135	0.0262809187276329	0.028059050664273	-0.0297947967079844	-0.022569845749798	-0.0421475105145624	-0.0161367764191101	0.0120041209848914	0.0423968347822006	0.0119707198715984	0.00937273806070959	0.0414632201025605	0.0148367697904757	0.0464462906434042	-0.0499998504036225	-0.0116495934157214	-0.00711199894744706	0.0144205080924274	0.00365605493300179	-0.0376363578533506	-0.0501293353088414
"A0A060HTL2"	0.00754342288647653	0.00394574609668737	0.0315897487809978	0.057138838231541	0.024689715948153	0.0765070954146292	0.00155713221682586	-0.0254695572585112	0.0469910069325283	0.0184256435795297	-0.00998180054156903	0.00661268673695253	0.00906169116583346	0.0715362605092281	0.0167306176136803	0.0142623396267582	0.0358237876587077	0.0280067974236891	-0.00849097921657574	0.0222395276285452	-0.0203462451467759	0.0216930446025536	0.0221498588288714	-0.00397263118124951	0.0419755130959179	-0.0288059724869812	-0.0134549314373555	-0.00738272862718173	0.0357046795739932	-0.035014007069991	-0.0229866511586551	0.00154648462422642	-0.0015927781807622	-0.0179888177498333	0.00781346995738491	0.00362982454806602	0.0113297916745926	0.00959752883039292	0.00595629818330374
"A0A060HTL3"	0.0152601181547107	0.0267609898193694	0.0213241709788285	-0.0196451147625105	-0.0180674505306993	0.00866167319690118	-0.0320987487962612	-0.0504410856650304	-0.0213781059643894	-0.0997879827557713	-0.0229728420205575	0.0215872572370708	0.0453446990100366	-0.0140110749293792	0.00367393172149437	0.0227508858496862	0.0310196886994752	0.0171322150722449	-0.0400915533780835	0.0370150417101858	0.0514314937794877	0.0130119246826881	-0.00740579245671728	0.0201976876374787	-0.00791860272306049	0.00338648224427293	0.0107817462096448	0.00346858127526738	-0.0264261522189263	-0.0477019204514036	-0.0522742084198782	0.0140132664125337	0.00777324434247538	0.0526164931577382	0.020361195199612	0.0415106943155561	-0.0621165223427397	-0.026916312480977	-0.00908823827820176
"A0A060HTL7"	0.0478336322733	0.0182548323538733	0.00925476768253371	-0.0111293998324179	0.00275906485061831	0.00617115485690773	0.000290226065136433	0.0329349787712223	0.0104869731456712	-0.00836835294483758	-0.00105274676498059	0.00143431572176985	0.0317460013181209	-0.00583719530415356	-0.00410442795975073	0.0198669891086056	-0.00477257806450337	0.000932455821342736	-0.0043967301097596	-0.0108187789508914	-0.0155483231759366	-0.00283914420505226	-0.00984578619815186	0.002777402300464	-0.00011719235012947	0.00971816089713262	-0.0219243900492792	-0.0140799775706657	0.0362522721691728	0.0128063713238771	-0.0184572590897759	0.0106245516405337	-0.00528331247737138	0.00279158686382485	-0.0118803351134711	-0.0192871321006162	0.0231671319626105	-0.00726867598851903	-0.012361652308425
"A0A060HTL8"	-0.0281473036344844	0.0152487207266851	0.0113686407154805	0.0389983524736465	0.0388963600441909	0.0485985353555025	0.0141281302641724	-0.00694895853866371	-0.0202252868559871	-0.0079848023046144	0.00289698816349315	0.0148826489377352	-0.012676252292449	0.0131417251234057	-0.0534963428933817	0.0081915669611006	-0.0215328468173912	0.0654651266758708	0.00885769868782091	0.0197040283937448	-0.0412354919686421	-0.00155537017908317	0.0544165624792345	0.0261341731923635	0.00776447341951829	-0.0296843796618813	-0.0265688325320512	-0.049351863106422	0.0367693082606805	-0.00812328329414347	-0.0223280493424456	0.0143629708739077	0.000116397771718535	0.073392913850799	-0.00594988037802883	-0.0315674731842154	0.00562552090685063	0.0209343597433609	0.0696916854177882
"A0A060HTN0"	0.0140455723831526	0.0355661877442118	0.00116896439596535	-0.00164359376404758	0.0072748606393046	0.00428216310185687	0.040253409410794	-0.0356869555943279	-0.036613307397235	-0.0877639659037914	-0.010067616836545	0.0444359844101983	0.0191697941947257	-0.00545545896046968	0.00427090587639012	-0.097527423109365	-0.0150062673027897	-0.00205804260333753	-0.0447225659971004	0.00656051165819176	-0.0601393398213804	0.0109242783464881	-0.00776500144506612	0.00651886367978511	0.0106725219461511	0.0168315466776688	0.0350553288118991	-0.0387717827144181	-0.00678110198693838	-0.0504015830579014	0.029003186603091	-0.0246352954953801	-0.0106748371479277	-0.0342341300140878	0.0126816095186007	0.0106982744666074	0.0277998601991452	-0.0181257461570317	0.000666335577947668
"A0A060HTN5"	0.0190808289005172	0.0124925776479971	0.00624960273566857	-0.0354730670616642	0.0441585409495541	0.0584664669269552	0.0249132745950872	-0.0313939844161007	-0.00333877045834586	-0.022600887047822	0.0151207809132239	-0.0360724212365477	0.0281900176738332	0.0177390756882018	-0.00267215621046137	-0.00453404744271309	0.0615516719313315	0.0496349039028473	-0.0519188830753002	0.0519380276877147	0.00621499492331832	0.00709005078992305	0.0361422715764581	-0.0575751617705656	0.0612738604424647	0.0187860706941966	0.0247351545777439	0.0462330217758425	0.0136962150345145	-0.0321929154047974	-0.0183570057305805	-0.0177546513211853	0.0080365899867097	0.0189692500677296	0.0279806744432217	0.0299341421654169	-0.014699373915269	0.0139770422639536	0.0467339200120256
"A0A060HTQ2"	0.0177042792204901	0.0125679079670934	0.0457821033746521	0.0098793530777418	-0.0259879075115346	-0.00019109004944051	-0.00073502632503903	0.0116267489239951	-0.0415477553610896	-0.00618587666219089	0.0103078446540772	0.00688716817315651	-0.0162880825342468	0.0394048650759547	-0.0309709161545861	-0.0098049954937758	-0.0322826886857082	-0.0859953605206642	0.0078855133623099	0.0942299551309107	-0.0844945902303337	0.0241575812144821	-0.031412488232349	-0.0157458052249793	0.00324771414392421	0.0288064640191639	0.0733604592858459	0.0221256262270372	0.0116383448330711	-0.039216542334104	0.0284244314095778	0.0502164015676986	0.00551276784552991	-0.0213537489917394	0.0085446771388944	0.0324628944861244	0.0414035118157465	0.0418624558459385	0.00896306100576371
"A0A060HTR3"	-0.0379662340077747	0.0190661512317305	-0.00299780864946494	0.0519246978864858	0.020769446868854	0.0114962548655793	-0.00169026652822249	-0.00509032355264669	-0.0163294759361895	0.0027418526317347	-0.0100233899666527	0.0247672788140559	-0.00796019094361721	0.0287597009515356	0.0114092357662219	-0.00325464448228258	0.0223174881897916	0.0406342448456513	0.027952135896507	0.0505885258433451	0.0310550596591229	-0.013765001298731	-0.0178614593444227	0.00959489137939773	-0.0197243524221831	0.0166697722572435	-0.00493825417508911	-0.00673841412272389	0.0196293563774004	0.0242779779702699	-0.00290325129145837	-0.0379536226782975	0.0160600516323406	0.00367126452475624	-0.0174091616612071	-0.0167463058193075	0.021289633487681	0.0180769537143425	0.00627456716859752
"A0A060HTS4"	0.0205607408630417	-0.0334950819728321	0.0253967206344404	0.029392937890726	0.0215897228448459	0.0218881046611513	0.0125364557759384	-0.00205899714551271	-0.0166860990542204	-0.03017075714278	0.00425191178030191	-0.0523285713639501	0.0279990779314459	0.00342778758589166	-0.0336281518378099	-0.0651894524895738	0.0640166371177726	-0.000694364044511505	0.00453962076078673	-0.0307651182135278	0.0246120750386497	-0.0354671736120138	-0.0602867612012638	0.0383170589695524	-0.0546826040486007	-0.00078946383951408	0.01536755186227	-0.0327134350036473	0.0438186745113414	0.00635226168375274	0.0093302459828082	0.0461439671450833	0.00353628975909693	0.0296752103942522	0.0392408564378965	-0.0293173712896507	0.0374337908840454	0.0445529497781094	0.000704348056687568
"A0A060HTS9"	-0.00945477550577418	0.0181086011152857	-0.0665154511455794	0.0511165132302527	0.0168206653833295	0.00841567209563997	-0.0322685032927842	0.0224231248898369	-0.0196827876502641	-0.00741926811518391	0.00326567466001641	-0.00765988864798567	-0.0112504488127027	0.0544616251221308	-0.0204028187639861	-0.0089593356261284	0.0114311151086972	0.0167400394521248	0.0688179989777029	0.00184146983847058	0.0266107272217891	-0.0155026904793288	-0.0169986270203048	-0.00207729930387438	-0.0150872212103443	0.0166232432668817	-0.0476036303834066	-0.00704164322356315	-0.0323236281019498	0.00761275447949197	-0.0216815537910753	-0.00287359003589671	-0.0408742890191363	-0.000205180796523376	0.00688505305893129	0.0228926764216494	0.00646887596262378	0.0207245412275723	0.00971801467969683
"A0A060HTT1"	0.00941090381120581	-0.0255067856881108	-0.0232411198562677	0.0136641868922562	-0.0186765708431359	0.0752226029499676	-0.0600140256343135	-0.0143812788980054	0.0872029060171725	-0.0399082961105724	0.00700973109928502	0.000326503658656797	-0.000880397551535065	-0.0347206055922405	-5.64603670071159e-05	-0.0104814598031051	0.0127249088232303	-0.0443606206264631	0.0304134266606694	0.00104478896226564	-0.0184729918018257	0.0175993538250146	0.00467382599504483	-0.0153709568425965	-0.0376378124941127	0.00470201019645927	-0.0065981706134338	0.0253613055830635	0.0154321030393309	0.0280019616912725	0.00527068672076051	0.00179334822765061	0.00633597647525524	0.00730090702530147	-0.00627855208023259	-0.010466782451758	0.0207815235508182	-0.0422883791166917	-0.00428139030097323
"A0A060HTT7"	0.0266717283836094	-0.0072263822611935	0.0402757384928848	-0.00563974203035245	0.0115764020716462	-0.0166140264204248	0.0100982802279001	0.0119419381967252	-0.0780304818726784	-0.0145063171975326	-0.0171166951517673	0.0223335684674569	-0.0636254460846446	0.0384486349188502	-0.0486279746367487	0.0217575093083786	0.0235182355227902	-0.00507642307044976	-0.00401813076466123	0.0171867366631043	0.04327644862099	-0.000251561449687732	0.0100915767721036	0.0041590602447009	-0.0218029898405923	-0.0482032680566478	-0.0350612117392363	0.0489055694362219	-0.0538650617859079	0.0521600271971412	-0.0269095040906644	0.0466740806590469	-0.00924113435774329	-0.0260331687683556	-0.0212540426304137	-0.000752652061942645	0.027970928116232	0.0056346315498028	0.00389855457520924
"A0A060HTU7"	-0.0160114093473693	0.0488147720184946	0.00700515815353176	-0.0410559562364021	-0.0176011756915026	0.0147833155864791	0.000412758381649386	0.0610200673743293	-0.0379003295685699	0.0258899886205786	-0.0455869753535094	-0.0284143705045152	0.00658251029148579	-0.00160152711870138	0.0100742254078585	-0.00447902462222979	-0.00360741451712808	-0.00984822067077273	-0.0116647145532593	-0.014340859958984	0.0361724497425024	-0.0232260662880282	0.0282899747871164	-0.0182829930937169	0.0125384300000802	0.0141230793225988	0.00668712121813056	0.00251465044104829	0.00947521908614977	-0.00886847175920609	-0.0707132424947777	-0.00779903532400865	-0.0561282642421253	0.0140792910632528	-0.023436834573459	-0.0229945086287359	0.0160669702675545	-0.0320398404092602	-0.014296120385258
"A0A060HTV1"	0.0209273870679639	-0.0422523952399034	-0.0459544342387956	-0.0140582511001903	0.0428801147813378	-0.0148045744009469	-0.0207225905082642	0.0294681719459365	0.000213693915904594	-0.032575802068955	0.00860062687319136	-0.0158330951510538	0.011586759496339	0.0167722062946367	0.00352355489048311	0.0128369565856241	-0.0244539997793292	0.0304093645016488	-0.050090386032468	0.0020004137668807	-0.0394288654570061	-0.00230815440719046	0.00516782573631865	-0.0116610401824862	0.00235422204656474	0.00890460143430005	-0.0162969187047161	-0.000302686421394967	0.0481728654609012	0.0141987890641413	0.0333933245729631	0.0426213629339279	0.0120476007189609	-0.025031487149438	-0.0289235046390824	0.0219407302351026	-0.00328342196276797	0.012324365187506	-0.0471010795398153
"A0A060HTV4"	0.031046552314405	-0.0266701610554581	-0.0016330046106045	0.0104697287400985	0.0649498138443529	-0.0318801873700968	0.041582679940799	-0.0143496232323048	0.0106180826017829	-0.0171529285497781	-0.00786127704657937	0.00353875500005753	0.0247647840968108	-0.00201793884653316	-0.0042160402637383	-0.00716868595251543	-0.0568193899636275	0.0074658135944914	0.00710614598428665	0.0101169819969643	0.00432465202656655	-0.00268423410081743	-0.0295534616408156	0.00743413029522496	0.0191623027185027	0.0231797018772967	-0.03738150698931	-0.00976721009005781	-0.0031290449986353	-0.0161991428040166	-0.00899098237690832	0.0273726642404617	0.0176167082400483	0.00885654686809136	-0.0298598660378976	0.0018978236134298	-0.0313534517653473	0.0236556634287788	-0.00178001661097004
"A0A060HTW6"	0.0391216149639176	-0.00843345162701791	0.0548413729087325	0.00280248098530118	0.0221757323947966	-0.00370634862665835	-0.0102781198828309	0.0105902121250287	-0.0456071993334091	0.0129530330009618	0.000393385345270939	0.00703983944086822	-0.0202358718590611	0.00979003857154399	-0.0114714674539049	0.0278035099808941	0.00440530517340461	0.0244638162715333	0.0154087376620507	-0.0222200514727404	0.0247992392587085	-0.0127284697182342	0.00161723004597371	0.00185958709042734	-0.0116959679585838	-0.0101250372991738	-0.00792761385909802	0.0104127441228922	-0.0136873974149656	0.0143295085546026	-0.000335076305676964	0.00443902787176179	-0.00381875725620147	-0.0148605022912688	-0.00609836777094172	0.000775947331682279	0.00822257709770232	0.00849804530727155	-0.00700456518652638
"A0A060HTX1"	-0.00043828938710604	-0.0400284265902371	-0.0349208421268842	-0.00140282566130721	0.0130578641970446	0.0489311053720621	-0.001508551739483	-0.0193573771018801	-0.0155552141395486	0.00280604056077824	-0.0219601723124225	-0.0664108604535667	0.0311673290808774	0.0353125485509542	-0.0291310738793972	-0.0546348301532936	0.00774516349572298	-0.00343268787352656	-0.0171319283432646	0.0178065627471755	-0.0130737283532974	-0.000524550501449464	0.0707161765507368	-0.0567604333399574	0.0496523468427987	-0.0190003832328373	0.0435725745221561	0.0405409820823059	-0.00274835587419463	-0.00580819657498653	0.0534043790339887	0.0320312258459558	-0.0649730779743671	0.0460229296440747	0.0551831107216849	0.0153847725790697	-0.0249947586895184	0.0137097162912414	0.0629737315226689
"A0A060HTX6"	-0.0110816990843946	0.0512328126038761	-0.000724694793097622	0.0273159841680741	-0.0361903552484556	0.0216866141305358	0.0328983856913563	-0.0371536380176341	-0.000992708809968603	0.0234214418914773	-0.00364293611424756	-0.0317641882180886	0.00134155011546962	0.00444872492435476	-0.0643519650237266	-0.0697564224926073	0.0203964113149365	0.0286583631988063	-0.0110225757915797	0.00211808099746659	0.0208380130233706	-0.0130698643938007	-0.0300921578873951	-0.0218850836695214	-0.00998102319459537	0.0281080523233559	0.01017652056893	0.0238190693620315	0.0167629657820616	0.0342616983698967	0.0170464379537873	-0.0119512547333013	-0.000985071174765311	0.0550230186798277	0.00542328523976261	0.0314907727934042	-0.0329771679505183	0.0119212367825998	-0.0228707126813388
"A0A060HTY0"	-0.000569610097789874	-0.0263113813699075	-0.0453948295219628	-0.0204033816248437	0.00351145823800707	0.0395917425333627	0.00661713595614985	-0.0124589172959483	-0.0192158716101468	0.0740672706192971	0.0829494163255571	-0.00612283217073108	-0.0122450218202183	-0.0211608361983799	-0.0182676671353798	-0.00582054798753425	0.0334668538991763	0.0701097055599735	0.0148207216721845	-0.00355078912836179	-0.022323525952889	0.00941726313103924	-0.0316966058744119	-0.00646479201182741	0.0074044168395087	0.072951481599866	0.00523458233146107	0.000715404332484184	0.0136240697145056	0.0111064096445947	0.0163560160325934	-0.0219295644013032	-0.0266203709383031	0.0241432314534169	0.0775398701831814	0.0272524273153666	0.0110933603525952	0.0533723438337605	0.0638922700360055
"A0A060HTY4"	-0.00752254382378218	0.00157611503011215	-0.0520510303862311	-0.0312354514944983	0.015986224164981	-0.00700776205606168	-0.023226160159689	-0.0438674154707857	0.051748453939113	-0.0091667514931695	0.0619610278823025	-0.0140772494252973	0.0557704140808592	-0.0677786180432903	0.0413097330511997	-0.0151379137360382	0.0210448404988491	-0.0183499868101133	-0.0338201037724307	0.00348911912465642	-0.000197218975979042	-0.0198468211963536	-0.0245192829190477	0.00524671853870468	0.0327020617814083	0.0086120056009088	-0.0406088090249818	-0.0423862438127134	0.0308560894124175	-0.0349870925771002	-0.0191119411904198	-0.0325037225913449	-0.0817090364374026	-0.0344917322209862	-0.00780884977014543	0.0320567797438206	0.00747022168802205	-0.00265088131421317	0.0083968027470547
"A0A060HTZ0"	-0.00698276558930396	0.00398401427825885	-0.0600732019296761	0.0298127449757382	-0.000322252952296042	0.0185069867312366	0.0213989847885857	0.0141202043880074	0.0536183717781301	-0.0501798406942338	-0.0237276477456945	0.0156647522529308	0.0414399467277975	-0.048692975928543	-0.0297357503876505	-0.0373607379719277	-0.0139525662095229	-0.0438640865162855	-0.0596577529375922	0.00625984401614331	0.0142974932220022	0.0187478315415889	-0.0108901896163199	-0.0197893819809299	-0.0226517080963264	-0.0388035830604577	-0.0197966254770433	0.0229478326824188	-0.0575014023838201	0.0456089436560048	-0.0442764713287713	0.05920219551336	0.0372693477722007	-0.0191527619226773	-0.0405209809492775	-0.0108939965408687	-0.0112016590046583	-0.00533205370176265	-0.000562864749105018
"A0A060HTZ4"	0.0330191798284726	-0.0102721473792698	0.0474701916803048	0.000634732502936656	0.012267676113553	-0.0165826096994121	0.00345527988967091	-0.00219398720899959	-0.0910687955129158	0.013396884688377	0.0208005647711537	0.0173284410370201	-0.0429622525085058	0.0407274848445791	-0.0259245761793978	0.0236587989960883	0.00215650607846272	-0.0143390446432379	0.0183985711125982	0.0225951552153027	-0.0166445697170366	-0.00720376144108921	-0.00744181633894825	-0.00751629797694064	0.00231114420533002	-0.00923722212466816	-0.00554477638610486	0.00485410717168182	-0.00315487212078955	0.0023462661517107	0.00691114101781874	-0.0163991403056069	-0.00571537772481563	-0.00413739929431971	-0.00175416719222579	0.0102826323279548	0.0104099544473964	0.000590391997161314	0.00857798983451521
"A0A060HTZ7"	-0.0394907328115181	0.0262287684365985	0.00699666064741416	-0.0350597021800446	0.0308762475910361	0.000784990791154782	-0.0177336420885092	-0.0416814389295057	-0.0112405844550461	-0.0238109419248597	0.0108730606806601	0.00564456625940975	0.0203778555014751	-0.0352362398670621	0.0237099851917359	0.025700489340144	0.00602081505084277	0.0108368246264939	-0.00784685925524239	-0.00765567553450315	0.0147788684205444	0.00518809051606289	-0.0147809126328342	0.0201294173762357	0.0133494578602071	-5.30654609044568e-05	-0.00854766169790082	-0.00513178759153866	0.00761961048188388	0.00135039813088672	-0.0180519421835869	0.00147021947478614	-0.00445992478983046	-0.00248805780259479	-0.0205019625269613	0.0143228826260801	0.00142871250873104	-0.0279570096149498	-0.00368548385015697
"A0A060HU17"	0.0507093379239496	-0.00277865024842308	0.0197698221470992	0.0149079313628033	0.00259845634658159	0.00596306534453738	-0.0186927257218401	-0.000383260520227732	-0.00220735923930311	0.000789248224570054	-0.00182257990550199	-0.00257952569540417	0.00790076657546086	-0.00468452171158169	-0.00182430514787347	0.00701456993589933	0.00117344174696952	0.001512149762548	0.01334596359659	-0.00355321484319332	-0.00991497655293865	0.00461910452215539	-0.00277443983408295	-0.000405232349895675	-0.00528622996441875	-0.00279558947958651	-0.00135825700787071	-0.00444988257686305	-0.0070232006481382	0.000533301357334725	-0.00514662814729409	0.000763217208470329	0.000157417311746098	-0.00371576558816962	-0.0059396851052569	-0.00214711168138653	-0.00167894992988031	-0.000568786787954435	0.00432549652041461
"A0A060HU21"	-0.0250859553792894	0.0138661226261996	0.0138147980941926	-0.0130266475808959	-0.0465356614070957	-0.0513272602407314	-0.025235666275675	-0.0492243033400809	0.0489302688192894	-0.0232129889386465	0.0103596439762968	-0.0479558922750968	-0.0082533310371319	0.0619716727295864	0.01281136979876	-0.0168748957852126	0.0143435954256116	0.041987417573017	0.0122072970768788	0.0378655443521569	-0.0105967047002372	0.0276180460959659	-0.00559211207737387	0.00918291675855486	-0.0324548679641266	-0.027024868422524	0.00873186259887901	-0.00643927636593513	-0.00487035569437382	0.0276990066360769	0.0513398171548959	0.00706746663135962	-0.0194262004597959	0.0388428093783384	-0.024629142093786	0.00857170068685196	-0.00146853473752544	0.000947161712572756	0.0518015798981875
"A0A060HU22"	-0.0279721430886199	0.00954759457140361	-0.0160269995083114	0.0618526905504834	0.0244227102325245	0.0235930269711866	0.0263407528188367	0.015445826243226	0.00242379264493738	-0.0186579212365744	-0.0607306417372861	-0.011829352642148	0.0115386297963184	0.0134524944727886	0.000719062521061977	-0.0150929845101022	-0.0526303503311411	0.0429843705005295	0.00118773845848393	-0.0394217647501296	0.00318858924574769	-0.0349994080295966	-0.00623027925910475	-0.0056440044055493	0.0252391010793856	-0.00874010497050894	-0.0180712499888497	0.0279074252451927	0.00828141161186296	-0.0157491323220606	0.0131145514774393	-0.0105361912660582	0.00661939839393178	-0.0532036092753363	-0.00749995415691485	0.0407327171618475	0.028990426611509	0.0165796589846113	-0.0379470383104501
"A0A060HU26"	0.0373642549325805	0.0244543940152704	-0.0177546977472362	-0.00292842946877045	0.0103504432615779	0.0176562735446243	-0.00850196001547759	-0.0233976344540828	0.0487688382261707	-0.00678904525941318	0.0570532444401165	0.0167972792705233	-0.00259695515523687	-0.0150142054108412	-0.0185952932882442	-0.0270888847149638	-0.00235320331330627	0.00256622056807847	0.034282118348062	0.00920111722958939	-0.00106435071733922	0.0189482792631272	0.0564966458906482	-0.0185467621428143	0.00281585296648893	0.0049118449977676	-0.00786459540492978	0.0648936825406523	-0.0267639859089807	-0.0290178541442821	0.0348901955061131	-0.0117866515859567	-0.00604804457612981	-0.00765497953698719	0.0139511194054588	-0.00690555394664524	-0.0622985856608334	0.0233329373233335	0.0343633565257762
"A0A060HU31"	0.02121750989754	0.0355857585941503	0.0376210214526666	0.0156463061097714	-0.00152043669080743	-0.051193292777316	0.000555693650404372	0.00445376259438435	0.0451000719921942	-0.00292585706324929	0.0209225452008291	4.21060539890407e-06	-0.0253297620018569	0.0128488225677011	-0.031994856884657	0.0341194184733189	0.0196833127645576	0.0222446117768016	0.0400995124945277	-0.0357235385998669	-0.0458555588555019	-0.0299207640795253	-0.0197021625270201	-0.0337430337478177	0.0241132906837324	-0.0489844360032136	-0.00321666671485853	-0.0469237604936105	-0.0370776523210412	0.0615619213259656	-0.016891670372298	-0.0397290609419542	-0.00942821316356477	-0.00897275774204429	-0.0383515288410737	0.0103567392055399	0.0251359178713501	0.0451059121294966	0.00184101991848968
"A0A060HU34"	-0.0349604579055583	-0.0111958836397509	-0.00810672280855628	-0.0381410632941084	-0.0272526759800276	0.0351057656020879	0.0112797753957542	-0.00864374877505238	-0.037534532779751	0.0315087524463517	-0.0186278746933219	0.040735663209043	-0.00175528472770193	0.0494384941086654	0.000793857108502524	-0.0415560520179151	0.0195552328500336	0.030475415054553	-0.0235019698030407	0.00223052398785676	-0.001861049767265	0.00683128187870119	-0.037159100067344	-0.00594039318820281	0.0164983447821046	-0.0161355350249041	-0.00763657494879651	-0.0360764234219391	-0.0260755342099953	0.00786870613010729	-0.0116202357165749	-0.00193562265881246	-0.0343096433888153	0.0353370267290455	0.0283820194956863	-0.0593633673280924	-0.00340967389404929	0.0135309786370052	0.0135898232490608
"A0A060HU45"	0.0376559284131266	-0.0135427334055326	0.0259668427947539	0.0152665963932416	0.0491896093716544	-0.0238662261234837	-0.021641060410255	-0.0276549456241503	-0.00427318172331557	-0.00462018996209459	-0.0235370228173387	-0.00892331477964748	-0.0160707563215287	0.00046823435715514	0.0409606186375857	-0.013797354999119	-0.0157929948618417	0.0105835114937423	0.0040013918057441	-0.0289823315375192	-0.0229028891394125	0.0141833701570755	-0.0200242509005638	-0.0431382904433658	-0.00517338395366944	-0.0136590219564153	-0.0243204461736224	-0.0198337624667517	0.0153098361842737	0.000748069138823474	0.0369191233908724	-0.00519693386150357	0.00949155197107395	-0.00153683623096578	-0.037338341035499	0.0391910764136083	0.014174001412017	-0.0021579722378439	0.00664509666482284
"A0A060HU55"	0.00385133327528378	-0.0184806290179426	-0.0583824466103358	0.0306787454667935	0.028031640914025	0.0499155916212885	0.0275919478158377	-0.00506535260307128	-0.0126661852559281	-0.0423837368786261	0.040043394125222	-0.0340260448195245	-0.0355663103537781	-0.0432437009509064	-0.017367019645564	-0.0311818648776371	0.049643270278468	0.0181802882860663	0.0201444021347598	-0.00281763480079604	0.00263208791909781	0.0158642646251249	-0.0600123080013312	0.0207046044297639	-0.0313492823563712	0.00834302903692742	0.00366098497161833	-0.0158655466485117	-0.0526468789880581	-0.020628059660783	0.0240183062531767	0.00824584614858793	-0.00166583326878234	0.00829727135237713	-0.0187025703640266	0.013199810902102	0.0172319094664517	-0.0381759733893673	-0.0369695262179105
"A0A060HU69"	0.0297231334868589	0.0142843904265707	-0.002350744986616	0.0318930657719829	0.0482720704789399	0.00418800921025994	-0.0214189871793535	-0.045425158740795	-0.00362183949718908	0.0495324575929102	0.00598489080160966	0.0171878566323191	0.0214128190336433	-0.0566925813409986	-0.033045782478789	-0.0136919813316158	-0.0496855907647093	0.0318985152101667	-0.021659479232314	0.0147293066535501	-0.00987177384691634	-0.0158928446109273	0.0131569783683024	0.0199968519585092	0.0197890018601104	0.0182599658885182	0.0301289645012841	-0.0269013586683613	-0.0245818896777282	0.0171813320374158	-0.011646070206662	-0.035354730043301	-0.0542676400659997	0.0329351059391259	-0.0203678021247815	-0.00289412619798506	-0.0268887639966759	-0.0263855952869481	-0.0490264039433793
"A0A060HU73"	-0.0429282287077671	-0.00570773892145383	0.0177243931464208	-0.0305014807644963	-0.021407995133308	0.0392377556110014	-0.0216681505798491	-0.00541556295420694	-0.00887322626671784	0.00695875289885456	-0.00532280656336209	0.0327837910012045	-0.0262650609589904	-0.00873028501932481	0.00806838638844179	0.0304973170263257	0.0240228601272877	0.00562536335227709	0.00154988380185923	0.00170827186181509	-0.0102650174178505	0.000196769945652786	0.00332336588140674	-0.0151885015581157	-0.030222813405206	0.00344303729735245	-0.0101624060286218	0.0258768299615713	-0.0121760470566921	0.025195328529216	0.0183071092530855	-0.0184800515900517	-0.0198722409381368	0.00541473295551395	-0.0204136454163815	0.011486989048801	-0.00637309347895809	0.0120114355577038	0.00376717748469004
"A0A060HU74"	-0.0415883829714091	-0.0370300575885764	-0.0307391484992939	0.00319302002254916	-0.00638120812891421	0.0156792917980255	-0.0197489599941459	0.0103098491121354	0.000421362151173685	0.00475871447575574	0.00323104534740026	0.0208012167066861	-0.000445730639420351	-0.0201096045107279	-0.00883468429563535	-0.0176397705927695	0.00789834740072332	0.00192973364527154	-0.0109248174120759	-0.0132911136260934	0.0139042136405706	0.0144797146064527	8.05187526480787e-05	-0.0113876076111055	0.0116615346195009	0.0170086800436729	-0.00113207300738884	0.021752661188848	-0.016890155460894	-0.00275634645849485	0.0259547033317074	-0.00304637905528558	-0.00102805296462777	0.0033487760913337	-0.0180817731260306	-0.00704068096077268	0.0100726733633222	-0.0081662187501162	0.022542866749763
"A0A060HU81"	-0.02899578757542	-0.0149419685888775	-0.0544142776512179	-0.00435740190146353	-0.00316613295071523	0.0120741951224967	-0.0141846592353883	-0.00724907819628507	-0.0481457942397402	0.0185445501830342	0.0477158001018364	-0.0498701964678073	0.0387441317748394	0.00760037506281818	-0.028473847285926	-0.00331679149206841	-0.0303126248762573	-0.00571569985226057	-0.00665186733616678	-0.0130642416877208	-0.0232066412462338	0.00310017047851979	0.0228643931068834	0.0261562843005075	0.0155219106845454	-0.0172980317086971	0.0415814942901438	-0.00560649078364437	0.0275305748694008	-0.036931549201991	0.00832348480736275	0.020106364485309	0.0426594466113836	0.0310497203234663	-0.02582619555113	0.0155471285164146	-0.0276720131803236	0.0677658265743739	-0.0392128983334396
"A0A060HU99"	-0.0315393470760378	-0.0412632392862401	0.0124515163482502	-0.00556790783944347	0.00379279117642834	-0.0590729445293493	0.0097459240296214	-0.00268636039221684	0.0547345775600914	0.000527698924369213	0.0111321330420221	-0.0201515841820064	0.00196976279107787	-0.00420523702558193	-0.0250459987734027	-0.0145943805575286	0.00951340398245997	0.0135620440930629	-0.00125379810609212	0.0565703512885986	-0.00277567308167376	-0.00701304180613278	0.0196451689755795	0.010350766537039	-0.00208972690340564	-0.0296742114142692	0.00096276890984119	-0.00712937806796248	-0.00960583530606454	-0.0149129571142113	0.00918245689162879	-0.013706147424871	-0.011657746189579	-0.0175863776546809	-0.00853399918449252	0.00710164700711295	-0.0348093429079903	-0.0560465707192402	0.00641978544716573
"A0A060HUA2"	0.00888232958015777	-0.0128143127591501	-0.0136187294136126	0.0100244039920351	-0.00902483981241513	0.0187336482578913	0.00932309855320799	0.0239283023982441	-0.00371835442690283	0.0719538780393156	-0.0282313895352217	-0.0843946528975167	0.0223018575453607	0.0458323457084103	0.110863686319779	0.0478483870638877	0.0558680952342451	0.0479603136571852	0.00679042411034498	0.0318583296825578	-0.0117426730398441	0.0424014910369958	-0.0357304618649548	-0.0631481180307914	-0.0397758175841128	0.0259138391296263	0.00116043395936263	-0.0281735103981178	-0.00888765255164759	-0.0217843210867368	-0.0128060783150432	-0.011544094810062	0.0106527832408874	-0.00442198341489557	-0.0342347619430386	0.0364568196043944	-0.0310704738676549	-0.0030295887434515	0.00556199160747632
"A0A060HUA5"	-0.0102020869697958	0.0500099615684829	-0.0151630870447958	0.0218354672236788	0.0321570325845158	-0.0274190354383657	0.0229506525614881	0.0239607035655022	0.0365267706030291	-0.0290931329556062	8.73204168635493e-05	-0.0589417576110187	0.0444018203842336	-0.0327591833947867	0.0481996051452218	-0.0403136791773436	0.0181275359666279	0.0196079504548161	0.00473392078514259	0.00666441657099887	0.00681172247569796	0.0167112854162153	0.00447827616142925	0.0461055533648559	0.0365585916818286	0.00842055804861033	-0.00441894468698173	0.0298935481222208	-0.00214080183327841	0.0292316044532716	0.0206833663343018	0.0133974426586345	-0.0430677311731356	0.0359959846379741	-0.0277750386548502	-0.0349600982292824	-0.0295347283960026	0.0151972341081509	-0.0124764332765856
"A0A060HUA7"	-0.0163478235021236	0.00236507706208461	-9.55049471611933e-05	0.0541324602016889	0.0362700040281933	0.0220967245627616	0.022380663527941	0.0502019652118195	-0.0270165261679606	0.0446859607436997	0.0195353126705351	0.0123340566893425	0.00514059077592037	-0.021358853669211	-0.0145540804738036	-0.0791116466294144	0.0422865462817147	-0.0500634800699926	0.0057223422341295	-0.0378205875605724	0.0159586998848272	-0.0499229330734852	-0.0119194916071537	-0.0538298420959949	-0.0068430944144518	-0.0570189024597138	-0.00336547108428381	-0.00468931800478029	0.00209017143327217	0.0198627113666567	0.00773675372078355	-0.0321468360331071	-0.0240185273330422	-0.0101760189873302	-0.0246503281916849	-0.00024613538792736	0.0696895642727884	-0.0339673408409271	-0.00288914807685918
"A0A060HUB3"	0.014271721092561	0.0180249051345894	0.031139510804711	0.0240391901826972	0.0295862938224069	-0.00255693559242732	-0.00443651725774233	-0.00503035997642324	-0.0393908525402224	-0.0339215067686294	-0.0529878776968341	0.0521294429211622	-0.0437284005362695	0.0334437811261556	0.0216762255788539	-0.0396108304215642	0.0137831513530528	0.0713833585547222	-0.0729346961831414	0.00116018363616298	0.0177710943471728	-0.0219594692612134	0.053712772219283	0.0186887570982989	0.0324709785337086	-0.0158916816766613	-0.0113831316610804	0.0361041683681408	-0.0269505294060043	0.0380947464365823	-0.0505815106294718	0.00462883971062748	0.0194592964473106	-0.0328053278194097	0.034154347267763	0.00223671390013685	-0.098517304850395	-0.0670496039265295	-0.0021647009353432
"A0A060HUB9"	-0.041342554637708	-0.0403700454334375	-0.000540639251193175	0.00959224998328233	-0.0108536544106985	0.0117855408338976	-0.0324896300832733	-0.015331519403246	0.0026821724556247	-0.00368698086783952	-0.0122092631591282	0.0192665527699282	-0.0215252429771337	-0.00631718137081158	-0.0111717199323101	0.0076074315015951	0.0180932743530883	-0.0143108163719536	0.00511916433605502	-0.0167773366300576	-0.0166903317295179	-0.0158727968528708	0.00127985731449678	0.00217109978401498	-0.0112934875409821	0.00891350162472219	0.0177370822636862	-0.0262490726254075	-0.0123170588868961	0.00303834266066846	0.0240960860475544	0.0107367496122204	0.00244494687361285	-0.0214740263937225	0.0106686480346198	0.02677980186621	0.00973847978106042	-0.0121356804143361	-0.0153475437074683
"A0A060HUC6"	0.0444665057209667	0.014182250690385	-0.0424424670690979	-0.0210589321183267	-0.00679461447912929	-0.00066422259819949	0.0166325073774388	-0.00634897664731914	-0.0174566436941131	0.0218726758415901	0.0112427899917098	-0.0028856516002104	-0.009484176886362	-0.0035701353418508	0.00244285842485516	-0.0174130072961026	0.00210525961156572	0.0215484897283098	0.000141792571954849	-0.0081299315255204	-0.00905663739618985	0.00567975791945296	0.00829756671153705	0.00171829959613182	0.013989683625264	-0.00604016447263497	0.000298646752639924	-0.000688084587747375	-0.00924305099630769	0.00594126539799294	-0.0119775851452831	-0.00255461573590121	-0.00215265075679792	-0.00942030862505631	-0.00432079202082928	-0.00137388040959261	0.0116771320077542	0.00991804194545275	-0.0254368170804873
"A0A060HUC8"	-0.0292770475396454	-0.022626328259353	0.0248977284217406	-0.000204060570380953	-0.0130550693603262	-0.0134672956377306	0.0396653820135909	-0.0174069391610417	0.0110599805970923	0.0367696577817356	-0.0253940338808908	-0.0254534028057982	0.0284843388695622	-0.0244243322206813	0.0384561101537882	0.0150195433133388	-0.0585477600528549	0.0458679269402611	0.0155586026452173	-0.0032583217238854	0.0129002073143729	0.0250512906818098	0.0182440040478381	-0.0338861015962062	-0.03042283451113	-0.042807903168967	-0.0305907664321392	-0.00605393126472677	-0.0214063076154809	-0.0351845889051782	-0.0811289885184164	0.0627896386672876	0.0402498133050561	-0.0504434302342067	-0.0158072460418878	-0.0255718877628631	0.0620514736632842	0.0236309137463848	0.00686385208179509
"A0A060HUD3"	-0.0460683136171377	0.00974455390847347	0.0372600078984698	0.0111352818169068	-0.0148785596543429	-0.0169006993932132	-0.00315941981484512	0.00229173477223745	-0.0209658548383449	-0.00669096973080219	-0.0267946693194338	-0.00393096769105448	0.0146944233408544	-0.0092444163484089	0.0120626429881784	0.00457623888865267	0.00549266625786772	0.0046646816659788	0.0103479181799669	0.0103950113629563	-0.000175338259412421	-0.0060361989298219	-0.0077755543828971	-0.0026499604635858	-0.00771045940166307	0.00667572823515657	-0.0143586947841343	-0.00922939949656071	-0.00716346424053935	-0.00452533006285448	0.0113623047470115	-0.000691378622910592	0.0173429003656685	0.0111839671858408	0.0109199630776648	-0.00956325677876568	-0.0171288155831582	-0.0279320228505002	-0.0023955747676509
"A0A060HUD7"	-0.00240186116382003	-0.0677921303613619	0.0291368414392348	-0.0340109946564824	0.0246720540480789	-0.000162838767066615	-0.0211968396562094	-0.0109134717111062	-0.00614413058923299	0.00337645301600666	-0.0135903300175304	-0.00241138897463978	-0.00323833089292528	0.0334787567149864	0.0179291178044765	-0.0202115606619641	0.0139840633036287	-0.00675739715883545	-0.00195902706132588	0.0123760273020569	0.00531994061885004	-0.0305484243025631	0.00576064340798619	0.00628284620417913	-0.0102512362009334	0.0246357234089628	-0.0200747804813415	-0.00305642534612092	0.00415553801036755	-0.000624913390346604	-0.00316787765238143	0.0349259380857045	-0.024310660518539	0.00957716638443542	-0.00161845621610093	-0.0178361903652704	0.00275132826946086	-0.00670223850705848	0.0392544359565455
"A0A060HUE4"	0.0406883368381825	0.015048551923422	-0.0244356231884463	0.0176869536301171	-0.0017341873093659	-0.0103194539389339	-0.0643010306332986	0.00792810134178148	-0.00395401742578443	-0.00628809753489939	-0.00684985754227945	-0.00263312772946585	-0.0419729788527259	-0.00630077794207457	0.0210624821193124	0.0120419706936178	-0.00931393787746615	0.0372566912191466	0.0187678675550124	-0.00744174511091361	-0.0138457438620185	0.0120474099731837	0.00385082158669601	0.00361203937102185	-0.00412334024708356	0.0157784778765165	-0.0113018222986638	0.00978468695871478	0.0192959850561503	0.00514254705517947	0.0285788709605074	-0.0315272293897978	0.0280109033099735	0.0108878555505519	0.00783661549174395	0.0359722013473962	0.00316040143827392	-0.0105364184512497	-0.00606662951402048
"A0A060HUE9"	0.0446303061993291	0.0106324152271616	-0.0257606984241753	0.0211497849655033	0.0230032326709287	0.0167799311787516	-0.0170023736724388	-0.0179968280472685	-0.00404506735684236	0.01287892610535	-0.01528787969793	-0.00181711261808191	-0.0364279414438465	0.0249514968531208	-0.0185655478440426	0.0229871717900542	-0.0079217539169407	-0.00489073798309899	-0.0300308984927513	-0.00910368969919642	0.00397697663475587	-0.000482867933639944	-0.00984958888126233	0.00215463605269344	-0.00499788439004246	0.0117495281536866	0.0272655450440521	-0.00150719927490279	0.0170459800891187	-0.00768249126408475	-0.00585243651042289	0.00868469465906714	0.0172363390331755	-0.0150654166409263	-0.00770655896484077	0.00853840994339222	0.011048975378555	0.0232289722062961	0.0149222367501264
"A0A060HUF6"	0.00351264927139281	0.0484755467561325	-0.0134613447641861	-0.0180093834032119	-0.000903880808666838	0.0155547255210534	0.0596945712908798	-0.00481874256045347	0.034848095463927	0.00266180232096418	0.0163264281859248	0.0461380634551367	-0.0243782891221442	0.0678640263169121	0.0191589137082964	0.0153728999604333	0.000284575756623638	-0.017707788442643	0.00696711218436305	-0.0209373556841989	-0.0156966751754689	0.00904518769062013	0.0296172957013119	-0.00156877951983953	-0.0669042866217068	0.0282405948220922	0.0398295564843394	-0.010168708651737	0.0372424068429572	0.0177141429774631	0.0449661926917475	0.0674474374279018	0.0481023380463994	0.0530451327652924	0.0360750042768285	-0.0405676208874764	-0.0445493320649446	0.00218626138829013	0.00113880334532861
"A0A060HUF9"	0.000941060872529367	-0.0162718440593027	-0.0568446585866529	-0.0125096030910948	0.0510824286789434	0.00455755182229242	-0.0394694931985512	0.0534428991071659	-0.0186879958029583	-0.0444147962871325	0.0018517840946113	-0.0567501861382927	-0.000142495532715067	-0.0341969662887659	0.0106771296130044	0.00735332203448141	0.0179844035769792	-0.0272296455417807	0.0162604237401957	0.0433043176198182	0.00740044002996128	-0.0293861253740525	-0.0204713384787974	-0.0293808623264387	0.0243535294786127	-0.0185507913499126	-0.035165075346673	-0.0263041228613292	0.0242434416367443	-0.00878602823718987	0.0125845106159139	0.00735803978520913	0.0293703550619234	-0.042203799117424	-0.0523360724547571	-0.00750592222095376	0.0047817210603266	0.0590769613034861	0.0110365626211792
"A0A060HUG7"	-0.00590611547472955	0.0518389445978117	-0.044534517613865	-0.0162448982658935	0.0423219535870336	-0.00861457456508906	0.0077960237633878	0.0102288735522029	-0.0299722107438515	-0.0237185498364901	0.0231157901179205	0.0383726308323607	0.0218581536411751	0.0250169901114809	0.0399333330569536	-0.0117051828990895	0.0430700251560733	-0.00862513929218475	-0.00532617056932511	0.00642301386840232	0.0161095970078895	0.0299883698595734	-0.0179050410869942	-0.0343010957859064	0.00950878468220809	-0.00901938949529412	0.0126548703253874	0.0331047680093166	-0.0213367949334916	0.0235863184215703	-0.00122800763473487	-0.0298029947603182	0.00627490525290039	-0.054606432090665	-0.02231825104472	0.0102152921493863	0.00858635832184918	-0.0226094358434306	-0.00821321268915222
"A0A060HUK8"	-0.00722729318329877	-0.0399162497131298	0.0220958019228842	0.0251416222329359	0.0357073670214651	0.0187518100486842	-0.041793258671669	-0.0537233989014536	0.0550798382451631	0.0279207248648143	0.0040961237763155	-0.00604397658948225	0.0454479213548382	-0.0177364705566363	-0.0148055925562254	0.00079758208887662	-0.0894040094453493	0.0313862637192568	0.0461458647043768	-0.0138858189817262	-0.00964872563921992	-0.0104527851596077	-0.00474625989246453	-0.000602682001377953	-0.00830533202671831	0.0342301384870036	0.0125292882940517	-0.0159254147974831	0.0409253985192445	-0.0101403203258044	-0.00315784991750398	0.00764047847227035	0.0136227001055611	-0.00908121046474645	0.0425731720030402	-0.00788222415857896	0.0150115438415471	-0.0207067714332742	-0.0367295379123596
"A0A060HUL3"	0.0383707232760632	-0.0186295051019298	0.0161658971840469	0.0114126550171974	-0.0236478077897568	-0.00133910562370552	-0.0366763170628669	-0.0086016713040234	-0.0376949367786703	0.0528067110764577	0.0404057713521457	0.00903844645770072	-0.0473220108159293	0.0131926953147289	-0.00557541323759228	0.0379191163277416	0.00389928819877883	0.0374309935959119	0.017754466473572	-0.0233729535106255	0.0158342585344003	-0.00929702537880085	0.00229543323680309	-0.0180727406697007	0.00630030485561948	-0.00279543978633174	0.00363534829531394	-0.00776215554882028	0.0130983965119075	-0.0103191957830058	0.0279336350559353	-0.0315811959045185	-0.0129920459350489	0.00537219350950989	0.00396177445465474	0.0229980776123334	-0.0103475084764498	-0.00387316906564162	0.0486540145523065
"A0A060HUL4"	0.0471501852560808	0.0112578691008472	-0.00125144362326776	0.00450498276000171	-0.0218977137913339	-0.0142075756325611	0.0130664030671813	-0.0123564635733769	-0.00207032520996844	-0.0207238259016849	-0.0315756571435712	0.00553744198786004	-0.0240812043513988	0.0210520227553722	-0.0064653521903469	-0.00864218957122666	0.0117031221938944	-0.00926492163834526	-0.00249247839021063	-0.0104832382071593	0.0276611816589545	0.0218550457649271	0.0319594391387334	-0.00707658617301275	0.0315094174706951	-0.0325904927994637	0.000303574009473954	-0.0100030115865059	0.01281049700074	0.00857133944334267	-0.0170998194077782	0.022439323742949	-0.0132977344530118	-0.0102738131736139	-0.0111240556187212	-0.00727066545575649	0.0154015084773446	0.00638821780422611	-0.0232590914573314
"A0A060HUM0"	-0.0178172435569934	-0.0443053884211905	-0.0605544841505553	0.0339567911419406	-0.0254891440860346	-0.0219284569087446	0.005304121581079	-0.023896347596929	-0.0100719217907634	-0.0113012879785083	-0.0262455752841354	0.0235290716117253	0.0200102546160289	-0.00646707594485199	-0.0181560103946777	0.000799372397418899	0.0192015764664401	0.00238256826050933	0.00621002166229675	-0.00169194658662093	0.0124589916732874	0.013243749593158	-0.0234045385207827	-0.000221559240410463	0.00240019449783483	0.00471197958735465	0.0125100737133859	-0.0077729012225497	-0.00566172851599971	0.008128792370266	0.00874540417535974	-0.000227253057481101	0.00541163562119384	0.0292004963482391	-0.00531615319847352	-0.0314862580800354	-0.0152434757639507	0.0270757220362641	0.0130761461890359
"A0A060HUM7"	0.0502214375051056	-0.00312219540064987	0.00430947582768203	0.00342298777066132	-0.00440113409009616	0.00296278326090853	0.0141578113969004	0.000327909324876445	-0.0311162318872873	0.0189571430683053	0.0168993271718585	-0.00536050282809116	-0.0124559514553412	0.0121894009336241	0.0108797404232555	0.0100908910915438	-0.00217018798765855	0.0236162213376026	0.0229938253490123	-0.0138402706569121	0.00327476814852197	0.00535711633967641	-0.00636660800514447	-0.00767087228986861	0.014027271588612	0.0186241186263577	-0.00726460432683312	-0.00283263348823411	-5.8831822791168e-06	-0.00531300374382424	0.00567229339747963	0.001652554427941	-0.0148589200145268	-0.00222512586471444	-0.00188238039289628	0.00603831031084499	-0.00356872810694751	-0.000414232148509875	0.0137915272590986
"A0A060HUM8"	-0.0248599148519375	-0.0131797010186055	0.0230797289637641	-0.0628009345477068	0.00642599065806941	-0.0165914005516989	-0.0183590678492358	-0.0513937070381235	-0.0394175997845154	-0.00579574592160324	0.0365401527700265	-0.00718775254736478	-0.0142761401085362	-0.0392716232416223	-0.0102202139656227	-0.00805489429373032	0.0265878683766684	-0.0247663038844616	-0.015271203135309	0.0147586981264407	0.0356932392937062	-0.0597374231389263	-0.0283444627489676	-0.0168617031364121	-0.023578015076775	0.0312074062126859	0.0150116793063832	0.0070585038579903	0.0158976745888735	0.0168734269983431	-0.00603258549955012	0.0590121024580159	-0.0243164970398687	0.00314600737840098	-0.00012111102553599	-0.0202475917442766	-0.0138209330075636	-0.0120675736510232	0.0342827784640051
"A0A060HUN4"	0.0141908039202793	0.0178349278205515	-0.043632095313866	-0.01071030541962	-0.0453563883047951	-0.0280539110531817	-0.0327161207299996	-0.0331165341125185	0.0250362702265401	-0.0229195893889131	0.0657169083720305	0.0125998421396533	0.0568339555117384	0.0438236151785459	0.0066628746298115	-0.0253619931527731	0.0203731062624897	0.0159464269053434	-0.0208137302538562	-0.00188290035294356	-0.0191068409171766	-0.0481177667070574	-0.0408919884656025	0.0255394409568481	0.0210320160830127	-0.0229942782966582	0.0043098796345137	-0.0480253424867514	-0.00719267135788632	0.0755538406869945	0.026861673429593	0.0336015461508413	-0.000731916290812952	-0.0335976868912736	-0.0168222601536933	0.000865078417211704	-0.0236269692434697	-0.0203571052951622	0.0531586641922077
"A0A060HUR8"	-0.0436305020080801	0.0184372300739144	0.0360586394122061	0.0240704354916719	-0.0145032393304343	-0.00385966732022631	-0.00420379033819409	0.0124659556944401	-0.0293100103547513	-0.00294512857138376	-0.0179862947370868	0.00314230140161701	0.0292059852211957	-0.00230173486050011	0.00531761584819788	3.4680403288182e-05	-0.0128250301967668	0.0207117640410331	-0.00575663645036487	0.0322980922368276	0.00375909540014842	-0.00381181031843758	-0.00752839160696462	-0.00642529794467833	-0.0134860787207506	0.00846546048757264	-0.00955810829857437	-0.00710078019550118	-0.00249983388813127	-0.00392166134761647	0.00271767345220968	-0.00286524687880806	-0.0137772758252639	-0.00718321115593214	-0.0136944264834195	0.00109891220552886	0.0165222857491579	-0.00474497080725933	0.0112616547153785
"A0A060HUS2"	-0.0457964719530987	0.0197949721615647	0.0109322216337921	-0.0270273288971198	0.0199421844102911	-0.00937330812303941	-0.00357243017850132	0.0106647918005139	0.00338180693349358	0.0118061670010039	0.0244966152430216	0.0280957707126907	0.00728922346606404	0.0133104127544576	0.00208632899386343	0.0216531417382754	-0.0104396591233338	-0.0257328685064558	0.000469392693884765	-0.00397408478072192	-0.0070377394498829	0.00774346096690975	0.0168157981330101	0.00242705561153509	0.011156337051994	-0.00466093727176729	0.0133271166686779	0.00158699379076964	-0.0277141106107061	-0.00427833227215106	0.019098559734834	0.012696401271031	-0.00637278306150692	-0.0060714017423327	0.000383315165568427	0.0174978843767978	0.0182856970344377	-0.0232922155032502	-0.00941311260274419
"A0A060HUS6"	0.0233011927807381	0.0550726113521703	0.00621818644947053	0.0115457758509452	-0.00921006914168464	-0.0197329479936536	-0.0352324205104692	-0.0254634093141915	-0.0252874202727876	0.00840573310660125	0.00796414874413677	0.0185410093725829	0.00563361411561747	-0.0102716907819826	0.0113265231140037	-0.00277736121741724	-0.00307878797008484	0.0467410119393435	-0.00483224726382885	0.0266036265812956	-0.0282080798012851	0.00308724618009522	0.0190468287095244	0.0692458341123185	0.000108864489298137	0.0272560409027119	0.035501021591325	-0.0339148540466291	0.0117399618797086	0.00323430928180455	-0.0505743141401321	0.0549166993363774	-0.0236823997891349	0.0171445677233662	-0.0199529462174282	-0.00474197757425886	-0.0273978174176789	-0.0199417979743311	0.000322600785698387
"A0A060HUU0"	0.0156348678156719	0.00644235044263086	0.0372416057544419	0.00713724825635689	0.0196441199447766	0.0358582447899684	0.0519057119836752	-0.0066866272172176	0.0191697883513646	0.046286905001696	-0.0106806041431986	-0.0180986723728346	0.00288095479632661	-0.0180148462667912	0.0283773711104156	-0.033690720445231	-0.0796239057958951	0.00234963842408291	-0.0366270541271004	0.00547053130146785	0.00649942204475267	-0.0123373712987489	-0.0361254264771946	-0.0677014072300532	0.0205709101871744	-0.061625568082498	0.0789606991989287	0.0532089478299267	-0.0478682158949938	0.0468568629246621	-0.0364594298764234	0.0431907589390304	-0.078035081517304	-0.00995912962334645	-0.00891787623484494	-0.0015386139757109	-0.0353694592708252	0.0205592853551978	0.067372531622484
"A0A060HUV1"	-0.00241989533788072	-0.0492770156882095	-0.00989619803892079	0.00909140805901438	-0.0142438126353312	-0.0153088954565527	-0.0131158998606833	0.0116900325967429	-0.0169610061770726	-0.0198705739887363	0.00895155335503295	-0.0481024132453745	-0.0122509751662368	0.034049734907356	0.0567291488532046	0.00950156966447244	0.0155935035398355	0.0569988960493355	0.0358423867533331	-0.0461020002741182	0.0233652370940791	0.014806574715453	0.0228874307998465	-0.0252436283903329	0.0570942737861219	-0.0236743086175806	-0.0520486554584025	-0.0826453841944542	0.0663479027082581	-0.0249636435360104	0.0619082271619643	-0.0709487584057477	0.0454629936971302	-0.00178688245903495	-0.00597474467921858	0.0548387116160707	-0.00193061344707727	0.0143120369882558	0.00667734351347664
"A0A060HUV4"	-0.0324214147746522	0.0256188820862497	-0.0397194994874767	0.00740069925647951	-0.0125631083263803	0.00113030995984782	0.0336218017783124	-0.00766770128089634	0.0126954832350679	-0.000711929628779925	0.0122963737809163	-0.0252008710682102	-0.0024311002666437	0.0225149466258831	-0.0222198905617846	-0.0645891548122904	0.0419637337116374	0.00954867558272788	0.00272707701139552	0.0146948476225509	0.0450148786067672	0.0202438413995789	-0.0110736170507375	-0.0593457916801927	0.00126263400964039	0.0459421475055522	-0.0205902897461263	0.00878213489486471	-0.0188540805835981	-0.0183395428217238	-0.0273379592804292	-0.0664040455073956	-0.0269233189622961	-0.000161906465849549	0.0163744246948501	-0.01873184350312	0.0336226650970658	0.0228127259610816	-0.0521176682355597
"A0A060HUV7"	0.00227295820618509	0.0141498312865683	-0.00303534248897273	-0.0670060425145068	-0.00135938639584969	0.00992869271296596	0.0359446099232849	-0.00452277374799553	0.0132345347884536	0.0386639366437529	0.0207512166495527	-0.0493687457945819	-0.0429221861628918	0.0419272651712855	-0.0392911519714339	0.0451910532171322	0.0401508079202309	0.0244432068462136	-0.0105964419921198	-0.00286239507625585	9.20138841229759e-05	-0.0326685545696471	0.0508995510742225	0.0419520135727572	-0.025080235093506	-0.0545047349649705	0.0500430179105883	-0.0107493773098007	-0.0142213359468522	0.0245893807909007	-0.0688019808892909	-0.0350048927943159	0.020307060650487	-0.0640619213476962	-0.0192433753009566	-0.0133905406859365	-0.0760454975304004	0.0231913688463944	-0.0665555517339777
"A0A060HUW1"	-0.00855995103422908	-0.0517160289957161	-0.0155669569508047	0.00156111130175241	-0.00171398195892067	-0.00127459358873207	0.00776467641673474	0.00530191623979161	-0.0017227422037016	0.0283356867299606	-0.0241978666500942	0.0244786056954102	-0.0313329878502535	0.0448425131369444	0.0260575298025168	0.0288760063309277	0.00948717821740494	0.0531694453496609	0.00859737433488378	-0.0540428082677589	0.00618224363773173	0.0301468757645858	0.0469613961262316	-0.0245511520006826	0.0617618063455714	0.0182376781607011	0.0719182650201311	-0.0646226561674984	0.0484322326994578	-0.0466221846281584	0.0241035397577601	-0.0365026245018587	0.0457594044055664	0.0860439357163315	0.00276845029707631	-0.0212756142485271	0.0255852366006237	0.00959408086556153	-0.0027783481381458
"A0A060HUX3"	0.0119716077232753	-0.0291693009055794	-0.035595068705138	-0.00595127496880025	-0.0187374830246734	-0.0117835706817993	0.0730876857863966	0.0262517580460605	-0.00817309933679584	0.000112652198736327	-0.039777921046645	-0.00954870810337938	0.057100760362075	-0.0344092128020616	-0.00198414851112581	-0.0203809359751012	-0.0280473468261716	-2.308371514742e-05	-0.0785327907720018	0.0530786795266088	0.0393126954359987	0.0303471007196991	0.00936391919128795	0.0216537203985801	-0.0300600524400386	0.0112327965077223	0.0497737695379896	0.0198593054379638	0.0371402277798051	0.0075340483844475	0.000211560097934947	-0.0748268578538595	0.0245280566734916	0.00237839134457523	0.0405663371887912	-0.0158212856835679	0.0257498981632653	0.0187922399522521	0.000365588462983314
"A0A060HUX4"	0.0373852252831124	0.028181869697995	-0.00643267096489611	0.0291674849134566	-0.0107726797973395	0.00305334472217232	-0.00015060210676995	0.0115230266963437	0.0136711201368607	-0.0660900002924906	0.00191367230653557	-0.0135275125354174	0.00450325008180262	0.00843127173168801	-0.0146887530928489	0.0106784193934309	0.000566512696648956	-0.0391375026615001	-0.00120936457165415	0.0503292293329801	0.0286850287714297	-0.0191737593795256	0.00844519392370528	-0.0296540229112328	0.0159547975713354	-0.0490806168830025	0.0229152752938933	0.032653345712041	0.0397761121261451	-0.0052960758221938	0.0129274970218621	-0.0185303974076395	0.0177143847048173	-1.64008987273715e-05	0.00502073967615645	0.0288724546046991	-0.0303731787649765	0.00240649866914432	-0.00742658849719968
"A0A060HUY1"	0.0262027634333992	0.00553764695671275	0.0490946040345718	0.0274759853820958	-0.0282794821007841	-0.0236649959742369	-0.020835441817536	-0.0178032293735581	-0.0160299991422829	-0.0175841632268431	0.0320681479614106	-0.0305796014731076	0.00486044425711009	0.0106730013589575	0.0419162660690155	0.0130398761262386	-0.02115022026223	0.00724172003929676	-0.0151986013638887	0.0295113922252428	0.0370900202033951	0.00601926788018119	-0.102803192779322	-0.030900721741105	0.00139299254093434	-0.00101181244125878	-0.0140299480185557	-0.0395364059741691	1.48548978893378e-06	0.00588672593159882	-0.00857104161959864	0.000609840571244969	-0.0597854195275878	0.032506333160337	-0.0177681729292408	0.0578303161039329	0.00761871716942724	0.0332724126358341	0.0274608000090226
"A0A060HUY2"	0.0277305878946887	-0.0144392353194658	0.0409298493343885	0.0221033853754412	-0.0122205705931287	-0.0076087056075643	-0.0409502516771741	-0.0156767641987273	0.0267139530200487	-0.0368449712535096	0.0260526701209866	0.0281862807416232	-0.0372029300499551	-0.0257924677814444	0.0474958278934809	-0.006797061116554	-0.0601118169748709	0.0195325389852106	-0.0527236709694481	0.0453677394692884	0.0144767200510926	-0.00675318111373283	-0.00113738305293174	-0.065883322126247	-0.00490775244780862	0.0232771398326338	-0.04179884980786	0.007844399359734	0.00259752447728012	-0.0268230087220384	-0.0279476164213824	-0.0111746599937802	-0.00456257104494161	0.0131210693645503	0.016518630056674	0.0376596721181616	-0.028900564203504	-0.0109979389018882	-0.0301602221970531
"A0A060HUY8"	0.0299206254603071	-0.0268714793363333	0.0103871210969238	0.00352265388865868	-0.0189138389833961	0.0160586203470812	-0.0126388173423222	-0.0423521888118862	-0.0154652447319366	-0.059826842722962	-0.013038204450745	-0.0338965120034444	0.0459651061280482	0.00787965265976305	-0.0251250976302428	-0.00342607515163638	0.0578108990276723	0.0222931275366442	-0.062853809134045	0.0335862098836948	0.0156063392297667	0.0626785206038541	-0.0367189562117141	-0.0338677653691464	-0.0104608103058833	0.0573468924695205	-0.0104443498322458	-0.00618165996106124	0.0246798376528045	-0.0248496256068576	-0.00564475678094712	0.022062159911737	0.00721314054966317	0.00258237279255714	-0.00719519481596935	-0.0104826352834484	0.018663915843026	-0.0137416671176175	0.105581341191256
"A0A060HUZ2"	-0.000917469494932864	-0.00968003583070614	-0.0256107426378765	0.00175308581248176	-0.0426973275214356	0.07898815321935	-0.0698769378663796	0.0257844290371984	0.035136189554228	-0.0529054283473394	-0.0223170959261488	0.0186719377595438	0.0127098785305405	-0.0520647971754421	-0.0154360605119092	0.0316171068891266	0.034938603516764	-0.00705275391352734	0.0241920625552504	-0.00877473495347805	-0.0121236587976622	0.0181510991747341	-0.0436949528210352	0.00239783306151621	0.0101963987347365	0.0296784022862823	0.0178386505271936	0.0335815831000091	-0.0269109868499896	0.00185656438967907	-0.0210667571795767	-0.00569573205545327	0.0273806002117348	-0.0166390646714073	0.010869803179342	0.0119184807500633	-0.0199590118400033	0.00204702038239662	-0.0181864474047111
"A0A060HUZ7"	0.0337289942682357	-0.0136476363623584	0.0207146319193509	0.0432430824476565	-0.0109139443895104	0.0013090668558111	-0.029746414818694	-0.000202840292470365	0.033969028609346	0.00260205079019691	0.0536823074486347	-0.0209091654109274	-0.0547176690498542	-0.021915602486021	-0.0298006897776321	-0.000978287055940129	-0.0147455402157775	0.0180970291428829	-0.00750677419533554	-0.00137779370713872	-0.000668842886405184	0.0337419241173456	0.0172651568094077	-0.0155732377691661	-0.0678583654940053	-0.0249312096425949	-0.0176637732997376	0.0134063910314416	-9.04015124855005e-05	-0.0219408282202941	0.0293296469464683	0.0280007300719126	0.0185181330364403	0.0263183302259241	-0.0241615895762902	0.0350473668558031	0.0142980057701123	0.0245728395210878	-0.0121127035773064
"A0A060HV05"	0.0245422339805933	0.0171874126789614	-0.0048831692456493	-0.00743339309037655	0.0215569334567949	0.0320476519915744	-0.0716016383935116	0.0471609671483097	-0.00240641109348511	0.067180057009285	0.00123386044064724	0.0179511805153048	0.0223601634134127	0.0331413531641854	-0.0179672271678378	-0.0208575973354602	-0.0337068603521773	0.0267475363830542	0.0122534568959934	-0.00121962024469132	-0.0119525176447886	0.0386834201008153	0.0212601385220754	-0.0417584495588075	0.0345794408405458	-0.0612796417037941	-0.0388705872974967	0.0434346909647376	-0.00365053291257906	-0.00571238212833144	0.0333070156808663	-0.0120235200334686	0.0249924017257084	-0.0203366367248274	-0.0299316579782799	-0.00845845831676358	-0.044715591873495	0.0182268616526968	-0.0432833282053581
"A0A060HV30"	-0.042428862075511	0.00299364673967708	0.0397654558696202	0.00838423677767267	0.0139180995498593	0.00380299648794492	0.00886607075017856	-0.00384585669458283	-0.019084203624842	-0.00351462134930673	-0.0542007683492519	-0.0305288052179421	-0.00846190050469697	0.0244335551742007	0.012754241779965	0.0111721252023471	-0.00557655291032941	-0.0154253392922599	0.0244932074373202	-0.0234531479612816	-0.0158198192143709	-0.00427181451865321	-0.0410116209486451	-0.0203589153402256	0.00184535575499735	-0.0212523916774724	0.0107608823742869	0.00516753757659823	0.0128991430393043	0.0262187310476379	0.0189124476358403	-0.00523392711642358	-0.0172381659419976	0.00139289688792012	0.0141310022819057	-0.00110107634290399	0.00729835645795179	0.0152463400644033	-0.00640927803591625
"A0A060HV45"	-0.00296591203677457	0.000991838740093355	-0.0447316988926539	-0.0609845760536256	0.00840246769549832	0.0149041181291662	-0.0422230830383016	-0.0577489537655917	-0.0358902911072284	0.0273961984949266	-0.0335559734955273	-0.0479274259935852	0.0167033640175179	-0.00530483969825767	0.0105570099400391	-0.0174002355719564	-0.00902107906121202	0.0162073454814882	0.0277639649410807	-0.0251201469919345	0.0226183578524597	0.0190315406221465	-0.0290736407328677	-0.0251990690858676	0.0148410450781985	0.0467594614901871	-0.0623810034453953	0.0300188431528239	-0.0132644382312243	0.0263554231584011	-0.00552284865337153	-0.0510828271653669	0.00042708624978797	0.0188180068329037	0.00504601254755279	0.0404757724830004	-0.0201395184140643	-0.0345509133709601	-0.001278776783369
"A0A060HV53"	0.039561673372029	-0.0376725097573534	-0.0205158395801671	-0.00548102792536751	-0.00312292149553644	0.0102516501310483	-0.0191164447995248	-0.00929437250929062	-0.0376001185450891	-0.017841688160967	-0.00787114298924285	-0.0301033589194983	0.00138858909637607	-0.0174013975327465	-0.0251963755843102	-0.00820709960833844	0.0130215911434617	-0.0323257445589087	-0.00161887680183232	0.00647488451349837	-0.0354228331600855	0.019788715777804	0.0107265831752112	0.0233408331422775	-0.000590758049898041	-0.0196569293878362	0.00976110875955499	0.009969171982731	-0.0118487754152694	0.0274989038356745	0.00329197416290973	-0.0284961314026066	0.00287602346968591	-0.00170452862383138	-0.0204788066578253	0.0166590697011091	0.00800804782355397	-0.0252527155243404	-0.0274924899036049
"A0A060HV57"	0.0193424675737684	0.023577923249703	-0.00458330318808526	-0.012440543084746	0.0330271444467151	0.0340062520920191	-0.0203663226411299	0.00466152177584016	0.0625605046137151	0.00309004477037477	-0.0342364564840986	-0.0369602806218472	0.0302535189286908	-0.0376870389702195	0.0606343010193148	0.0102381276270085	0.0270274074125846	0.0325044095196401	0.0297579916616177	-0.0195709044961292	-0.0462031798019842	0.0659039483041453	0.0568937441030876	0.00981460697033439	0.0215518649636981	-0.0533077468879542	-0.0227830599113584	0.00970004817064394	0.0309928098150538	-0.0201865001317838	-0.0612385280774935	0.00706048755620564	0.0169538741352049	-0.0494861116693633	-0.0127574025126425	-0.0374673614558236	0.090131522320887	-0.00370388591113776	0.00864047467732114
"A0A060HV58"	-0.00844758884413212	-0.00133447993589664	-0.00838862849093897	0.0226595538636808	0.0206179289242676	-0.0650927805854625	0.00796850750112586	0.00316695218156445	0.00977146649431596	0.0329251035940261	-0.0483417003346128	0.0335367417537922	0.0411124410761756	-0.0246781736441333	-0.0129851415565892	0.0609136656110364	0.0310944735685508	-0.0644969297162486	0.0480642072588797	-0.0426595430187814	-0.00264788256675851	-0.0284555285970467	-0.0261552680277688	-0.0228901146124692	0.0451526038488618	-0.0793047206355492	-0.00854190111523925	0.0461125421912007	-0.00610425820014557	-0.041656128507377	0.0531956755390575	0.0255197035083657	0.0642459906809966	0.0495933652609871	-0.0295405092013102	0.114096207472674	0.0133436215031141	0.0169357846436996	-0.00228420092722586
"A0A060HVC9"	-0.0194245910046457	0.0108935198028124	0.0107949079689324	-0.0669084801670655	0.0087885351977582	0.00483433296917881	0.00692758128525859	-0.00354276183640351	-0.0555795494262912	0.00686655110736998	-0.0313086492175522	-0.0691434133619792	-0.00962895621946385	0.00330172384288325	-0.0346545353613231	-0.00721921806472144	-0.000692097597902776	0.00583049374852608	0.0324794487749021	-0.0363801320986632	-0.0382239626013548	-0.00251703611466354	0.0240300189299218	0.000911718129526746	0.0627089558603664	-0.0357361317847008	-0.0402573399353471	-0.0274163719269678	-0.0561763524919174	-0.022141045824721	0.00618617950915259	0.000233736217284481	0.0642369463134509	0.00200975259597635	-0.0261961276740077	-0.0201795765423821	0.00166206500532494	-0.0566939663867707	-0.0425970005906858
"A0A060HVE3"	0.0408406722802888	-0.00368711772089589	-0.0342375645582163	-0.00114250710967898	0.0246042994033993	-0.0127023467064103	0.00362074175887807	-0.0202945438609552	-0.0326208685508711	-0.0185294286278528	-0.0341664141649913	-0.0334744201844557	0.037169631957253	0.0184400495440321	-0.0116103544463543	-0.0384455996353827	-0.0104830473922648	0.00558183376265046	0.0360672264400624	0.0243286684585746	0.00744280437867387	-0.00384399830163235	0.0184555020741796	0.00991566172282217	0.0017335974743779	-0.0296055445900394	-0.0248118391310929	-0.0220951393458458	0.0181362396813062	0.0231604663751406	0.00505166478837029	-0.00014569966394145	-0.0351258027563699	0.0218926004833361	0.00590802820562372	0.00297174471978583	0.000816896481074652	0.0218057374092028	-0.0150312495125744
"A0A060HVE8"	0.0414579595023213	0.0181031551162461	0.00168601561016241	-0.0113299494991242	-0.00680460901553684	0.0197478568663616	-0.0127936515054471	-0.00490268385580085	-0.0563131065466889	0.0495245020411574	-0.0193416014928651	-0.024114979076278	0.0280852738254977	0.0173077555994328	0.035448401280954	0.0102135886956291	-0.0179325633394567	-0.0139583089308297	0.027300796439657	-0.0138908968786092	-0.0142940919771229	-0.00301878699316543	0.000330834728663706	-0.0145970341119428	0.00827514765525737	0.0208695371972639	0.0131088718834556	0.0111873827274974	0.00927966129809477	-0.00100723255811945	0.00654961517441639	-0.0327427521873983	0.0279802417076374	-0.0483487503142708	0.0129461652250454	-0.00587008704793441	-0.0100823880998284	0.0209631038213746	-0.0478443730499783
"A0A060HVF9"	0.0326121052171633	0.0367203227824217	-0.0394192827555445	-0.000565731596566186	-0.00949561921511499	0.000413588550756368	0.000667738269886795	-0.0282264788815915	0.0306081667300316	-0.01953729056924	-0.0303104430041597	0.00875466451488304	-0.022157673476958	0.0139693931218806	0.0251853130970802	-0.0157289849979958	-0.023984549073449	0.00572684534284408	-0.0527023736743872	0.0073690924521842	0.0482254150651853	0.0170990234446135	0.0025662542476418	-0.00156589298256621	-0.0266713722638788	0.00508402254496113	0.00682617960379291	-0.010358669302651	0.012472071330804	0.00514642386842771	-0.0245561176456395	0.0220583850369245	0.0501366834435133	-0.0469613565299486	0.0406313032003494	-0.0155773304395564	0.0050485576518734	0.00445651272642714	-0.0494180200237201
"A0A060HVG4"	-0.0230146380311938	0.0201480361818062	-0.0316385477466816	0.0276305186182746	0.0285656123374471	0.0361683228925906	0.0435222522289476	0.0360255598421251	0.0208189293482127	-0.0518158116469763	0.0255143562623131	-0.0138946159060274	0.0183638357101603	-0.0256637222373835	0.038226796218605	0.0141160929669183	-0.00887351925991036	-0.00544647646776795	0.0373382336948357	0.00284601218439414	0.00549705147800918	0.0226331770641909	-0.0305095148279975	-0.0305610443867541	0.0191946295192942	0.0781579615035308	-0.0206046187463119	0.0611814505789792	-0.0285500688882121	0.0509995957054171	0.00866211979458297	-0.00141028132725683	-0.0326678301960413	-0.0098837289591337	0.0362270539503521	0.0124440715264471	0.00457606641654159	0.00246644599584605	0.0301893292532655
"A0A060HVH8"	0.0371379189369954	0.0368659091738049	-0.00461723761966083	0.0300064989646203	-0.0168664799683082	0.0194930362762733	-0.0102502334326331	-0.00187333029567079	-0.0370061923492822	0.0203817327881766	0.0215529620410476	-0.0181371500090558	0.0288002846907135	0.0167064914046302	-0.0262042890863813	-0.0388481838341907	-0.00473289190870036	0.00571174100977777	-0.00923812516407152	0.0141115285780514	0.0335720096396161	0.0202722817734853	0.0171012646741085	0.0161465947432674	-0.0160246285133045	-0.00303039163082446	-0.0158783461465744	-0.0108808444477071	0.0155136131561011	0.00980062943790209	-0.0242507773459584	-0.0168516367650352	0.0127597402107947	0.0193703318165016	-0.018758032012843	0.0281515840861889	0.0188642732331845	0.00462750548633595	-0.000974799418062174
"A0A060HVI9"	0.0391207856502882	-0.00437308922395617	-0.0164097731892677	0.0547292359716998	0.0254980242020579	0.0282390243470323	0.0029392973088225	-0.0134378321366258	0.0381223177259152	0.00461458404382944	-0.00355749266679869	0.00124401396147384	0.017595272245944	0.000194507386536983	-0.00209777968796372	0.000653688241149629	-0.00510667435940182	-2.89066654218444e-05	0.00390908076276468	0.00461257588126775	-0.0218033948172898	-0.0086620018833547	0.0185010668399683	0.0454447182634466	0.00223812386275843	0.00167292628776402	-0.00355683212316572	0.0150351889340911	0.024882968833118	-0.00599124586361625	0.000574615494467163	-0.0141578202094072	0.00648865766047802	0.0245863054155881	0.0114876019620973	-0.00464344736070203	-0.0123224099916288	-0.0219034518333118	0.00728639657190596
"A0A060HVJ5"	-0.0267873484989933	-0.0321684902414	0.0302718426156541	-0.0231591528469777	0.012649952201351	0.0306553244521549	-0.029506607362792	0.026906263227229	0.0235209416290994	0.0195754502639225	-0.01130634934771	-0.00820219783849844	-0.0327661437445761	-0.00270688034327191	-0.00883886334165472	0.0485678506057943	-0.0523152100702612	-0.0453577871377829	-0.0262496047880345	0.000101860588664339	-0.0195519766626273	-0.0160700165829899	0.00688183031007457	-0.0191309558043486	0.0215886492534318	0.00512468820634975	-0.0264690922408162	-0.0172019199490521	0.062058061523696	0.0490240190747297	-0.0201735922347793	0.0328620202656234	-0.0340388470178936	-0.0564608300955071	0.0181592195970971	-0.00321905911753664	-0.0634458655353691	0.0321227589216966	0.0024654814338113
"A0A060HVK9"	-0.0111134167777303	-0.00500269392948299	0.0016640144609924	0.0244978033898978	0.0219717425731695	0.0249459602243115	-0.000822182720870396	0.0303818310186247	-0.0591003459516209	-0.0175010056301674	0.0215185164027412	0.0130021557642665	-0.0264411136556161	-0.0385727008250921	0.102564068907003	-0.0744433382100205	0.0427666433489991	0.0106886345804166	-0.0604494498148115	0.00650331789379854	-0.018987969451022	-0.0945946431431345	0.0298095073328012	0.00474190042823097	-0.0163420399673752	0.0103777691203507	-0.00745990306139164	0.0707473296870164	0.0456783802637528	-0.0418800329155262	-0.0273423076991113	0.0518168734132995	0.0377120766845422	-0.000970266316726084	-0.0235988055068073	0.0149469870575608	-0.0418632431364459	0.00936365268916024	-0.0116051093304092
"A0A060HVM6"	-0.046959185664099	0.0236113309524048	0.000498630131970707	0.000812205684441712	-0.00358755016225102	-0.000379694413843118	-0.0250362896803891	0.0189147651756539	0.012176974519382	-0.0123824995529937	-0.0365793548879134	-0.00769198264451272	-0.0025925821035605	-0.011753531227026	-0.0111689894347008	-0.0171451426233507	0.0176160408760323	-0.000876939681842869	-0.00715264062149923	0.0146288530870351	-0.00307208258416706	0.021127584608143	-0.00963797116850648	0.0203492534205713	-0.0113306610735149	-0.0174240240541074	0.00618122989062743	0.000236260672510977	-0.0180545581109042	0.0058804502692032	0.00703754263450552	-0.0233089031297542	-0.00657421879461594	0.0115434997377839	0.00944357475381718	-0.0201771436520045	0.00763046910657682	-0.000218572005057236	0.00452250181037078
"A0A060HVN1"	-0.00915284930275385	-0.0288333231050766	0.0109450293058185	-0.0549713348195372	0.0361565685882297	-0.0258243509522498	0.0431928952884782	0.0613935749213263	0.023033329064501	-0.0179230447307009	-0.00742244479044336	0.0224561847440635	0.0151528047822569	0.0251353101518611	0.0221759738228076	-0.00515277600067699	-0.023027495076818	0.0214403793282755	0.010872649657221	0.00530991346269647	-0.0736960296150852	-0.0291893732557321	0.0452253186653481	-0.00486441676532817	0.00789739598902474	0.0501595537813094	0.0289310836727163	0.0258936912261938	-0.0127591806520677	0.0427526288486743	-0.0196757278817939	0.0384522754547379	0.0379770066191098	-0.0102849059547628	-0.0160880236187008	-0.00045514642916195	-0.00597381564159481	0.0349054021593536	0.00420151877331717
"A0A060HVN7"	0.00778788172638875	-0.0161174930330092	-0.0426841435240053	-0.0383036514467002	0.0302191193560234	-0.0469356782411841	0.039062435189963	0.00835953579654298	-0.0199813665838179	-0.0335886488102027	-0.0658643285448496	0.0165194796140704	0.0379059053264988	0.0661933125319823	0.0409966389631427	0.00739585590089708	0.021212649808921	-0.0140984815772095	-0.00734376963798359	-0.04112635629125	0.0117688033881759	0.0208599625587114	-0.0495766748243868	-0.0280383773763355	-0.00636954706270525	-0.0176038366335898	0.00470128277477042	0.00215254215625099	0.011583826255182	0.0205852006645175	0.00162049545954276	-0.0625434182154632	0.0300698353524679	0.0164370812101662	-0.0271680701244428	-0.00160648769875692	-0.0176486353937048	-0.0206210182937573	-0.0185792434818294
"A0A060HVQ3"	-0.0216312845472128	-0.0348402611127091	-0.0551177820516758	0.0519438146319774	-0.0137381484147083	-0.0199821351130057	0.0105246876370068	0.000872101010988867	-0.00931765180296717	0.000391902822415417	-0.0443444501945164	0.021475806468377	0.00508873942431964	-0.00360080285535487	-0.0201872486341707	-0.0128454840934409	0.00130512850959098	0.025807096819117	0.00852784984494865	0.0148590278288628	-0.00628081532175309	0.0207202971331804	-0.00112702371258114	-0.00653224721183089	0.0278851575238545	0.00459869130019103	0.00662132611241778	-0.0129867465995049	-0.00313810772722102	-0.000896236530302781	-0.0174574513440405	-0.00924892052171839	0.00580464066430025	0.00746517850229262	-0.0354055829347649	-0.0483488387102602	-0.0134105669451503	0.00583381560755167	0.019857023774045
"A0A060HVQ6"	0.0445987230779308	0.0178097166871912	-0.0377753538497168	-0.0120415996513827	-0.000892216529829784	-0.00391615608083256	-0.010039580435203	0.00532979659429078	-0.0133860313435564	0.0163875299337218	-0.016168371263585	-0.021330889961243	-0.0204219048525307	-0.00682366513645582	-0.0135256584876298	-0.012989196102932	-0.0103942365542325	0.026367646755373	-0.0076190116784365	0.010782867301752	0.00552345720428125	0.0049166371181881	-0.0257825829672936	0.00831222797842595	0.018096546898827	0.0135071762039462	0.011189645915384	0.00502560618043384	-0.00930301574058669	0.0176857318154694	-0.00191391099643046	0.00438440812157518	-0.0144539284980134	0.021501861936921	-0.0236281723677878	0.0143183858294432	0.00337086031917011	0.026399732179272	-0.0120084994485178
"A0A060HVT4"	0.0459570423836093	0.000196503300157179	0.0429705142170784	-0.00233664921590948	0.0201320076984328	0.00525341693453077	-0.00720238533603333	0.00609645272459984	-0.0271522585854115	0.00941530155626982	-0.00157092924145979	-0.00340468510796823	-0.00733167884173567	0.00549770131293327	-0.004051394635292	0.0203156117126819	-0.00143784779407268	0.00420394750339798	0.0119091359165083	-0.00404229088571504	0.00179975438312195	-0.00539157693652638	-0.00229389613939394	3.42670329536621e-05	-0.013961520591513	-0.00831296602162139	-0.00917569570826469	0.0126698071266373	-0.0141559276562589	0.0126441172246387	-0.00514510756029057	0.00921132023211291	0.00394164433263158	-0.00437933799431371	-0.00576655631140526	-0.00419173038306748	0.00491357419842932	0.000359776775354269	0.00190211860517528
"A0A060HVU0"	-0.0156656566394613	-0.0110384929199893	-0.0174407394367298	0.024969253626954	-0.0672000965457699	-0.00898281706909512	-0.073221124138168	-0.0165046912520813	-0.00107687559398394	0.00692007838627983	-0.0466455545043813	-0.0652513678056169	-0.0564579071725449	0.0236326805651003	0.00241287478091992	0.0118993865757457	0.00794665096535298	-0.00121057848653582	-0.012917373071379	-0.0330379961639294	-0.014724816286054	-0.0219308329749452	-0.0118588115779751	0.00701100863368377	0.0105472745841267	-0.0384076771444438	0.00130242545907672	0.0111502508923342	-0.0279032258760287	0.0078779017387433	0.0104868271728457	-0.0219676558307102	0.012865354516001	0.0386621646393744	0.0209799201298713	0.00727238168718894	-0.0267116780761065	0.00355641895348538	-0.00788251295339856
"A0A060HVW9"	0.0308952207636349	-0.00408895060211294	0.00523579071250225	-0.0769925078685153	0.012914322800987	-0.0364282803976535	0.00114970904450417	0.000902711539783205	-0.0200938691894897	0.00373691218587953	0.00945191052632579	-0.00193816684378587	-0.00748421322506496	0.00126029215682752	-0.0321337972841966	-0.0141895569980046	0.0179988183538147	-0.0212892969466535	0.00650642419565674	-0.0127157592671645	0.0220406391836434	0.000579381239053237	0.0166004667265526	-0.0136271727036441	-0.0193786849877289	0.0154167712107748	-0.0288219349233609	0.00341972992707931	0.00890357907912337	0.0336058488374833	0.0132693468824043	-0.0321885773693865	0.0173475677520344	-0.0157473518956052	0.0361946954405514	0.00163782155180123	-0.000105098549609078	-0.00903313570060637	-0.00520224975110181
"A0A060HVX6"	-0.0360892740114102	-0.0445357610656625	0.0105832436990532	0.0215178219498883	-0.0252958606647367	-0.00564983780548335	-0.00580602379630845	-0.0252484478007925	0.00855582893752576	-0.0194431108238728	0.0196377753853563	-0.00341710690682868	-0.0070763680516321	-0.0254916516040658	-0.0301151795118674	-0.0051782812909067	0.00562038682817151	-0.0105302233462859	0.00592175268159733	-0.00177188091730634	-0.00166377650032675	0.0138675533236479	0.0244123439078815	0.01340162581753	0.0125594032560546	0.0263900954107531	0.00972244093266084	0.00146550782731469	0.0064383387351098	-0.0343866637600932	0.0402560482199446	-0.0100868103630441	0.0334738373450711	0.00178921731018183	-0.0222969232615506	-0.0251736438353898	-0.0178776699708228	-0.0240555321182126	-0.0127579956898075
"A0A060HVY1"	-0.0444664900837688	0.000577565786263259	-0.0243836513264619	-0.0329313889318659	-0.00242591365768661	2.50327797342684e-05	-0.0204693688927462	-0.0154141008562557	-0.0154517472782365	-0.0198598964784662	0.00647628761532771	-0.0125857777328139	-0.0164739884546819	-0.00606239863351944	0.0185166906109108	0.0110483983186641	-0.0398070206132319	0.0349185615466061	-0.0264549698680806	0.0117880453677913	0.00377833082354851	0.01073828881959	0.00539742298492687	-0.0279421860343486	0.0157262469063578	-0.0215714785047703	-0.00251448808918214	0.00955880622630661	0.0066790213275526	0.0108589222737551	0.0110153430101754	0.000340070217772125	-0.0052381619261351	0.0148530399822315	0.0166604928296004	0.0196832747585901	-0.0207897699608459	-0.0264300010206563	0.0537359842147721
"A0A060HVY7"	-0.0214582978906934	0.0283048670117811	0.0027351451806777	0.0207127884043047	0.0353619860784613	0.0563316815319745	0.0517734128393541	-0.00519151700982772	-0.0177035837127403	0.0104937075145993	-0.0194431613256349	-0.0118468558129748	-0.0176614491244783	-0.037843118712391	-0.0533496807962232	-0.0427206452772332	-0.0133563031896568	0.00453609451029384	0.025604350447343	-0.0721173057579779	-0.0460456402186627	-0.0512198874910597	-0.0190521552025752	0.00981576099800177	0.0148231205642515	-0.0447104533062148	0.00818441397876168	-0.00312094335660211	-0.00969180627405337	-0.0216481616510497	0.0108018537043347	-0.00181255498110983	0.0158030272825911	0.0491373432709524	-0.00587868953045644	-0.0289440890350091	-0.00268425380355666	0.0220140151581667	0.0140454758488101
"A0A060HW00"	0.0467598299254487	0.00979221322641491	0.0194544633477655	-0.00373517053424751	0.0313342111112805	-0.00668436037702522	0.00667938261479683	-0.00515899081498171	-0.0301001238438409	0.0262928887176865	0.0096797269455049	0.00458575230029669	-0.0193088963130753	0.00445845887872603	-0.00340018906081809	0.00439761491220724	-0.00544651183904335	0.00813339338789819	-0.0215866157664113	-0.00867006316147848	0.0184850017801947	0.00643904067664881	-0.00536142595178877	-0.00961514047392345	0.0103360375584446	0.0117793097471061	0.0179702408620622	-0.0121906408626624	-0.0224712328058676	0.0168708342752561	0.00686243068276981	0.0134327975077923	0.00258398033638189	0.0195323755778444	-0.000589785067053102	0.0217339209192375	-0.0267758233077254	-0.000601688648305094	0.00424058982380675
"A0A060HW07"	0.0201129208638571	-0.0344415789400566	-0.041761198812484	-0.0213296062834125	-0.00847781892555256	-0.019868752886618	0.0121209566796675	0.0262227918852646	-0.0432819025987277	-0.0454467009553984	0.0263771418548914	0.0032308204997435	-0.0062093281058861	0.00527310358101328	-0.0607876574399106	-0.0437856928771105	0.0359547658530018	-0.0183941784406965	0.0298028028776145	-0.003369388601484	-0.0512760171995247	-0.000898416640435144	0.0368134029535989	0.0259159377021441	-0.0638469344628861	-0.0279093320349917	0.000681939704233612	0.0157731721365231	0.0199263976360232	0.0237039443299823	0.034428776453494	0.00484482933177834	-0.0441598094470314	-0.0290831698402349	0.000238528856160744	0.000395369420180129	0.0391968927879672	0.0159072911485734	0.0332599856902706
"A0A060HW13"	-0.00205511140408371	-0.043806572742252	0.017575530891026	-0.0224716480921705	0.011967226940788	-0.0340483520446573	-0.0757862557779327	-0.018971309831646	0.0559908646783724	-0.0129201154535403	-0.0186884208388869	-0.016992135376586	0.0492711547845167	-0.0102227666695096	0.0124756739130581	-0.0553297432717093	0.0213698575232263	-0.0338273423407615	0.0154887119256236	0.0295909429892171	0.0333308201415809	-0.00486312125074386	-0.0327105348060189	-0.0309139542367036	0.0113153828704201	-0.0258645615223376	0.0134903575733891	0.008430561478978	0.0124910481080956	0.0353073873285929	-0.0341389521353534	0.00581797238672997	-0.0246103155243459	-0.0225275193891773	0.00488992056073825	-0.00530795106635191	0.0442944216506965	-0.00522547246932186	-0.00999196190490223
"A0A060HW21"	-0.0107968216651942	-0.0121802071346024	0.00784764390068503	0.0430711214307455	0.0481495967196881	0.0194905060740624	0.0546365821346624	-0.0531112221761718	0.0187675446826016	-0.0601574646170727	0.024324337398103	-0.0423371558337016	-0.0232901597740652	0.0229604040635237	-0.0142980665489874	0.0464552553532561	0.0208996314512399	-0.0174566895856866	0.00340912880274695	0.0388205257458704	-0.040038392288728	-0.0206567577260659	0.0150162586120587	0.000760797792129809	-0.0692912915371026	-0.00633370821273005	-0.0108920419842079	-0.0108782284151182	-0.00668353537058467	0.00296285908950692	0.0292299273578096	0.0283671551529102	0.0247230259868974	0.0447817078078042	0.000867329579955649	0.00813829038132098	0.0383440909521591	0.0585444667798148	0.0656622155735257
"A0A060HW33"	-0.0455872774424768	0.0136556766911678	0.0310988105896113	0.0184427400229284	-0.000734145062953228	-0.0275303425250882	0.00450061443076139	-0.00673514793045829	-0.0168670269443723	-0.0103422729989352	-0.0311864220187686	-0.0250879804374326	0.0161113673562622	0.0041515954515309	0.0112494315857215	-0.000279535018234002	-0.0143495252080084	-0.0160224953224008	0.0109665703686295	-0.003104010377913	0.0121089237923385	-0.0077251181927572	-0.00154270409035132	-0.00287797780253303	-0.0033881618911451	0.00392374953233596	-0.0040159888574172	-0.00441263401713282	0.00736558647393932	-0.000583524150568441	-0.0149344948754627	-0.00777464299670754	-0.00267604678617531	0.0189463448838336	-0.0091252939581691	-0.000824607310640971	-0.0224232237526946	0.00184168919714924	0.000172386024279281
"A0A060HW73"	-0.00605624454318832	-0.0023750686096768	-0.0434957813542777	-9.2912522352647e-05	0.0579180404719748	-0.0825640040310389	0.00920634176868965	-0.0155443031121501	0.0190978791323083	0.00449963297138652	-0.017518735898899	-0.0275141120528364	0.029182788156878	0.0230521639127647	-0.00322867748097718	0.00751014453969791	-0.0185076276002748	-0.0464387437016116	-0.0200709932071319	-0.0140445330484454	-0.0242025952719701	0.0139977907217653	0.0650718954330743	0.0175548992626438	0.0514832719349611	0.0327694474203582	-0.0360675764250055	0.0151845673410026	-0.00531686664518627	0.011133298934498	0.0313151252486976	0.0461942955591771	-0.00357974092425128	0.0153031820303474	0.00271816999809672	0.0187131009308666	-0.0398820122522845	0.0202656630349471	0.0112529623253117
"A0A060HW80"	-0.0435253225852693	-0.00701644359333195	0.00461021087547224	-0.000957156212755054	0.0041260166955791	0.0139875536933757	-0.0466149181129308	-0.0285742470534182	0.0363453616593965	0.0191551572935574	-0.00830884746262595	0.034504421104703	0.0274055564820219	0.0136587857219316	-0.0149350372869607	-0.0184345680056789	-0.0127280959542107	-0.0131723009314595	0.0396681399453869	6.11891060512634e-05	-0.00770224301315859	-0.0290098999080909	0.02619369596655	0.0142558460349212	-0.0125739374058526	-0.0198103007832558	0.0158143150801253	0.022374080823855	-0.00937291391647102	0.0157546195862908	-0.0143150095758393	0.0139700487524748	0.00670252937876917	0.0362970521599326	0.0174002990331023	-0.0209506053507888	0.00609470013988276	-0.0178296665463734	0.0047877312925167
"A0A060HW94"	0.039241894096808	-0.0157415279260552	0.00867962512041884	0.0191260488289344	-0.0245750370833614	-0.00437609023894052	-0.00706257685259813	0.0428110640223	0.00201973035104467	0.011140803287377	-0.0321491906336032	0.00817007656822257	0.0245654914912172	-0.00936558066333592	-0.0146363139761626	-0.00623737003774096	0.0735210725581659	0.0197895794418566	0.0194331200488366	-0.0192926967800485	-0.032463771973019	-0.0141077803956031	-0.0302236364063303	0.0322646345260258	0.0182514937489869	0.0114608809379435	-0.0216280026762991	0.030026847059344	-0.00869611521244823	0.0279255811976423	0.0215905960732974	0.0191110339007461	-0.0644019824977267	0.0148328151763808	-0.00405979727274506	0.0303581297842831	-0.0199712464314627	-0.0234265385564198	0.0284514697343452
"A0A060HWA1"	0.0459480972576656	-0.0233922902412327	-0.00119972114392366	0.0214051077003292	0.00906635922101759	-0.000384392404409011	0.027775111820695	0.0164161371704308	-0.0110021975396238	0.0147165441798812	-0.00820016541881355	0.00249799004560396	0.0261717744431749	-0.00015130594997819	-0.00386258608837877	0.00597425341522862	-0.0195852066051599	0.0269143050753247	0.00165316587829811	0.0148926792453434	-0.00416723530487549	-0.0190965836910737	0.00300477748004346	-0.014875726512843	0.00167967326343361	-0.00278801474041512	-0.0114322031622522	-0.00388154674249082	-0.0187128964234535	0.0102606744797906	0.0261458498459137	0.00183057725213425	-0.0290866910673736	0.0133158382132717	0.028811489806613	-0.0145734669972082	0.00521805226489092	-9.82014893066258e-06	-0.00578804226620393
